afsc,grd,ilc_title,billet_count,afsc_title
-011B2A,CAPT,DYESS,1,"BOMBER PILOT, B-1"
-011B2A,LT,DYESS,17,"BOMBER PILOT, B-1"
-011B2A,LT,ELLSWORTH,19,"BOMBER PILOT, B-1"
-011B2B,CAPT,WHITEMAN,4,"BOMBER PILOT, B-2"
-011B2B,LT,WHITEMAN,12,"BOMBER PILOT, B-2"
-011B2B,MAJOR,WHITEMAN,1,"BOMBER PILOT, B-2"
-011B2C,CAPT,BARKSDALE,4,"BOMBER PILOT, B-52"
-011B2C,LT,BARKSDALE,44,"BOMBER PILOT, B-52"
-011B2C,LT,MINOT,25,"BOMBER PILOT, B-52"
-011B3A,CAPT,DYESS,2,"BOMBER PILOT, B-1"
-011B3A,CAPT,ELLSWORTH,3,"BOMBER PILOT, B-1"
-011B3A,LT,DYESS,4,"BOMBER PILOT, B-1"
-011B3A,LT,ELLSWORTH,4,"BOMBER PILOT, B-1"
-011B3A,MAJOR,ELLSWORTH,1,"BOMBER PILOT, B-1"
-011B3B,CAPT,EDWARDS,4,"BOMBER PILOT, B-2"
-011B3B,CAPT,WHITEMAN,16,"BOMBER PILOT, B-2"
-011B3B,LT,WHITEMAN,8,"BOMBER PILOT, B-2"
-011B3B,LTCOL,EDWARDS,1,"BOMBER PILOT, B-2"
-011B3B,LTCOL,PALMDALE,1,"BOMBER PILOT, B-2"
-011B3B,LTCOL,WHITEMAN,3,"BOMBER PILOT, B-2"
-011B3B,MAJOR,EDWARDS,1,"BOMBER PILOT, B-2"
-011B3B,MAJOR,MELBOURNE,1,"BOMBER PILOT, B-2"
-011B3B,MAJOR,WHITEMAN,4,"BOMBER PILOT, B-2"
-011B3C,CAPT,BARKSDALE,9,"BOMBER PILOT, B-52"
-011B3C,CAPT,MINOT,8,"BOMBER PILOT, B-52"
-011B3C,LT,BARKSDALE,10,"BOMBER PILOT, B-52"
-011B3C,LT,MINOT,11,"BOMBER PILOT, B-52"
-011B3C,LTCOL,MINOT,1,"BOMBER PILOT, B-52"
-011B3C,MAJOR,BARKSDALE,2,"BOMBER PILOT, B-52"
-011B3Y,CAPT,EDWARDS,2,"BOMBER PILOT, GENERAL"
-011B3Y,CAPT,EGLIN,1,"BOMBER PILOT, GENERAL"
-011B3Y,CAPT,ELLSWORTH,1,"BOMBER PILOT, GENERAL"
-011B3Y,CAPT,JB PRL HBR-HICKAM,1,"BOMBER PILOT, GENERAL"
-011B3Y,LTCOL,DYESS,1,"BOMBER PILOT, GENERAL"
-011B3Y,LTCOL,ELLSWORTH,1,"BOMBER PILOT, GENERAL"
-011B3Y,LTCOL,MINOT,1,"BOMBER PILOT, GENERAL"
-011B3Y,MAJOR,EDWARDS,3,"BOMBER PILOT, GENERAL"
-011B3Y,MAJOR,JB LANGLEY-EUSTIS,1,"BOMBER PILOT, GENERAL"
-011B3Y,MAJOR,MINOT,1,"BOMBER PILOT, GENERAL"
-011B4A,LTCOL,BARKSDALE,2,"BOMBER PILOT, B-1"
-011B4A,LTCOL,JBAB BOLLING,1,"BOMBER PILOT, B-1"
-011B4A,LTCOL,PENTAGON,1,"BOMBER PILOT, B-1"
-011B4B,LTCOL,BARKSDALE,3,"BOMBER PILOT, B-2"
-011B4B,MAJOR,BARKSDALE,3,"BOMBER PILOT, B-2"
-011B4B,MAJOR,DAVIS-MONTHAN,1,"BOMBER PILOT, B-2"
-011B4B,MAJOR,PENTAGON,1,"BOMBER PILOT, B-2"
-011B4B,MAJOR,SHAW,1,"BOMBER PILOT, B-2"
-011B4C,MAJOR,BARKSDALE,1,"BOMBER PILOT, B-52"
-011B4C,MAJOR,JBAB BOLLING,1,"BOMBER PILOT, B-52"
-011B4C,MAJOR,PENTAGON,1,"BOMBER PILOT, B-52"
-011B4Y,CAPT,BARKSDALE,2,"BOMBER PILOT, GENERAL"
-011B4Y,CAPT,JB PRL HBR-HICKAM,1,"BOMBER PILOT, GENERAL"
-011B4Y,CAPT,JBSA RANDOLPH,2,"BOMBER PILOT, GENERAL"
-011B4Y,CAPT,PENTAGON,1,"BOMBER PILOT, GENERAL"
-011B4Y,COL,BARKSDALE,7,"BOMBER PILOT, GENERAL"
-011B4Y,COL,KIRTLAND,1,"BOMBER PILOT, GENERAL"
-011B4Y,COL,OFFUTT,4,"BOMBER PILOT, GENERAL"
-011B4Y,COL,PENTAGON,5,"BOMBER PILOT, GENERAL"
-011B4Y,COL,RAMSTEIN,1,"BOMBER PILOT, GENERAL"
-011B4Y,LTCOL,BARKSDALE,10,"BOMBER PILOT, GENERAL"
-011B4Y,LTCOL,BRUNSSUM,1,"BOMBER PILOT, GENERAL"
-011B4Y,LTCOL,JB LANGLEY-EUSTIS,1,"BOMBER PILOT, GENERAL"
-011B4Y,LTCOL,JBAB BOLLING,1,"BOMBER PILOT, GENERAL"
-011B4Y,LTCOL,KIRTLAND,2,"BOMBER PILOT, GENERAL"
-011B4Y,LTCOL,NORFOLK,1,"BOMBER PILOT, GENERAL"
-011B4Y,LTCOL,OFFUTT,4,"BOMBER PILOT, GENERAL"
-011B4Y,LTCOL,PENTAGON,7,"BOMBER PILOT, GENERAL"
-011B4Y,LTCOL,SHAW,1,"BOMBER PILOT, GENERAL"
-011B4Y,LTCOL,STUTTGART VAIHING,2,"BOMBER PILOT, GENERAL"
-011B4Y,MAJOR,BARKSDALE,12,"BOMBER PILOT, GENERAL"
-011B4Y,MAJOR,COLORADO SPRINGS,1,"BOMBER PILOT, GENERAL"
-011B4Y,MAJOR,DYESS,1,"BOMBER PILOT, GENERAL"
-011B4Y,MAJOR,ELLSWORTH,1,"BOMBER PILOT, GENERAL"
-011B4Y,MAJOR,JBAB BOLLING,2,"BOMBER PILOT, GENERAL"
-011B4Y,MAJOR,MACDILL,1,"BOMBER PILOT, GENERAL"
-011B4Y,MAJOR,MAXWELL,1,"BOMBER PILOT, GENERAL"
-011B4Y,MAJOR,OFFUTT,9,"BOMBER PILOT, GENERAL"
-011B4Y,MAJOR,PENTAGON,1,"BOMBER PILOT, GENERAL"
-011B4Y,MAJOR,UEDEM,1,"BOMBER PILOT, GENERAL"
-011B4Y,MAJOR,WHITEMAN,1,"BOMBER PILOT, GENERAL"
-011E3B,CAPT,DAVIS-MONTHAN,1,"EXPER TEST PILOT, FIGHTER"
-011E3B,CAPT,EDWARDS,2,"EXPER TEST PILOT, FIGHTER"
-011E3B,CAPT,EGLIN,2,"EXPER TEST PILOT, FIGHTER"
-011E3B,LTCOL,DATA MASKED,1,"EXPER TEST PILOT, FIGHTER"
-011E3B,LTCOL,EGLIN,3,"EXPER TEST PILOT, FIGHTER"
-011E3B,MAJOR,DATA MASKED,1,"EXPER TEST PILOT, FIGHTER"
-011E3B,MAJOR,EGLIN,5,"EXPER TEST PILOT, FIGHTER"
-011E3B,MAJOR,WRIGHT PATTERSON,1,"EXPER TEST PILOT, FIGHTER"
-011E3C,MAJOR,HURLBURT FIELD,1,"EXPER TEST PILOT, HELO/VSTOL"
-011E3C,MAJOR,NELLIS,1,"EXPER TEST PILOT, HELO/VSTOL"
-011E3D,MAJOR,EDWARDS,1,"EXPER TEST PILOT, AIRLIFT"
-011E3D,MAJOR,EGLIN,1,"EXPER TEST PILOT, AIRLIFT"
-011E3E,MAJOR,EDWARDS,1,"EXPER TEST PILOT, TANKER"
-011E3F,CAPT,EDWARDS,2,"EXPER TEST PILOT, BOMBER"
-011E3F,MAJOR,EDWARDS,2,"EXPER TEST PILOT, BOMBER"
-011E3Y,LTCOL,WRIGHT PATTERSON,1,"EXPER TEST PILOT, GENERAL"
-011E3Y,MAJOR,WRIGHT PATTERSON,1,"EXPER TEST PILOT, GENERAL"
-011E3Z,CAPT,BOSCOMBE DOWN,1,"EXPER TEST PILOT, OTHER"
-011E3Z,CAPT,EDWARDS,10,"EXPER TEST PILOT, OTHER"
-011E3Z,CAPT,ISTRES LE TUBE,1,"EXPER TEST PILOT, OTHER"
-011E3Z,CAPT,PATUXENT RIVER NA,1,"EXPER TEST PILOT, OTHER"
-011E3Z,LT,EDWARDS,2,"EXPER TEST PILOT, OTHER"
-011E4B,COL,EDWARDS,1,"EXPER TEST PILOT, FIGHTER"
-011E4B,LTCOL,PENTAGON,1,"EXPER TEST PILOT, FIGHTER"
-011E4B,MAJOR,JB LANGLEY-EUSTIS,1,"EXPER TEST PILOT, FIGHTER"
-011E4Y,COL,WRIGHT PATTERSON,1,"EXPER TEST PILOT, GENERAL"
-011F2B,LT,BOISE AIR TERMINA,1,"FIGHTER PILOT, A-10"
-011F2B,LT,MARTIN STATE,2,"FIGHTER PILOT, A-10"
-011F2B,LT,MOODY,20,"FIGHTER PILOT, A-10"
-011F2B,LT,OSAN AB,11,"FIGHTER PILOT, A-10"
-011F2B,LT,SELFRIDGE,1,"FIGHTER PILOT, A-10"
-011F2B,LT,WHITEMAN,7,"FIGHTER PILOT, A-10"
-011F2F,LT,FRESNO IAP,3,"FIGHTER PILOT, F-15"
-011F2F,LT,JACKSONVILLE,3,"FIGHTER PILOT, F-15"
-011F2F,LT,NEW ORLEANS NAS,3,"FIGHTER PILOT, F-15"
-011F2F,LT,PORTLAND INTL,3,"FIGHTER PILOT, F-15"
-011F2F,LT,WESTFIELD BARNES,3,"FIGHTER PILOT, F-15"
-011F2G,LT,LAKENHEATH,21,"FIGHTER PILOT, F-15E"
-011F2G,LT,MOUNTAIN HOME,24,"FIGHTER PILOT, F-15E"
-011F2G,LT,SEYMOUR JOHNSON,24,"FIGHTER PILOT, F-15E"
-011F2H,LT,ATLANTIC CITY MUN,3,"FIGHTER PILOT, F-16"
-011F2H,LT,AVIANO,21,"FIGHTER PILOT, F-16"
-011F2H,LT,BUCKLEY,3,"FIGHTER PILOT, F-16"
-011F2H,LT,DULUTH INTL,3,"FIGHTER PILOT, F-16"
-011F2H,LT,FORT WAYNE,2,"FIGHTER PILOT, F-16"
-011F2H,LT,HOMESTEAD,7,"FIGHTER PILOT, F-16"
-011F2H,LT,JB ANDREWS,3,"FIGHTER PILOT, F-16"
-011F2H,LT,JOE FOSS FIELD,3,"FIGHTER PILOT, F-16"
-011F2H,LT,KUNSAN,20,"FIGHTER PILOT, F-16"
-011F2H,LT,MCENTIRE,7,"FIGHTER PILOT, F-16"
-011F2H,LT,MISAWA,9,"FIGHTER PILOT, F-16"
-011F2H,LT,OSAN AB,10,"FIGHTER PILOT, F-16"
-011F2H,LT,SHAW,38,"FIGHTER PILOT, F-16"
-011F2H,LT,SPANGDAHLEM AB,8,"FIGHTER PILOT, F-16"
-011F2H,LT,TOLEDO EXPRESS,3,"FIGHTER PILOT, F-16"
-011F2H,LT,TULSA INTL,3,"FIGHTER PILOT, F-16"
-011F2J,LT,JB ELMENDORF-RICH,17,"FIGHTER PILOT, F-22"
-011F2J,LT,JB LANGLEY-EUSTIS,18,"FIGHTER PILOT, F-22"
-011F2N,LT,BURLINGTON,3,"FIGHTER PILOT, F-35"
-011F2N,LT,DANE CO REGIONAL,3,"FIGHTER PILOT, F-35"
-011F2N,LT,EIELSON,14,"FIGHTER PILOT, F-35"
-011F2N,LT,FORT WORTH NAS JR,7,"FIGHTER PILOT, F-35"
-011F2N,LT,HILL,33,"FIGHTER PILOT, F-35"
-011F2N,LT,LAKENHEATH,21,"FIGHTER PILOT, F-35"
-011F2N,LT,MISAWA,1,"FIGHTER PILOT, F-35"
-011F2N,LT,MONTGOMERY,3,"FIGHTER PILOT, F-35"
-011F2N,LT,TYNDALL,8,"FIGHTER PILOT, F-35"
-011F3B,CAPT,DAVIS-MONTHAN,7,"FIGHTER PILOT, A-10"
-011F3B,CAPT,MOODY,4,"FIGHTER PILOT, A-10"
-011F3B,LT,DAVIS-MONTHAN,21,"FIGHTER PILOT, A-10"
-011F3B,LT,MOODY,5,"FIGHTER PILOT, A-10"
-011F3B,LT,OSAN AB,9,"FIGHTER PILOT, A-10"
-011F3B,LT,WHITEMAN,1,"FIGHTER PILOT, A-10"
-011F3B,LTCOL,DAVIS-MONTHAN,2,"FIGHTER PILOT, A-10"
-011F3B,LTCOL,MOODY,1,"FIGHTER PILOT, A-10"
-011F3B,LTCOL,NELLIS,1,"FIGHTER PILOT, A-10"
-011F3B,MAJOR,DAVIS-MONTHAN,1,"FIGHTER PILOT, A-10"
-011F3B,MAJOR,MOODY,1,"FIGHTER PILOT, A-10"
-011F3F,CAPT,LAKENHEATH,1,"FIGHTER PILOT, F-15"
-011F3F,LT,FRESNO IAP,1,"FIGHTER PILOT, F-15"
-011F3F,LT,JACKSONVILLE,1,"FIGHTER PILOT, F-15"
-011F3F,LT,KADENA,6,"FIGHTER PILOT, F-15"
-011F3F,LT,NEW ORLEANS NAS,1,"FIGHTER PILOT, F-15"
-011F3F,LT,PORTLAND INTL,1,"FIGHTER PILOT, F-15"
-011F3F,LT,WESTFIELD BARNES,1,"FIGHTER PILOT, F-15"
-011F3F,LTCOL,BAHRAIN,1,"FIGHTER PILOT, F-15"
-011F3F,LTCOL,MOUNTAIN HOME,1,"FIGHTER PILOT, F-15"
-011F3F,MAJOR,KADENA,1,"FIGHTER PILOT, F-15"
-011F3F,MAJOR,LAKENHEATH,1,"FIGHTER PILOT, F-15"
-011F3F,MAJOR,ST LOUIS,1,"FIGHTER PILOT, F-15"
-011F3G,CAPT,LAKENHEATH,6,"FIGHTER PILOT, F-15E"
-011F3G,CAPT,MOUNTAIN HOME,3,"FIGHTER PILOT, F-15E"
-011F3G,CAPT,SEYMOUR JOHNSON,2,"FIGHTER PILOT, F-15E"
-011F3G,LT,LAKENHEATH,14,"FIGHTER PILOT, F-15E"
-011F3G,LT,MOUNTAIN HOME,8,"FIGHTER PILOT, F-15E"
-011F3G,LT,SEYMOUR JOHNSON,27,"FIGHTER PILOT, F-15E"
-011F3G,LTCOL,SEYMOUR JOHNSON,2,"FIGHTER PILOT, F-15E"
-011F3G,MAJOR,ABERDEEN,1,"FIGHTER PILOT, F-15E"
-011F3G,MAJOR,EGLIN AFB,1,"FIGHTER PILOT, F-15E"
-011F3G,MAJOR,LAKENHEATH,2,"FIGHTER PILOT, F-15E"
-011F3G,MAJOR,MOUNTAIN HOME,1,"FIGHTER PILOT, F-15E"
-011F3G,MAJOR,SEYMOUR JOHNSON,1,"FIGHTER PILOT, F-15E"
-011F3H,CAPT,AVIANO,4,"FIGHTER PILOT, F-16"
-011F3H,CAPT,DATA MASKED,1,"FIGHTER PILOT, F-16"
-011F3H,CAPT,EIELSON,10,"FIGHTER PILOT, F-16"
-011F3H,CAPT,GREENVILLE,1,"FIGHTER PILOT, F-16"
-011F3H,CAPT,KUNSAN,8,"FIGHTER PILOT, F-16"
-011F3H,CAPT,MISAWA,4,"FIGHTER PILOT, F-16"
-011F3H,CAPT,NELLIS,5,"FIGHTER PILOT, F-16"
-011F3H,CAPT,SHAW,3,"FIGHTER PILOT, F-16"
-011F3H,CAPT,SPANGDAHLEM AB,4,"FIGHTER PILOT, F-16"
-011F3H,LT,AVIANO,16,"FIGHTER PILOT, F-16"
-011F3H,LT,DULUTH INTL,1,"FIGHTER PILOT, F-16"
-011F3H,LT,EIELSON,2,"FIGHTER PILOT, F-16"
-011F3H,LT,JOE FOSS FIELD,1,"FIGHTER PILOT, F-16"
-011F3H,LT,KUNSAN,7,"FIGHTER PILOT, F-16"
-011F3H,LT,LUKE,3,"FIGHTER PILOT, F-16"
-011F3H,LT,MISAWA,5,"FIGHTER PILOT, F-16"
-011F3H,LT,OSAN AB,7,"FIGHTER PILOT, F-16"
-011F3H,LT,SHAW,13,"FIGHTER PILOT, F-16"
-011F3H,LT,SPANGDAHLEM AB,4,"FIGHTER PILOT, F-16"
-011F3H,LT,TOLEDO EXPRESS,1,"FIGHTER PILOT, F-16"
-011F3H,LT,TULSA INTL,1,"FIGHTER PILOT, F-16"
-011F3H,LTCOL,AVIANO,1,"FIGHTER PILOT, F-16"
-011F3H,LTCOL,MISAWA,1,"FIGHTER PILOT, F-16"
-011F3H,LTCOL,SHAW,3,"FIGHTER PILOT, F-16"
-011F3H,MAJOR,AVIANO,3,"FIGHTER PILOT, F-16"
-011F3H,MAJOR,EIELSON,1,"FIGHTER PILOT, F-16"
-011F3H,MAJOR,GREENVILLE,1,"FIGHTER PILOT, F-16"
-011F3H,MAJOR,HOLLOMAN,1,"FIGHTER PILOT, F-16"
-011F3H,MAJOR,KUNSAN,1,"FIGHTER PILOT, F-16"
-011F3H,MAJOR,MCENTIRE,1,"FIGHTER PILOT, F-16"
-011F3H,MAJOR,MISAWA,2,"FIGHTER PILOT, F-16"
-011F3H,MAJOR,SHAW,2,"FIGHTER PILOT, F-16"
-011F3H,MAJOR,SPANGDAHLEM AB,2,"FIGHTER PILOT, F-16"
-011F3J,CAPT,JB ELMENDORF-RICH,5,"FIGHTER PILOT, F-22"
-011F3J,CAPT,JB LANGLEY-EUSTIS,8,"FIGHTER PILOT, F-22"
-011F3J,LT,JB ELMENDORF-RICH,10,"FIGHTER PILOT, F-22"
-011F3J,LT,JB LANGLEY-EUSTIS,25,"FIGHTER PILOT, F-22"
-011F3J,LT,JB PRL HBR-HICKAM,8,"FIGHTER PILOT, F-22"
-011F3J,LTCOL,JB ELMENDORF-RICH,1,"FIGHTER PILOT, F-22"
-011F3J,LTCOL,JB LANGLEY-EUSTIS,1,"FIGHTER PILOT, F-22"
-011F3J,MAJOR,NELLIS,1,"FIGHTER PILOT, F-22"
-011F3N,CAPT,EIELSON,4,"FIGHTER PILOT, F-35"
-011F3N,CAPT,HILL,3,"FIGHTER PILOT, F-35"
-011F3N,CAPT,LAKENHEATH,12,"FIGHTER PILOT, F-35"
-011F3N,CAPT,MISAWA,2,"FIGHTER PILOT, F-35"
-011F3N,CAPT,TYNDALL,6,"FIGHTER PILOT, F-35"
-011F3N,LT,EIELSON,16,"FIGHTER PILOT, F-35"
-011F3N,LT,HILL,7,"FIGHTER PILOT, F-35"
-011F3N,LT,LAKENHEATH,6,"FIGHTER PILOT, F-35"
-011F3N,LT,LUKE,3,"FIGHTER PILOT, F-35"
-011F3N,LT,TYNDALL,5,"FIGHTER PILOT, F-35"
-011F3N,LTCOL,EBBING ANGB,1,"FIGHTER PILOT, F-35"
-011F3N,LTCOL,EGLIN,1,"FIGHTER PILOT, F-35"
-011F3N,LTCOL,HILL,3,"FIGHTER PILOT, F-35"
-011F3N,LTCOL,LUKE,1,"FIGHTER PILOT, F-35"
-011F3N,LTCOL,MISAWA,1,"FIGHTER PILOT, F-35"
-011F3N,LTCOL,TYNDALL,1,"FIGHTER PILOT, F-35"
-011F3N,MAJOR,EGLIN,3,"FIGHTER PILOT, F-35"
-011F3N,MAJOR,FT WORTH,1,"FIGHTER PILOT, F-35"
-011F3N,MAJOR,LUKE,1,"FIGHTER PILOT, F-35"
-011F3N,MAJOR,NELLIS,3,"FIGHTER PILOT, F-35"
-011F3N,MAJOR,TYNDALL,2,"FIGHTER PILOT, F-35"
-011F3Q,CAPT,JBSA RANDOLPH,1,"FIGHTER PILOT, IFF (AT-38/T-38C)"
-011F3Q,LT,JBSA RANDOLPH,2,"FIGHTER PILOT, IFF (AT-38/T-38C)"
-011F3Q,LT,SHEPPARD,2,"FIGHTER PILOT, IFF (AT-38/T-38C)"
-011F3Y,CAPT,EIELSON,5,"FIGHTER PILOT, GENERAL"
-011F3Y,CAPT,JB LANGLEY-EUSTIS,2,"FIGHTER PILOT, GENERAL"
-011F3Y,CAPT,KADENA,3,"FIGHTER PILOT, GENERAL"
-011F3Y,CAPT,MOUNTAIN HOME,1,"FIGHTER PILOT, GENERAL"
-011F3Y,CAPT,NELLIS,9,"FIGHTER PILOT, GENERAL"
-011F3Y,CAPT,OSAN AB,6,"FIGHTER PILOT, GENERAL"
-011F3Y,CAPT,WHIDBEY ISLAND NA,1,"FIGHTER PILOT, GENERAL"
-011F3Y,COL,SHAW,1,"FIGHTER PILOT, GENERAL"
-011F3Y,LT,WHIDBEY ISLAND NA,3,"FIGHTER PILOT, GENERAL"
-011F3Y,LTCOL,DATA MASKED,1,"FIGHTER PILOT, GENERAL"
-011F3Y,LTCOL,EGLIN,4,"FIGHTER PILOT, GENERAL"
-011F3Y,LTCOL,EIELSON,1,"FIGHTER PILOT, GENERAL"
-011F3Y,LTCOL,EINSIEDLERHOF,1,"FIGHTER PILOT, GENERAL"
-011F3Y,LTCOL,JB LANGLEY-EUSTIS,3,"FIGHTER PILOT, GENERAL"
-011F3Y,LTCOL,KIRTLAND,1,"FIGHTER PILOT, GENERAL"
-011F3Y,LTCOL,MOODY,1,"FIGHTER PILOT, GENERAL"
-011F3Y,LTCOL,MOUNTAIN HOME,1,"FIGHTER PILOT, GENERAL"
-011F3Y,LTCOL,NELLIS,6,"FIGHTER PILOT, GENERAL"
-011F3Y,LTCOL,SEYMOUR JOHNSON,1,"FIGHTER PILOT, GENERAL"
-011F3Y,LTCOL,SHAW,1,"FIGHTER PILOT, GENERAL"
-011F3Y,MAJOR,ALBACETE,1,"FIGHTER PILOT, GENERAL"
-011F3Y,MAJOR,CFB WINNIPEG,1,"FIGHTER PILOT, GENERAL"
-011F3Y,MAJOR,EDWARDS,1,"FIGHTER PILOT, GENERAL"
-011F3Y,MAJOR,EGLIN,2,"FIGHTER PILOT, GENERAL"
-011F3Y,MAJOR,EIELSON,1,"FIGHTER PILOT, GENERAL"
-011F3Y,MAJOR,JBSA LACKLAND-KLY,2,"FIGHTER PILOT, GENERAL"
-011F3Y,MAJOR,MOODY,2,"FIGHTER PILOT, GENERAL"
-011F3Y,MAJOR,MOUNTAIN HOME,3,"FIGHTER PILOT, GENERAL"
-011F3Y,MAJOR,NELLIS,2,"FIGHTER PILOT, GENERAL"
-011F3Y,MAJOR,OSAN AB,2,"FIGHTER PILOT, GENERAL"
-011F3Y,MAJOR,SEYMOUR JOHNSON,2,"FIGHTER PILOT, GENERAL"
-011F3Y,MAJOR,SHAW,2,"FIGHTER PILOT, GENERAL"
-011F3Z,LT,JB LANGLEY-EUSTIS,8,"FIGHTER PILOT, OTHER"
-011F3Z,LTCOL,TYNDALL,1,"FIGHTER PILOT, OTHER"
-011F4B,LTCOL,RAMSTEIN,1,"FIGHTER PILOT, A-10"
-011F4B,MAJOR,OSAN AB,1,"FIGHTER PILOT, A-10"
-011F4B,MAJOR,RAMSTEIN,1,"FIGHTER PILOT, A-10"
-011F4F,CAPT,OSAN AB,1,"FIGHTER PILOT, F-15"
-011F4F,LTCOL,COLORADO SPRINGS,1,"FIGHTER PILOT, F-15"
-011F4F,LTCOL,DAVIS-MONTHAN,1,"FIGHTER PILOT, F-15"
-011F4F,LTCOL,PENTAGON,1,"FIGHTER PILOT, F-15"
-011F4F,LTCOL,RAMSTEIN,1,"FIGHTER PILOT, F-15"
-011F4F,MAJOR,JB LANGLEY-EUSTIS,2,"FIGHTER PILOT, F-15"
-011F4F,MAJOR,JB PRL HBR-HICKAM,2,"FIGHTER PILOT, F-15"
-011F4F,MAJOR,PETERSON,1,"FIGHTER PILOT, F-15"
-011F4F,MAJOR,SHAW,1,"FIGHTER PILOT, F-15"
-011F4G,COL,PENTAGON,1,"FIGHTER PILOT, F-15E"
-011F4G,LTCOL,RAMSTEIN,2,"FIGHTER PILOT, F-15E"
-011F4G,MAJOR,DAVIS-MONTHAN,1,"FIGHTER PILOT, F-15E"
-011F4G,MAJOR,JB LANGLEY-EUSTIS,1,"FIGHTER PILOT, F-15E"
-011F4G,MAJOR,JB PRL HBR-HICKAM,1,"FIGHTER PILOT, F-15E"
-011F4G,MAJOR,SHAW,1,"FIGHTER PILOT, F-15E"
-011F4H,CAPT,JB PRL HBR-HICKAM,1,"FIGHTER PILOT, F-16"
-011F4H,LTCOL,OSAN AB,2,"FIGHTER PILOT, F-16"
-011F4H,LTCOL,PETERSON,1,"FIGHTER PILOT, F-16"
-011F4H,LTCOL,SHAW,1,"FIGHTER PILOT, F-16"
-011F4H,MAJOR,JB LANGLEY-EUSTIS,7,"FIGHTER PILOT, F-16"
-011F4H,MAJOR,JB PRL HBR-HICKAM,2,"FIGHTER PILOT, F-16"
-011F4H,MAJOR,JBSA RANDOLPH,1,"FIGHTER PILOT, F-16"
-011F4H,MAJOR,PENTAGON,1,"FIGHTER PILOT, F-16"
-011F4H,MAJOR,PETERSON,2,"FIGHTER PILOT, F-16"
-011F4H,MAJOR,SHAW,3,"FIGHTER PILOT, F-16"
-011F4J,CAPT,JB ELMENDORF-RICH,1,"FIGHTER PILOT, F-22"
-011F4J,MAJOR,JB LANGLEY-EUSTIS,2,"FIGHTER PILOT, F-22"
-011F4J,MAJOR,JB PRL HBR-HICKAM,1,"FIGHTER PILOT, F-22"
-011F4N,COL,PENTAGON,1,"FIGHTER PILOT, F-35"
-011F4N,LTCOL,PENTAGON,1,"FIGHTER PILOT, F-35"
-011F4N,MAJOR,HILL,1,"FIGHTER PILOT, F-35"
-011F4N,MAJOR,JB ELMENDORF-RICH,1,"FIGHTER PILOT, F-35"
-011F4N,MAJOR,JB LANGLEY-EUSTIS,1,"FIGHTER PILOT, F-35"
-011F4N,MAJOR,KALKAR CITY,1,"FIGHTER PILOT, F-35"
-011F4U,LTCOL,SHAW,1,"FIGHTER PILOT, ALO"
-011F4Y,CAPT,JB ELMENDORF-RICH,2,"FIGHTER PILOT, GENERAL"
-011F4Y,CAPT,JB PRL HBR-HICKAM,2,"FIGHTER PILOT, GENERAL"
-011F4Y,CAPT,OSAN AB,2,"FIGHTER PILOT, GENERAL"
-011F4Y,CAPT,PENTAGON,1,"FIGHTER PILOT, GENERAL"
-011F4Y,CAPT,RAMSTEIN,1,"FIGHTER PILOT, GENERAL"
-011F4Y,COL,AL DHAFRA,1,"FIGHTER PILOT, GENERAL"
-011F4Y,COL,ARLINGTON,1,"FIGHTER PILOT, GENERAL"
-011F4Y,COL,CAMP HUMPHREYS,1,"FIGHTER PILOT, GENERAL"
-011F4Y,COL,COLORADO SPRINGS,1,"FIGHTER PILOT, GENERAL"
-011F4Y,COL,FT LEAVENWORTH,1,"FIGHTER PILOT, GENERAL"
-011F4Y,COL,JB ELMENDORF-RICH,1,"FIGHTER PILOT, GENERAL"
-011F4Y,COL,JB LANGLEY-EUSTIS,11,"FIGHTER PILOT, GENERAL"
-011F4Y,COL,JB PRL HBR-HICKAM,9,"FIGHTER PILOT, GENERAL"
-011F4Y,COL,JBSA RANDOLPH,3,"FIGHTER PILOT, GENERAL"
-011F4Y,COL,KALKAR CITY,2,"FIGHTER PILOT, GENERAL"
-011F4Y,COL,MACDILL,2,"FIGHTER PILOT, GENERAL"
-011F4Y,COL,MAXWELL,1,"FIGHTER PILOT, GENERAL"
-011F4Y,COL,OSAN AB,4,"FIGHTER PILOT, GENERAL"
-011F4Y,COL,PENTAGON,8,"FIGHTER PILOT, GENERAL"
-011F4Y,COL,PETERSON,4,"FIGHTER PILOT, GENERAL"
-011F4Y,COL,RAMSTEIN,2,"FIGHTER PILOT, GENERAL"
-011F4Y,COL,SHAW,5,"FIGHTER PILOT, GENERAL"
-011F4Y,COL,STUTTGART VAIHING,1,"FIGHTER PILOT, GENERAL"
-011F4Y,COL,SUFFOLK,1,"FIGHTER PILOT, GENERAL"
-011F4Y,COL,TYNDALL,1,"FIGHTER PILOT, GENERAL"
-011F4Y,COL,YOKOTA,1,"FIGHTER PILOT, GENERAL"
-011F4Y,LTCOL,AL DHAFRA,2,"FIGHTER PILOT, GENERAL"
-011F4Y,LTCOL,ANKARA AFM,1,"FIGHTER PILOT, GENERAL"
-011F4Y,LTCOL,CARLISLE BARRACKS,1,"FIGHTER PILOT, GENERAL"
-011F4Y,LTCOL,DAVIS-MONTHAN,1,"FIGHTER PILOT, GENERAL"
-011F4Y,LTCOL,FT RUCKER,1,"FIGHTER PILOT, GENERAL"
-011F4Y,LTCOL,JB ELMENDORF-RICH,3,"FIGHTER PILOT, GENERAL"
-011F4Y,LTCOL,JB LANGLEY-EUSTIS,12,"FIGHTER PILOT, GENERAL"
-011F4Y,LTCOL,JB PRL HBR-HICKAM,4,"FIGHTER PILOT, GENERAL"
-011F4Y,LTCOL,JBSA RANDOLPH,4,"FIGHTER PILOT, GENERAL"
-011F4Y,LTCOL,MACDILL,2,"FIGHTER PILOT, GENERAL"
-011F4Y,LTCOL,MAXWELL,3,"FIGHTER PILOT, GENERAL"
-011F4Y,LTCOL,NELLIS,3,"FIGHTER PILOT, GENERAL"
-011F4Y,LTCOL,NORFOLK,1,"FIGHTER PILOT, GENERAL"
-011F4Y,LTCOL,OSAN AB,1,"FIGHTER PILOT, GENERAL"
-011F4Y,LTCOL,PENTAGON,23,"FIGHTER PILOT, GENERAL"
-011F4Y,LTCOL,PETERSON,2,"FIGHTER PILOT, GENERAL"
-011F4Y,LTCOL,RAMSTEIN,2,"FIGHTER PILOT, GENERAL"
-011F4Y,LTCOL,RIYADH,1,"FIGHTER PILOT, GENERAL"
-011F4Y,LTCOL,SHAW,4,"FIGHTER PILOT, GENERAL"
-011F4Y,LTCOL,STUTTGART VAIHING,1,"FIGHTER PILOT, GENERAL"
-011F4Y,LTCOL,SUFFOLK,2,"FIGHTER PILOT, GENERAL"
-011F4Y,LTCOL,TINKER,2,"FIGHTER PILOT, GENERAL"
-011F4Y,LTCOL,YOKOTA,1,"FIGHTER PILOT, GENERAL"
-011F4Y,MAJOR,AL DHAFRA,1,"FIGHTER PILOT, GENERAL"
-011F4Y,MAJOR,COLORADO SPRINGS,1,"FIGHTER PILOT, GENERAL"
-011F4Y,MAJOR,CP SMITH,1,"FIGHTER PILOT, GENERAL"
-011F4Y,MAJOR,DHAHRAN AFM,1,"FIGHTER PILOT, GENERAL"
-011F4Y,MAJOR,JB LANGLEY-EUSTIS,16,"FIGHTER PILOT, GENERAL"
-011F4Y,MAJOR,JB PRL HBR-HICKAM,4,"FIGHTER PILOT, GENERAL"
-011F4Y,MAJOR,JBAB BOLLING,3,"FIGHTER PILOT, GENERAL"
-011F4Y,MAJOR,JBSA RANDOLPH,2,"FIGHTER PILOT, GENERAL"
-011F4Y,MAJOR,MACDILL,1,"FIGHTER PILOT, GENERAL"
-011F4Y,MAJOR,MAXWELL,1,"FIGHTER PILOT, GENERAL"
-011F4Y,MAJOR,NELLIS,1,"FIGHTER PILOT, GENERAL"
-011F4Y,MAJOR,NORFOLK,1,"FIGHTER PILOT, GENERAL"
-011F4Y,MAJOR,OSAN AB,5,"FIGHTER PILOT, GENERAL"
-011F4Y,MAJOR,PENTAGON,4,"FIGHTER PILOT, GENERAL"
-011F4Y,MAJOR,PETERSON,8,"FIGHTER PILOT, GENERAL"
-011F4Y,MAJOR,POGGIO RENATICO,1,"FIGHTER PILOT, GENERAL"
-011F4Y,MAJOR,RAMSTEIN,4,"FIGHTER PILOT, GENERAL"
-011F4Y,MAJOR,SHAW,5,"FIGHTER PILOT, GENERAL"
-011F4Y,MAJOR,SUFFOLK,2,"FIGHTER PILOT, GENERAL"
-011F4Z,LTCOL,JBSA RANDOLPH,1,"FIGHTER PILOT, OTHER"
-011F4Z,LTCOL,RAMSTEIN,1,"FIGHTER PILOT, OTHER"
-011F4Z,MAJOR,WRIGHT PATTERSON,1,"FIGHTER PILOT, OTHER"
-011G3,CAPT,ATSUGI,1,GENERALIST PILOT
-011G3,CAPT,DATA MASKED,1,GENERALIST PILOT
-011G3,CAPT,EGLIN,1,GENERALIST PILOT
-011G3,CAPT,INCIRLIK AB,1,GENERALIST PILOT
-011G3,CAPT,JB ELMENDORF-RICH,1,GENERALIST PILOT
-011G3,CAPT,JB PRL HBR-HICKAM,4,GENERALIST PILOT
-011G3,CAPT,ROBINS,1,GENERALIST PILOT
-011G3,CAPT,SEATTLE,2,GENERALIST PILOT
-011G3,COL,NELLIS,1,GENERALIST PILOT
-011G3,COL,SCOTT,3,GENERALIST PILOT
-011G3,LT,EGLIN,1,GENERALIST PILOT
-011G3,LTCOL,ANDERSEN,1,GENERALIST PILOT
-011G3,LTCOL,ATLANTIC CITY,1,GENERALIST PILOT
-011G3,LTCOL,CFB WINNIPEG,1,GENERALIST PILOT
-011G3,LTCOL,DAM NECK,1,GENERALIST PILOT
-011G3,LTCOL,EGLIN,2,GENERALIST PILOT
-011G3,LTCOL,HOLLOMAN,1,GENERALIST PILOT
-011G3,LTCOL,HURLBURT FIELD,1,GENERALIST PILOT
-011G3,LTCOL,JB ELMENDORF-RICH,1,GENERALIST PILOT
-011G3,LTCOL,JB LANGLEY-EUSTIS,1,GENERALIST PILOT
-011G3,LTCOL,NELLIS,2,GENERALIST PILOT
-011G3,MAJOR,CFB WINNIPEG,1,GENERALIST PILOT
-011G3,MAJOR,EGLIN,1,GENERALIST PILOT
-011G3,MAJOR,ENGLEWOOD,1,GENERALIST PILOT
-011G3,MAJOR,GIMHAE INTL,1,GENERALIST PILOT
-011G3,MAJOR,HILL,1,GENERALIST PILOT
-011G3,MAJOR,HURLBURT FIELD,4,GENERALIST PILOT
-011G3,MAJOR,JB LANGLEY-EUSTIS,1,GENERALIST PILOT
-011G3,MAJOR,JB PRL HBR-HICKAM,4,GENERALIST PILOT
-011G3,MAJOR,MAXWELL,1,GENERALIST PILOT
-011G3,MAJOR,RAMSTEIN,1,GENERALIST PILOT
-011G3,MAJOR,ROBINS,1,GENERALIST PILOT
-011G3,MAJOR,SINGAPORE,1,GENERALIST PILOT
-011G3,MAJOR,TYNDALL,1,GENERALIST PILOT
-011G3,MAJOR,WACO,1,GENERALIST PILOT
-011G3,MAJOR,WIESBADEN,1,GENERALIST PILOT
-011G3,MAJOR,WRIGHT PATTERSON,2,GENERALIST PILOT
-011G4,CAPT,JB ELMENDORF-RICH,1,GENERALIST PILOT
-011G4,CAPT,JBSA RANDOLPH,2,GENERALIST PILOT
-011G4,CAPT,MOHRINGEN,1,GENERALIST PILOT
-011G4,CAPT,OSAN AB,2,GENERALIST PILOT
-011G4,CAPT,PENTAGON,1,GENERALIST PILOT
-011G4,COL,DAVIS-MONTHAN,1,GENERALIST PILOT
-011G4,COL,EGLIN,1,GENERALIST PILOT
-011G4,COL,FT BLISS,1,GENERALIST PILOT
-011G4,COL,JB ELMENDORF-RICH,1,GENERALIST PILOT
-011G4,COL,JB LANGLEY-EUSTIS,3,GENERALIST PILOT
-011G4,COL,JB PRL HBR-HICKAM,2,GENERALIST PILOT
-011G4,COL,JBSA RANDOLPH,9,GENERALIST PILOT
-011G4,COL,NELLIS,1,GENERALIST PILOT
-011G4,COL,PENTAGON,4,GENERALIST PILOT
-011G4,COL,PETERSON,1,GENERALIST PILOT
-011G4,COL,RAMSTEIN,4,GENERALIST PILOT
-011G4,COL,SHAW,1,GENERALIST PILOT
-011G4,COL,ST LOUIS,1,GENERALIST PILOT
-011G4,COL,SUFFOLK,1,GENERALIST PILOT
-011G4,COL,TYNDALL,1,GENERALIST PILOT
-011G4,COL,WASHINGTON,1,GENERALIST PILOT
-011G4,COL,YOKOTA,1,GENERALIST PILOT
-011G4,LTCOL,BAGHDAD,1,GENERALIST PILOT
-011G4,LTCOL,BRUNSSUM,1,GENERALIST PILOT
-011G4,LTCOL,CP SMITH,1,GENERALIST PILOT
-011G4,LTCOL,DAVIS-MONTHAN,2,GENERALIST PILOT
-011G4,LTCOL,FT LEE,1,GENERALIST PILOT
-011G4,LTCOL,JB ANDREWS,1,GENERALIST PILOT
-011G4,LTCOL,JB ELMENDORF-RICH,2,GENERALIST PILOT
-011G4,LTCOL,JB LANGLEY-EUSTIS,3,GENERALIST PILOT
-011G4,LTCOL,JB PRL HBR-HICKAM,3,GENERALIST PILOT
-011G4,LTCOL,JBSA LACKLAND-KLY,1,GENERALIST PILOT
-011G4,LTCOL,JBSA RANDOLPH,8,GENERALIST PILOT
-011G4,LTCOL,KIRTLAND,2,GENERALIST PILOT
-011G4,LTCOL,MACDILL,1,GENERALIST PILOT
-011G4,LTCOL,NAPLES,2,GENERALIST PILOT
-011G4,LTCOL,NELLIS,1,GENERALIST PILOT
-011G4,LTCOL,OKLAHOMA CITY,1,GENERALIST PILOT
-011G4,LTCOL,OSAN AB,2,GENERALIST PILOT
-011G4,LTCOL,PENTAGON,16,GENERALIST PILOT
-011G4,LTCOL,PETERSON,3,GENERALIST PILOT
-011G4,LTCOL,POGGIO RENATICO,1,GENERALIST PILOT
-011G4,LTCOL,RAMSTEIN,10,GENERALIST PILOT
-011G4,LTCOL,SHAPE,3,GENERALIST PILOT
-011G4,LTCOL,SHAW,1,GENERALIST PILOT
-011G4,LTCOL,ST LOUIS,1,GENERALIST PILOT
-011G4,LTCOL,STUTTGART VAIHING,2,GENERALIST PILOT
-011G4,LTCOL,UEDEM,2,GENERALIST PILOT
-011G4,LTCOL,WASHINGTON,1,GENERALIST PILOT
-011G4,LTCOL,YOKOTA,1,GENERALIST PILOT
-011G4,MAJOR,CAMP HUMPHREYS,2,GENERALIST PILOT
-011G4,MAJOR,COLORADO SPRINGS,2,GENERALIST PILOT
-011G4,MAJOR,CP SMITH,1,GENERALIST PILOT
-011G4,MAJOR,DAVIS-MONTHAN,1,GENERALIST PILOT
-011G4,MAJOR,IMJIN BARRACKS,1,GENERALIST PILOT
-011G4,MAJOR,JB ELMENDORF-RICH,1,GENERALIST PILOT
-011G4,MAJOR,JB PRL HBR-HICKAM,2,GENERALIST PILOT
-011G4,MAJOR,JBPH-H MAKALAPA,1,GENERALIST PILOT
-011G4,MAJOR,JBSA RANDOLPH,8,GENERALIST PILOT
-011G4,MAJOR,KIRTLAND,1,GENERALIST PILOT
-011G4,MAJOR,MOHRINGEN,1,GENERALIST PILOT
-011G4,MAJOR,NORFOLK,1,GENERALIST PILOT
-011G4,MAJOR,OBERAMMERGAU,1,GENERALIST PILOT
-011G4,MAJOR,OSAN AB,1,GENERALIST PILOT
-011G4,MAJOR,PENTAGON,4,GENERALIST PILOT
-011G4,MAJOR,PETERSON,1,GENERALIST PILOT
-011G4,MAJOR,POGGIO RENATICO,4,GENERALIST PILOT
-011G4,MAJOR,RAMSTEIN,8,GENERALIST PILOT
-011G4,MAJOR,SPRINGFIELD,1,GENERALIST PILOT
-011G4,MAJOR,TORREJON,1,GENERALIST PILOT
-011G4,MAJOR,TYNDALL,1,GENERALIST PILOT
-011G4,MAJOR,USAF ACADEMY,1,GENERALIST PILOT
-011G4,MAJOR,VALENCIA,1,GENERALIST PILOT
-011G4,MAJOR,YOKOTA,1,GENERALIST PILOT
-011H2C,CAPT,YOKOTA,1,"RESCUE PILOT, UH-1N"
-011H2C,LT,F E WARREN,6,"RESCUE PILOT, UH-1N"
-011H2C,LT,FAIRCHILD,3,"RESCUE PILOT, UH-1N"
-011H2C,LT,JB ANDREWS,19,"RESCUE PILOT, UH-1N"
-011H2C,LT,MALMSTROM,13,"RESCUE PILOT, UH-1N"
-011H2C,LT,MINOT,10,"RESCUE PILOT, UH-1N"
-011H2C,LT,YOKOTA,1,"RESCUE PILOT, UH-1N"
-011H2C,MAJOR,JB ANDREWS,1,"RESCUE PILOT, UH-1N"
-011H2E,LT,AVIANO,4,"RESCUE PILOT, HH-60"
-011H2E,LT,DAVIS-MONTHAN,8,"RESCUE PILOT, HH-60"
-011H2E,LT,KADENA,11,"RESCUE PILOT, HH-60"
-011H2E,LT,MOODY,15,"RESCUE PILOT, HH-60"
-011H2J,CAPT,DAVIS-MONTHAN,6,"RESCUE PILOT,  HC-130J"
-011H2J,LT,DAVIS-MONTHAN,5,"RESCUE PILOT,  HC-130J"
-011H2J,LT,MOODY,14,"RESCUE PILOT,  HC-130J"
-011H3C,CAPT,F E WARREN,4,"RESCUE PILOT, UH-1N"
-011H3C,CAPT,JB ANDREWS,19,"RESCUE PILOT, UH-1N"
-011H3C,CAPT,MALMSTROM,3,"RESCUE PILOT, UH-1N"
-011H3C,CAPT,MINOT,4,"RESCUE PILOT, UH-1N"
-011H3C,LT,F E WARREN,12,"RESCUE PILOT, UH-1N"
-011H3C,LT,FAIRCHILD,1,"RESCUE PILOT, UH-1N"
-011H3C,LT,JB ANDREWS,16,"RESCUE PILOT, UH-1N"
-011H3C,LT,MALMSTROM,7,"RESCUE PILOT, UH-1N"
-011H3C,LT,MINOT,9,"RESCUE PILOT, UH-1N"
-011H3C,LT,YOKOTA,1,"RESCUE PILOT, UH-1N"
-011H3C,LTCOL,F E WARREN,1,"RESCUE PILOT, UH-1N"
-011H3C,LTCOL,JB ANDREWS,3,"RESCUE PILOT, UH-1N"
-011H3C,MAJOR,F E WARREN,1,"RESCUE PILOT, UH-1N"
-011H3C,MAJOR,JB ANDREWS,1,"RESCUE PILOT, UH-1N"
-011H3C,MAJOR,MINOT,1,"RESCUE PILOT, UH-1N"
-011H3E,CAPT,AVIANO,2,"RESCUE PILOT, HH-60"
-011H3E,CAPT,DAVIS-MONTHAN,1,"RESCUE PILOT, HH-60"
-011H3E,CAPT,KADENA,4,"RESCUE PILOT, HH-60"
-011H3E,CAPT,MOODY,3,"RESCUE PILOT, HH-60"
-011H3E,CAPT,NELLIS,3,"RESCUE PILOT, HH-60"
-011H3E,LT,AVIANO,2,"RESCUE PILOT, HH-60"
-011H3E,LT,DAVIS-MONTHAN,9,"RESCUE PILOT, HH-60"
-011H3E,LT,KADENA,5,"RESCUE PILOT, HH-60"
-011H3E,LT,MOODY,6,"RESCUE PILOT, HH-60"
-011H3E,LTCOL,NELLIS,1,"RESCUE PILOT, HH-60"
-011H3E,MAJOR,AVIANO,1,"RESCUE PILOT, HH-60"
-011H3E,MAJOR,KADENA,1,"RESCUE PILOT, HH-60"
-011H3E,MAJOR,MOODY,1,"RESCUE PILOT, HH-60"
-011H3G,CAPT,F E WARREN,3,"RESCUE PILOT, MH-139A, AIRCRAFT COMMANDER"
-011H3G,CAPT,MINOT,3,"RESCUE PILOT, MH-139A, AIRCRAFT COMMANDER"
-011H3G,LT,F E WARREN,7,"RESCUE PILOT, MH-139A, AIRCRAFT COMMANDER"
-011H3G,LT,MINOT,6,"RESCUE PILOT, MH-139A, AIRCRAFT COMMANDER"
-011H3G,MAJOR,F E WARREN,1,"RESCUE PILOT, MH-139A, AIRCRAFT COMMANDER"
-011H3G,MAJOR,MINOT,1,"RESCUE PILOT, MH-139A, AIRCRAFT COMMANDER"
-011H3J,CAPT,DAVIS-MONTHAN,5,"RESCUE PILOT,  HC-130J"
-011H3J,CAPT,MOODY,12,"RESCUE PILOT,  HC-130J"
-011H3J,LT,MOODY,1,"RESCUE PILOT,  HC-130J"
-011H3J,MAJOR,DAVIS-MONTHAN,1,"RESCUE PILOT,  HC-130J"
-011H3J,MAJOR,MOODY,1,"RESCUE PILOT,  HC-130J"
-011H3W,CAPT,DAVIS-MONTHAN,2,"RESCUE PILOT, CSR, GENERAL"
-011H3W,CAPT,MOODY,3,"RESCUE PILOT, CSR, GENERAL"
-011H3W,LT,DAVIS-MONTHAN,1,"RESCUE PILOT, CSR, GENERAL"
-011H3W,LT,MOODY,1,"RESCUE PILOT, CSR, GENERAL"
-011H3W,LTCOL,MOODY,1,"RESCUE PILOT, CSR, GENERAL"
-011H3W,MAJOR,DAVIS-MONTHAN,3,"RESCUE PILOT, CSR, GENERAL"
-011H3W,MAJOR,MOODY,1,"RESCUE PILOT, CSR, GENERAL"
-011H3Y,CAPT,HURLBURT FIELD,1,"RESCUE PILOT, GENERAL"
-011H3Y,CAPT,KIRTLAND,1,"RESCUE PILOT, GENERAL"
-011H3Y,CAPT,NELLIS,1,"RESCUE PILOT, GENERAL"
-011H3Y,LTCOL,HURLBURT FIELD,1,"RESCUE PILOT, GENERAL"
-011H3Y,MAJOR,AL UDEID AB,1,"RESCUE PILOT, GENERAL"
-011H3Y,MAJOR,EDWARDS,1,"RESCUE PILOT, GENERAL"
-011H3Y,MAJOR,HURLBURT FIELD,1,"RESCUE PILOT, GENERAL"
-011H3Y,MAJOR,L B JOHNSON SP CN,2,"RESCUE PILOT, GENERAL"
-011H3Y,MAJOR,MOODY,1,"RESCUE PILOT, GENERAL"
-011H3Y,MAJOR,PATRICK,3,"RESCUE PILOT, GENERAL"
-011H3Y,MAJOR,VANDENBERG,1,"RESCUE PILOT, GENERAL"
-011H4C,CAPT,BARKSDALE,1,"RESCUE PILOT, UH-1N"
-011H4C,CAPT,F E WARREN,1,"RESCUE PILOT, UH-1N"
-011H4C,LTCOL,BARKSDALE,3,"RESCUE PILOT, UH-1N"
-011H4C,MAJOR,BARKSDALE,6,"RESCUE PILOT, UH-1N"
-011H4C,MAJOR,OFFUTT,1,"RESCUE PILOT, UH-1N"
-011H4E,COL,JB LANGLEY-EUSTIS,2,"RESCUE PILOT, HH-60"
-011H4E,LTCOL,JB LANGLEY-EUSTIS,1,"RESCUE PILOT, HH-60"
-011H4E,LTCOL,PETERSON,1,"RESCUE PILOT, HH-60"
-011H4E,MAJOR,JB LANGLEY-EUSTIS,2,"RESCUE PILOT, HH-60"
-011H4J,LTCOL,PENTAGON,1,"RESCUE PILOT,  HC-130J"
-011H4J,MAJOR,JB LANGLEY-EUSTIS,1,"RESCUE PILOT,  HC-130J"
-011H4P,MAJOR,JB LANGLEY-EUSTIS,1,"RESCUE PILOT, HC-130 P/N"
-011H4Y,CAPT,DAVIS-MONTHAN,1,"RESCUE PILOT, GENERAL"
-011H4Y,CAPT,JBSA RANDOLPH,1,"RESCUE PILOT, GENERAL"
-011H4Y,CAPT,PENTAGON,1,"RESCUE PILOT, GENERAL"
-011H4Y,COL,BARKSDALE,1,"RESCUE PILOT, GENERAL"
-011H4Y,LTCOL,FT BELVOIR,2,"RESCUE PILOT, GENERAL"
-011H4Y,LTCOL,JB PRL HBR-HICKAM,1,"RESCUE PILOT, GENERAL"
-011H4Y,LTCOL,PENTAGON,2,"RESCUE PILOT, GENERAL"
-011H4Y,LTCOL,RAMSTEIN,1,"RESCUE PILOT, GENERAL"
-011H4Y,LTCOL,SHAW,1,"RESCUE PILOT, GENERAL"
-011H4Y,LTCOL,SUFFOLK,1,"RESCUE PILOT, GENERAL"
-011H4Y,MAJOR,CHEYENNE MOUNT,1,"RESCUE PILOT, GENERAL"
-011H4Y,MAJOR,FT BELVOIR,1,"RESCUE PILOT, GENERAL"
-011H4Y,MAJOR,JB LANGLEY-EUSTIS,1,"RESCUE PILOT, GENERAL"
-011H4Y,MAJOR,JBSA RANDOLPH,1,"RESCUE PILOT, GENERAL"
-011H4Y,MAJOR,OSAN AB,2,"RESCUE PILOT, GENERAL"
-011H4Y,MAJOR,PENTAGON,1,"RESCUE PILOT, GENERAL"
-011H4Y,MAJOR,RAMSTEIN,3,"RESCUE PILOT, GENERAL"
-011K3A,LT,COLUMBUS,8,"TRAINER PILOT, T-1"
-011K3A,LT,LAUGHLIN,8,"TRAINER PILOT, T-1"
-011K3A,LT,VANCE,7,"TRAINER PILOT, T-1"
-011K3D,LT,COLUMBUS,6,"TRAINER PILOT, T-38"
-011K3D,LT,JBSA RANDOLPH,4,"TRAINER PILOT, T-38"
-011K3D,LT,LAUGHLIN,5,"TRAINER PILOT, T-38"
-011K3D,LT,SHEPPARD,8,"TRAINER PILOT, T-38"
-011K3D,LT,VANCE,5,"TRAINER PILOT, T-38"
-011K3F,LT,COLUMBUS,15,"TRAINER PILOT, T-6"
-011K3F,LT,JBSA RANDOLPH,5,"TRAINER PILOT, T-6"
-011K3F,LT,LAUGHLIN,15,"TRAINER PILOT, T-6"
-011K3F,LT,SHEPPARD,8,"TRAINER PILOT, T-6"
-011K3F,LT,VANCE,14,"TRAINER PILOT, T-6"
-011K3J,LT,FT RUCKER,1,"TRAINER PILOT, SUPT-H"
-011K3Q,LT,JBSA RANDOLPH,4,"TRAINER PILOT, T-7"
-011K3Y,MAJOR,EDWARDS,1,"TRAINER PILOT, GENERAL"
-011K3Y,MAJOR,JBSA LACKLAND-KLY,1,"TRAINER PILOT, GENERAL"
-011K3Z,CAPT,TYNDALL,1,"TRAINER PILOT, OTHER"
-011K3Z,LTCOL,USAF ACADEMY,1,"TRAINER PILOT, OTHER"
-011M2A,CAPT,DOVER,3,"MOBILITY PILOT, C-5"
-011M2A,CAPT,TRAVIS,3,"MOBILITY PILOT, C-5"
-011M2A,LT,DOVER,24,"MOBILITY PILOT, C-5"
-011M2A,LT,TRAVIS,25,"MOBILITY PILOT, C-5"
-011M2C,CAPT,DYESS,6,"MOBILITY PILOT, C-130J"
-011M2C,CAPT,LITTLE ROCK,4,"MOBILITY PILOT, C-130J"
-011M2C,LT,DYESS,52,"MOBILITY PILOT, C-130J"
-011M2C,LT,LITTLE ROCK,54,"MOBILITY PILOT, C-130J"
-011M2C,LT,RAMSTEIN,27,"MOBILITY PILOT, C-130J"
-011M2C,LT,YOKOTA,26,"MOBILITY PILOT, C-130J"
-011M2F,CAPT,BIRMINGHAM,1,"MOBILITY PILOT, KC-135"
-011M2F,CAPT,FAIRCHILD,7,"MOBILITY PILOT, KC-135"
-011M2F,CAPT,KADENA,1,"MOBILITY PILOT, KC-135"
-011M2F,CAPT,MACDILL,4,"MOBILITY PILOT, KC-135"
-011M2F,CAPT,MCCONNELL,2,"MOBILITY PILOT, KC-135"
-011M2F,CAPT,MILDENHALL,1,"MOBILITY PILOT, KC-135"
-011M2F,CAPT,SCOTT,1,"MOBILITY PILOT, KC-135"
-011M2F,LT,BIRMINGHAM,5,"MOBILITY PILOT, KC-135"
-011M2F,LT,FAIRCHILD,80,"MOBILITY PILOT, KC-135"
-011M2F,LT,KADENA,21,"MOBILITY PILOT, KC-135"
-011M2F,LT,MACDILL,39,"MOBILITY PILOT, KC-135"
-011M2F,LT,MARCH,9,"MOBILITY PILOT, KC-135"
-011M2F,LT,MCCONNELL,24,"MOBILITY PILOT, KC-135"
-011M2F,LT,MILDENHALL,25,"MOBILITY PILOT, KC-135"
-011M2F,LT,SCOTT,5,"MOBILITY PILOT, KC-135"
-011M2J,CAPT,JB ELMENDORF-RICH,1,"MOBILITY PILOT, C-12"
-011M2J,CAPT,YOKOTA,2,"MOBILITY PILOT, C-12"
-011M2J,LT,JB ELMENDORF-RICH,1,"MOBILITY PILOT, C-12"
-011M2K,CAPT,DOVER,3,"MOBILITY PILOT, C-17"
-011M2K,CAPT,JB CHARLESTON,11,"MOBILITY PILOT, C-17"
-011M2K,CAPT,JB PRL HBR-HICKAM,3,"MOBILITY PILOT, C-17"
-011M2K,CAPT,JBLM MCCHORD,6,"MOBILITY PILOT, C-17"
-011M2K,CAPT,JBMDL MCGUIRE,1,"MOBILITY PILOT, C-17"
-011M2K,CAPT,TRAVIS,2,"MOBILITY PILOT, C-17"
-011M2K,LT,DOVER,31,"MOBILITY PILOT, C-17"
-011M2K,LT,JB CHARLESTON,89,"MOBILITY PILOT, C-17"
-011M2K,LT,JB ELMENDORF-RICH,10,"MOBILITY PILOT, C-17"
-011M2K,LT,JB PRL HBR-HICKAM,15,"MOBILITY PILOT, C-17"
-011M2K,LT,JBLM MCCHORD,91,"MOBILITY PILOT, C-17"
-011M2K,LT,JBMDL MCGUIRE,29,"MOBILITY PILOT, C-17"
-011M2K,LT,TRAVIS,28,"MOBILITY PILOT, C-17"
-011M2L,CAPT,RAMSTEIN,2,"MOBILITY PILOT, C-20/C-37"
-011M2M,CAPT,SCOTT,2,"MOBILITY PILOT, C-21"
-011M2M,LT,RAMSTEIN,6,"MOBILITY PILOT, C-21"
-011M2M,LT,SCOTT,14,"MOBILITY PILOT, C-21"
-011M2R,CAPT,JBMDL MCGUIRE,4,"MOBILITY PILOT, KC-46 (KC-X)"
-011M2R,CAPT,MCCONNELL,6,"MOBILITY PILOT, KC-46 (KC-X)"
-011M2R,CAPT,PEASE,1,"MOBILITY PILOT, KC-46 (KC-X)"
-011M2R,CAPT,SEYMOUR JOHNSON,1,"MOBILITY PILOT, KC-46 (KC-X)"
-011M2R,CAPT,TRAVIS,5,"MOBILITY PILOT, KC-46 (KC-X)"
-011M2R,LT,JBMDL MCGUIRE,46,"MOBILITY PILOT, KC-46 (KC-X)"
-011M2R,LT,MCCONNELL,44,"MOBILITY PILOT, KC-46 (KC-X)"
-011M2R,LT,PEASE,11,"MOBILITY PILOT, KC-46 (KC-X)"
-011M2R,LT,SEYMOUR JOHNSON,11,"MOBILITY PILOT, KC-46 (KC-X)"
-011M2R,LT,TRAVIS,45,"MOBILITY PILOT, KC-46 (KC-X)"
-011M3A,CAPT,DOVER,12,"MOBILILTY PILOT, C-5"
-011M3A,CAPT,JBMDL MCGUIRE,1,"MOBILILTY PILOT, C-5"
-011M3A,CAPT,TRAVIS,14,"MOBILILTY PILOT, C-5"
-011M3A,MAJOR,DOVER,1,"MOBILILTY PILOT, C-5"
-011M3A,MAJOR,JBMDL MCGUIRE,1,"MOBILILTY PILOT, C-5"
-011M3A,MAJOR,TRAVIS,2,"MOBILILTY PILOT, C-5"
-011M3B,MAJOR,TRAVIS,1,"MOBILITY PILOT, C-130E/H"
-011M3C,CAPT,DYESS,17,"MOBILITY PILOT, C-130J"
-011M3C,CAPT,JBMDL MCGUIRE,2,"MOBILITY PILOT, C-130J"
-011M3C,CAPT,LITTLE ROCK,15,"MOBILITY PILOT, C-130J"
-011M3C,CAPT,RAMSTEIN,13,"MOBILITY PILOT, C-130J"
-011M3C,CAPT,YOKOTA,4,"MOBILITY PILOT, C-130J"
-011M3C,LT,RAMSTEIN,2,"MOBILITY PILOT, C-130J"
-011M3C,LT,YOKOTA,6,"MOBILITY PILOT, C-130J"
-011M3C,LTCOL,DYESS,2,"MOBILITY PILOT, C-130J"
-011M3C,LTCOL,LITTLE ROCK,5,"MOBILITY PILOT, C-130J"
-011M3C,MAJOR,DYESS,9,"MOBILITY PILOT, C-130J"
-011M3C,MAJOR,EGLIN,1,"MOBILITY PILOT, C-130J"
-011M3C,MAJOR,JBMDL MCGUIRE,1,"MOBILITY PILOT, C-130J"
-011M3C,MAJOR,LITTLE ROCK,15,"MOBILITY PILOT, C-130J"
-011M3C,MAJOR,TRAVIS,1,"MOBILITY PILOT, C-130J"
-011M3F,CAPT,BIRMINGHAM,1,"MOBILITY PILOT, KC-135"
-011M3F,CAPT,EIELSON,1,"MOBILITY PILOT, KC-135"
-011M3F,CAPT,FAIRCHILD,27,"MOBILITY PILOT, KC-135"
-011M3F,CAPT,KADENA,9,"MOBILITY PILOT, KC-135"
-011M3F,CAPT,MACDILL,12,"MOBILITY PILOT, KC-135"
-011M3F,CAPT,MARCH,2,"MOBILITY PILOT, KC-135"
-011M3F,CAPT,MCCONNELL,18,"MOBILITY PILOT, KC-135"
-011M3F,CAPT,MILDENHALL,8,"MOBILITY PILOT, KC-135"
-011M3F,CAPT,SCOTT,1,"MOBILITY PILOT, KC-135"
-011M3F,LT,EIELSON,1,"MOBILITY PILOT, KC-135"
-011M3F,LT,KADENA,15,"MOBILITY PILOT, KC-135"
-011M3F,LT,MILDENHALL,5,"MOBILITY PILOT, KC-135"
-011M3F,LTCOL,FAIRCHILD,5,"MOBILITY PILOT, KC-135"
-011M3F,LTCOL,MACDILL,2,"MOBILITY PILOT, KC-135"
-011M3F,LTCOL,MCCONNELL,2,"MOBILITY PILOT, KC-135"
-011M3F,LTCOL,SCOTT,1,"MOBILITY PILOT, KC-135"
-011M3F,MAJOR,BIRMINGHAM,1,"MOBILITY PILOT, KC-135"
-011M3F,MAJOR,FAIRCHILD,16,"MOBILITY PILOT, KC-135"
-011M3F,MAJOR,MACDILL,9,"MOBILITY PILOT, KC-135"
-011M3F,MAJOR,MCCONNELL,6,"MOBILITY PILOT, KC-135"
-011M3F,MAJOR,SCOTT,1,"MOBILITY PILOT, KC-135"
-011M3G,MAJOR,TORREJON,1,"MOBILITY PILOT, KC-10"
-011M3J,LT,JB ELMENDORF-RICH,1,"MOBILITY PILOT, C-12"
-011M3J,LT,YOKOTA,1,"MOBILITY PILOT, C-12"
-011M3J,LTCOL,DATA MASKED,1,"MOBILITY PILOT, C-12"
-011M3K,CAPT,DOVER,14,"MOBILITY PILOT, C-17"
-011M3K,CAPT,EIELSON,1,"MOBILITY PILOT, C-17"
-011M3K,CAPT,JB CHARLESTON,53,"MOBILITY PILOT, C-17"
-011M3K,CAPT,JB ELMENDORF-RICH,4,"MOBILITY PILOT, C-17"
-011M3K,CAPT,JB PRL HBR-HICKAM,3,"MOBILITY PILOT, C-17"
-011M3K,CAPT,JBLM MCCHORD,32,"MOBILITY PILOT, C-17"
-011M3K,CAPT,JBMDL MCGUIRE,13,"MOBILITY PILOT, C-17"
-011M3K,CAPT,TRAVIS,13,"MOBILITY PILOT, C-17"
-011M3K,LT,JB ELMENDORF-RICH,7,"MOBILITY PILOT, C-17"
-011M3K,LT,JB PRL HBR-HICKAM,3,"MOBILITY PILOT, C-17"
-011M3K,LTCOL,EDWARDS,1,"MOBILITY PILOT, C-17"
-011M3K,LTCOL,JB CHARLESTON,4,"MOBILITY PILOT, C-17"
-011M3K,LTCOL,JBLM MCCHORD,3,"MOBILITY PILOT, C-17"
-011M3K,LTCOL,JBMDL MCGUIRE,1,"MOBILITY PILOT, C-17"
-011M3K,LTCOL,JBSA LACKLAND-KLY,1,"MOBILITY PILOT, C-17"
-011M3K,LTCOL,TRAVIS,1,"MOBILITY PILOT, C-17"
-011M3K,MAJOR,DOVER,3,"MOBILITY PILOT, C-17"
-011M3K,MAJOR,JB CHARLESTON,10,"MOBILITY PILOT, C-17"
-011M3K,MAJOR,JBLM MCCHORD,9,"MOBILITY PILOT, C-17"
-011M3K,MAJOR,JBMDL MCGUIRE,3,"MOBILITY PILOT, C-17"
-011M3K,MAJOR,SAN ANTONIO,2,"MOBILITY PILOT, C-17"
-011M3K,MAJOR,SCOTT,1,"MOBILITY PILOT, C-17"
-011M3K,MAJOR,TRAVIS,3,"MOBILITY PILOT, C-17"
-011M3L,CAPT,JB ANDREWS,41,"MOBILITY PILOT, C-20/C-37"
-011M3L,CAPT,JB PRL HBR-HICKAM,4,"MOBILITY PILOT, C-20/C-37"
-011M3L,CAPT,RAMSTEIN,3,"MOBILITY PILOT, C-20/C-37"
-011M3L,LT,RAMSTEIN,1,"MOBILITY PILOT, C-20/C-37"
-011M3L,LTCOL,JB ANDREWS,3,"MOBILITY PILOT, C-20/C-37"
-011M3L,MAJOR,JB ANDREWS,7,"MOBILITY PILOT, C-20/C-37"
-011M3L,MAJOR,RAMSTEIN,2,"MOBILITY PILOT, C-20/C-37"
-011M3M,CAPT,SCOTT,16,"MOBILITY PILOT, C-21"
-011M3M,LT,RAMSTEIN,2,"MOBILITY PILOT, C-21"
-011M3M,LT,SCOTT,1,"MOBILITY PILOT, C-21"
-011M3M,LTCOL,SCOTT,1,"MOBILITY PILOT, C-21"
-011M3P,CAPT,JB ANDREWS,16,"MOBILITY PILOT, C-32"
-011M3P,LTCOL,JB ANDREWS,4,"MOBILITY PILOT, C-32"
-011M3P,MAJOR,JB ANDREWS,12,"MOBILITY PILOT, C-32"
-011M3Q,CAPT,JB ANDREWS,24,"MOBILITY PILOT, C-40"
-011M3Q,CAPT,SCOTT,6,"MOBILITY PILOT, C-40"
-011M3Q,MAJOR,JB ANDREWS,1,"MOBILITY PILOT, C-40"
-011M3Q,MAJOR,SCOTT,1,"MOBILITY PILOT, C-40"
-011M3R,CAPT,EDWARDS,1,"MOBILITY PILOT, KC-46 (KC-X)"
-011M3R,CAPT,JBMDL MCGUIRE,21,"MOBILITY PILOT, KC-46 (KC-X)"
-011M3R,CAPT,MCCONNELL,22,"MOBILITY PILOT, KC-46 (KC-X)"
-011M3R,CAPT,PEASE,3,"MOBILITY PILOT, KC-46 (KC-X)"
-011M3R,CAPT,SEYMOUR JOHNSON,3,"MOBILITY PILOT, KC-46 (KC-X)"
-011M3R,CAPT,TRAVIS,23,"MOBILITY PILOT, KC-46 (KC-X)"
-011M3R,LTCOL,FAIRCHILD,1,"MOBILITY PILOT, KC-46 (KC-X)"
-011M3R,LTCOL,JBMDL MCGUIRE,2,"MOBILITY PILOT, KC-46 (KC-X)"
-011M3R,LTCOL,MCCONNELL,3,"MOBILITY PILOT, KC-46 (KC-X)"
-011M3R,LTCOL,TRAVIS,2,"MOBILITY PILOT, KC-46 (KC-X)"
-011M3R,MAJOR,JBMDL MCGUIRE,3,"MOBILITY PILOT, KC-46 (KC-X)"
-011M3R,MAJOR,MCCONNELL,3,"MOBILITY PILOT, KC-46 (KC-X)"
-011M3S,CAPT,ANDERSEN,1,"MOBILITY PILOT, AIRLIFT, GENERAL"
-011M3S,CAPT,DOVER,1,"MOBILITY PILOT, AIRLIFT, GENERAL"
-011M3S,CAPT,JBMDL MCGUIRE,12,"MOBILITY PILOT, AIRLIFT, GENERAL"
-011M3S,CAPT,POPE AAF,4,"MOBILITY PILOT, AIRLIFT, GENERAL"
-011M3S,CAPT,RAMSTEIN,3,"MOBILITY PILOT, AIRLIFT, GENERAL"
-011M3S,CAPT,TRAVIS,10,"MOBILITY PILOT, AIRLIFT, GENERAL"
-011M3S,LTCOL,AL UDEID AB,1,"MOBILITY PILOT, AIRLIFT, GENERAL"
-011M3S,LTCOL,FT LEAVENWORTH,1,"MOBILITY PILOT, AIRLIFT, GENERAL"
-011M3S,LTCOL,JBMDL MCGUIRE,4,"MOBILITY PILOT, AIRLIFT, GENERAL"
-011M3S,LTCOL,MAXWELL,2,"MOBILITY PILOT, AIRLIFT, GENERAL"
-011M3S,MAJOR,JB ANDREWS,5,"MOBILITY PILOT, AIRLIFT, GENERAL"
-011M3S,MAJOR,JB PRL HBR-HICKAM,1,"MOBILITY PILOT, AIRLIFT, GENERAL"
-011M3S,MAJOR,JBMDL MCGUIRE,3,"MOBILITY PILOT, AIRLIFT, GENERAL"
-011M3S,MAJOR,LITTLE ROCK,3,"MOBILITY PILOT, AIRLIFT, GENERAL"
-011M3S,MAJOR,PATRICK,1,"MOBILITY PILOT, AIRLIFT, GENERAL"
-011M3S,MAJOR,POPE AAF,1,"MOBILITY PILOT, AIRLIFT, GENERAL"
-011M3S,MAJOR,RAMSTEIN,1,"MOBILITY PILOT, AIRLIFT, GENERAL"
-011M3S,MAJOR,ROTA NS,1,"MOBILITY PILOT, AIRLIFT, GENERAL"
-011M3S,MAJOR,SAN ANTONIO,1,"MOBILITY PILOT, AIRLIFT, GENERAL"
-011M3S,MAJOR,TRAVIS,3,"MOBILITY PILOT, AIRLIFT, GENERAL"
-011M3S,MAJOR,TYNDALL,1,"MOBILITY PILOT, AIRLIFT, GENERAL"
-011M3T,CAPT,ANDERSEN,1,"MOBILITY PILOT, TANKER, GENERAL"
-011M3T,CAPT,JBMDL MCGUIRE,11,"MOBILITY PILOT, TANKER, GENERAL"
-011M3T,CAPT,POPE AAF,1,"MOBILITY PILOT, TANKER, GENERAL"
-011M3T,CAPT,TRAVIS,9,"MOBILITY PILOT, TANKER, GENERAL"
-011M3T,COL,SCOTT,1,"MOBILITY PILOT, TANKER, GENERAL"
-011M3T,LTCOL,MACDILL,1,"MOBILITY PILOT, TANKER, GENERAL"
-011M3T,LTCOL,TRAVIS,1,"MOBILITY PILOT, TANKER, GENERAL"
-011M3T,MAJOR,JBMDL MCGUIRE,2,"MOBILITY PILOT, TANKER, GENERAL"
-011M3T,MAJOR,POPE AAF,2,"MOBILITY PILOT, TANKER, GENERAL"
-011M3T,MAJOR,SCOTT,1,"MOBILITY PILOT, TANKER, GENERAL"
-011M3T,MAJOR,TRAVIS,2,"MOBILITY PILOT, TANKER, GENERAL"
-011M3U,CAPT,CP LEJEUNE,1,"MOBILITY PILOT, AMLO"
-011M3U,CAPT,FT BLISS,1,"MOBILITY PILOT, AMLO"
-011M3U,CAPT,FT CAMPBELL,1,"MOBILITY PILOT, AMLO"
-011M3U,CAPT,FT CARSON,1,"MOBILITY PILOT, AMLO"
-011M3U,CAPT,FT DRUM,1,"MOBILITY PILOT, AMLO"
-011M3U,CAPT,FT HOOD,2,"MOBILITY PILOT, AMLO"
-011M3U,CAPT,FT KNOX,1,"MOBILITY PILOT, AMLO"
-011M3U,CAPT,FT LEAVENWORTH,1,"MOBILITY PILOT, AMLO"
-011M3U,CAPT,FT RILEY,1,"MOBILITY PILOT, AMLO"
-011M3U,CAPT,FT STEWART,1,"MOBILITY PILOT, AMLO"
-011M3U,CAPT,FT WAINWRIGHT,1,"MOBILITY PILOT, AMLO"
-011M3U,CAPT,JBLM LEWIS,1,"MOBILITY PILOT, AMLO"
-011M3U,CAPT,OSAN AB,2,"MOBILITY PILOT, AMLO"
-011M3U,CAPT,WHEELER,2,"MOBILITY PILOT, AMLO"
-011M3U,LTCOL,CAMP HUMPHREYS,1,"MOBILITY PILOT, AMLO"
-011M3U,LTCOL,CP COURTNEY,1,"MOBILITY PILOT, AMLO"
-011M3U,LTCOL,CP LEJEUNE,1,"MOBILITY PILOT, AMLO"
-011M3U,LTCOL,CP PENDLETON,1,"MOBILITY PILOT, AMLO"
-011M3U,LTCOL,FT BRAGG,1,"MOBILITY PILOT, AMLO"
-011M3U,LTCOL,FT HOOD,1,"MOBILITY PILOT, AMLO"
-011M3U,LTCOL,FT SAM HOUSTON,1,"MOBILITY PILOT, AMLO"
-011M3U,LTCOL,FT SHAFTER,1,"MOBILITY PILOT, AMLO"
-011M3U,MAJOR,CAMP HUMPHREYS,1,"MOBILITY PILOT, AMLO"
-011M3U,MAJOR,CP COURTNEY,1,"MOBILITY PILOT, AMLO"
-011M3U,MAJOR,CP PENDLETON,1,"MOBILITY PILOT, AMLO"
-011M3U,MAJOR,FT BLISS,1,"MOBILITY PILOT, AMLO"
-011M3U,MAJOR,FT BRAGG,1,"MOBILITY PILOT, AMLO"
-011M3U,MAJOR,FT CAMPBELL,2,"MOBILITY PILOT, AMLO"
-011M3U,MAJOR,FT DRUM,1,"MOBILITY PILOT, AMLO"
-011M3U,MAJOR,FT RICHARDSON,1,"MOBILITY PILOT, AMLO"
-011M3U,MAJOR,FT RILEY,1,"MOBILITY PILOT, AMLO"
-011M3U,MAJOR,FT STEWART,1,"MOBILITY PILOT, AMLO"
-011M3U,MAJOR,JBLM LEWIS,1,"MOBILITY PILOT, AMLO"
-011M3U,MAJOR,SCHOFIELD BRKS,1,"MOBILITY PILOT, AMLO"
-011M3U,MAJOR,WIESBADEN,2,"MOBILITY PILOT, AMLO"
-011M3V,CAPT,JB ANDREWS,1,"MOBILITY PILOT, INTER-THEATER ALFT, GENERAL"
-011M3V,LTCOL,JB ANDREWS,1,"MOBILITY PILOT, INTER-THEATER ALFT, GENERAL"
-011M3V,MAJOR,JB ANDREWS,1,"MOBILITY PILOT, INTER-THEATER ALFT, GENERAL"
-011M3W,CAPT,JBLM MCCHORD,1,"MOBILITY PILOT, INTRA-THEATER ALFT, GENERAL"
-011M3Y,CAPT,DOVER,1,"MOBILITY PILOT, GENERAL"
-011M3Y,CAPT,EDWARDS,1,"MOBILITY PILOT, GENERAL"
-011M3Y,CAPT,EIELSON,1,"MOBILITY PILOT, GENERAL"
-011M3Y,CAPT,JBMDL MCGUIRE,5,"MOBILITY PILOT, GENERAL"
-011M3Y,CAPT,SCOTT,2,"MOBILITY PILOT, GENERAL"
-011M3Y,CAPT,TRAVIS,2,"MOBILITY PILOT, GENERAL"
-011M3Y,LTCOL,EDWARDS,2,"MOBILITY PILOT, GENERAL"
-011M3Y,LTCOL,FT LEAVENWORTH,1,"MOBILITY PILOT, GENERAL"
-011M3Y,LTCOL,JB ANDREWS,1,"MOBILITY PILOT, GENERAL"
-011M3Y,LTCOL,JB PRL HBR-HICKAM,1,"MOBILITY PILOT, GENERAL"
-011M3Y,LTCOL,JBMDL MCGUIRE,1,"MOBILITY PILOT, GENERAL"
-011M3Y,LTCOL,TRAVIS,2,"MOBILITY PILOT, GENERAL"
-011M3Y,MAJOR,EDWARDS,1,"MOBILITY PILOT, GENERAL"
-011M3Y,MAJOR,FT CARSON,1,"MOBILITY PILOT, GENERAL"
-011M3Y,MAJOR,FT HOOD,1,"MOBILITY PILOT, GENERAL"
-011M3Y,MAJOR,JBMDL MCGUIRE,3,"MOBILITY PILOT, GENERAL"
-011M3Y,MAJOR,RAMSTEIN,1,"MOBILITY PILOT, GENERAL"
-011M3Y,MAJOR,SCOTT,2,"MOBILITY PILOT, GENERAL"
-011M3Y,MAJOR,TRAVIS,3,"MOBILITY PILOT, GENERAL"
-011M3Z,CAPT,WILL ROGERS WORLD,7,"MOBILITY PILOT, OTHER"
-011M3Z,MAJOR,RAMSTEIN,1,"MOBILITY PILOT, OTHER"
-011M3Z,MAJOR,WILL ROGERS WORLD,2,"MOBILITY PILOT, OTHER"
-011M4A,LTCOL,PENTAGON,1,"MOBILILTY PILOT, C-5"
-011M4A,MAJOR,SCOTT,1,"MOBILILTY PILOT, C-5"
-011M4B,LTCOL,JBAB BOLLING,1,"MOBILITY PILOT, C-130E/H"
-011M4B,LTCOL,RAMSTEIN,1,"MOBILITY PILOT, C-130E/H"
-011M4C,MAJOR,SCOTT,1,"MOBILITY PILOT, C-130J"
-011M4F,CAPT,RAMSTEIN,1,"MOBILITY PILOT, KC-135"
-011M4F,COL,PETERSON,1,"MOBILITY PILOT, KC-135"
-011M4F,LTCOL,OFFUTT,1,"MOBILITY PILOT, KC-135"
-011M4F,LTCOL,PETERSON,1,"MOBILITY PILOT, KC-135"
-011M4F,LTCOL,SCOTT,2,"MOBILITY PILOT, KC-135"
-011M4F,MAJOR,SCOTT,1,"MOBILITY PILOT, KC-135"
-011M4G,LTCOL,SCOTT,1,"MOBILITY PILOT, KC-10"
-011M4J,MAJOR,GABORONE,1,"MOBILITY PILOT, C-12"
-011M4J,MAJOR,NAIROBI,1,"MOBILITY PILOT, C-12"
-011M4K,LTCOL,JB ANDREWS,1,"MOBILITY PILOT, C-17"
-011M4K,LTCOL,JB PRL HBR-HICKAM,1,"MOBILITY PILOT, C-17"
-011M4K,LTCOL,RAMSTEIN,1,"MOBILITY PILOT, C-17"
-011M4K,MAJOR,MOHRINGEN,1,"MOBILITY PILOT, C-17"
-011M4K,MAJOR,SCOTT,2,"MOBILITY PILOT, C-17"
-011M4K,MAJOR,SHAW,1,"MOBILITY PILOT, C-17"
-011M4L,MAJOR,JB ANDREWS,1,"MOBILITY PILOT, C-20/C-37"
-011M4M,CAPT,DAVIS-MONTHAN,1,"MOBILITY PILOT, C-21"
-011M4R,MAJOR,JBSA RANDOLPH,1,"MOBILITY PILOT, KC-46 (KC-X)"
-011M4R,MAJOR,SCOTT,1,"MOBILITY PILOT, KC-46 (KC-X)"
-011M4S,CAPT,DAVIS-MONTHAN,1,"MOBILITY PILOT, AIRLIFT, GENERAL"
-011M4S,CAPT,JB ELMENDORF-RICH,1,"MOBILITY PILOT, AIRLIFT, GENERAL"
-011M4S,CAPT,RAMSTEIN,1,"MOBILITY PILOT, AIRLIFT, GENERAL"
-011M4S,CAPT,RIYADH,1,"MOBILITY PILOT, AIRLIFT, GENERAL"
-011M4S,CAPT,SCOTT,4,"MOBILITY PILOT, AIRLIFT, GENERAL"
-011M4S,CAPT,TINKER,1,"MOBILITY PILOT, AIRLIFT, GENERAL"
-011M4S,COL,CAMP HUMPHREYS,1,"MOBILITY PILOT, AIRLIFT, GENERAL"
-011M4S,COL,CP SMITH,1,"MOBILITY PILOT, AIRLIFT, GENERAL"
-011M4S,COL,JB PRL HBR-HICKAM,1,"MOBILITY PILOT, AIRLIFT, GENERAL"
-011M4S,COL,JBMDL DIX,1,"MOBILITY PILOT, AIRLIFT, GENERAL"
-011M4S,COL,KIRTLAND,1,"MOBILITY PILOT, AIRLIFT, GENERAL"
-011M4S,COL,MACDILL,1,"MOBILITY PILOT, AIRLIFT, GENERAL"
-011M4S,COL,MIAMI,1,"MOBILITY PILOT, AIRLIFT, GENERAL"
-011M4S,COL,NORFOLK,1,"MOBILITY PILOT, AIRLIFT, GENERAL"
-011M4S,COL,PENTAGON,4,"MOBILITY PILOT, AIRLIFT, GENERAL"
-011M4S,COL,PETERSON,1,"MOBILITY PILOT, AIRLIFT, GENERAL"
-011M4S,COL,RAMSTEIN,1,"MOBILITY PILOT, AIRLIFT, GENERAL"
-011M4S,COL,SCOTT,4,"MOBILITY PILOT, AIRLIFT, GENERAL"
-011M4S,COL,STUTTGART VAIHING,3,"MOBILITY PILOT, AIRLIFT, GENERAL"
-011M4S,LTCOL,ANKARA AFM,1,"MOBILITY PILOT, AIRLIFT, GENERAL"
-011M4S,LTCOL,JB PRL HBR-HICKAM,1,"MOBILITY PILOT, AIRLIFT, GENERAL"
-011M4S,LTCOL,KIRTLAND,1,"MOBILITY PILOT, AIRLIFT, GENERAL"
-011M4S,LTCOL,PENTAGON,17,"MOBILITY PILOT, AIRLIFT, GENERAL"
-011M4S,LTCOL,PETERSON,1,"MOBILITY PILOT, AIRLIFT, GENERAL"
-011M4S,LTCOL,RAMSTEIN,4,"MOBILITY PILOT, AIRLIFT, GENERAL"
-011M4S,LTCOL,RIYADH,1,"MOBILITY PILOT, AIRLIFT, GENERAL"
-011M4S,LTCOL,SCOTT,19,"MOBILITY PILOT, AIRLIFT, GENERAL"
-011M4S,LTCOL,STUTTGART VAIHING,2,"MOBILITY PILOT, AIRLIFT, GENERAL"
-011M4S,LTCOL,TINKER,1,"MOBILITY PILOT, AIRLIFT, GENERAL"
-011M4S,LTCOL,WASHINGTON,3,"MOBILITY PILOT, AIRLIFT, GENERAL"
-011M4S,MAJOR,FT BRAGG,1,"MOBILITY PILOT, AIRLIFT, GENERAL"
-011M4S,MAJOR,JB PRL HBR-HICKAM,2,"MOBILITY PILOT, AIRLIFT, GENERAL"
-011M4S,MAJOR,JBSA RANDOLPH,1,"MOBILITY PILOT, AIRLIFT, GENERAL"
-011M4S,MAJOR,KALKAR CITY,1,"MOBILITY PILOT, AIRLIFT, GENERAL"
-011M4S,MAJOR,MAXWELL,1,"MOBILITY PILOT, AIRLIFT, GENERAL"
-011M4S,MAJOR,OSAN AB,1,"MOBILITY PILOT, AIRLIFT, GENERAL"
-011M4S,MAJOR,POGGIO RENATICO,2,"MOBILITY PILOT, AIRLIFT, GENERAL"
-011M4S,MAJOR,RAMSTEIN,5,"MOBILITY PILOT, AIRLIFT, GENERAL"
-011M4S,MAJOR,SCOTT,32,"MOBILITY PILOT, AIRLIFT, GENERAL"
-011M4T,CAPT,SCOTT,2,"MOBILITY PILOT, TANKER, GENERAL"
-011M4T,COL,SCOTT,5,"MOBILITY PILOT, TANKER, GENERAL"
-011M4T,LTCOL,DAVIS-MONTHAN,1,"MOBILITY PILOT, TANKER, GENERAL"
-011M4T,LTCOL,KALKAR CITY,1,"MOBILITY PILOT, TANKER, GENERAL"
-011M4T,LTCOL,RAMSTEIN,2,"MOBILITY PILOT, TANKER, GENERAL"
-011M4T,LTCOL,SCOTT,16,"MOBILITY PILOT, TANKER, GENERAL"
-011M4T,MAJOR,JB ELMENDORF-RICH,1,"MOBILITY PILOT, TANKER, GENERAL"
-011M4T,MAJOR,JB PRL HBR-HICKAM,1,"MOBILITY PILOT, TANKER, GENERAL"
-011M4T,MAJOR,JBSA RANDOLPH,1,"MOBILITY PILOT, TANKER, GENERAL"
-011M4T,MAJOR,RAMSTEIN,4,"MOBILITY PILOT, TANKER, GENERAL"
-011M4T,MAJOR,SCOTT,15,"MOBILITY PILOT, TANKER, GENERAL"
-011M4T,MAJOR,UEDEM,3,"MOBILITY PILOT, TANKER, GENERAL"
-011M4V,CAPT,JBSA RANDOLPH,1,"MOBILITY PILOT, INTER-THEATER ALFT, GENERAL"
-011M4V,LTCOL,WASHINGTON,1,"MOBILITY PILOT, INTER-THEATER ALFT, GENERAL"
-011M4V,MAJOR,JBSA RANDOLPH,1,"MOBILITY PILOT, INTER-THEATER ALFT, GENERAL"
-011M4W,MAJOR,PENTAGON,1,"MOBILITY PILOT, INTRA-THEATER ALFT, GENERAL"
-011M4Y,CAPT,BARKSDALE,1,"MOBILITY PILOT, GENERAL"
-011M4Y,CAPT,SCOTT,3,"MOBILITY PILOT, GENERAL"
-011M4Y,COL,OFFUTT,1,"MOBILITY PILOT, GENERAL"
-011M4Y,COL,PENTAGON,2,"MOBILITY PILOT, GENERAL"
-011M4Y,COL,PETERSON,1,"MOBILITY PILOT, GENERAL"
-011M4Y,COL,SCOTT,13,"MOBILITY PILOT, GENERAL"
-011M4Y,COL,STANFORD,1,"MOBILITY PILOT, GENERAL"
-011M4Y,LTCOL,BARKSDALE,1,"MOBILITY PILOT, GENERAL"
-011M4Y,LTCOL,CP SMITH,1,"MOBILITY PILOT, GENERAL"
-011M4Y,LTCOL,DAVIS-MONTHAN,1,"MOBILITY PILOT, GENERAL"
-011M4Y,LTCOL,JB ELMENDORF-RICH,1,"MOBILITY PILOT, GENERAL"
-011M4Y,LTCOL,JBSA RANDOLPH,1,"MOBILITY PILOT, GENERAL"
-011M4Y,LTCOL,MACDILL,1,"MOBILITY PILOT, GENERAL"
-011M4Y,LTCOL,NELLIS,1,"MOBILITY PILOT, GENERAL"
-011M4Y,LTCOL,NORFOLK,2,"MOBILITY PILOT, GENERAL"
-011M4Y,LTCOL,OKLAHOMA CITY,1,"MOBILITY PILOT, GENERAL"
-011M4Y,LTCOL,OSAN AB,1,"MOBILITY PILOT, GENERAL"
-011M4Y,LTCOL,PENTAGON,3,"MOBILITY PILOT, GENERAL"
-011M4Y,LTCOL,SCOTT,16,"MOBILITY PILOT, GENERAL"
-011M4Y,LTCOL,UEDEM,1,"MOBILITY PILOT, GENERAL"
-011M4Y,MAJOR,ANKARA AFM,1,"MOBILITY PILOT, GENERAL"
-011M4Y,MAJOR,BARKSDALE,1,"MOBILITY PILOT, GENERAL"
-011M4Y,MAJOR,CAMBRIDGE,1,"MOBILITY PILOT, GENERAL"
-011M4Y,MAJOR,DAHLGREN,1,"MOBILITY PILOT, GENERAL"
-011M4Y,MAJOR,JB ANDREWS,1,"MOBILITY PILOT, GENERAL"
-011M4Y,MAJOR,JBMDL DIX,1,"MOBILITY PILOT, GENERAL"
-011M4Y,MAJOR,JBSA RANDOLPH,1,"MOBILITY PILOT, GENERAL"
-011M4Y,MAJOR,MOHRINGEN,1,"MOBILITY PILOT, GENERAL"
-011M4Y,MAJOR,PENTAGON,4,"MOBILITY PILOT, GENERAL"
-011M4Y,MAJOR,POGGIO RENATICO,1,"MOBILITY PILOT, GENERAL"
-011M4Y,MAJOR,SCOTT,17,"MOBILITY PILOT, GENERAL"
-011M4Z,COL,TINKER,1,"MOBILITY PILOT, OTHER"
-011M4Z,LTCOL,PENTAGON,1,"MOBILITY PILOT, OTHER"
-011R2A,LT,JB ELMENDORF-RICH,4,"RECON SURVEIL EW PILOT, E-3"
-011R2A,LT,KADENA,2,"RECON SURVEIL EW PILOT, E-3"
-011R2A,LT,TINKER,16,"RECON SURVEIL EW PILOT, E-3"
-011R2C,LT,DAVIS-MONTHAN,20,"RECON SURVEIL EW PILOT, EC-130"
-011R2G,LT,OFFUTT,43,"RECON SURVEIL EW PILOT, RC-135"
-011R2H,CAPT,OFFUTT,2,"RECON SURVEIL EW PILOT, WC/OC-135"
-011R2H,LT,OFFUTT,6,"RECON SURVEIL EW PILOT, WC/OC-135"
-011R2J,CAPT,BEALE,3,"RECON SURVEIL EW PILOT, TR-1/U-2"
-011R2J,LT,BEALE,7,"RECON SURVEIL EW PILOT, TR-1/U-2"
-011R2Z,CAPT,ROBINS,7,"RECON SURVEIL EW PILOT, OTHER"
-011R3A,CAPT,GEILENKIRCHEN,6,"RECON SURVEIL EW PILOT, E-3"
-011R3A,CAPT,JB ELMENDORF-RICH,1,"RECON SURVEIL EW PILOT, E-3"
-011R3A,CAPT,TINKER,8,"RECON SURVEIL EW PILOT, E-3"
-011R3A,COL,GEILENKIRCHEN,1,"RECON SURVEIL EW PILOT, E-3"
-011R3A,LT,JB ELMENDORF-RICH,1,"RECON SURVEIL EW PILOT, E-3"
-011R3A,LT,KADENA,1,"RECON SURVEIL EW PILOT, E-3"
-011R3A,LTCOL,TINKER,1,"RECON SURVEIL EW PILOT, E-3"
-011R3A,MAJOR,GEILENKIRCHEN,5,"RECON SURVEIL EW PILOT, E-3"
-011R3A,MAJOR,TINKER,4,"RECON SURVEIL EW PILOT, E-3"
-011R3B,LT,OFFUTT,2,"RECON SURVEIL EW PILOT, E-4"
-011R3B,LTCOL,HANSCOM,1,"RECON SURVEIL EW PILOT, E-4"
-011R3B,LTCOL,OFFUTT,4,"RECON SURVEIL EW PILOT, E-4"
-011R3B,MAJOR,EDWARDS,1,"RECON SURVEIL EW PILOT, E-4"
-011R3C,CAPT,DAVIS-MONTHAN,9,"RECON SURVEIL EW PILOT, EC-130"
-011R3C,LT,DAVIS-MONTHAN,4,"RECON SURVEIL EW PILOT, EC-130"
-011R3C,LTCOL,WACO,1,"RECON SURVEIL EW PILOT, EC-130"
-011R3C,MAJOR,DAVIS-MONTHAN,1,"RECON SURVEIL EW PILOT, EC-130"
-011R3G,CAPT,OFFUTT,11,"RECON SURVEIL EW PILOT, RC-135"
-011R3G,LT,OFFUTT,14,"RECON SURVEIL EW PILOT, RC-135"
-011R3G,MAJOR,OFFUTT,3,"RECON SURVEIL EW PILOT, RC-135"
-011R3H,CAPT,OFFUTT,4,"RECON SURVEIL EW PILOT, WC/OC-135"
-011R3H,LT,OFFUTT,4,"RECON SURVEIL EW PILOT, WC/OC-135"
-011R3J,CAPT,AKROTIRI,2,"RECON SURVEIL EW PILOT, TR-1/U-2"
-011R3J,CAPT,BEALE,20,"RECON SURVEIL EW PILOT, TR-1/U-2"
-011R3J,CAPT,OSAN AB,2,"RECON SURVEIL EW PILOT, TR-1/U-2"
-011R3J,LT,BEALE,4,"RECON SURVEIL EW PILOT, TR-1/U-2"
-011R3J,LTCOL,BEALE,1,"RECON SURVEIL EW PILOT, TR-1/U-2"
-011R3J,MAJOR,BEALE,1,"RECON SURVEIL EW PILOT, TR-1/U-2"
-011R3J,MAJOR,FAIRFORD,1,"RECON SURVEIL EW PILOT, TR-1/U-2"
-011R3Y,MAJOR,BEALE,1,"RECON SURVEIL EW PILOT, GENERAL"
-011R3Y,MAJOR,DENVER,1,"RECON SURVEIL EW PILOT, GENERAL"
-011R3Y,MAJOR,OFFUTT,1,"RECON SURVEIL EW PILOT, GENERAL"
-011R3Z,CAPT,ROBINS,22,"RECON SURVEIL EW PILOT, OTHER"
-011R3Z,MAJOR,ROBINS,3,"RECON SURVEIL EW PILOT, OTHER"
-011R4A,LTCOL,JB LANGLEY-EUSTIS,1,"RECON SURVEIL EW PILOT, E-3"
-011R4B,MAJOR,BARKSDALE,1,"RECON SURVEIL EW PILOT, E-4"
-011R4G,MAJOR,JB LANGLEY-EUSTIS,1,"RECON SURVEIL EW PILOT, RC-135"
-011R4J,LTCOL,JB LANGLEY-EUSTIS,1,"RECON SURVEIL EW PILOT, TR-1/U-2"
-011R4J,LTCOL,SHAW,1,"RECON SURVEIL EW PILOT, TR-1/U-2"
-011R4J,LTCOL,STUTTGART VAIHING,1,"RECON SURVEIL EW PILOT, TR-1/U-2"
-011R4J,MAJOR,JB LANGLEY-EUSTIS,2,"RECON SURVEIL EW PILOT, TR-1/U-2"
-011R4J,MAJOR,PENTAGON,2,"RECON SURVEIL EW PILOT, TR-1/U-2"
-011R4Y,LTCOL,JB LANGLEY-EUSTIS,1,"RECON SURVEIL EW PILOT, GENERAL"
-011R4Y,LTCOL,MOHRINGEN,1,"RECON SURVEIL EW PILOT, GENERAL"
-011R4Y,LTCOL,NELLIS,1,"RECON SURVEIL EW PILOT, GENERAL"
-011R4Y,LTCOL,NORFOLK,1,"RECON SURVEIL EW PILOT, GENERAL"
-011R4Y,LTCOL,PENTAGON,3,"RECON SURVEIL EW PILOT, GENERAL"
-011R4Y,MAJOR,BARKSDALE,2,"RECON SURVEIL EW PILOT, GENERAL"
-011R4Y,MAJOR,JB LANGLEY-EUSTIS,3,"RECON SURVEIL EW PILOT, GENERAL"
-011R4Y,MAJOR,JBAB BOLLING,1,"RECON SURVEIL EW PILOT, GENERAL"
-011R4Y,MAJOR,PENTAGON,4,"RECON SURVEIL EW PILOT, GENERAL"
-011S2J,LT,CANNON,9,"SPECIAL OPS PILOT, CV-22"
-011S2J,LT,MILDENHALL,5,"SPECIAL OPS PILOT, CV-22"
-011S2J,LT,YOKOTA,4,"SPECIAL OPS PILOT, CV-22"
-011S2M,LT,DUKE FIELD,37,"SPECIAL OPS PILOT, AIR COMMANDO"
-011S2M,LT,MILDENHALL,6,"SPECIAL OPS PILOT, AIR COMMANDO"
-011S2P,CAPT,HURLBURT FIELD,1,"SPECIAL OPS PILOT, MC-130J"
-011S2P,LT,CANNON,20,"SPECIAL OPS PILOT, MC-130J"
-011S2P,LT,HURLBURT FIELD,17,"SPECIAL OPS PILOT, MC-130J"
-011S2P,LT,KADENA,7,"SPECIAL OPS PILOT, MC-130J"
-011S2P,LT,MILDENHALL,10,"SPECIAL OPS PILOT, MC-130J"
-011S2Q,LT,CANNON,10,"SPECIAL OPS PILOT, AC-130J"
-011S2Q,LT,HURLBURT FIELD,10,"SPECIAL OPS PILOT, AC-130J"
-011S2X,LT,CANNON,41,"SPECIAL OPS PILOT, U-28"
-011S2X,LT,HURLBURT FIELD,32,"SPECIAL OPS PILOT, U-28"
-011S2Y,CAPT,HURLBURT FIELD,2,"SPECIAL OPS PILOT, GENERAL"
-011S2Z,LT,CANNON,7,"SPECIAL OPS PILOT, OTHER"
-011S2Z,LT,HURLBURT FIELD,14,"SPECIAL OPS PILOT, OTHER"
-011S3J,CAPT,AMARILLO,1,"SPECIAL OPS PILOT, CV-22"
-011S3J,CAPT,CANNON,6,"SPECIAL OPS PILOT, CV-22"
-011S3J,CAPT,HURLBURT FIELD,1,"SPECIAL OPS PILOT, CV-22"
-011S3J,CAPT,MILDENHALL,2,"SPECIAL OPS PILOT, CV-22"
-011S3J,CAPT,YOKOTA,3,"SPECIAL OPS PILOT, CV-22"
-011S3J,LT,CANNON,3,"SPECIAL OPS PILOT, CV-22"
-011S3J,LT,FT BRAGG,1,"SPECIAL OPS PILOT, CV-22"
-011S3J,LT,YOKOTA,1,"SPECIAL OPS PILOT, CV-22"
-011S3J,MAJOR,CANNON,3,"SPECIAL OPS PILOT, CV-22"
-011S3M,CAPT,DATA MASKED,79,"SPECIAL OPS PILOT, AIR COMMANDO"
-011S3M,CAPT,DUKE FIELD,17,"SPECIAL OPS PILOT, AIR COMMANDO"
-011S3M,CAPT,MILDENHALL,4,"SPECIAL OPS PILOT, AIR COMMANDO"
-011S3M,LT,DUKE FIELD,17,"SPECIAL OPS PILOT, AIR COMMANDO"
-011S3M,LTCOL,DATA MASKED,3,"SPECIAL OPS PILOT, AIR COMMANDO"
-011S3M,MAJOR,DATA MASKED,14,"SPECIAL OPS PILOT, AIR COMMANDO"
-011S3M,MAJOR,DUKE FIELD,1,"SPECIAL OPS PILOT, AIR COMMANDO"
-011S3P,CAPT,CANNON,14,"SPECIAL OPS PILOT, MC-130J"
-011S3P,CAPT,HURLBURT FIELD,13,"SPECIAL OPS PILOT, MC-130J"
-011S3P,CAPT,KADENA,7,"SPECIAL OPS PILOT, MC-130J"
-011S3P,CAPT,MILDENHALL,4,"SPECIAL OPS PILOT, MC-130J"
-011S3P,LT,CANNON,6,"SPECIAL OPS PILOT, MC-130J"
-011S3P,LT,HURLBURT FIELD,2,"SPECIAL OPS PILOT, MC-130J"
-011S3P,LT,KADENA,4,"SPECIAL OPS PILOT, MC-130J"
-011S3P,LT,MILDENHALL,4,"SPECIAL OPS PILOT, MC-130J"
-011S3Q,CAPT,CANNON,6,"SPECIAL OPS PILOT, AC-130J"
-011S3Q,CAPT,HURLBURT FIELD,6,"SPECIAL OPS PILOT, AC-130J"
-011S3Q,LT,CANNON,2,"SPECIAL OPS PILOT, AC-130J"
-011S3Q,LT,HURLBURT FIELD,2,"SPECIAL OPS PILOT, AC-130J"
-011S3Q,MAJOR,CANNON,1,"SPECIAL OPS PILOT, AC-130J"
-011S3X,CAPT,CANNON,14,"SPECIAL OPS PILOT, U-28"
-011S3X,CAPT,HURLBURT FIELD,14,"SPECIAL OPS PILOT, U-28"
-011S3X,LT,CANNON,18,"SPECIAL OPS PILOT, U-28"
-011S3X,LT,HURLBURT FIELD,16,"SPECIAL OPS PILOT, U-28"
-011S3X,MAJOR,CANNON,5,"SPECIAL OPS PILOT, U-28"
-011S3X,MAJOR,HURLBURT FIELD,3,"SPECIAL OPS PILOT, U-28"
-011S3Y,CAPT,CANNON,11,"SPECIAL OPS PILOT, GENERAL"
-011S3Y,CAPT,DATA MASKED,1,"SPECIAL OPS PILOT, GENERAL"
-011S3Y,CAPT,DUKE FIELD,1,"SPECIAL OPS PILOT, GENERAL"
-011S3Y,CAPT,HURLBURT FIELD,26,"SPECIAL OPS PILOT, GENERAL"
-011S3Y,CAPT,KADENA,4,"SPECIAL OPS PILOT, GENERAL"
-011S3Y,CAPT,MILDENHALL,1,"SPECIAL OPS PILOT, GENERAL"
-011S3Y,LT,CANNON,2,"SPECIAL OPS PILOT, GENERAL"
-011S3Y,LTCOL,CANNON,6,"SPECIAL OPS PILOT, GENERAL"
-011S3Y,LTCOL,DUKE FIELD,2,"SPECIAL OPS PILOT, GENERAL"
-011S3Y,LTCOL,HURLBURT FIELD,6,"SPECIAL OPS PILOT, GENERAL"
-011S3Y,LTCOL,MILDENHALL,1,"SPECIAL OPS PILOT, GENERAL"
-011S3Y,MAJOR,CANNON,9,"SPECIAL OPS PILOT, GENERAL"
-011S3Y,MAJOR,DAVIS-MONTHAN,1,"SPECIAL OPS PILOT, GENERAL"
-011S3Y,MAJOR,FT BRAGG,1,"SPECIAL OPS PILOT, GENERAL"
-011S3Y,MAJOR,HURLBURT FIELD,14,"SPECIAL OPS PILOT, GENERAL"
-011S3Y,MAJOR,KADENA,7,"SPECIAL OPS PILOT, GENERAL"
-011S3Y,MAJOR,MILDENHALL,6,"SPECIAL OPS PILOT, GENERAL"
-011S3Z,CAPT,CANNON,5,"SPECIAL OPS PILOT, OTHER"
-011S3Z,CAPT,HURLBURT FIELD,5,"SPECIAL OPS PILOT, OTHER"
-011S3Z,LT,HURLBURT FIELD,5,"SPECIAL OPS PILOT, OTHER"
-011S4Y,CAPT,FT BRAGG,1,"SPECIAL OPS PILOT, GENERAL"
-011S4Y,CAPT,HURLBURT FIELD,2,"SPECIAL OPS PILOT, GENERAL"
-011S4Y,COL,CP SMITH,1,"SPECIAL OPS PILOT, GENERAL"
-011S4Y,COL,HURLBURT FIELD,8,"SPECIAL OPS PILOT, GENERAL"
-011S4Y,COL,MACDILL,1,"SPECIAL OPS PILOT, GENERAL"
-011S4Y,COL,PENTAGON,4,"SPECIAL OPS PILOT, GENERAL"
-011S4Y,COL,WASHINGTON,1,"SPECIAL OPS PILOT, GENERAL"
-011S4Y,LTCOL,COLORADO SPRINGS,1,"SPECIAL OPS PILOT, GENERAL"
-011S4Y,LTCOL,FT BRAGG,1,"SPECIAL OPS PILOT, GENERAL"
-011S4Y,LTCOL,HURLBURT FIELD,8,"SPECIAL OPS PILOT, GENERAL"
-011S4Y,LTCOL,JBSA RANDOLPH,1,"SPECIAL OPS PILOT, GENERAL"
-011S4Y,LTCOL,MACDILL,4,"SPECIAL OPS PILOT, GENERAL"
-011S4Y,LTCOL,MOHRINGEN,1,"SPECIAL OPS PILOT, GENERAL"
-011S4Y,LTCOL,PENTAGON,4,"SPECIAL OPS PILOT, GENERAL"
-011S4Y,LTCOL,PETERSON,2,"SPECIAL OPS PILOT, GENERAL"
-011S4Y,LTCOL,ROBINS,1,"SPECIAL OPS PILOT, GENERAL"
-011S4Y,MAJOR,CAMP HUMPHREYS,1,"SPECIAL OPS PILOT, GENERAL"
-011S4Y,MAJOR,CP SMITH,5,"SPECIAL OPS PILOT, GENERAL"
-011S4Y,MAJOR,HOMESTEAD,2,"SPECIAL OPS PILOT, GENERAL"
-011S4Y,MAJOR,HURLBURT FIELD,22,"SPECIAL OPS PILOT, GENERAL"
-011S4Y,MAJOR,MACDILL,5,"SPECIAL OPS PILOT, GENERAL"
-011S4Y,MAJOR,MAXWELL,1,"SPECIAL OPS PILOT, GENERAL"
-011S4Y,MAJOR,MOHRINGEN,3,"SPECIAL OPS PILOT, GENERAL"
-011S4Y,MAJOR,PETERSON,1,"SPECIAL OPS PILOT, GENERAL"
-011S4Y,MAJOR,SHAPE,2,"SPECIAL OPS PILOT, GENERAL"
-011S4Y,MAJOR,STUTTGART VAIHING,5,"SPECIAL OPS PILOT, GENERAL"
-011S4Z,LTCOL,STUTTGART VAIHING,1,"SPECIAL OPS PILOT, OTHER"
-011U4Y,MAJOR,JB LANGLEY-EUSTIS,1,REMOTELY PILOTED AIRCRAFT (RPA) PILOT/GENERAL
A011B3Y,MAJOR,HURLBURT FIELD,1,"MULTI-DOMAIN WARFARE PLANNER, BOMBER PILOT, GENERAL"
A011B4Y,COL,DAVIS-MONTHAN,1,"MULTI-DOMAIN WARFARE PLANNER, BOMBER PILOT, GENERAL"
A011B4Y,LTCOL,RAMSTEIN,2,"MULTI-DOMAIN WARFARE PLANNER, BOMBER PILOT, GENERAL"
A011F3Y,MAJOR,HURLBURT FIELD,1,"MULTI-DOMAIN WARFARE PLANNER, FIGHTER PILOT, GENERAL"
A011F4G,LTCOL,DAVIS-MONTHAN,1,"MULTI-DOMAIN WARFARE PLANNER, FIGHTER PILOT, F-15E"
A011F4H,MAJOR,DAVIS-MONTHAN,1,"MULTI-DOMAIN WARFARE PLANNER, FIGHTER PILOT, F-16"
A011F4H,MAJOR,OSAN AB,1,"MULTI-DOMAIN WARFARE PLANNER, FIGHTER PILOT, F-16"
A011F4Y,COL,DAVIS-MONTHAN,1,"MULTI-DOMAIN WARFARE PLANNER, FIGHTER PILOT, GENERAL"
A011F4Y,LTCOL,JB PRL HBR-HICKAM,2,"MULTI-DOMAIN WARFARE PLANNER, FIGHTER PILOT, GENERAL"
A011F4Y,LTCOL,RAMSTEIN,3,"MULTI-DOMAIN WARFARE PLANNER, FIGHTER PILOT, GENERAL"
A011F4Y,MAJOR,JB ELMENDORF-RICH,1,"MULTI-DOMAIN WARFARE PLANNER, FIGHTER PILOT, GENERAL"
A011F4Y,MAJOR,RAMSTEIN,2,"MULTI-DOMAIN WARFARE PLANNER, FIGHTER PILOT, GENERAL"
A011G4,LTCOL,JB PRL HBR-HICKAM,1,"MULTI-DOMAIN WARFARE PLANNER, GENERALIST PILOT"
A011G4,MAJOR,DAVIS-MONTHAN,1,"MULTI-DOMAIN WARFARE PLANNER, GENERALIST PILOT"
A011G4,MAJOR,JB PRL HBR-HICKAM,1,"MULTI-DOMAIN WARFARE PLANNER, GENERALIST PILOT"
A011G4,MAJOR,RAMSTEIN,1,"MULTI-DOMAIN WARFARE PLANNER, GENERALIST PILOT"
A011H4E,LTCOL,DAVIS-MONTHAN,1,"MULTI-DOMAIN WARFARE PLANNER, RESCUE PILOT, HH-60"
A011M3F,CAPT,MCCONNELL,1,"MULTI-DOMAIN WARFARE PLANNER, MOBILITY PILOT, KC-135"
A011M3F,LTCOL,FAIRCHILD,1,"MULTI-DOMAIN WARFARE PLANNER, MOBILITY PILOT, KC-135"
A011M3F,LTCOL,MACDILL,1,"MULTI-DOMAIN WARFARE PLANNER, MOBILITY PILOT, KC-135"
A011M3K,CAPT,JB CHARLESTON,1,"MULTI-DOMAIN WARFARE PLANNER, MOBILITY PILOT, C-17"
A011M3R,MAJOR,MCCONNELL,1,"MULTI-DOMAIN WARFARE PLANNER, MOBILITY PILOT, KC-46 (KC-X)"
A011M3V,LTCOL,TRAVIS,1,"MULTI-DOMAIN WARFARE PLANNER, MOBILITY PILOT, INTER-THEATER ALFT, GENERAL"
A011M3Y,CAPT,JBMDL MCGUIRE,1,"MULTI-DOMAIN WARFARE PLANNER, MOBILITY PILOT, GENERAL"
A011M3Y,LTCOL,DOVER,1,"MULTI-DOMAIN WARFARE PLANNER, MOBILITY PILOT, GENERAL"
A011M3Y,LTCOL,JBMDL MCGUIRE,1,"MULTI-DOMAIN WARFARE PLANNER, MOBILITY PILOT, GENERAL"
A011M3Y,LTCOL,MACDILL,1,"MULTI-DOMAIN WARFARE PLANNER, MOBILITY PILOT, GENERAL"
A011M3Y,LTCOL,TRAVIS,1,"MULTI-DOMAIN WARFARE PLANNER, MOBILITY PILOT, GENERAL"
A011M3Y,MAJOR,TRAVIS,1,"MULTI-DOMAIN WARFARE PLANNER, MOBILITY PILOT, GENERAL"
A011M4F,MAJOR,SCOTT,1,"MULTI-DOMAIN WARFARE PLANNER, MOBILITY PILOT, KC-135"
A011M4K,LTCOL,SCOTT,1,"MULTI-DOMAIN WARFARE PLANNER, MOBILITY PILOT, C-17"
A011M4S,CAPT,SCOTT,1,"MULTI-DOMAIN WARFARE PLANNER, MOBILITY PILOT, AIRLIFT, GENERAL"
A011M4S,COL,DAVIS-MONTHAN,1,"MULTI-DOMAIN WARFARE PLANNER, MOBILITY PILOT, AIRLIFT, GENERAL"
A011M4S,COL,SCOTT,3,"MULTI-DOMAIN WARFARE PLANNER, MOBILITY PILOT, AIRLIFT, GENERAL"
A011M4S,LTCOL,SCOTT,5,"MULTI-DOMAIN WARFARE PLANNER, MOBILITY PILOT, AIRLIFT, GENERAL"
A011M4S,MAJOR,DAVIS-MONTHAN,2,"MULTI-DOMAIN WARFARE PLANNER, MOBILITY PILOT, AIRLIFT, GENERAL"
A011M4S,MAJOR,SCOTT,1,"MULTI-DOMAIN WARFARE PLANNER, MOBILITY PILOT, AIRLIFT, GENERAL"
A011M4T,CAPT,SCOTT,2,"MULTI-DOMAIN WARFARE PLANNER, MOBILITY PILOT, TANKER, GENERAL"
A011M4T,LTCOL,SCOTT,2,"MULTI-DOMAIN WARFARE PLANNER, MOBILITY PILOT, TANKER, GENERAL"
A011M4T,MAJOR,DAVIS-MONTHAN,1,"MULTI-DOMAIN WARFARE PLANNER, MOBILITY PILOT, TANKER, GENERAL"
A011M4T,MAJOR,SCOTT,2,"MULTI-DOMAIN WARFARE PLANNER, MOBILITY PILOT, TANKER, GENERAL"
A011M4U,MAJOR,SCOTT,1,"MULTI-DOMAIN WARFARE PLANNER, MOBILITY PILOT, AMLO"
A011M4V,MAJOR,SCOTT,1,"MULTI-DOMAIN WARFARE PLANNER, MOBILITY PILOT, INTER-THEATER ALFT, GENERAL"
A011M4W,LTCOL,DAVIS-MONTHAN,1,"MULTI-DOMAIN WARFARE PLANNER, MOBILITY PILOT, INTRA-THEATER ALFT, GENERAL"
A011M4Y,COL,SCOTT,2,"MULTI-DOMAIN WARFARE PLANNER, MOBILITY PILOT, GENERAL"
A011M4Y,LTCOL,SCOTT,5,"MULTI-DOMAIN WARFARE PLANNER, MOBILITY PILOT, GENERAL"
A011M4Y,MAJOR,SCOTT,3,"MULTI-DOMAIN WARFARE PLANNER, MOBILITY PILOT, GENERAL"
A011S3M,CAPT,DATA MASKED,2,"MULTI-DOMAIN WARFARE PLANNER, SPECIAL OPS PILOT, AIR COMMANDO"
B011B3A,LTCOL,DYESS,2,"SQ OPS/OPS SPT OFF, BOMBER PILOT, B-1"
B011B3A,LTCOL,ELLSWORTH,1,"SQ OPS/OPS SPT OFF, BOMBER PILOT, B-1"
B011B3B,LTCOL,EDWARDS,1,"SQ OPS/OPS SPT OFF, BOMBER PILOT, B-2"
B011B3B,LTCOL,WHITEMAN,4,"SQ OPS/OPS SPT OFF, BOMBER PILOT, B-2"
B011B3B,MAJOR,WHITEMAN,2,"SQ OPS/OPS SPT OFF, BOMBER PILOT, B-2"
B011B3C,LTCOL,BARKSDALE,1,"SQ OPS/OPS SPT OFF, BOMBER PILOT, B-52"
B011B3C,LTCOL,MINOT,1,"SQ OPS/OPS SPT OFF, BOMBER PILOT, B-52"
B011B3C,MAJOR,BARKSDALE,1,"SQ OPS/OPS SPT OFF, BOMBER PILOT, B-52"
B011B3D,LTCOL,EDWARDS,1,"SQ OPS/OPS SPT OFF, BOMBER PILOT, B-21"
B011B3D,LTCOL,ELLSWORTH,2,"SQ OPS/OPS SPT OFF, BOMBER PILOT, B-21"
B011B3Y,LTCOL,ANDERSEN,1,"SQ OPS/OPS SPT OFF, BOMBER PILOT, GENERAL"
B011B3Y,LTCOL,INCIRLIK AB,1,"SQ OPS/OPS SPT OFF, BOMBER PILOT, GENERAL"
B011E3B,LTCOL,EDWARDS,3,"SQ OPS/OPS SPT OFF, EXPER TEST PILOT, FIGHTER"
B011E3B,LTCOL,EGLIN,1,"SQ OPS/OPS SPT OFF, EXPER TEST PILOT, FIGHTER"
B011E3B,MAJOR,DATA MASKED,3,"SQ OPS/OPS SPT OFF, EXPER TEST PILOT, FIGHTER"
B011E3B,MAJOR,HOLLOMAN,1,"SQ OPS/OPS SPT OFF, EXPER TEST PILOT, FIGHTER"
B011E3C,LTCOL,HURLBURT FIELD,1,"SQ OPS/OPS SPT OFF, EXPER TEST PILOT, HELO/VSTOL"
B011E3C,MAJOR,NELLIS,1,"SQ OPS/OPS SPT OFF, EXPER TEST PILOT, HELO/VSTOL"
B011E3D,LTCOL,EDWARDS,1,"SQ OPS/OPS SPT OFF, EXPER TEST PILOT, AIRLIFT"
B011E3D,LTCOL,EGLIN,1,"SQ OPS/OPS SPT OFF, EXPER TEST PILOT, AIRLIFT"
B011E3F,LTCOL,EDWARDS,2,"SQ OPS/OPS SPT OFF, EXPER TEST PILOT, BOMBER"
B011E3Y,LTCOL,DENVER,1,"SQ OPS/OPS SPT OFF, EXPER TEST PILOT, GENERAL"
B011E3Y,LTCOL,EGLIN,1,"SQ OPS/OPS SPT OFF, EXPER TEST PILOT, GENERAL"
B011E3Z,LTCOL,EDWARDS,1,"SQ OPS/OPS SPT OFF, EXPER TEST PILOT, OTHER"
B011F3B,LTCOL,DAVIS-MONTHAN,2,"SQ OPS/OPS SPT OFF, FIGHTER PILOT, A-10"
B011F3B,LTCOL,MOODY,3,"SQ OPS/OPS SPT OFF, FIGHTER PILOT, A-10"
B011F3B,LTCOL,NELLIS,1,"SQ OPS/OPS SPT OFF, FIGHTER PILOT, A-10"
B011F3B,MAJOR,DAVIS-MONTHAN,1,"SQ OPS/OPS SPT OFF, FIGHTER PILOT, A-10"
B011F3B,MAJOR,OSAN AB,1,"SQ OPS/OPS SPT OFF, FIGHTER PILOT, A-10"
B011F3F,LTCOL,KADENA,3,"SQ OPS/OPS SPT OFF, FIGHTER PILOT, F-15"
B011F3F,MAJOR,KINGSLEY,1,"SQ OPS/OPS SPT OFF, FIGHTER PILOT, F-15"
B011F3G,LTCOL,LAKENHEATH,2,"SQ OPS/OPS SPT OFF, FIGHTER PILOT, F-15E"
B011F3G,LTCOL,NELLIS,1,"SQ OPS/OPS SPT OFF, FIGHTER PILOT, F-15E"
B011F3G,LTCOL,SEYMOUR JOHNSON,4,"SQ OPS/OPS SPT OFF, FIGHTER PILOT, F-15E"
B011F3G,MAJOR,SEYMOUR JOHNSON,1,"SQ OPS/OPS SPT OFF, FIGHTER PILOT, F-15E"
B011F3H,LTCOL,AVIANO,2,"SQ OPS/OPS SPT OFF, FIGHTER PILOT, F-16"
B011F3H,LTCOL,EGLIN,1,"SQ OPS/OPS SPT OFF, FIGHTER PILOT, F-16"
B011F3H,LTCOL,EIELSON,1,"SQ OPS/OPS SPT OFF, FIGHTER PILOT, F-16"
B011F3H,LTCOL,HOLLOMAN,4,"SQ OPS/OPS SPT OFF, FIGHTER PILOT, F-16"
B011F3H,LTCOL,KUNSAN,2,"SQ OPS/OPS SPT OFF, FIGHTER PILOT, F-16"
B011F3H,LTCOL,LUKE,2,"SQ OPS/OPS SPT OFF, FIGHTER PILOT, F-16"
B011F3H,LTCOL,MISAWA,1,"SQ OPS/OPS SPT OFF, FIGHTER PILOT, F-16"
B011F3H,LTCOL,NELLIS,1,"SQ OPS/OPS SPT OFF, FIGHTER PILOT, F-16"
B011F3H,LTCOL,OSAN AB,1,"SQ OPS/OPS SPT OFF, FIGHTER PILOT, F-16"
B011F3H,LTCOL,SHAW,4,"SQ OPS/OPS SPT OFF, FIGHTER PILOT, F-16"
B011F3H,LTCOL,SPANGDAHLEM AB,2,"SQ OPS/OPS SPT OFF, FIGHTER PILOT, F-16"
B011F3H,MAJOR,NELLIS,2,"SQ OPS/OPS SPT OFF, FIGHTER PILOT, F-16"
B011F3J,LTCOL,JB ELMENDORF-RICH,3,"SQ OPS/OPS SPT OFF, FIGHTER PILOT, F-22"
B011F3J,LTCOL,JB LANGLEY-EUSTIS,4,"SQ OPS/OPS SPT OFF, FIGHTER PILOT, F-22"
B011F3J,LTCOL,NELLIS,2,"SQ OPS/OPS SPT OFF, FIGHTER PILOT, F-22"
B011F3J,MAJOR,JB PRL HBR-HICKAM,1,"SQ OPS/OPS SPT OFF, FIGHTER PILOT, F-22"
B011F3J,MAJOR,TYNDALL,1,"SQ OPS/OPS SPT OFF, FIGHTER PILOT, F-22"
B011F3N,LTCOL,EGLIN,4,"SQ OPS/OPS SPT OFF,  FIGHTER PILOT, F-35"
B011F3N,LTCOL,EIELSON,2,"SQ OPS/OPS SPT OFF,  FIGHTER PILOT, F-35"
B011F3N,LTCOL,HILL,4,"SQ OPS/OPS SPT OFF,  FIGHTER PILOT, F-35"
B011F3N,LTCOL,LAKENHEATH,3,"SQ OPS/OPS SPT OFF,  FIGHTER PILOT, F-35"
B011F3N,LTCOL,LUKE,10,"SQ OPS/OPS SPT OFF,  FIGHTER PILOT, F-35"
B011F3N,LTCOL,MISAWA,1,"SQ OPS/OPS SPT OFF,  FIGHTER PILOT, F-35"
B011F3N,LTCOL,NELLIS,3,"SQ OPS/OPS SPT OFF,  FIGHTER PILOT, F-35"
B011F3N,LTCOL,TYNDALL,2,"SQ OPS/OPS SPT OFF,  FIGHTER PILOT, F-35"
B011F3N,MAJOR,EBBING ANGB,2,"SQ OPS/OPS SPT OFF,  FIGHTER PILOT, F-35"
B011F3Q,MAJOR,SHEPPARD,1,"SQ OPS/SPT/MAINT, FIGHTER PILOT, IFF (AT-38/T-38C)"
B011F3Y,LTCOL,EGLIN,1,"SQ OPS/OPS SPT OFF, FIGHTER PILOT, GENERAL"
B011F3Y,LTCOL,EIELSON,3,"SQ OPS/OPS SPT OFF, FIGHTER PILOT, GENERAL"
B011F3Y,LTCOL,NELLIS,4,"SQ OPS/OPS SPT OFF, FIGHTER PILOT, GENERAL"
B011F3Y,LTCOL,OSAN AB,1,"SQ OPS/OPS SPT OFF, FIGHTER PILOT, GENERAL"
B011F3Y,LTCOL,TYNDALL,1,"SQ OPS/OPS SPT OFF, FIGHTER PILOT, GENERAL"
B011F3Y,MAJOR,LASK,1,"SQ OPS/OPS SPT OFF, FIGHTER PILOT, GENERAL"
B011F3Z,LTCOL,JB LANGLEY-EUSTIS,1,"SQ OPS/OPS SPT OFF, FIGHTER PILOT, OTHER"
B011F3Z,LTCOL,TYNDALL,1,"SQ OPS/OPS SPT OFF, FIGHTER PILOT, OTHER"
B011G3,LTCOL,CURACAO,1,"SQ OPS/OPS SPT OFF, GENERALIST PILOT"
B011G3,LTCOL,WACO,1,"SQ OPS/OPS SPT OFF, GENERALIST PILOT"
B011G3,LTCOL,YOKOTA,1,"SQ OPS/OPS SPT OFF, GENERALIST PILOT"
B011G3,MAJOR,FAIRCHILD,1,"SQ OPS/OPS SPT OFF, GENERALIST PILOT"
B011G3,MAJOR,HOLLOMAN,1,"SQ OPS/OPS SPT OFF, GENERALIST PILOT"
B011H3C,LTCOL,F E WARREN,1,"SQ OPS/OPS SPT OFF, RESCUE PILOT, UH-1N"
B011H3C,LTCOL,JB ANDREWS,2,"SQ OPS/OPS SPT OFF, RESCUE PILOT, UH-1N"
B011H3C,MAJOR,F E WARREN,1,"SQ OPS/OPS SPT OFF, RESCUE PILOT, UH-1N"
B011H3C,MAJOR,FAIRCHILD,1,"SQ OPS/OPS SPT OFF, RESCUE PILOT, UH-1N"
B011H3C,MAJOR,KIRTLAND,2,"SQ OPS/OPS SPT OFF, RESCUE PILOT, UH-1N"
B011H3C,MAJOR,MALMSTROM,1,"SQ OPS/OPS SPT OFF, RESCUE PILOT, UH-1N"
B011H3C,MAJOR,MINOT,1,"SQ OPS/OPS SPT OFF, RESCUE PILOT, UH-1N"
B011H3E,LTCOL,AVIANO,1,"SQ OPS/OPS SPT OFF, RESCUE PILOT, HH-60"
B011H3E,LTCOL,DAVIS-MONTHAN,1,"SQ OPS/OPS SPT OFF, RESCUE PILOT, HH-60"
B011H3E,LTCOL,KADENA,1,"SQ OPS/OPS SPT OFF, RESCUE PILOT, HH-60"
B011H3E,LTCOL,MOODY,1,"SQ OPS/OPS SPT OFF, RESCUE PILOT, HH-60"
B011H3E,LTCOL,NELLIS,1,"SQ OPS/OPS SPT OFF, RESCUE PILOT, HH-60"
B011H3E,MAJOR,DATA MASKED,2,"SQ OPS/OPS SPT OFF, RESCUE PILOT, HH-60"
B011H3E,MAJOR,KIRTLAND,1,"SQ OPS/OPS SPT OFF, RESCUE PILOT, HH-60"
B011H3G,LTCOL,MALMSTROM,1,"SQ OPS/OPS SPT OFF, RESCUE PILOT, MH-139A, AIRCRAFT COMMANDER"
B011H3J,LTCOL,DAVIS-MONTHAN,1,"SQ OPS/OPS SPT OFF, RESCUE PILOT,  HC-130J"
B011H3J,LTCOL,MOODY,1,"SQ OPS/OPS SPT OFF, RESCUE PILOT,  HC-130J"
B011H3J,MAJOR,DAVIS-MONTHAN,1,"SQ OPS/OPS SPT OFF, RESCUE PILOT,  HC-130J"
B011H3J,MAJOR,KIRTLAND,1,"SQ OPS/OPS SPT OFF, RESCUE PILOT,  HC-130J"
B011H3P,LTCOL,KIRTLAND,1,"SQ OPS/OPS SPT OFF, RESCUE PILOT, HC-130 P/N"
B011H3W,LTCOL,DAVIS-MONTHAN,1,"SQ OPS/OPS SPT OFF, RESCUE PILOT, CSR, GENERAL"
B011H3W,LTCOL,MOODY,1,"SQ OPS/OPS SPT OFF, RESCUE PILOT, CSR, GENERAL"
B011H3Y,LTCOL,NELLIS,1,"SQ OPS/OPS SPT OFF, RESCUE PILOT, GENERAL"
B011H3Y,MAJOR,DUKE FIELD,1,"SQ OPS/OPS SPT OFF, RESCUE PILOT, GENERAL"
B011H3Y,MAJOR,FAIRCHILD,1,"SQ OPS/OPS SPT OFF, RESCUE PILOT, GENERAL"
B011H3Y,MAJOR,TYNDALL,1,"SQ OPS/OPS SPT OFF, RESCUE PILOT, GENERAL"
B011K3A,LTCOL,COLUMBUS,1,"SQ OPS/OPS SPT OFF, TRAINER PILOT, T-1"
B011K3A,LTCOL,VANCE,1,"SQ OPS/OPS SPT OFF, TRAINER PILOT, T-1"
B011K3A,MAJOR,LAUGHLIN,1,"SQ OPS/OPS SPT OFF, TRAINER PILOT, T-1"
B011K3D,LTCOL,JBSA RANDOLPH,1,"SQ OPS/OPS SPT OFF, TRAINER PILOT, T-38"
B011K3D,LTCOL,SHEPPARD,2,"SQ OPS/OPS SPT OFF, TRAINER PILOT, T-38"
B011K3D,LTCOL,VANCE,1,"SQ OPS/OPS SPT OFF, TRAINER PILOT, T-38"
B011K3D,MAJOR,COLUMBUS,1,"SQ OPS/OPS SPT OFF, TRAINER PILOT, T-38"
B011K3D,MAJOR,JBSA RANDOLPH,1,"SQ OPS/OPS SPT OFF, TRAINER PILOT, T-38"
B011K3D,MAJOR,LAUGHLIN,1,"SQ OPS/OPS SPT OFF, TRAINER PILOT, T-38"
B011K3D,MAJOR,WHITEMAN,1,"SQ OPS/OPS SPT OFF, TRAINER PILOT, T-38"
B011K3F,LTCOL,JBSA RANDOLPH,1,"SQ OPS/OPS SPT OFF, TRAINER PILOT, T-6"
B011K3F,LTCOL,LAUGHLIN,1,"SQ OPS/OPS SPT OFF, TRAINER PILOT, T-6"
B011K3F,LTCOL,PENSACOLA NAS CHE,1,"SQ OPS/OPS SPT OFF, TRAINER PILOT, T-6"
B011K3F,LTCOL,VANCE,1,"SQ OPS/OPS SPT OFF, TRAINER PILOT, T-6"
B011K3F,MAJOR,COLUMBUS,2,"SQ OPS/OPS SPT OFF, TRAINER PILOT, T-6"
B011K3F,MAJOR,LAUGHLIN,1,"SQ OPS/OPS SPT OFF, TRAINER PILOT, T-6"
B011K3F,MAJOR,SHEPPARD,2,"SQ OPS/OPS SPT OFF, TRAINER PILOT, T-6"
B011K3F,MAJOR,VANCE,1,"SQ OPS/OPS SPT OFF, TRAINER PILOT, T-6"
B011K3J,MAJOR,FT RUCKER,1,"SQ OPS/OPS SPT OFF, TRAINER PILOT, SUPT-H"
B011K3Q,MAJOR,JBSA RANDOLPH,1,"SQ OPS/OPS SPT OFF, TRAINER PILOT, T-7"
B011K3Y,LTCOL,COLUMBUS,1,"SQ OPS/OPS SPT OFF, TRAINER PILOT, GENERAL"
B011K3Y,LTCOL,JBSA RANDOLPH,1,"SQ OPS/OPS SPT OFF, TRAINER PILOT, GENERAL"
B011K3Y,LTCOL,LAUGHLIN,1,"SQ OPS/OPS SPT OFF, TRAINER PILOT, GENERAL"
B011K3Y,LTCOL,VANCE,2,"SQ OPS/OPS SPT OFF, TRAINER PILOT, GENERAL"
B011K3Y,MAJOR,COLUMBUS,1,"SQ OPS/OPS SPT OFF, TRAINER PILOT, GENERAL"
B011K3Y,MAJOR,JBSA RANDOLPH,1,"SQ OPS/OPS SPT OFF, TRAINER PILOT, GENERAL"
B011K3Y,MAJOR,LAUGHLIN,1,"SQ OPS/OPS SPT OFF, TRAINER PILOT, GENERAL"
B011K3Y,MAJOR,SHEPPARD,1,"SQ OPS/OPS SPT OFF, TRAINER PILOT, GENERAL"
B011K3Z,LTCOL,USAF ACADEMY,4,"SQ OPS/OPS SPT OFF, TRAINER PILOT, OTHER"
B011K3Z,MAJOR,PUEBLO,1,"SQ OPS/OPS SPT OFF, TRAINER PILOT, OTHER"
B011M3A,LTCOL,DOVER,1,"SQ OPS/OPS SPT OFF, MOBILILTY PILOT, C-5"
B011M3A,LTCOL,TRAVIS,1,"SQ OPS/OPS SPT OFF, MOBILILTY PILOT, C-5"
B011M3C,LTCOL,DYESS,3,"SQ OPS/OPS SPT OFF, MOBILITY PILOT, C-130J"
B011M3C,LTCOL,LITTLE ROCK,6,"SQ OPS/OPS SPT OFF, MOBILITY PILOT, C-130J"
B011M3C,LTCOL,RAMSTEIN,1,"SQ OPS/OPS SPT OFF, MOBILITY PILOT, C-130J"
B011M3C,LTCOL,YOKOTA,2,"SQ OPS/OPS SPT OFF, MOBILITY PILOT, C-130J"
B011M3E,MAJOR,JB ANDREWS,1,"SQ OPS/OPS SPT OFF, MOBILITY PILOT, VC-25"
B011M3F,LTCOL,ALTUS,1,"SQ OPS/OPS SPT OFF, MOBILITY PILOT, KC-135"
B011M3F,LTCOL,FAIRCHILD,4,"SQ OPS/OPS SPT OFF, MOBILITY PILOT, KC-135"
B011M3F,LTCOL,KADENA,1,"SQ OPS/OPS SPT OFF, MOBILITY PILOT, KC-135"
B011M3F,LTCOL,MACDILL,2,"SQ OPS/OPS SPT OFF, MOBILITY PILOT, KC-135"
B011M3F,LTCOL,MCCONNELL,1,"SQ OPS/OPS SPT OFF, MOBILITY PILOT, KC-135"
B011M3F,LTCOL,MILDENHALL,2,"SQ OPS/OPS SPT OFF, MOBILITY PILOT, KC-135"
B011M3F,MAJOR,BIRMINGHAM,1,"SQ OPS/OPS SPT OFF, MOBILITY PILOT, KC-135"
B011M3F,MAJOR,EIELSON,1,"SQ OPS/OPS SPT OFF, MOBILITY PILOT, KC-135"
B011M3F,MAJOR,FAIRCHILD,1,"SQ OPS/OPS SPT OFF, MOBILITY PILOT, KC-135"
B011M3F,MAJOR,MARCH,1,"SQ OPS/OPS SPT OFF, MOBILITY PILOT, KC-135"
B011M3F,MAJOR,SCOTT,1,"SQ OPS/OPS SPT OFF, MOBILITY PILOT, KC-135"
B011M3J,LTCOL,DATA MASKED,1,"SQ OPS/OPS SPT OFF, MOBILITY PILOT, C-12"
B011M3J,MAJOR,DATA MASKED,1,"SQ OPS/OPS SPT OFF, MOBILITY PILOT, C-12"
B011M3J,MAJOR,JB ELMENDORF-RICH,1,"SQ OPS/OPS SPT OFF, MOBILITY PILOT, C-12"
B011M3K,LTCOL,ALTUS,1,"SQ OPS/OPS SPT OFF, MOBILITY PILOT, C-17"
B011M3K,LTCOL,DOVER,1,"SQ OPS/OPS SPT OFF, MOBILITY PILOT, C-17"
B011M3K,LTCOL,JB CHARLESTON,5,"SQ OPS/OPS SPT OFF, MOBILITY PILOT, C-17"
B011M3K,LTCOL,JB ELMENDORF-RICH,1,"SQ OPS/OPS SPT OFF, MOBILITY PILOT, C-17"
B011M3K,LTCOL,JB PRL HBR-HICKAM,1,"SQ OPS/OPS SPT OFF, MOBILITY PILOT, C-17"
B011M3K,LTCOL,JBLM MCCHORD,5,"SQ OPS/OPS SPT OFF, MOBILITY PILOT, C-17"
B011M3K,LTCOL,JBMDL MCGUIRE,1,"SQ OPS/OPS SPT OFF, MOBILITY PILOT, C-17"
B011M3K,LTCOL,PAPA,1,"SQ OPS/OPS SPT OFF, MOBILITY PILOT, C-17"
B011M3K,LTCOL,TRAVIS,1,"SQ OPS/OPS SPT OFF, MOBILITY PILOT, C-17"
B011M3L,LTCOL,JB ANDREWS,1,"SQ OPS/OPS SPT OFF, MOBILITY PILOT, C-20/C-37"
B011M3M,LTCOL,SCOTT,2,"SQ OPS/OPS SPT OFF, MOBILITY PILOT, C-21"
B011M3Q,LTCOL,JB PRL HBR-HICKAM,1,"SQ OPS/OPS SPT OFF, MOBILITY PILOT, C-40"
B011M3Q,MAJOR,SCOTT,1,"SQ OPS/OPS SPT OFF, MOBILITY PILOT, C-40"
B011M3R,LTCOL,ALTUS,1,"SQUADRON OPERATIONS/OPERATIONS SUPPORT OFFICER, MOBILITY PILOT, KC-46"
B011M3R,LTCOL,JBMDL MCGUIRE,2,"SQUADRON OPERATIONS/OPERATIONS SUPPORT OFFICER, MOBILITY PILOT, KC-46"
B011M3R,LTCOL,MCCONNELL,2,"SQUADRON OPERATIONS/OPERATIONS SUPPORT OFFICER, MOBILITY PILOT, KC-46"
B011M3R,LTCOL,TRAVIS,2,"SQUADRON OPERATIONS/OPERATIONS SUPPORT OFFICER, MOBILITY PILOT, KC-46"
B011M3R,MAJOR,PEASE,1,"SQUADRON OPERATIONS/OPERATIONS SUPPORT OFFICER, MOBILITY PILOT, KC-46"
B011M3R,MAJOR,SEYMOUR JOHNSON,1,"SQUADRON OPERATIONS/OPERATIONS SUPPORT OFFICER, MOBILITY PILOT, KC-46"
B011M3S,LTCOL,BEALE,1,"SQ OPS/OPS SPT OFF, MOBILITY PILOT, AIRLIFT, GENERAL"
B011M3S,LTCOL,DOBBINS,1,"SQ OPS/OPS SPT OFF, MOBILITY PILOT, AIRLIFT, GENERAL"
B011M3S,LTCOL,FORT WORTH NAS JR,1,"SQ OPS/OPS SPT OFF, MOBILITY PILOT, AIRLIFT, GENERAL"
B011M3S,LTCOL,HURLBURT FIELD,1,"SQ OPS/OPS SPT OFF, MOBILITY PILOT, AIRLIFT, GENERAL"
B011M3S,LTCOL,JB ANDREWS,1,"SQ OPS/OPS SPT OFF, MOBILITY PILOT, AIRLIFT, GENERAL"
B011M3S,LTCOL,JBMDL MCGUIRE,7,"SQ OPS/OPS SPT OFF, MOBILITY PILOT, AIRLIFT, GENERAL"
B011M3S,LTCOL,MAXWELL,1,"SQ OPS/OPS SPT OFF, MOBILITY PILOT, AIRLIFT, GENERAL"
B011M3S,LTCOL,MINNEAPOLIS ST PA,1,"SQ OPS/OPS SPT OFF, MOBILITY PILOT, AIRLIFT, GENERAL"
B011M3S,LTCOL,PETERSON,1,"SQ OPS/OPS SPT OFF, MOBILITY PILOT, AIRLIFT, GENERAL"
B011M3S,LTCOL,RAMSTEIN,2,"SQ OPS/OPS SPT OFF, MOBILITY PILOT, AIRLIFT, GENERAL"
B011M3S,LTCOL,TRAVIS,5,"SQ OPS/OPS SPT OFF, MOBILITY PILOT, AIRLIFT, GENERAL"
B011M3S,LTCOL,WRIGHT PATTERSON,1,"SQ OPS/OPS SPT OFF, MOBILITY PILOT, AIRLIFT, GENERAL"
B011M3S,MAJOR,ANDERSEN,2,"SQ OPS/OPS SPT OFF, MOBILITY PILOT, AIRLIFT, GENERAL"
B011M3S,MAJOR,LITTLE ROCK,1,"SQ OPS/OPS SPT OFF, MOBILITY PILOT, AIRLIFT, GENERAL"
B011M3S,MAJOR,POPE AAF,1,"SQ OPS/OPS SPT OFF, MOBILITY PILOT, AIRLIFT, GENERAL"
B011M3S,MAJOR,RAMSTEIN,1,"SQ OPS/OPS SPT OFF, MOBILITY PILOT, AIRLIFT, GENERAL"
B011M3T,LTCOL,TRAVIS,1,"SQ OPS/OPS SPT OFF, MOBILITY PILOT, TANKER, GENERAL"
B011M3T,MAJOR,JBMDL DIX,1,"SQ OPS/OPS SPT OFF, MOBILITY PILOT, TANKER, GENERAL"
B011M3U,LTCOL,JBMDL MCGUIRE,1,"SQ OPS/OPS SPT OFF, MOBILITY PILOT, AMLO"
B011M3Y,LTCOL,ALTUS,2,"SQ OPS/OPS SPT OFF, MOBILITY PILOT, GENERAL"
B011M3Y,LTCOL,JBMDL MCGUIRE,2,"SQ OPS/OPS SPT OFF, MOBILITY PILOT, GENERAL"
B011M3Y,LTCOL,MACDILL,1,"SQ OPS/OPS SPT OFF, MOBILITY PILOT, GENERAL"
B011M3Y,LTCOL,POPE AAF,1,"SQ OPS/OPS SPT OFF, MOBILITY PILOT, GENERAL"
B011M3Y,MAJOR,RAMSTEIN,1,"SQ OPS/OPS SPT OFF, MOBILITY PILOT, GENERAL"
B011M3Z,LTCOL,JB ANDREWS,1,"SQ OPS/OPS SPT OFF, MOBILITY PILOT, OTHER"
B011M3Z,LTCOL,RAMSTEIN,1,"SQ OPS/OPS SPT OFF, MOBILITY PILOT, OTHER"
B011M3Z,LTCOL,WILL ROGERS WORLD,1,"SQ OPS/OPS SPT OFF, MOBILITY PILOT, OTHER"
B011R3A,LTCOL,TINKER,1,"SQ OPS/OPS SPT OFF, RECON SURVEIL EW PILOT, E-3"
B011R3B,LTCOL,OFFUTT,1,"SQ OPS/OPS SPT OFF, RECON SURVEIL EW PILOT, E-4"
B011R3C,LTCOL,DAVIS-MONTHAN,2,"SQ OPS/OPS SPT OFF, RECON SURVEIL EW PILOT, EC-130"
B011R3G,LTCOL,OFFUTT,1,"SQ OPS/OPS SPT OFF, RECON SURVEIL EW PILOT, RC-135"
B011R3G,MAJOR,GREENVILLE,1,"SQ OPS/OPS SPT OFF, RECON SURVEIL EW PILOT, RC-135"
B011R3J,LTCOL,BEALE,4,"SQ OPS/OPS SPT OFF, RECON SURVEIL EW PILOT, TR-1/U-2"
B011R3J,LTCOL,NELLIS,1,"SQ OPS/OPS SPT OFF, RECON SURVEIL EW PILOT, TR-1/U-2"
B011R3J,LTCOL,OSAN AB,1,"SQ OPS/OPS SPT OFF, RECON SURVEIL EW PILOT, TR-1/U-2"
B011R3J,MAJOR,BEALE,1,"SQ OPS/OPS SPT OFF, RECON SURVEIL EW PILOT, TR-1/U-2"
B011R3Y,LTCOL,GEILENKIRCHEN,1,"SQ OPS/OPS SPT OFF, RECON SURVEIL EW PILOT, GENERAL"
B011R3Y,LTCOL,OFFUTT,1,"SQ OPS/OPS SPT OFF, RECON SURVEIL EW PILOT, GENERAL"
B011R3Z,LTCOL,ROBINS,1,"SQ OPS/OPS SPT OFF, RECON SURVEIL EW PILOT, OTHER"
B011S3J,LTCOL,CANNON,1,"SQ OPS/OPS SPT OFF, SPECIAL OPS PILOT, CV-22"
B011S3J,LTCOL,KIRTLAND,2,"SQ OPS/OPS SPT OFF, SPECIAL OPS PILOT, CV-22"
B011S3J,LTCOL,MILDENHALL,1,"SQ OPS/OPS SPT OFF, SPECIAL OPS PILOT, CV-22"
B011S3J,LTCOL,YOKOTA,1,"SQ OPS/OPS SPT OFF, SPECIAL OPS PILOT, CV-22"
B011S3M,LTCOL,DATA MASKED,6,"SQ OPS/OPS SPT OFFICER, SPECIAL OPS PILOT, AIR COMMANDO"
B011S3M,LTCOL,DUKE FIELD,1,"SQ OPS/OPS SPT OFFICER, SPECIAL OPS PILOT, AIR COMMANDO"
B011S3M,MAJOR,DATA MASKED,1,"SQ OPS/OPS SPT OFFICER, SPECIAL OPS PILOT, AIR COMMANDO"
B011S3P,LTCOL,CANNON,2,"SQ OPS/OPS SPT OFFICER,  SPECIAL OPS PILOT, MC-130J"
B011S3P,LTCOL,HURLBURT FIELD,1,"SQ OPS/OPS SPT OFFICER,  SPECIAL OPS PILOT, MC-130J"
B011S3P,LTCOL,KADENA,1,"SQ OPS/OPS SPT OFFICER,  SPECIAL OPS PILOT, MC-130J"
B011S3P,MAJOR,KIRTLAND,1,"SQ OPS/OPS SPT OFFICER,  SPECIAL OPS PILOT, MC-130J"
B011S3X,LTCOL,CANNON,2,"SQ OPS/OPS SPT OFFICER, SPECIAL OPS PILOT, U-28"
B011S3X,LTCOL,HURLBURT FIELD,1,"SQ OPS/OPS SPT OFFICER, SPECIAL OPS PILOT, U-28"
B011S3Y,LTCOL,CANNON,1,"SQ OPS/OPS SPT OFF, SPECIAL OPS PILOT, GENERAL"
B011S3Y,LTCOL,DUKE FIELD,1,"SQ OPS/OPS SPT OFF, SPECIAL OPS PILOT, GENERAL"
B011S3Y,LTCOL,HURLBURT FIELD,4,"SQ OPS/OPS SPT OFF, SPECIAL OPS PILOT, GENERAL"
B011S3Y,LTCOL,KADENA,1,"SQ OPS/OPS SPT OFF, SPECIAL OPS PILOT, GENERAL"
B011S3Y,LTCOL,KIRTLAND,1,"SQ OPS/OPS SPT OFF, SPECIAL OPS PILOT, GENERAL"
B011S3Y,LTCOL,MILDENHALL,2,"SQ OPS/OPS SPT OFF, SPECIAL OPS PILOT, GENERAL"
B011S3Y,MAJOR,HURLBURT FIELD,1,"SQ OPS/OPS SPT OFF, SPECIAL OPS PILOT, GENERAL"
C011B3A,LTCOL,ANDERSEN,1,"COMMANDER, BOMBER PILOT, B-1"
C011B3A,LTCOL,DYESS,3,"COMMANDER, BOMBER PILOT, B-1"
C011B3A,LTCOL,EGLIN,1,"COMMANDER, BOMBER PILOT, B-1"
C011B3A,LTCOL,ELLSWORTH,2,"COMMANDER, BOMBER PILOT, B-1"
C011B3B,LTCOL,EDWARDS,1,"COMMANDER, BOMBER PILOT, B-2"
C011B3B,LTCOL,WHITEMAN,6,"COMMANDER, BOMBER PILOT, B-2"
C011B3B,MAJOR,WHITEMAN,1,"COMMANDER, BOMBER PILOT, B-2"
C011B3C,LTCOL,BARKSDALE,6,"COMMANDER, BOMBER PILOT, B-52"
C011B3C,LTCOL,FAIRFORD,1,"COMMANDER, BOMBER PILOT, B-52"
C011B3C,LTCOL,MINOT,3,"COMMANDER, BOMBER PILOT, B-52"
C011B3D,LTCOL,ELLSWORTH,2,"COMMANDER, BOMBER PILOT, B-21"
C011B3Y,LTCOL,BARKSDALE,1,"COMMANDER, BOMBER PILOT, GENERAL"
C011B3Y,LTCOL,INCIRLIK AB,1,"COMMANDER, BOMBER PILOT, GENERAL"
C011B3Y,LTCOL,JB LANGLEY-EUSTIS,1,"COMMANDER, BOMBER PILOT, GENERAL"
C011E3A,LTCOL,DENVER,1,"COMMANDER, EXPER TEST PILOT, AIRLFT/TANK/BOMB"
C011E3B,LTCOL,DATA MASKED,4,"COMMANDER, EXPER TEST PILOT, FIGHTER"
C011E3B,LTCOL,EDWARDS,3,"COMMANDER, EXPER TEST PILOT, FIGHTER"
C011E3B,LTCOL,EGLIN,1,"COMMANDER, EXPER TEST PILOT, FIGHTER"
C011E3B,LTCOL,HOLLOMAN,1,"COMMANDER, EXPER TEST PILOT, FIGHTER"
C011E3B,MAJOR,DAVIS-MONTHAN,1,"COMMANDER, EXPER TEST PILOT, FIGHTER"
C011E3C,LTCOL,HURLBURT FIELD,1,"COMMANDER, EXPER TEST PILOT, HELO/VSTOL"
C011E3C,LTCOL,NELLIS,1,"COMMANDER, EXPER TEST PILOT, HELO/VSTOL"
C011E3D,LTCOL,EDWARDS,1,"COMMANDER, EXPER TEST PILOT, AIRLIFT"
C011E3D,LTCOL,EGLIN,1,"COMMANDER, EXPER TEST PILOT, AIRLIFT"
C011E3E,LTCOL,DATA MASKED,1,"COMMANDER, EXPER TEST PILOT, TANKER"
C011E3F,LTCOL,EDWARDS,1,"COMMANDER, EXPER TEST PILOT,  BOMBER"
C011E3Y,LTCOL,EDWARDS,1,"COMMANDER, EXPER TEST PILOT, GENERAL"
C011E3Y,LTCOL,NELLIS,1,"COMMANDER, EXPER TEST PILOT, GENERAL"
C011E3Z,LTCOL,WACO,1,"COMMANDER, EXPER TEST PILOT, OTHER"
C011F3B,LTCOL,DAVIS-MONTHAN,1,"COMMANDER, FIGHTER PILOT, A-10"
C011F3B,LTCOL,MOODY,3,"COMMANDER, FIGHTER PILOT, A-10"
C011F3B,LTCOL,NELLIS,3,"COMMANDER, FIGHTER PILOT, A-10"
C011F3B,LTCOL,OSAN AB,1,"COMMANDER, FIGHTER PILOT, A-10"
C011F3B,LTCOL,WHITEMAN,1,"COMMANDER, FIGHTER PILOT, A-10"
C011F3F,LTCOL,KADENA,3,"COMMANDER, FIGHTER PILOT, F-15"
C011F3F,LTCOL,KINGSLEY,1,"COMMANDER, FIGHTER PILOT, F-15"
C011F3G,LTCOL,JB LANGLEY-EUSTIS,1,"COMMANDER, FIGHTER PILOT, F-15E"
C011F3G,LTCOL,LAKENHEATH,2,"COMMANDER, FIGHTER PILOT, F-15E"
C011F3G,LTCOL,MOUNTAIN HOME,3,"COMMANDER, FIGHTER PILOT, F-15E"
C011F3G,LTCOL,NELLIS,1,"COMMANDER, FIGHTER PILOT, F-15E"
C011F3G,LTCOL,SEYMOUR JOHNSON,4,"COMMANDER, FIGHTER PILOT, F-15E"
C011F3H,LTCOL,ATLANTIC CITY MUN,1,"COMMANDER, FIGHTER PILOT, F-16"
C011F3H,LTCOL,AVIANO,2,"COMMANDER, FIGHTER PILOT, F-16"
C011F3H,LTCOL,BUCKLEY,1,"COMMANDER, FIGHTER PILOT, F-16"
C011F3H,LTCOL,EIELSON,1,"COMMANDER, FIGHTER PILOT, F-16"
C011F3H,LTCOL,HOLLOMAN,4,"COMMANDER, FIGHTER PILOT, F-16"
C011F3H,LTCOL,HOMESTEAD,1,"COMMANDER, FIGHTER PILOT, F-16"
C011F3H,LTCOL,JB ANDREWS,1,"COMMANDER, FIGHTER PILOT, F-16"
C011F3H,LTCOL,KUNSAN,3,"COMMANDER, FIGHTER PILOT, F-16"
C011F3H,LTCOL,LUKE,2,"COMMANDER, FIGHTER PILOT, F-16"
C011F3H,LTCOL,MCENTIRE,1,"COMMANDER, FIGHTER PILOT, F-16"
C011F3H,LTCOL,MISAWA,2,"COMMANDER, FIGHTER PILOT, F-16"
C011F3H,LTCOL,MORRIS,1,"COMMANDER, FIGHTER PILOT, F-16"
C011F3H,LTCOL,NELLIS,3,"COMMANDER, FIGHTER PILOT, F-16"
C011F3H,LTCOL,OSAN AB,1,"COMMANDER, FIGHTER PILOT, F-16"
C011F3H,LTCOL,SHAW,4,"COMMANDER, FIGHTER PILOT, F-16"
C011F3H,LTCOL,SPANGDAHLEM AB,2,"COMMANDER, FIGHTER PILOT, F-16"
C011F3J,LTCOL,JB ELMENDORF-RICH,2,"COMMANDER, FIGHTER PILOT, F-22"
C011F3J,LTCOL,JB LANGLEY-EUSTIS,4,"COMMANDER, FIGHTER PILOT, F-22"
C011F3J,LTCOL,JB PRL HBR-HICKAM,1,"COMMANDER, FIGHTER PILOT, F-22"
C011F3J,LTCOL,NELLIS,1,"COMMANDER, FIGHTER PILOT, F-22"
C011F3N,LTCOL,BURLINGTON,1,"COMMANDER, FIGHTER PILOT, F-35"
C011F3N,LTCOL,DANE CO REGIONAL,1,"COMMANDER, FIGHTER PILOT, F-35"
C011F3N,LTCOL,EBBING ANGB,1,"COMMANDER, FIGHTER PILOT, F-35"
C011F3N,LTCOL,EGLIN,3,"COMMANDER, FIGHTER PILOT, F-35"
C011F3N,LTCOL,EIELSON,2,"COMMANDER, FIGHTER PILOT, F-35"
C011F3N,LTCOL,FORT WORTH NAS JR,1,"COMMANDER, FIGHTER PILOT, F-35"
C011F3N,LTCOL,HILL,4,"COMMANDER, FIGHTER PILOT, F-35"
C011F3N,LTCOL,LAKENHEATH,2,"COMMANDER, FIGHTER PILOT, F-35"
C011F3N,LTCOL,LUKE,9,"COMMANDER, FIGHTER PILOT, F-35"
C011F3N,LTCOL,MISAWA,1,"COMMANDER, FIGHTER PILOT, F-35"
C011F3N,LTCOL,MONTGOMERY,1,"COMMANDER, FIGHTER PILOT, F-35"
C011F3N,LTCOL,NELLIS,2,"COMMANDER, FIGHTER PILOT, F-35"
C011F3N,LTCOL,TYNDALL,2,"COMMANDER, FIGHTER PILOT, F-35"
C011F3Q,LTCOL,SHEPPARD,1,"COMMANDER, FIGHTER PILOT, IFF (AT-38/T-38C)"
C011F3Y,COL,NELLIS,2,"COMMANDER, FIGHTER PILOT, GENERAL"
C011F3Y,LTCOL,AVIANO,1,"COMMANDER, FIGHTER PILOT, GENERAL"
C011F3Y,LTCOL,AVON PARK,1,"COMMANDER, FIGHTER PILOT, GENERAL"
C011F3Y,LTCOL,DAVIS-MONTHAN,2,"COMMANDER, FIGHTER PILOT, GENERAL"
C011F3Y,LTCOL,EGLIN,3,"COMMANDER, FIGHTER PILOT, GENERAL"
C011F3Y,LTCOL,EIELSON,3,"COMMANDER, FIGHTER PILOT, GENERAL"
C011F3Y,LTCOL,JB LANGLEY-EUSTIS,2,"COMMANDER, FIGHTER PILOT, GENERAL"
C011F3Y,LTCOL,NELLIS,6,"COMMANDER, FIGHTER PILOT, GENERAL"
C011F3Y,LTCOL,OSAN AB,1,"COMMANDER, FIGHTER PILOT, GENERAL"
C011F3Y,LTCOL,TYNDALL,2,"COMMANDER, FIGHTER PILOT, GENERAL"
C011F3Y,MAJOR,EINSIEDLERHOF,1,"COMMANDER, FIGHTER PILOT, GENERAL"
C011F3Y,MAJOR,NELLIS,2,"COMMANDER, FIGHTER PILOT, GENERAL"
C011F3Z,CAPT,HOLLOMAN,1,"COMMANDER, FIGHTER PILOT, OTHER"
C011F3Z,LTCOL,JB LANGLEY-EUSTIS,1,"COMMANDER, FIGHTER PILOT, OTHER"
C011F3Z,LTCOL,TYNDALL,1,"COMMANDER, FIGHTER PILOT, OTHER"
C011G3,COL,EDWARDS,1,"COMMANDER, GENERALIST PILOT"
C011G3,COL,FT LEAVENWORTH,1,"COMMANDER, GENERALIST PILOT"
C011G3,LTCOL,BOGOTA,1,"COMMANDER, GENERALIST PILOT"
C011G3,LTCOL,CURACAO,1,"COMMANDER, GENERALIST PILOT"
C011G3,LTCOL,EGLIN,1,"COMMANDER, GENERALIST PILOT"
C011G3,LTCOL,FAIRCHILD,1,"COMMANDER, GENERALIST PILOT"
C011G3,LTCOL,JB ELMENDORF-RICH,1,"COMMANDER, GENERALIST PILOT"
C011G3,LTCOL,MORON,1,"COMMANDER, GENERALIST PILOT"
C011G3,LTCOL,PATRICK,1,"COMMANDER, GENERALIST PILOT"
C011G3,LTCOL,RAMSTEIN,1,"COMMANDER, GENERALIST PILOT"
C011G3,LTCOL,SOTO CANO,1,"COMMANDER, GENERALIST PILOT"
C011G3,LTCOL,TRAVIS,1,"COMMANDER, GENERALIST PILOT"
C011G3,LTCOL,YOKOTA,1,"COMMANDER, GENERALIST PILOT"
C011G3,MAJOR,EIELSON,1,"COMMANDER, GENERALIST PILOT"
C011H3C,LTCOL,F E WARREN,2,"COMMANDER, RESCUE PILOT, UH-1N"
C011H3C,LTCOL,JB ANDREWS,2,"COMMANDER, RESCUE PILOT, UH-1N"
C011H3C,LTCOL,MALMSTROM,1,"COMMANDER, RESCUE PILOT, UH-1N"
C011H3C,LTCOL,MINOT,1,"COMMANDER, RESCUE PILOT, UH-1N"
C011H3C,MAJOR,FAIRCHILD,1,"COMMANDER, RESCUE PILOT, UH-1N"
C011H3C,MAJOR,MALMSTROM,1,"COMMANDER, RESCUE PILOT, UH-1N"
C011H3C,MAJOR,MINOT,1,"COMMANDER, RESCUE PILOT, UH-1N"
C011H3E,LTCOL,AVIANO,1,"COMMANDER, RESCUE PILOT, HH-60"
C011H3E,LTCOL,DATA MASKED,1,"COMMANDER, RESCUE PILOT, HH-60"
C011H3E,LTCOL,DAVIS-MONTHAN,1,"COMMANDER, RESCUE PILOT, HH-60"
C011H3E,LTCOL,KADENA,1,"COMMANDER, RESCUE PILOT, HH-60"
C011H3E,LTCOL,KIRTLAND,1,"COMMANDER, RESCUE PILOT, HH-60"
C011H3E,LTCOL,MOODY,1,"COMMANDER, RESCUE PILOT, HH-60"
C011H3E,LTCOL,NELLIS,2,"COMMANDER, RESCUE PILOT, HH-60"
C011H3G,LTCOL,MALMSTROM,1,"COMMANDER, RESCUE PILOT, MH-139A, AIRCRAFT COMMANDER"
C011H3G,LTCOL,MAXWELL,1,"COMMANDER, RESCUE PILOT, MH-139A, AIRCRAFT COMMANDER"
C011H3G,MAJOR,MAXWELL,1,"COMMANDER, RESCUE PILOT, MH-139A, AIRCRAFT COMMANDER"
C011H3J,LTCOL,DAVIS-MONTHAN,1,"COMMANDER, RESCUE PILOT,  HC-130J"
C011H3W,LTCOL,DAVIS-MONTHAN,1,"COMMANDER, RESCUE PILOT, CSR, GENERAL"
C011H3W,LTCOL,MOODY,1,"COMMANDER, RESCUE PILOT, CSR, GENERAL"
C011H3Y,LTCOL,FAIRCHILD,1,"COMMANDER, RESCUE PILOT, GENERAL"
C011H3Y,LTCOL,KIRTLAND,1,"COMMANDER, RESCUE PILOT, GENERAL"
C011H3Y,LTCOL,TYNDALL,1,"COMMANDER, RESCUE PILOT, GENERAL"
C011H3Y,MAJOR,DAVIS-MONTHAN,1,"COMMANDER, RESCUE PILOT, GENERAL"
C011H3Z,LTCOL,KIRTLAND,1,"COMMANDER, RESCUE PILOT, OTHER"
C011K3A,LTCOL,COLUMBUS,1,"COMMANDER, TRAINER PILOT, T-1"
C011K3A,LTCOL,LAUGHLIN,1,"COMMANDER, TRAINER PILOT, T-1"
C011K3A,LTCOL,VANCE,1,"COMMANDER, TRAINER PILOT, T-1"
C011K3D,LTCOL,COLUMBUS,1,"COMMANDER, TRAINER PILOT, T-38"
C011K3D,LTCOL,JBSA RANDOLPH,2,"COMMANDER, TRAINER PILOT, T-38"
C011K3D,LTCOL,LAUGHLIN,1,"COMMANDER, TRAINER PILOT, T-38"
C011K3D,LTCOL,SHEPPARD,2,"COMMANDER, TRAINER PILOT, T-38"
C011K3D,LTCOL,VANCE,1,"COMMANDER, TRAINER PILOT, T-38"
C011K3D,MAJOR,JBSA RANDOLPH,1,"COMMANDER, TRAINER PILOT, T-38"
C011K3F,LTCOL,COLUMBUS,2,"COMMANDER, TRAINER PILOT, T-6"
C011K3F,LTCOL,JBSA RANDOLPH,1,"COMMANDER, TRAINER PILOT, T-6"
C011K3F,LTCOL,LAUGHLIN,2,"COMMANDER, TRAINER PILOT, T-6"
C011K3F,LTCOL,PENSACOLA NAS CHE,1,"COMMANDER, TRAINER PILOT, T-6"
C011K3F,LTCOL,SHEPPARD,2,"COMMANDER, TRAINER PILOT, T-6"
C011K3F,LTCOL,VANCE,2,"COMMANDER, TRAINER PILOT, T-6"
C011K3J,LTCOL,FT RUCKER,1,"COMMANDER, TRAINER PILOT, SUPT-H"
C011K3Q,LTCOL,JBSA RANDOLPH,1,"COMMANDER, TRAINER PILOT, T-7"
C011K3Y,LTCOL,COLUMBUS,2,"COMMANDER, TRAINER PILOT, GENERAL"
C011K3Y,LTCOL,JBSA RANDOLPH,2,"COMMANDER, TRAINER PILOT, GENERAL"
C011K3Y,LTCOL,LAUGHLIN,2,"COMMANDER, TRAINER PILOT, GENERAL"
C011K3Y,LTCOL,SHEPPARD,1,"COMMANDER, TRAINER PILOT, GENERAL"
C011K3Y,LTCOL,VANCE,2,"COMMANDER, TRAINER PILOT, GENERAL"
C011K3Z,LTCOL,PUEBLO,1,"COMMANDER, TRAINER PILOT, OTHER"
C011K3Z,LTCOL,USAF ACADEMY,4,"COMMANDER, TRAINER PILOT, OTHER"
C011M3A,LTCOL,DOVER,1,"COMMANDER, MOBILILTY PILOT, C-5"
C011M3A,LTCOL,JBSA LACKLAND,1,"COMMANDER, MOBILILTY PILOT, C-5"
C011M3A,LTCOL,TRAVIS,1,"COMMANDER, MOBILILTY PILOT, C-5"
C011M3C,LTCOL,DYESS,3,"COMMANDER, MOBILITY PILOT, C-130J"
C011M3C,LTCOL,LASK,1,"COMMANDER, MOBILITY PILOT, C-130J"
C011M3C,LTCOL,LITTLE ROCK,8,"COMMANDER, MOBILITY PILOT, C-130J"
C011M3C,LTCOL,NELLIS,1,"COMMANDER, MOBILITY PILOT, C-130J"
C011M3C,LTCOL,POPE AAF,1,"COMMANDER, MOBILITY PILOT, C-130J"
C011M3C,LTCOL,RAMSTEIN,1,"COMMANDER, MOBILITY PILOT, C-130J"
C011M3C,LTCOL,YOKOTA,2,"COMMANDER, MOBILITY PILOT, C-130J"
C011M3F,LTCOL,ALTUS,1,"COMMANDER, MOBILITY PILOT, KC-135"
C011M3F,LTCOL,BIRMINGHAM,1,"COMMANDER, MOBILITY PILOT, KC-135"
C011M3F,LTCOL,EIELSON,1,"COMMANDER, MOBILITY PILOT, KC-135"
C011M3F,LTCOL,FAIRCHILD,6,"COMMANDER, MOBILITY PILOT, KC-135"
C011M3F,LTCOL,KADENA,1,"COMMANDER, MOBILITY PILOT, KC-135"
C011M3F,LTCOL,MACDILL,2,"COMMANDER, MOBILITY PILOT, KC-135"
C011M3F,LTCOL,MARCH,1,"COMMANDER, MOBILITY PILOT, KC-135"
C011M3F,LTCOL,MCCONNELL,1,"COMMANDER, MOBILITY PILOT, KC-135"
C011M3F,LTCOL,MILDENHALL,2,"COMMANDER, MOBILITY PILOT, KC-135"
C011M3F,LTCOL,SCOTT,1,"COMMANDER, MOBILITY PILOT, KC-135"
C011M3J,LTCOL,DATA MASKED,1,"COMMANDER, MOBILITY PILOT, C-12"
C011M3K,LTCOL,ALTUS,1,"COMMANDER, MOBILITY PILOT, C-17"
C011M3K,LTCOL,DOVER,1,"COMMANDER, MOBILITY PILOT, C-17"
C011M3K,LTCOL,JB CHARLESTON,4,"COMMANDER, MOBILITY PILOT, C-17"
C011M3K,LTCOL,JB ELMENDORF-RICH,1,"COMMANDER, MOBILITY PILOT, C-17"
C011M3K,LTCOL,JB PRL HBR-HICKAM,1,"COMMANDER, MOBILITY PILOT, C-17"
C011M3K,LTCOL,JBLM MCCHORD,5,"COMMANDER, MOBILITY PILOT, C-17"
C011M3K,LTCOL,JBMDL MCGUIRE,1,"COMMANDER, MOBILITY PILOT, C-17"
C011M3K,LTCOL,TRAVIS,1,"COMMANDER, MOBILITY PILOT, C-17"
C011M3L,LTCOL,JB ANDREWS,1,"COMMANDER, MOBILITY PILOT, C-20/C-37"
C011M3L,LTCOL,JB PRL HBR-HICKAM,1,"COMMANDER, MOBILITY PILOT, C-20/C-37"
C011M3M,LTCOL,SCOTT,2,"COMMANDER, MOBILITY PILOT, C-21"
C011M3P,LTCOL,JB ANDREWS,1,"COMMANDER, MOBILITY PILOT, C-32"
C011M3Q,LTCOL,SCOTT,1,"COMMANDER, MOBILITY PILOT, C-40"
C011M3R,LTCOL,ALTUS,1,"COMMANDER, MOBILITY PILOT, KC-46 (KC-X)"
C011M3R,LTCOL,JBMDL MCGUIRE,2,"COMMANDER, MOBILITY PILOT, KC-46 (KC-X)"
C011M3R,LTCOL,MCCONNELL,3,"COMMANDER, MOBILITY PILOT, KC-46 (KC-X)"
C011M3R,LTCOL,PEASE,1,"COMMANDER, MOBILITY PILOT, KC-46 (KC-X)"
C011M3R,LTCOL,SEYMOUR JOHNSON,1,"COMMANDER, MOBILITY PILOT, KC-46 (KC-X)"
C011M3R,LTCOL,TRAVIS,2,"COMMANDER, MOBILITY PILOT, KC-46 (KC-X)"
C011M3S,COL,JB ANDREWS,1,"COMMANDER, MOBILITY PILOT, AIRLIFT, GENERAL"
C011M3S,COL,SCOTT,1,"COMMANDER, MOBILITY PILOT, AIRLIFT, GENERAL"
C011M3S,LTCOL,ANDERSEN,1,"COMMANDER, MOBILITY PILOT, AIRLIFT, GENERAL"
C011M3S,LTCOL,BEALE,1,"COMMANDER, MOBILITY PILOT, AIRLIFT, GENERAL"
C011M3S,LTCOL,DOBBINS,1,"COMMANDER, MOBILITY PILOT, AIRLIFT, GENERAL"
C011M3S,LTCOL,FORT WORTH NAS JR,1,"COMMANDER, MOBILITY PILOT, AIRLIFT, GENERAL"
C011M3S,LTCOL,JB ANDREWS,2,"COMMANDER, MOBILITY PILOT, AIRLIFT, GENERAL"
C011M3S,LTCOL,JB CHARLESTON,1,"COMMANDER, MOBILITY PILOT, AIRLIFT, GENERAL"
C011M3S,LTCOL,JB PRL HBR-HICKAM,1,"COMMANDER, MOBILITY PILOT, AIRLIFT, GENERAL"
C011M3S,LTCOL,JBMDL MCGUIRE,4,"COMMANDER, MOBILITY PILOT, AIRLIFT, GENERAL"
C011M3S,LTCOL,MINNEAPOLIS ST PA,1,"COMMANDER, MOBILITY PILOT, AIRLIFT, GENERAL"
C011M3S,LTCOL,PETERSON,1,"COMMANDER, MOBILITY PILOT, AIRLIFT, GENERAL"
C011M3S,LTCOL,RAMSTEIN,2,"COMMANDER, MOBILITY PILOT, AIRLIFT, GENERAL"
C011M3S,LTCOL,TRAVIS,4,"COMMANDER, MOBILITY PILOT, AIRLIFT, GENERAL"
C011M3S,LTCOL,WRIGHT PATTERSON,1,"COMMANDER, MOBILITY PILOT, AIRLIFT, GENERAL"
C011M3S,MAJOR,RAMSTEIN,1,"COMMANDER, MOBILITY PILOT, AIRLIFT, GENERAL"
C011M3T,LTCOL,JBMDL MCGUIRE,1,"COMMANDER, MOBILITY PILOT, TANKER, GENERAL"
C011M3U,LTCOL,FT POLK,1,"COMMANDER, MOBILITY PILOT, AMLO"
C011M3U,LTCOL,JBMDL MCGUIRE,1,"COMMANDER, MOBILITY PILOT, AMLO"
C011M3V,MAJOR,DIEGO GARCIA NSA,1,"COMMANDER, MOBILITY PILOT, INTER-THEATER ALFT, GENERAL"
C011M3Y,LTCOL,ALTUS,3,"COMMANDER, MOBILITY PILOT, GENERAL"
C011M3Y,LTCOL,ANDERSEN,1,"COMMANDER, MOBILITY PILOT, GENERAL"
C011M3Y,LTCOL,DOVER,1,"COMMANDER, MOBILITY PILOT, GENERAL"
C011M3Y,LTCOL,EDWARDS,1,"COMMANDER, MOBILITY PILOT, GENERAL"
C011M3Y,LTCOL,INCIRLIK AB,1,"COMMANDER, MOBILITY PILOT, GENERAL"
C011M3Y,LTCOL,JBMDL DIX,2,"COMMANDER, MOBILITY PILOT, GENERAL"
C011M3Y,LTCOL,JBMDL MCGUIRE,2,"COMMANDER, MOBILITY PILOT, GENERAL"
C011M3Y,LTCOL,JBSA LACKLAND,1,"COMMANDER, MOBILITY PILOT, GENERAL"
C011M3Y,LTCOL,MACDILL,1,"COMMANDER, MOBILITY PILOT, GENERAL"
C011M3Y,LTCOL,POPE AAF,1,"COMMANDER, MOBILITY PILOT, GENERAL"
C011M3Y,LTCOL,RAMSTEIN,1,"COMMANDER, MOBILITY PILOT, GENERAL"
C011M3Y,LTCOL,ROSECRANS MEM,1,"COMMANDER, MOBILITY PILOT, GENERAL"
C011M3Y,LTCOL,ROTA NS,1,"COMMANDER, MOBILITY PILOT, GENERAL"
C011M3Y,LTCOL,SCOTT,2,"COMMANDER, MOBILITY PILOT, GENERAL"
C011M3Y,LTCOL,TRAVIS,2,"COMMANDER, MOBILITY PILOT, GENERAL"
C011M3Z,LTCOL,JB ANDREWS,1,"COMMANDER, MOBILITY PILOT, OTHER"
C011M3Z,LTCOL,RAMSTEIN,1,"COMMANDER, MOBILITY PILOT, OTHER"
C011M3Z,LTCOL,WILL ROGERS WORLD,1,"COMMANDER, MOBILITY PILOT, OTHER"
C011R3A,LTCOL,GEILENKIRCHEN,1,"COMMANDER, RECON SURVEIL EW PILOT, E-3"
C011R3B,LTCOL,OFFUTT,1,"COMMANDER, RECON SURVEIL EW PILOT, E-4"
C011R3C,LTCOL,DAVIS-MONTHAN,1,"COMMANDER, RECON SURVEIL EW PILOT, EC-130"
C011R3G,LTCOL,GREENVILLE,1,"COMMANDER, RECON SURVEIL EW PILOT, RC-135"
C011R3G,LTCOL,KADENA,1,"COMMANDER, RECON SURVEIL EW PILOT, RC-135"
C011R3G,LTCOL,OFFUTT,1,"COMMANDER, RECON SURVEIL EW PILOT, RC-135"
C011R3G,MAJOR,JB ELMENDORF-RICH,1,"COMMANDER, RECON SURVEIL EW PILOT, RC-135"
C011R3J,LTCOL,AKROTIRI,1,"COMMANDER, RECON SURVEIL EW PILOT, TR-1/U-2"
C011R3J,LTCOL,AL DHAFRA,1,"COMMANDER, RECON SURVEIL EW PILOT, TR-1/U-2"
C011R3J,LTCOL,BEALE,4,"COMMANDER, RECON SURVEIL EW PILOT, TR-1/U-2"
C011R3J,LTCOL,FAIRFORD,1,"COMMANDER, RECON SURVEIL EW PILOT, TR-1/U-2"
C011R3J,LTCOL,OSAN AB,1,"COMMANDER, RECON SURVEIL EW PILOT, TR-1/U-2"
C011R3J,LTCOL,PALMDALE AF PLANT,1,"COMMANDER, RECON SURVEIL EW PILOT, TR-1/U-2"
C011R3Y,LTCOL,BEALE,1,"COMMANDER, RECON SURVEIL EW PILOT, GENERAL"
C011R3Y,LTCOL,SOUDA,1,"COMMANDER, RECON SURVEIL EW PILOT, GENERAL"
C011R3Z,LTCOL,ROBINS,1,"COMMANDER, RECON SURVEIL EW PILOT, OTHER"
C011S3J,LTCOL,CANNON,1,"COMMANDER, SPECIAL OPS PILOT, CV-22"
C011S3J,LTCOL,KIRTLAND,1,"COMMANDER, SPECIAL OPS PILOT, CV-22"
C011S3J,LTCOL,MILDENHALL,1,"COMMANDER, SPECIAL OPS PILOT, CV-22"
C011S3J,LTCOL,NEW RIVER MCAS,1,"COMMANDER, SPECIAL OPS PILOT, CV-22"
C011S3J,LTCOL,YOKOTA,1,"COMMANDER, SPECIAL OPS PILOT, CV-22"
C011S3J,MAJOR,NELLIS,1,"COMMANDER, SPECIAL OPS PILOT, CV-22"
C011S3M,LTCOL,DATA MASKED,7,"COMMANDER, SPECIAL OPS PILOT, AIR COMMANDO"
C011S3M,LTCOL,DUKE FIELD,1,"COMMANDER, SPECIAL OPS PILOT, AIR COMMANDO"
C011S3M,LTCOL,MILDENHALL,1,"COMMANDER, SPECIAL OPS PILOT, AIR COMMANDO"
C011S3M,MAJOR,DATA MASKED,1,"COMMANDER, SPECIAL OPS PILOT, AIR COMMANDO"
C011S3M,MAJOR,DUKE FIELD,1,"COMMANDER, SPECIAL OPS PILOT, AIR COMMANDO"
C011S3P,LTCOL,CANNON,1,"COMMANDER, SPECIAL OPS PILOT, MC-130J"
C011S3P,LTCOL,HURLBURT FIELD,1,"COMMANDER, SPECIAL OPS PILOT, MC-130J"
C011S3P,LTCOL,KADENA,1,"COMMANDER, SPECIAL OPS PILOT, MC-130J"
C011S3P,LTCOL,KIRTLAND,1,"COMMANDER, SPECIAL OPS PILOT, MC-130J"
C011S3Q,LTCOL,CANNON,1,"COMMANDER, SPECIAL OPS PILOT, AC-130J"
C011S3Q,LTCOL,HURLBURT FIELD,1,"COMMANDER, SPECIAL OPS PILOT, AC-130J"
C011S3T,LTCOL,WILL ROGERS WORLD,1,"COMMANDER, SPECIAL OPS PILOT, OA-1K"
C011S3X,LTCOL,CANNON,2,"COMMANDER, SPECIAL OPS PILOT, U-28"
C011S3X,LTCOL,HURLBURT FIELD,2,"COMMANDER, SPECIAL OPS PILOT, U-28"
C011S3Y,LTCOL,CANNON,1,"COMMANDER, SPECIAL OPS PILOT, GENERAL"
C011S3Y,LTCOL,DAVIS-MONTHAN,1,"COMMANDER, SPECIAL OPS PILOT, GENERAL"
C011S3Y,LTCOL,DUKE FIELD,1,"COMMANDER, SPECIAL OPS PILOT, GENERAL"
C011S3Y,LTCOL,HURLBURT FIELD,3,"COMMANDER, SPECIAL OPS PILOT, GENERAL"
E011B3Y,CAPT,EIELSON,1,"ELCTMAG SPEC OPS (EMSO), BOMBER PILOT, GENERAL"
E011F3H,CAPT,KUNSAN,1,"ELCTMAG SPEC OPS (EMSO), FIGHTER PILOT, F-16"
E011F3H,CAPT,MISAWA,1,"ELCTMAG SPEC OPS (EMSO), FIGHTER PILOT, F-16"
E011F4Y,COL,JB LANGLEY-EUSTIS,1,"ELCTMAG SPEC OPS (EMSO), FIGHTER PILOT, GENERAL"
E011M4Y,MAJOR,PENTAGON,1,"ELCTMAG SPEC OPS (EMSO), MOBILITY PILOT, GENERAL"
E011R3G,CAPT,OFFUTT,1,"ELCTMAG SPEC OPS (EMSO), RECON SURVEIL EW PILOT, RC-135"
F011F3H,CAPT,AVIANO,1,"AIRCRAFT SYS FLT EVAL, FIGHTER PILOT, F-16"
F011F3H,CAPT,SHAW,1,"AIRCRAFT SYS FLT EVAL, FIGHTER PILOT, F-16"
F011H3C,MAJOR,PHILADELPHIA,1,"AIRCRAFT SYS FLT EVAL, RESCUE PILOT, UH-1N"
F011K3A,CAPT,COLUMBUS,1,"AIRCRAFT SYS FLT EVAL, TRAINER PILOT, T-1"
F011K3A,CAPT,LAUGHLIN,1,"AIRCRAFT SYS FLT EVAL, TRAINER PILOT, T-1"
F011K3A,CAPT,VANCE,1,"AIRCRAFT SYS FLT EVAL, TRAINER PILOT, T-1"
F011K3D,CAPT,COLUMBUS,1,"AIRCRAFT SYS FLT EVAL, TRAINER PILOT, T-38"
F011K3D,CAPT,JBSA RANDOLPH,1,"AIRCRAFT SYS FLT EVAL, TRAINER PILOT, T-38"
F011K3D,CAPT,LAUGHLIN,1,"AIRCRAFT SYS FLT EVAL, TRAINER PILOT, T-38"
F011K3D,CAPT,SHEPPARD,1,"AIRCRAFT SYS FLT EVAL, TRAINER PILOT, T-38"
F011K3D,CAPT,VANCE,1,"AIRCRAFT SYS FLT EVAL, TRAINER PILOT, T-38"
F011K3F,CAPT,COLUMBUS,1,"AIRCRAFT SYS FLT EVAL, TRAINER PILOT, T-6"
F011K3F,CAPT,JBSA RANDOLPH,1,"AIRCRAFT SYS FLT EVAL, TRAINER PILOT, T-6"
F011K3F,CAPT,LAUGHLIN,1,"AIRCRAFT SYS FLT EVAL, TRAINER PILOT, T-6"
F011K3F,CAPT,SHEPPARD,1,"AIRCRAFT SYS FLT EVAL, TRAINER PILOT, T-6"
F011K3F,CAPT,VANCE,1,"AIRCRAFT SYS FLT EVAL, TRAINER PILOT, T-6"
F011K3Q,CAPT,JBSA RANDOLPH,1,"AIRCRAFT SYS FLT EVAL, TRAINER PILOT, T-7"
F011M3C,CAPT,ABBOTSFORD,1,"ACFT SYS FLT EVAL, MOBILITY PILOT, C-130J"
F011M3C,CAPT,MARIETTA,1,"ACFT SYS FLT EVAL, MOBILITY PILOT, C-130J"
F011M3C,LTCOL,MARIETTA,1,"ACFT SYS FLT EVAL, MOBILITY PILOT, C-130J"
F011M3C,MAJOR,ABBOTSFORD,1,"ACFT SYS FLT EVAL, MOBILITY PILOT, C-130J"
F011M3C,MAJOR,MARIETTA,1,"ACFT SYS FLT EVAL, MOBILITY PILOT, C-130J"
F011M3F,MAJOR,OKLAHOMA CITY,1,"ACFT SYS FLT EVAL, MOBILITY PILOT, KC-135"
J011B4B,MAJOR,FT BRAGG,1,"PARACHUTIST, BOMBER PILOT, B-2"
J011F4Y,COL,ROBINS,1,"PARACHUTIST, FIGHTER PILOT, GENERAL"
J011M3S,MAJOR,RAMSTEIN,1,"PARACHUTIST, MOBILITY PILOT, AIRLIFT, GENERAL"
J011M3U,CAPT,DAM NECK,1,"PARACHUTIST, MOBILITY PILOT, AMLO"
J011M3U,CAPT,FT BRAGG,3,"PARACHUTIST, MOBILITY PILOT, AMLO"
J011M3U,CAPT,FT CARSON,1,"PARACHUTIST, MOBILITY PILOT, AMLO"
J011M3U,CAPT,FT POLK,1,"PARACHUTIST, MOBILITY PILOT, AMLO"
J011M3U,CAPT,FT STEWART,1,"PARACHUTIST, MOBILITY PILOT, AMLO"
J011M3U,CAPT,JB ELMENDORF-RICH,1,"PARACHUTIST, MOBILITY PILOT, AMLO"
J011M3U,CAPT,JBLM LEWIS,1,"PARACHUTIST, MOBILITY PILOT, AMLO"
J011M3U,LTCOL,VICENZA,1,"PARACHUTIST, MOBILITY PILOT, AMLO"
J011M3U,MAJOR,FT BENNING,1,"PARACHUTIST, MOBILITY PILOT, AMLO"
J011M3U,MAJOR,FT BRAGG,2,"PARACHUTIST, MOBILITY PILOT, AMLO"
J011M3U,MAJOR,VICENZA,1,"PARACHUTIST, MOBILITY PILOT, AMLO"
J011M4S,MAJOR,ARLINGTON,1,"PARACHUTIST, MOBILITY PILOT, AIRLIFT, GENERAL"
J011M4Y,LTCOL,FT BRAGG,1,"PARACHUTIST, MOBILITY PILOT, GENERAL"
J011M4Y,MAJOR,FT BRAGG,1,"PARACHUTIST, MOBILITY PILOT, GENERAL"
J011S4Y,COL,CAMP HUMPHREYS,1,"PARACHUTIST, SPECIAL OPS PILOT, GENERAL"
J011S4Y,LTCOL,FT BRAGG,3,"PARACHUTIST, SPECIAL OPS PILOT, GENERAL"
J011S4Y,LTCOL,MOUNTAIN VIEW,1,"PARACHUTIST, SPECIAL OPS PILOT, GENERAL"
J011S4Y,MAJOR,FT BRAGG,9,"PARACHUTIST, SPECIAL OPS PILOT, GENERAL"
J011S4Y,MAJOR,MACDILL,1,"PARACHUTIST, SPECIAL OPS PILOT, GENERAL"
J011S4Y,MAJOR,MOHRINGEN,4,"PARACHUTIST, SPECIAL OPS PILOT, GENERAL"
J011S4Y,MAJOR,PETERSON,1,"PARACHUTIST, SPECIAL OPS PILOT, GENERAL"
J011S4Y,MAJOR,STUTTGART VAIHING,1,"PARACHUTIST, SPECIAL OPS PILOT, GENERAL"
K011B3A,CAPT,DYESS,9,"INSTRUCTOR, BOMBER PILOT, B-1"
K011B3A,CAPT,ELLSWORTH,7,"INSTRUCTOR, BOMBER PILOT, B-1"
K011B3A,CAPT,NELLIS,1,"INSTRUCTOR, BOMBER PILOT, B-1"
K011B3A,LTCOL,DYESS,1,"INSTRUCTOR, BOMBER PILOT, B-1"
K011B3A,MAJOR,DYESS,1,"INSTRUCTOR, BOMBER PILOT, B-1"
K011B3A,MAJOR,ELLSWORTH,6,"INSTRUCTOR, BOMBER PILOT, B-1"
K011B3A,MAJOR,HILL,1,"INSTRUCTOR, BOMBER PILOT, B-1"
K011B3B,CAPT,EDWARDS,2,"INSTRUCTOR, BOMBER PILOT, B-2"
K011B3B,CAPT,WHITEMAN,6,"INSTRUCTOR, BOMBER PILOT, B-2"
K011B3B,MAJOR,EDWARDS,1,"INSTRUCTOR, BOMBER PILOT, B-2"
K011B3B,MAJOR,WHITEMAN,5,"INSTRUCTOR, BOMBER PILOT, B-2"
K011B3C,CAPT,BARKSDALE,15,"INSTRUCTOR, BOMBER PILOT, B-52"
K011B3C,CAPT,MINOT,7,"INSTRUCTOR, BOMBER PILOT, B-52"
K011B3C,LT,BARKSDALE,1,"INSTRUCTOR, BOMBER PILOT, B-52"
K011B3C,LTCOL,MINOT,1,"INSTRUCTOR, BOMBER PILOT, B-52"
K011B3C,MAJOR,BARKSDALE,7,"INSTRUCTOR, BOMBER PILOT, B-52"
K011B3C,MAJOR,EGLIN,1,"INSTRUCTOR, BOMBER PILOT, B-52"
K011B3C,MAJOR,MINOT,3,"INSTRUCTOR, BOMBER PILOT, B-52"
K011B3D,CAPT,ELLSWORTH,1,"INSTRUCTOR, BOMBER PILOT, B-21"
K011B3Y,CAPT,EGLIN,1,"INSTRUCTOR, BOMBER PILOT, GENERAL"
K011B3Y,LTCOL,DYESS,1,"INSTRUCTOR, BOMBER PILOT, GENERAL"
K011B3Y,LTCOL,EGLIN,1,"INSTRUCTOR, BOMBER PILOT, GENERAL"
K011B3Y,MAJOR,EGLIN,1,"INSTRUCTOR, BOMBER PILOT, GENERAL"
K011E3A,MAJOR,EDWARDS,1,"INSTRUCTOR, EXPER TEST PILOT, AIRLFT/TANK/BOMB"
K011E3B,CAPT,EDWARDS,10,"INSTRUCTOR, EXPER TEST PILOT, FIGHTER"
K011E3B,CAPT,EGLIN,2,"INSTRUCTOR, EXPER TEST PILOT, FIGHTER"
K011E3B,CAPT,NELLIS,1,"INSTRUCTOR, EXPER TEST PILOT, FIGHTER"
K011E3B,CAPT,TUCSON INTL,1,"INSTRUCTOR, EXPER TEST PILOT, FIGHTER"
K011E3B,MAJOR,EDWARDS,8,"INSTRUCTOR, EXPER TEST PILOT, FIGHTER"
K011E3B,MAJOR,EGLIN,2,"INSTRUCTOR, EXPER TEST PILOT, FIGHTER"
K011E3B,MAJOR,TUCSON INTL,1,"INSTRUCTOR, EXPER TEST PILOT, FIGHTER"
K011E3C,MAJOR,HURLBURT FIELD,2,"INSTRUCTOR, EXPER TEST PILOT, HELO/VSTOL"
K011E3D,CAPT,EDWARDS,1,"INSTRUCTOR, EXPER TEST PILOT, AIRLIFT"
K011E3D,CAPT,EGLIN,1,"INSTRUCTOR, EXPER TEST PILOT, AIRLIFT"
K011E3D,MAJOR,EDWARDS,3,"INSTRUCTOR, EXPER TEST PILOT, AIRLIFT"
K011E3E,CAPT,EDWARDS,1,"INSTRUCTOR, EXPER TEST PILOT, TANKER"
K011E3E,MAJOR,EDWARDS,1,"INSTRUCTOR, EXPER TEST PILOT, TANKER"
K011E3F,CAPT,EDWARDS,2,"INSTRUCTOR, EXPER TEST PILOT,  BOMBER"
K011E3F,MAJOR,EDWARDS,4,"INSTRUCTOR, EXPER TEST PILOT,  BOMBER"
K011E3Y,MAJOR,EDWARDS,1,"INSTRUCTOR, EXPER TEST PILOT, GENERAL"
K011F2B,CAPT,OSAN AB,2,"INSTRUCTOR, FIGHTER PILOT, A-10"
K011F2B,LT,OSAN AB,1,"INSTRUCTOR, FIGHTER PILOT, A-10"
K011F2H,LT,SPANGDAHLEM AB,1,"INSTRUCTOR, FIGHTER PILOT, F-16"
K011F2N,CAPT,FORT WORTH NAS JR,1,"INSTRUCTOR, FIGHTER PILOT, F-35"
K011F2N,LT,LAKENHEATH,2,"INSTRUCTOR, FIGHTER PILOT, F-35"
K011F3B,CAPT,DAVIS-MONTHAN,1,"INSTRUCTOR, FIGHTER PILOT, A-10"
K011F3B,CAPT,MOODY,8,"INSTRUCTOR, FIGHTER PILOT, A-10"
K011F3B,CAPT,NELLIS,2,"INSTRUCTOR, FIGHTER PILOT, A-10"
K011F3B,CAPT,OSAN AB,4,"INSTRUCTOR, FIGHTER PILOT, A-10"
K011F3B,MAJOR,MOODY,6,"INSTRUCTOR, FIGHTER PILOT, A-10"
K011F3B,MAJOR,NELLIS,2,"INSTRUCTOR, FIGHTER PILOT, A-10"
K011F3B,MAJOR,OSAN AB,3,"INSTRUCTOR, FIGHTER PILOT, A-10"
K011F3F,CAPT,EGLIN,2,"INSTRUCTOR, FIGHTER PILOT, F-15"
K011F3F,CAPT,KADENA,12,"INSTRUCTOR, FIGHTER PILOT, F-15"
K011F3F,LTCOL,KADENA,1,"INSTRUCTOR, FIGHTER PILOT, F-15"
K011F3F,MAJOR,EGLIN,1,"INSTRUCTOR, FIGHTER PILOT, F-15"
K011F3F,MAJOR,KADENA,3,"INSTRUCTOR, FIGHTER PILOT, F-15"
K011F3G,CAPT,EGLIN,2,"INSTRUCTOR, FIGHTER PILOT, F-15E"
K011F3G,CAPT,LAKENHEATH,6,"INSTRUCTOR, FIGHTER PILOT, F-15E"
K011F3G,CAPT,MOUNTAIN HOME,9,"INSTRUCTOR, FIGHTER PILOT, F-15E"
K011F3G,CAPT,NELLIS,2,"INSTRUCTOR, FIGHTER PILOT, F-15E"
K011F3G,CAPT,SEYMOUR JOHNSON,10,"INSTRUCTOR, FIGHTER PILOT, F-15E"
K011F3G,CAPT,TYNDALL,1,"INSTRUCTOR, FIGHTER PILOT, F-15E"
K011F3G,LTCOL,EGLIN,1,"INSTRUCTOR, FIGHTER PILOT, F-15E"
K011F3G,MAJOR,LAKENHEATH,4,"INSTRUCTOR, FIGHTER PILOT, F-15E"
K011F3G,MAJOR,MOUNTAIN HOME,3,"INSTRUCTOR, FIGHTER PILOT, F-15E"
K011F3G,MAJOR,NELLIS,1,"INSTRUCTOR, FIGHTER PILOT, F-15E"
K011F3H,CAPT,AVIANO,6,"INSTRUCTOR, FIGHTER PILOT, F-16"
K011F3H,CAPT,EDWARDS,3,"INSTRUCTOR, FIGHTER PILOT, F-16"
K011F3H,CAPT,EGLIN,2,"INSTRUCTOR, FIGHTER PILOT, F-16"
K011F3H,CAPT,EIELSON,3,"INSTRUCTOR, FIGHTER PILOT, F-16"
K011F3H,CAPT,HILL,1,"INSTRUCTOR, FIGHTER PILOT, F-16"
K011F3H,CAPT,HOMESTEAD,1,"INSTRUCTOR, FIGHTER PILOT, F-16"
K011F3H,CAPT,KUNSAN,7,"INSTRUCTOR, FIGHTER PILOT, F-16"
K011F3H,CAPT,MISAWA,3,"INSTRUCTOR, FIGHTER PILOT, F-16"
K011F3H,CAPT,NELLIS,21,"INSTRUCTOR, FIGHTER PILOT, F-16"
K011F3H,CAPT,OSAN AB,6,"INSTRUCTOR, FIGHTER PILOT, F-16"
K011F3H,CAPT,SHAW,16,"INSTRUCTOR, FIGHTER PILOT, F-16"
K011F3H,CAPT,SPANGDAHLEM AB,6,"INSTRUCTOR, FIGHTER PILOT, F-16"
K011F3H,LT,SHAW,1,"INSTRUCTOR, FIGHTER PILOT, F-16"
K011F3H,LT,SPANGDAHLEM AB,3,"INSTRUCTOR, FIGHTER PILOT, F-16"
K011F3H,LTCOL,BULGARIA,1,"INSTRUCTOR, FIGHTER PILOT, F-16"
K011F3H,LTCOL,MANAMA,1,"INSTRUCTOR, FIGHTER PILOT, F-16"
K011F3H,LTCOL,MISAWA,1,"INSTRUCTOR, FIGHTER PILOT, F-16"
K011F3H,LTCOL,SLOVAKIA,1,"INSTRUCTOR, FIGHTER PILOT, F-16"
K011F3H,MAJOR,AVIANO,6,"INSTRUCTOR, FIGHTER PILOT, F-16"
K011F3H,MAJOR,EDWARDS,1,"INSTRUCTOR, FIGHTER PILOT, F-16"
K011F3H,MAJOR,EGLIN,3,"INSTRUCTOR, FIGHTER PILOT, F-16"
K011F3H,MAJOR,MANAMA,1,"INSTRUCTOR, FIGHTER PILOT, F-16"
K011F3H,MAJOR,MARRAKECH,1,"INSTRUCTOR, FIGHTER PILOT, F-16"
K011F3H,MAJOR,MISAWA,1,"INSTRUCTOR, FIGHTER PILOT, F-16"
K011F3H,MAJOR,NELLIS,5,"INSTRUCTOR, FIGHTER PILOT, F-16"
K011F3H,MAJOR,OSAN AB,3,"INSTRUCTOR, FIGHTER PILOT, F-16"
K011F3H,MAJOR,SHAW,7,"INSTRUCTOR, FIGHTER PILOT, F-16"
K011F3H,MAJOR,SPANGDAHLEM AB,2,"INSTRUCTOR, FIGHTER PILOT, F-16"
K011F3J,CAPT,JB ELMENDORF-RICH,14,"INSTRUCTOR, FIGHTER PILOT, F-22"
K011F3J,CAPT,JB LANGLEY-EUSTIS,6,"INSTRUCTOR, FIGHTER PILOT, F-22"
K011F3J,CAPT,JB PRL HBR-HICKAM,4,"INSTRUCTOR, FIGHTER PILOT, F-22"
K011F3J,CAPT,NELLIS,1,"INSTRUCTOR, FIGHTER PILOT, F-22"
K011F3J,LT,JB LANGLEY-EUSTIS,1,"INSTRUCTOR, FIGHTER PILOT, F-22"
K011F3J,MAJOR,JB ELMENDORF-RICH,4,"INSTRUCTOR, FIGHTER PILOT, F-22"
K011F3J,MAJOR,JB LANGLEY-EUSTIS,5,"INSTRUCTOR, FIGHTER PILOT, F-22"
K011F3J,MAJOR,JB PRL HBR-HICKAM,1,"INSTRUCTOR, FIGHTER PILOT, F-22"
K011F3J,MAJOR,NELLIS,2,"INSTRUCTOR, FIGHTER PILOT, F-22"
K011F3N,CAPT,EBBING ANGB,1,"INSTRUCTOR, FIGHTER PILOT, F-35"
K011F3N,CAPT,EIELSON,10,"INSTRUCTOR, FIGHTER PILOT, F-35"
K011F3N,CAPT,HILL,21,"INSTRUCTOR, FIGHTER PILOT, F-35"
K011F3N,CAPT,LAKENHEATH,6,"INSTRUCTOR, FIGHTER PILOT, F-35"
K011F3N,CAPT,MISAWA,4,"INSTRUCTOR, FIGHTER PILOT, F-35"
K011F3N,CAPT,NELLIS,3,"INSTRUCTOR, FIGHTER PILOT, F-35"
K011F3N,CAPT,TYNDALL,3,"INSTRUCTOR, FIGHTER PILOT, F-35"
K011F3N,LT,LAKENHEATH,2,"INSTRUCTOR, FIGHTER PILOT, F-35"
K011F3N,LTCOL,NELLIS,1,"INSTRUCTOR, FIGHTER PILOT, F-35"
K011F3N,MAJOR,EBBING ANGB,1,"INSTRUCTOR, FIGHTER PILOT, F-35"
K011F3N,MAJOR,EIELSON,7,"INSTRUCTOR, FIGHTER PILOT, F-35"
K011F3N,MAJOR,FT WORTH,1,"INSTRUCTOR, FIGHTER PILOT, F-35"
K011F3N,MAJOR,HILL,5,"INSTRUCTOR, FIGHTER PILOT, F-35"
K011F3N,MAJOR,LAKENHEATH,11,"INSTRUCTOR, FIGHTER PILOT, F-35"
K011F3N,MAJOR,MISAWA,4,"INSTRUCTOR, FIGHTER PILOT, F-35"
K011F3N,MAJOR,NELLIS,8,"INSTRUCTOR, FIGHTER PILOT, F-35"
K011F3N,MAJOR,TYNDALL,2,"INSTRUCTOR, FIGHTER PILOT, F-35"
K011F3Q,CAPT,HOLLOMAN,1,"INSTRUCTOR, FIGHTER PILOT, IFF (AT-38/T-38C)"
K011F3Y,CAPT,EGLIN,1,"INSTRUCTOR, FIGHTER PILOT, GENERAL"
K011F3Y,CAPT,NELLIS,4,"INSTRUCTOR, FIGHTER PILOT, GENERAL"
K011F3Y,CAPT,TYNDALL,1,"INSTRUCTOR, FIGHTER PILOT, GENERAL"
K011F3Y,CAPT,WHIDBEY ISLAND NA,1,"INSTRUCTOR, FIGHTER PILOT, GENERAL"
K011F3Y,LTCOL,NELLIS,1,"INSTRUCTOR, FIGHTER PILOT, GENERAL"
K011F3Y,MAJOR,HILL,1,"INSTRUCTOR, FIGHTER PILOT, GENERAL"
K011F3Y,MAJOR,NELLIS,5,"INSTRUCTOR, FIGHTER PILOT, GENERAL"
K011F3Z,CAPT,JB LANGLEY-EUSTIS,14,"INSTRUCTOR, FIGHTER PILOT, OTHER"
K011F3Z,MAJOR,JB LANGLEY-EUSTIS,5,"INSTRUCTOR, FIGHTER PILOT, OTHER"
K011G3,CAPT,JB PRL HBR-HICKAM,1,"INSTRUCTOR, GENERALIST PILOT"
K011H3C,CAPT,F E WARREN,13,"INSTRUCTOR, RESCUE PILOT, UH-1N"
K011H3C,CAPT,FAIRCHILD,1,"INSTRUCTOR, RESCUE PILOT, UH-1N"
K011H3C,CAPT,JB ANDREWS,14,"INSTRUCTOR, RESCUE PILOT, UH-1N"
K011H3C,CAPT,MALMSTROM,10,"INSTRUCTOR, RESCUE PILOT, UH-1N"
K011H3C,CAPT,MINOT,6,"INSTRUCTOR, RESCUE PILOT, UH-1N"
K011H3C,CAPT,YOKOTA,2,"INSTRUCTOR, RESCUE PILOT, UH-1N"
K011H3C,LT,FAIRCHILD,2,"INSTRUCTOR, RESCUE PILOT, UH-1N"
K011H3C,LT,JB ANDREWS,1,"INSTRUCTOR, RESCUE PILOT, UH-1N"
K011H3C,LT,MALMSTROM,1,"INSTRUCTOR, RESCUE PILOT, UH-1N"
K011H3C,LTCOL,JB ANDREWS,2,"INSTRUCTOR, RESCUE PILOT, UH-1N"
K011H3C,MAJOR,F E WARREN,4,"INSTRUCTOR, RESCUE PILOT, UH-1N"
K011H3C,MAJOR,JB ANDREWS,1,"INSTRUCTOR, RESCUE PILOT, UH-1N"
K011H3C,MAJOR,MALMSTROM,4,"INSTRUCTOR, RESCUE PILOT, UH-1N"
K011H3C,MAJOR,MINOT,3,"INSTRUCTOR, RESCUE PILOT, UH-1N"
K011H3E,CAPT,AVIANO,2,"INSTRUCTOR, RESCUE PILOT, HH-60"
K011H3E,CAPT,DAVIS-MONTHAN,1,"INSTRUCTOR, RESCUE PILOT, HH-60"
K011H3E,CAPT,KADENA,2,"INSTRUCTOR, RESCUE PILOT, HH-60"
K011H3E,CAPT,MOODY,1,"INSTRUCTOR, RESCUE PILOT, HH-60"
K011H3E,CAPT,NELLIS,3,"INSTRUCTOR, RESCUE PILOT, HH-60"
K011H3E,LTCOL,MOODY,1,"INSTRUCTOR, RESCUE PILOT, HH-60"
K011H3E,MAJOR,DATA MASKED,2,"INSTRUCTOR, RESCUE PILOT, HH-60"
K011H3E,MAJOR,DAVIS-MONTHAN,2,"INSTRUCTOR, RESCUE PILOT, HH-60"
K011H3E,MAJOR,KADENA,1,"INSTRUCTOR, RESCUE PILOT, HH-60"
K011H3E,MAJOR,MOODY,1,"INSTRUCTOR, RESCUE PILOT, HH-60"
K011H3G,LTCOL,F E WARREN,1,"INSTRUCTOR, RESCUE PILOT, MH-139A, AIRCRAFT COMMANDER"
K011H3G,MAJOR,MALMSTROM,1,"INSTRUCTOR, RESCUE PILOT, MH-139A, AIRCRAFT COMMANDER"
K011H3J,CAPT,DAVIS-MONTHAN,3,"INSTRUCTOR, RESCUE PILOT, HC-130J"
K011H3J,CAPT,MOODY,4,"INSTRUCTOR, RESCUE PILOT, HC-130J"
K011H3J,MAJOR,DAVIS-MONTHAN,1,"INSTRUCTOR, RESCUE PILOT, HC-130J"
K011H3Y,CAPT,F E WARREN,2,"INSTRUCTOR, RESCUE PILOT, GENERAL"
K011H3Y,MAJOR,EGLIN,1,"INSTRUCTOR, RESCUE PILOT, GENERAL"
K011K3Z,LTCOL,TYNDALL,1,"INSTRUCTOR, TRAINER PILOT, OTHER"
K011M2F,CAPT,FAIRCHILD,1,"INSTRUCTOR, MOBILITY PILOT, KC-135"
K011M3A,CAPT,DOVER,8,"INSTRUCTOR, MOBILILTY PILOT, C-5"
K011M3A,CAPT,JBSA LACKLAND,1,"INSTRUCTOR, MOBILILTY PILOT, C-5"
K011M3A,CAPT,TRAVIS,4,"INSTRUCTOR, MOBILILTY PILOT, C-5"
K011M3A,LTCOL,DOVER,1,"INSTRUCTOR, MOBILILTY PILOT, C-5"
K011M3A,LTCOL,TRAVIS,1,"INSTRUCTOR, MOBILILTY PILOT, C-5"
K011M3A,MAJOR,DOVER,3,"INSTRUCTOR, MOBILILTY PILOT, C-5"
K011M3A,MAJOR,TRAVIS,4,"INSTRUCTOR, MOBILILTY PILOT, C-5"
K011M3C,CAPT,DYESS,15,"INSTRUCTOR, MOBILITY PILOT, C-130J"
K011M3C,CAPT,LITTLE ROCK,16,"INSTRUCTOR, MOBILITY PILOT, C-130J"
K011M3C,CAPT,RAMSTEIN,10,"INSTRUCTOR, MOBILITY PILOT, C-130J"
K011M3C,CAPT,SAVANNAH HILTON,1,"INSTRUCTOR, MOBILITY PILOT, C-130J"
K011M3C,CAPT,YOKOTA,10,"INSTRUCTOR, MOBILITY PILOT, C-130J"
K011M3C,LTCOL,RAMSTEIN,1,"INSTRUCTOR, MOBILITY PILOT, C-130J"
K011M3C,MAJOR,DYESS,2,"INSTRUCTOR, MOBILITY PILOT, C-130J"
K011M3C,MAJOR,LITTLE ROCK,2,"INSTRUCTOR, MOBILITY PILOT, C-130J"
K011M3C,MAJOR,RAMSTEIN,4,"INSTRUCTOR, MOBILITY PILOT, C-130J"
K011M3C,MAJOR,YOKOTA,3,"INSTRUCTOR, MOBILITY PILOT, C-130J"
K011M3E,MAJOR,JB ANDREWS,3,"INSTRUCTOR, MOBILITY PILOT, VC-25"
K011M3E,MAJOR,SAN ANTONIO,1,"INSTRUCTOR, MOBILITY PILOT, VC-25"
K011M3E,MAJOR,WASHINGTON,1,"INSTRUCTOR, MOBILITY PILOT, VC-25"
K011M3F,CAPT,EIELSON,1,"INSTRUCTOR, MOBILITY PILOT, KC-135"
K011M3F,CAPT,FAIRCHILD,22,"INSTRUCTOR, MOBILITY PILOT, KC-135"
K011M3F,CAPT,KADENA,6,"INSTRUCTOR, MOBILITY PILOT, KC-135"
K011M3F,CAPT,MACDILL,11,"INSTRUCTOR, MOBILITY PILOT, KC-135"
K011M3F,CAPT,MARCH,3,"INSTRUCTOR, MOBILITY PILOT, KC-135"
K011M3F,CAPT,MCCONNELL,4,"INSTRUCTOR, MOBILITY PILOT, KC-135"
K011M3F,CAPT,MILDENHALL,14,"INSTRUCTOR, MOBILITY PILOT, KC-135"
K011M3F,CAPT,SCOTT,1,"INSTRUCTOR, MOBILITY PILOT, KC-135"
K011M3F,LTCOL,MILDENHALL,1,"INSTRUCTOR, MOBILITY PILOT, KC-135"
K011M3F,MAJOR,ALTUS,1,"INSTRUCTOR, MOBILITY PILOT, KC-135"
K011M3F,MAJOR,BIRMINGHAM,1,"INSTRUCTOR, MOBILITY PILOT, KC-135"
K011M3F,MAJOR,KADENA,1,"INSTRUCTOR, MOBILITY PILOT, KC-135"
K011M3F,MAJOR,MCCONNELL,3,"INSTRUCTOR, MOBILITY PILOT, KC-135"
K011M3F,MAJOR,MILDENHALL,3,"INSTRUCTOR, MOBILITY PILOT, KC-135"
K011M3F,MAJOR,NELLIS,1,"INSTRUCTOR, MOBILITY PILOT, KC-135"
K011M3J,CAPT,JB ELMENDORF-RICH,1,"INSTRUCTOR, MOBILITY PILOT, C-12"
K011M3J,CAPT,RIYADH,2,"INSTRUCTOR, MOBILITY PILOT, C-12"
K011M3J,CAPT,YOKOTA,3,"INSTRUCTOR, MOBILITY PILOT, C-12"
K011M3J,MAJOR,RIYADH,1,"INSTRUCTOR, MOBILITY PILOT, C-12"
K011M3K,CAPT,AL DHAFRA,1,"INSTRUCTOR, MOBILITY PILOT, C-17"
K011M3K,CAPT,DOVER,7,"INSTRUCTOR, MOBILITY PILOT, C-17"
K011M3K,CAPT,EDWARDS,1,"INSTRUCTOR, MOBILITY PILOT, C-17"
K011M3K,CAPT,JB CHARLESTON,26,"INSTRUCTOR, MOBILITY PILOT, C-17"
K011M3K,CAPT,JB ELMENDORF-RICH,12,"INSTRUCTOR, MOBILITY PILOT, C-17"
K011M3K,CAPT,JB PRL HBR-HICKAM,11,"INSTRUCTOR, MOBILITY PILOT, C-17"
K011M3K,CAPT,JBLM MCCHORD,21,"INSTRUCTOR, MOBILITY PILOT, C-17"
K011M3K,CAPT,JBMDL MCGUIRE,7,"INSTRUCTOR, MOBILITY PILOT, C-17"
K011M3K,CAPT,NELLIS,1,"INSTRUCTOR, MOBILITY PILOT, C-17"
K011M3K,CAPT,PAPA,3,"INSTRUCTOR, MOBILITY PILOT, C-17"
K011M3K,CAPT,TRAVIS,7,"INSTRUCTOR, MOBILITY PILOT, C-17"
K011M3K,LTCOL,DOVER,1,"INSTRUCTOR, MOBILITY PILOT, C-17"
K011M3K,LTCOL,JB CHARLESTON,1,"INSTRUCTOR, MOBILITY PILOT, C-17"
K011M3K,LTCOL,JBLM MCCHORD,1,"INSTRUCTOR, MOBILITY PILOT, C-17"
K011M3K,MAJOR,ALTUS,2,"INSTRUCTOR, MOBILITY PILOT, C-17"
K011M3K,MAJOR,DOVER,1,"INSTRUCTOR, MOBILITY PILOT, C-17"
K011M3K,MAJOR,JB CHARLESTON,2,"INSTRUCTOR, MOBILITY PILOT, C-17"
K011M3K,MAJOR,JBLM MCCHORD,6,"INSTRUCTOR, MOBILITY PILOT, C-17"
K011M3K,MAJOR,JBMDL MCGUIRE,1,"INSTRUCTOR, MOBILITY PILOT, C-17"
K011M3K,MAJOR,PAPA,1,"INSTRUCTOR, MOBILITY PILOT, C-17"
K011M3K,MAJOR,TRAVIS,2,"INSTRUCTOR, MOBILITY PILOT, C-17"
K011M3L,CAPT,JB ANDREWS,1,"INSTRUCTOR, MOBILITY PILOT, C-20/C-37"
K011M3L,CAPT,JB PRL HBR-HICKAM,4,"INSTRUCTOR, MOBILITY PILOT, C-20/C-37"
K011M3L,CAPT,RAMSTEIN,1,"INSTRUCTOR, MOBILITY PILOT, C-20/C-37"
K011M3L,LTCOL,JB ANDREWS,1,"INSTRUCTOR, MOBILITY PILOT, C-20/C-37"
K011M3L,LTCOL,RAMSTEIN,1,"INSTRUCTOR, MOBILITY PILOT, C-20/C-37"
K011M3L,MAJOR,JB ANDREWS,7,"INSTRUCTOR, MOBILITY PILOT, C-20/C-37"
K011M3L,MAJOR,JB PRL HBR-HICKAM,2,"INSTRUCTOR, MOBILITY PILOT, C-20/C-37"
K011M3L,MAJOR,RAMSTEIN,4,"INSTRUCTOR, MOBILITY PILOT, C-20/C-37"
K011M3M,CAPT,SCOTT,4,"INSTRUCTOR, MOBILITY PILOT, C-21"
K011M3M,LT,RAMSTEIN,5,"INSTRUCTOR, MOBILITY PILOT, C-21"
K011M3M,MAJOR,SCOTT,3,"INSTRUCTOR, MOBILITY PILOT, C-21"
K011M3P,CAPT,JB ANDREWS,1,"INSTRUCTOR, MOBILITY PILOT, C-32"
K011M3P,COL,JB ANDREWS,1,"INSTRUCTOR, MOBILITY PILOT, C-32"
K011M3P,LTCOL,JB ANDREWS,2,"INSTRUCTOR, MOBILITY PILOT, C-32"
K011M3P,MAJOR,JB ANDREWS,3,"INSTRUCTOR, MOBILITY PILOT, C-32"
K011M3Q,CAPT,SCOTT,3,"INSTRUCTOR, MOBILITY PILOT, C-40"
K011M3Q,MAJOR,JB ANDREWS,3,"INSTRUCTOR, MOBILITY PILOT, C-40"
K011M3R,CAPT,EDWARDS,1,"INSTRUCTOR, MOBILITY PILOT, KC-46 (KC-X)"
K011M3R,CAPT,JBMDL MCGUIRE,10,"INSTRUCTOR, MOBILITY PILOT, KC-46 (KC-X)"
K011M3R,CAPT,MCCONNELL,7,"INSTRUCTOR, MOBILITY PILOT, KC-46 (KC-X)"
K011M3R,CAPT,PEASE,1,"INSTRUCTOR, MOBILITY PILOT, KC-46 (KC-X)"
K011M3R,CAPT,SEYMOUR JOHNSON,1,"INSTRUCTOR, MOBILITY PILOT, KC-46 (KC-X)"
K011M3R,CAPT,TRAVIS,10,"INSTRUCTOR, MOBILITY PILOT, KC-46 (KC-X)"
K011M3R,LTCOL,SEATTLE,1,"INSTRUCTOR, MOBILITY PILOT, KC-46 (KC-X)"
K011M3R,MAJOR,EDWARDS,1,"INSTRUCTOR, MOBILITY PILOT, KC-46 (KC-X)"
K011M3R,MAJOR,JBMDL MCGUIRE,5,"INSTRUCTOR, MOBILITY PILOT, KC-46 (KC-X)"
K011M3R,MAJOR,MCCONNELL,7,"INSTRUCTOR, MOBILITY PILOT, KC-46 (KC-X)"
K011M3R,MAJOR,PEASE,3,"INSTRUCTOR, MOBILITY PILOT, KC-46 (KC-X)"
K011M3R,MAJOR,SEYMOUR JOHNSON,3,"INSTRUCTOR, MOBILITY PILOT, KC-46 (KC-X)"
K011M3R,MAJOR,TRAVIS,6,"INSTRUCTOR, MOBILITY PILOT, KC-46 (KC-X)"
K011M3S,CAPT,LITTLE ROCK,1,"INSTRUCTOR, MOBILITY PILOT, AIRLIFT, GENERAL"
K011M3S,CAPT,RAMSTEIN,3,"INSTRUCTOR, MOBILITY PILOT, AIRLIFT, GENERAL"
K011M3S,LTCOL,JB ANDREWS,1,"INSTRUCTOR, MOBILITY PILOT, AIRLIFT, GENERAL"
K011M3S,LTCOL,LITTLE ROCK,2,"INSTRUCTOR, MOBILITY PILOT, AIRLIFT, GENERAL"
K011M3S,LTCOL,RAMSTEIN,1,"INSTRUCTOR, MOBILITY PILOT, AIRLIFT, GENERAL"
K011M3S,MAJOR,JB ANDREWS,1,"INSTRUCTOR, MOBILITY PILOT, AIRLIFT, GENERAL"
K011M3S,MAJOR,LITTLE ROCK,2,"INSTRUCTOR, MOBILITY PILOT, AIRLIFT, GENERAL"
K011M3T,CAPT,ALTUS,1,"INSTRUCTOR, MOBILITY PILOT, TANKER, GENERAL"
K011M3T,CAPT,MCCONNELL,1,"INSTRUCTOR, MOBILITY PILOT, TANKER, GENERAL"
K011M3T,MAJOR,MCCONNELL,1,"INSTRUCTOR, MOBILITY PILOT, TANKER, GENERAL"
K011M3Y,CAPT,DOVER,1,"INSTRUCTOR, MOBILITY PILOT, GENERAL"
K011M3Y,CAPT,EDWARDS,1,"INSTRUCTOR, MOBILITY PILOT, GENERAL"
K011M3Y,CAPT,JB ELMENDORF-RICH,1,"INSTRUCTOR, MOBILITY PILOT, GENERAL"
K011M3Y,CAPT,JBMDL MCGUIRE,1,"INSTRUCTOR, MOBILITY PILOT, GENERAL"
K011M3Y,CAPT,POPE AAF,2,"INSTRUCTOR, MOBILITY PILOT, GENERAL"
K011M3Y,CAPT,TRAVIS,1,"INSTRUCTOR, MOBILITY PILOT, GENERAL"
K011M3Y,LTCOL,DOVER,1,"INSTRUCTOR, MOBILITY PILOT, GENERAL"
K011M3Y,LTCOL,JBMDL MCGUIRE,1,"INSTRUCTOR, MOBILITY PILOT, GENERAL"
K011M3Y,MAJOR,DOVER,1,"INSTRUCTOR, MOBILITY PILOT, GENERAL"
K011M3Y,MAJOR,JBMDL DIX,1,"INSTRUCTOR, MOBILITY PILOT, GENERAL"
K011M3Y,MAJOR,JBMDL MCGUIRE,1,"INSTRUCTOR, MOBILITY PILOT, GENERAL"
K011M3Y,MAJOR,SCOTT,1,"INSTRUCTOR, MOBILITY PILOT, GENERAL"
K011M3Z,LTCOL,WILL ROGERS WORLD,1,"INSTRUCTOR, MOBILITY PILOT, OTHER"
K011R3A,CAPT,JB ELMENDORF-RICH,1,"INSTRUCTOR, RECON SURVEIL EW PILOT, E-3"
K011R3A,CAPT,KADENA,3,"INSTRUCTOR, RECON SURVEIL EW PILOT, E-3"
K011R3A,CAPT,TINKER,7,"INSTRUCTOR, RECON SURVEIL EW PILOT, E-3"
K011R3A,MAJOR,GEILENKIRCHEN,4,"INSTRUCTOR, RECON SURVEIL EW PILOT, E-3"
K011R3A,MAJOR,JB ELMENDORF-RICH,1,"INSTRUCTOR, RECON SURVEIL EW PILOT, E-3"
K011R3A,MAJOR,KADENA,1,"INSTRUCTOR, RECON SURVEIL EW PILOT, E-3"
K011R3A,MAJOR,TINKER,3,"INSTRUCTOR, RECON SURVEIL EW PILOT, E-3"
K011R3B,CAPT,OFFUTT,2,"INSTRUCTOR, RECON SURVEIL EW PILOT, E-4"
K011R3B,MAJOR,OFFUTT,1,"INSTRUCTOR, RECON SURVEIL EW PILOT, E-4"
K011R3C,CAPT,DAVIS-MONTHAN,8,"INSTRUCTOR, RECON SURVEIL EW PILOT, EC-130"
K011R3G,CAPT,OFFUTT,11,"INSTRUCTOR, RECON SURVEIL EW PILOT, RC-135"
K011R3G,LT,OFFUTT,1,"INSTRUCTOR, RECON SURVEIL EW PILOT, RC-135"
K011R3G,MAJOR,GREENVILLE,1,"INSTRUCTOR, RECON SURVEIL EW PILOT, RC-135"
K011R3G,MAJOR,KADENA,1,"INSTRUCTOR, RECON SURVEIL EW PILOT, RC-135"
K011R3G,MAJOR,MILDENHALL,1,"INSTRUCTOR, RECON SURVEIL EW PILOT, RC-135"
K011R3G,MAJOR,OFFUTT,6,"INSTRUCTOR, RECON SURVEIL EW PILOT, RC-135"
K011R3G,MAJOR,SOUDA,1,"INSTRUCTOR, RECON SURVEIL EW PILOT, RC-135"
K011R3H,CAPT,OFFUTT,4,"INSTRUCTOR, RECON SURVEIL EW PILOT, WC/OC-135"
K011R3J,CAPT,BEALE,14,"INSTRUCTOR, RECON SURVEIL EW PILOT, TR-1/U-2"
K011R3J,LTCOL,BEALE,1,"INSTRUCTOR, RECON SURVEIL EW PILOT, TR-1/U-2"
K011R3J,MAJOR,BEALE,4,"INSTRUCTOR, RECON SURVEIL EW PILOT, TR-1/U-2"
K011R3J,MAJOR,FAIRFORD,1,"INSTRUCTOR, RECON SURVEIL EW PILOT, TR-1/U-2"
K011R3J,MAJOR,PALMDALE AF PLANT,1,"INSTRUCTOR, RECON SURVEIL EW PILOT, TR-1/U-2"
K011R3Y,CAPT,BEALE,1,"INSTRUCTOR, RECON SURVEIL EW PILOT, GENERAL"
K011R3Y,CAPT,OFFUTT,1,"INSTRUCTOR, RECON SURVEIL EW PILOT, GENERAL"
K011R3Y,LTCOL,OFFUTT,1,"INSTRUCTOR, RECON SURVEIL EW PILOT, GENERAL"
K011R3Y,MAJOR,BEALE,1,"INSTRUCTOR, RECON SURVEIL EW PILOT, GENERAL"
K011R3Y,MAJOR,OFFUTT,2,"INSTRUCTOR, RECON SURVEIL EW PILOT, GENERAL"
K011R3Z,CAPT,ROBINS,4,"INSTRUCTOR, RECON SURVEIL EW PILOT, OTHER"
K011R3Z,MAJOR,ROBINS,7,"INSTRUCTOR, RECON SURVEIL EW PILOT, OTHER"
K011S2M,CAPT,DUKE FIELD,1,"INSTRUCTOR, SPECIAL OPS PILOT, AIR COMMANDO"
K011S3J,CAPT,CANNON,4,"INSTRUCTOR, SPECIAL OPS PILOT, CV-22"
K011S3J,CAPT,MILDENHALL,2,"INSTRUCTOR, SPECIAL OPS PILOT, CV-22"
K011S3J,CAPT,YOKOTA,1,"INSTRUCTOR, SPECIAL OPS PILOT, CV-22"
K011S3M,CAPT,DATA MASKED,18,"INSTRUCTOR, SPECIAL OPS PILOT, AIR COMMANDO"
K011S3M,CAPT,DUKE FIELD,12,"INSTRUCTOR, SPECIAL OPS PILOT, AIR COMMANDO"
K011S3M,MAJOR,DATA MASKED,5,"INSTRUCTOR, SPECIAL OPS PILOT, AIR COMMANDO"
K011S3M,MAJOR,DUKE FIELD,3,"INSTRUCTOR, SPECIAL OPS PILOT, AIR COMMANDO"
K011S3M,MAJOR,GREENVILLE,1,"INSTRUCTOR, SPECIAL OPS PILOT, AIR COMMANDO"
K011S3M,MAJOR,MILDENHALL,2,"INSTRUCTOR, SPECIAL OPS PILOT, AIR COMMANDO"
K011S3P,CAPT,CANNON,13,"INSTRUCTOR, SPECIAL OPS PILOT, MC-130J"
K011S3P,CAPT,DUKE FIELD,2,"INSTRUCTOR, SPECIAL OPS PILOT, MC-130J"
K011S3P,CAPT,HURLBURT FIELD,16,"INSTRUCTOR, SPECIAL OPS PILOT, MC-130J"
K011S3P,CAPT,KADENA,7,"INSTRUCTOR, SPECIAL OPS PILOT, MC-130J"
K011S3P,CAPT,MILDENHALL,7,"INSTRUCTOR, SPECIAL OPS PILOT, MC-130J"
K011S3P,MAJOR,CANNON,5,"INSTRUCTOR, SPECIAL OPS PILOT, MC-130J"
K011S3P,MAJOR,HURLBURT FIELD,3,"INSTRUCTOR, SPECIAL OPS PILOT, MC-130J"
K011S3P,MAJOR,KADENA,2,"INSTRUCTOR, SPECIAL OPS PILOT, MC-130J"
K011S3P,MAJOR,MILDENHALL,2,"INSTRUCTOR, SPECIAL OPS PILOT, MC-130J"
K011S3Q,CAPT,CANNON,8,"INSTRUCTOR, SPECIAL OPS PILOT, AC-130J"
K011S3Q,CAPT,HURLBURT FIELD,9,"INSTRUCTOR, SPECIAL OPS PILOT, AC-130J"
K011S3Q,MAJOR,CANNON,1,"INSTRUCTOR, SPECIAL OPS PILOT, AC-130J"
K011S3Q,MAJOR,HURLBURT FIELD,3,"INSTRUCTOR, SPECIAL OPS PILOT, AC-130J"
K011S3X,CAPT,CANNON,11,"INSTRUCTOR, SPECIAL OPS PILOT, U-28"
K011S3X,CAPT,DUKE FIELD,2,"INSTRUCTOR, SPECIAL OPS PILOT, U-28"
K011S3X,CAPT,HURLBURT FIELD,10,"INSTRUCTOR, SPECIAL OPS PILOT, U-28"
K011S3X,MAJOR,CANNON,4,"INSTRUCTOR, SPECIAL OPS PILOT, U-28"
K011S3Y,CAPT,CANNON,1,"INSTRUCTOR, SPECIAL OPS PILOT, GENERAL"
K011S3Y,CAPT,DUKE FIELD,1,"INSTRUCTOR, SPECIAL OPS PILOT, GENERAL"
K011S3Y,CAPT,MILDENHALL,1,"INSTRUCTOR, SPECIAL OPS PILOT, GENERAL"
K011S3Y,LTCOL,MILDENHALL,1,"INSTRUCTOR, SPECIAL OPS PILOT, GENERAL"
K011S3Y,MAJOR,NELLIS,1,"INSTRUCTOR, SPECIAL OPS PILOT, GENERAL"
K011S3Z,CAPT,CANNON,3,"INSTRUCTOR, SPECIAL OPS PILOT, OTHER"
K011S3Z,CAPT,HURLBURT FIELD,4,"INSTRUCTOR, SPECIAL OPS PILOT, OTHER"
K011S3Z,MAJOR,HURLBURT FIELD,4,"INSTRUCTOR, SPECIAL OPS PILOT, OTHER"
K011U3B,MAJOR,DAVIS-MONTHAN,1,INSTRUCTOR/REMOTELY PILOTED AIRCRAFT (RPA) PILOT/MQ-9
L011B2C,CAPT,BARKSDALE,1,"AIRCREW FLIGHT EQUIPMENT, BOMBER PILOT, B-52"
L011B3A,CAPT,DYESS,1,"AIRCREW FLIGHT EQUIPMENT, BOMBER PILOT, B-1"
L011B3C,CAPT,BARKSDALE,1,"AIRCREW FLIGHT EQUIPMENT, BOMBER PILOT, B-52"
L011E3Z,MAJOR,EGLIN,1,"AIRCREW FLIGHT EQUIPMENT, EXPER TEST PILOT, OTHER"
L011F2H,LT,SPANGDAHLEM AB,1,"AIRCREW FLIGHT EQUIP, FIGHTER PILOT, F-16"
L011F3B,CAPT,DAVIS-MONTHAN,1,"AIRCREW FLIGHT EQUIPMENT, FIGHTER PILOT, A-10"
L011F3B,CAPT,MOODY,1,"AIRCREW FLIGHT EQUIPMENT, FIGHTER PILOT, A-10"
L011F3H,CAPT,SHAW,1,"AIRCREW FLIGHT EQUIPMENT, FIGHTER PILOT, F-16"
L011F3J,CAPT,JB LANGLEY-EUSTIS,1,"AIRCREW FLIGHT EQUIPMENT, FIGHTER PILOT, F-22"
L011F3N,CAPT,HILL,1,"AIRCREW FLIGHT EQUIPMENT, FIGHTER PILOT, F-35"
L011F3N,CAPT,TYNDALL,1,"AIRCREW FLIGHT EQUIPMENT, FIGHTER PILOT, F-35"
L011F3Y,MAJOR,NELLIS,1,"AIRCREW FLIGHT EQUIPMENT, FIGHTER PILOT, GENERAL"
L011G3,MAJOR,EDWARDS,1,"AIRCREW FLIGHT EQUIPMENT, GENERALIST PILOT"
L011H3E,CAPT,EIELSON,1,"AIRCREW FLIGHT EQUIPMENT, RESCUE PILOT, HH-60"
L011K3D,CAPT,WHITEMAN,2,"AIRCREW FLIGHT EQUIPMENT, TRAINER PILOT, T-38"
L011K3Z,LT,BEALE,1,"AIRCREW FLIGHT EQUIPMENT, TRAINER PILOT, OTHER"
L011M3Y,CAPT,ALTUS,1,"AIRCREW FLIGHT EQUIPMENT, MOBILITY PILOT, GENERAL"
Q011B3A,CAPT,DYESS,4,"STAND/EVAL, BOMBER PILOT, B-1"
Q011B3A,CAPT,ELLSWORTH,2,"STAND/EVAL, BOMBER PILOT, B-1"
Q011B3A,LTCOL,DYESS,2,"STAND/EVAL, BOMBER PILOT, B-1"
Q011B3A,LTCOL,ELLSWORTH,1,"STAND/EVAL, BOMBER PILOT, B-1"
Q011B3A,MAJOR,DYESS,2,"STAND/EVAL, BOMBER PILOT, B-1"
Q011B3A,MAJOR,ELLSWORTH,2,"STAND/EVAL, BOMBER PILOT, B-1"
Q011B3B,LTCOL,PALMDALE,1,"STAND/EVAL, BOMBER PILOT, B-2"
Q011B3B,LTCOL,WHITEMAN,3,"STAND/EVAL, BOMBER PILOT, B-2"
Q011B3B,MAJOR,WHITEMAN,4,"STAND/EVAL, BOMBER PILOT, B-2"
Q011B3C,CAPT,BARKSDALE,3,"STAND/EVAL, BOMBER PILOT, B-52"
Q011B3C,CAPT,MINOT,2,"STAND/EVAL, BOMBER PILOT, B-52"
Q011B3C,LTCOL,BARKSDALE,2,"STAND/EVAL, BOMBER PILOT, B-52"
Q011B3C,LTCOL,MINOT,3,"STAND/EVAL, BOMBER PILOT, B-52"
Q011B3C,MAJOR,BARKSDALE,5,"STAND/EVAL, BOMBER PILOT, B-52"
Q011B4A,MAJOR,JBSA RANDOLPH,1,"STAND/EVAL, BOMBER PILOT, B-1"
Q011B4B,MAJOR,BARKSDALE,1,"STAND/EVAL, BOMBER PILOT, B-2"
Q011B4B,MAJOR,JBSA RANDOLPH,1,"STAND/EVAL, BOMBER PILOT, B-2"
Q011B4C,LTCOL,BARKSDALE,1,"STAND/EVAL, BOMBER PILOT, B-52"
Q011B4C,MAJOR,JBSA RANDOLPH,1,"STAND/EVAL, BOMBER PILOT, B-52"
Q011E3B,CAPT,EGLIN,1,"STAND/EVAL, EXPER TEST PILOT, FIGHTER"
Q011E3B,LTCOL,EDWARDS,2,"STAND/EVAL, EXPER TEST PILOT, FIGHTER"
Q011E3B,LTCOL,EGLIN,2,"STAND/EVAL, EXPER TEST PILOT, FIGHTER"
Q011E3B,MAJOR,EDWARDS,6,"STAND/EVAL, EXPER TEST PILOT, FIGHTER"
Q011E3B,MAJOR,EGLIN,1,"STAND/EVAL, EXPER TEST PILOT, FIGHTER"
Q011E3C,MAJOR,HURLBURT FIELD,1,"STAND/EVAL, EXPER TEST PILOT, HELO/VSTOL"
Q011E3D,CAPT,EGLIN,1,"STAND/EVAL, EXPER TEST PILOT, AIRLIFT"
Q011E3D,MAJOR,EDWARDS,1,"STAND/EVAL, EXPER TEST PILOT, AIRLIFT"
Q011E3E,LTCOL,EDWARDS,1,"STAND/EVAL, EXPER TEST PILOT, TANKER"
Q011E3E,MAJOR,EDWARDS,2,"STAND/EVAL, EXPER TEST PILOT, TANKER"
Q011E3F,LTCOL,EDWARDS,1,"STAND/EVAL, EXPER TEST PILOT, BOMBER"
Q011E3F,MAJOR,EDWARDS,3,"STAND/EVAL, EXPER TEST PILOT, BOMBER"
Q011E4B,MAJOR,EGLIN,1,"STAND/EVAL, EXPER TEST PILOT, FIGHTER"
Q011F2B,CAPT,OSAN AB,1,"STAND/EVAL, FIGHTER PILOT, A-10"
Q011F3B,CAPT,DAVIS-MONTHAN,1,"STAND/EVAL, FIGHTER PILOT, A-10"
Q011F3B,CAPT,MOODY,6,"STAND/EVAL, FIGHTER PILOT, A-10"
Q011F3B,CAPT,OSAN AB,2,"STAND/EVAL, FIGHTER PILOT, A-10"
Q011F3B,LTCOL,DAVIS-MONTHAN,1,"STAND/EVAL, FIGHTER PILOT, A-10"
Q011F3B,LTCOL,MOODY,1,"STAND/EVAL, FIGHTER PILOT, A-10"
Q011F3B,MAJOR,DAVIS-MONTHAN,1,"STAND/EVAL, FIGHTER PILOT, A-10"
Q011F3F,CAPT,KADENA,4,"STAND/EVAL, FIGHTER PILOT, F-15"
Q011F3F,MAJOR,KADENA,1,"STAND/EVAL, FIGHTER PILOT, F-15"
Q011F3G,CAPT,LAKENHEATH,3,"STAND/EVAL, FIGHTER PILOT, F-15E"
Q011F3G,CAPT,MOUNTAIN HOME,2,"STAND/EVAL, FIGHTER PILOT, F-15E"
Q011F3G,CAPT,NELLIS,1,"STAND/EVAL, FIGHTER PILOT, F-15E"
Q011F3G,CAPT,SEYMOUR JOHNSON,10,"STAND/EVAL, FIGHTER PILOT, F-15E"
Q011F3G,LTCOL,LAKENHEATH,1,"STAND/EVAL, FIGHTER PILOT, F-15E"
Q011F3G,LTCOL,SEYMOUR JOHNSON,1,"STAND/EVAL, FIGHTER PILOT, F-15E"
Q011F3G,MAJOR,MOUNTAIN HOME,3,"STAND/EVAL, FIGHTER PILOT, F-15E"
Q011F3G,MAJOR,SEYMOUR JOHNSON,3,"STAND/EVAL, FIGHTER PILOT, F-15E"
Q011F3H,CAPT,AVIANO,2,"STAND/EVAL, FIGHTER PILOT, F-16"
Q011F3H,CAPT,EDWARDS,1,"STAND/EVAL, FIGHTER PILOT, F-16"
Q011F3H,CAPT,EGLIN,1,"STAND/EVAL, FIGHTER PILOT, F-16"
Q011F3H,CAPT,EIELSON,1,"STAND/EVAL, FIGHTER PILOT, F-16"
Q011F3H,CAPT,HOLLOMAN,1,"STAND/EVAL, FIGHTER PILOT, F-16"
Q011F3H,CAPT,KUNSAN,1,"STAND/EVAL, FIGHTER PILOT, F-16"
Q011F3H,CAPT,LUKE,1,"STAND/EVAL, FIGHTER PILOT, F-16"
Q011F3H,CAPT,NELLIS,2,"STAND/EVAL, FIGHTER PILOT, F-16"
Q011F3H,CAPT,OSAN AB,1,"STAND/EVAL, FIGHTER PILOT, F-16"
Q011F3H,CAPT,SHAW,1,"STAND/EVAL, FIGHTER PILOT, F-16"
Q011F3H,CAPT,SPANGDAHLEM AB,4,"STAND/EVAL, FIGHTER PILOT, F-16"
Q011F3H,LTCOL,AVIANO,1,"STAND/EVAL, FIGHTER PILOT, F-16"
Q011F3H,LTCOL,SHAW,1,"STAND/EVAL, FIGHTER PILOT, F-16"
Q011F3H,MAJOR,AVIANO,1,"STAND/EVAL, FIGHTER PILOT, F-16"
Q011F3H,MAJOR,EIELSON,3,"STAND/EVAL, FIGHTER PILOT, F-16"
Q011F3H,MAJOR,HOLLOMAN,5,"STAND/EVAL, FIGHTER PILOT, F-16"
Q011F3H,MAJOR,KUNSAN,5,"STAND/EVAL, FIGHTER PILOT, F-16"
Q011F3H,MAJOR,LUKE,1,"STAND/EVAL, FIGHTER PILOT, F-16"
Q011F3H,MAJOR,MISAWA,3,"STAND/EVAL, FIGHTER PILOT, F-16"
Q011F3H,MAJOR,SHAW,3,"STAND/EVAL, FIGHTER PILOT, F-16"
Q011F3J,CAPT,JB ELMENDORF-RICH,2,"STAND/EVAL, FIGHTER PILOT, F-22"
Q011F3J,CAPT,JB LANGLEY-EUSTIS,2,"STAND/EVAL, FIGHTER PILOT, F-22"
Q011F3J,CAPT,NELLIS,1,"STAND/EVAL, FIGHTER PILOT, F-22"
Q011F3J,LTCOL,JB LANGLEY-EUSTIS,2,"STAND/EVAL, FIGHTER PILOT, F-22"
Q011F3J,MAJOR,JB ELMENDORF-RICH,2,"STAND/EVAL, FIGHTER PILOT, F-22"
Q011F3J,MAJOR,JB LANGLEY-EUSTIS,5,"STAND/EVAL, FIGHTER PILOT, F-22"
Q011F3J,MAJOR,JB PRL HBR-HICKAM,1,"STAND/EVAL, FIGHTER PILOT, F-22"
Q011F3N,CAPT,EBBING ANGB,4,"STAND/EVAL, FIGHTER PILOT, F-35"
Q011F3N,CAPT,EIELSON,2,"STAND/EVAL, FIGHTER PILOT, F-35"
Q011F3N,CAPT,HILL,1,"STAND/EVAL, FIGHTER PILOT, F-35"
Q011F3N,CAPT,LAKENHEATH,1,"STAND/EVAL, FIGHTER PILOT, F-35"
Q011F3N,CAPT,LUKE,1,"STAND/EVAL, FIGHTER PILOT, F-35"
Q011F3N,LTCOL,EGLIN,1,"STAND/EVAL, FIGHTER PILOT, F-35"
Q011F3N,LTCOL,FT WORTH,2,"STAND/EVAL, FIGHTER PILOT, F-35"
Q011F3N,LTCOL,HILL,1,"STAND/EVAL, FIGHTER PILOT, F-35"
Q011F3N,LTCOL,NELLIS,2,"STAND/EVAL, FIGHTER PILOT, F-35"
Q011F3N,MAJOR,EBBING ANGB,4,"STAND/EVAL, FIGHTER PILOT, F-35"
Q011F3N,MAJOR,EGLIN,3,"STAND/EVAL, FIGHTER PILOT, F-35"
Q011F3N,MAJOR,EIELSON,7,"STAND/EVAL, FIGHTER PILOT, F-35"
Q011F3N,MAJOR,HILL,3,"STAND/EVAL, FIGHTER PILOT, F-35"
Q011F3N,MAJOR,LAKENHEATH,3,"STAND/EVAL, FIGHTER PILOT, F-35"
Q011F3N,MAJOR,LUKE,8,"STAND/EVAL, FIGHTER PILOT, F-35"
Q011F3N,MAJOR,MISAWA,2,"STAND/EVAL, FIGHTER PILOT, F-35"
Q011F3N,MAJOR,NELLIS,2,"STAND/EVAL, FIGHTER PILOT, F-35"
Q011F3N,MAJOR,TYNDALL,2,"STAND/EVAL, FIGHTER PILOT, F-35"
Q011F3Q,MAJOR,SHEPPARD,1,"STAND/EVAL, FIGHTER PILOT, IFF (AT-38/T-38C)"
Q011F3Y,CAPT,NELLIS,1,"STAND/EVAL, FIGHTER PILOT, GENERAL"
Q011F3Y,CAPT,OSAN AB,2,"STAND/EVAL, FIGHTER PILOT, GENERAL"
Q011F3Y,CAPT,TYNDALL,1,"STAND/EVAL, FIGHTER PILOT, GENERAL"
Q011F3Y,LTCOL,EGLIN,1,"STAND/EVAL, FIGHTER PILOT, GENERAL"
Q011F3Y,LTCOL,HILL,1,"STAND/EVAL, FIGHTER PILOT, GENERAL"
Q011F3Y,LTCOL,LUKE,1,"STAND/EVAL, FIGHTER PILOT, GENERAL"
Q011F3Y,LTCOL,MOUNTAIN HOME,1,"STAND/EVAL, FIGHTER PILOT, GENERAL"
Q011F3Y,LTCOL,NELLIS,1,"STAND/EVAL, FIGHTER PILOT, GENERAL"
Q011F3Y,MAJOR,EGLIN,1,"STAND/EVAL, FIGHTER PILOT, GENERAL"
Q011F3Y,MAJOR,LUKE,1,"STAND/EVAL, FIGHTER PILOT, GENERAL"
Q011F3Y,MAJOR,NELLIS,2,"STAND/EVAL, FIGHTER PILOT, GENERAL"
Q011F3Y,MAJOR,OSAN AB,1,"STAND/EVAL, FIGHTER PILOT, GENERAL"
Q011F3Z,CAPT,JB LANGLEY-EUSTIS,3,"STAND/EVAL, FIGHTER PILOT, OTHER"
Q011F3Z,MAJOR,JB LANGLEY-EUSTIS,2,"STAND/EVAL, FIGHTER PILOT, OTHER"
Q011F4B,MAJOR,JB PRL HBR-HICKAM,1,"STAND/EVAL, FIGHTER PILOT, A-10"
Q011F4F,LTCOL,JB PRL HBR-HICKAM,1,"STAND/EVAL, FIGHTER PILOT, F-15"
Q011F4G,MAJOR,RAMSTEIN,2,"STAND/EVAL, FIGHTER PILOT, F-15E"
Q011F4G,MAJOR,SHAW,1,"STAND/EVAL, FIGHTER PILOT, F-15E"
Q011F4H,LTCOL,SHAW,2,"STAND/EVAL, FIGHTER PILOT, F-16"
Q011F4H,MAJOR,JB LANGLEY-EUSTIS,1,"STAND/EVAL, FIGHTER PILOT, F-16"
Q011F4H,MAJOR,JB PRL HBR-HICKAM,1,"STAND/EVAL, FIGHTER PILOT, F-16"
Q011F4H,MAJOR,RAMSTEIN,1,"STAND/EVAL, FIGHTER PILOT, F-16"
Q011F4H,MAJOR,SHAW,1,"STAND/EVAL, FIGHTER PILOT, F-16"
Q011F4J,MAJOR,SHAW,1,"STAND/EVAL, FIGHTER PILOT, F-22"
Q011F4N,MAJOR,JB PRL HBR-HICKAM,1,"STAND/EVAL, FIGHTER PILOT, F-35"
Q011F4N,MAJOR,SHAW,1,"STAND/EVAL, FIGHTER PILOT, F-35"
Q011F4Q,MAJOR,JBSA RANDOLPH,1,"STAND/EVAL, FIGHTER PILOT, IFF (AT-38/T-38C)"
Q011F4Y,LTCOL,JB LANGLEY-EUSTIS,1,"STAND/EVAL, FIGHTER PILOT, GENERAL"
Q011F4Y,MAJOR,EGLIN,1,"STAND/EVAL, FIGHTER PILOT, GENERAL"
Q011F4Y,MAJOR,JB LANGLEY-EUSTIS,1,"STAND/EVAL, FIGHTER PILOT, GENERAL"
Q011F4Y,MAJOR,SHAW,3,"STAND/EVAL, FIGHTER PILOT, GENERAL"
Q011F4Z,MAJOR,JBSA RANDOLPH,1,"STAND/EVAL, FIGHTER PILOT, OTHER"
Q011G3,CAPT,NELLIS,1,"STANDARDIZATION AND EVALUATION, GENERALIST PILOT"
Q011G3,MAJOR,DENVER,1,"STANDARDIZATION AND EVALUATION, GENERALIST PILOT"
Q011G4,MAJOR,EGLIN,1,"STAND/EVAL, GENERALIST PILOT"
Q011G4,MAJOR,JB PRL HBR-HICKAM,1,"STAND/EVAL, GENERALIST PILOT"
Q011G4,MAJOR,JBSA RANDOLPH,3,"STAND/EVAL, GENERALIST PILOT"
Q011H3C,CAPT,F E WARREN,3,"STAND/EVAL, RESCUE PILOT, UH-1N"
Q011H3C,CAPT,FAIRCHILD,2,"STAND/EVAL, RESCUE PILOT, UH-1N"
Q011H3C,CAPT,JB ANDREWS,5,"STAND/EVAL, RESCUE PILOT, UH-1N"
Q011H3C,CAPT,KIRTLAND,4,"STAND/EVAL, RESCUE PILOT, UH-1N"
Q011H3C,CAPT,MALMSTROM,6,"STAND/EVAL, RESCUE PILOT, UH-1N"
Q011H3C,CAPT,MINOT,4,"STAND/EVAL, RESCUE PILOT, UH-1N"
Q011H3C,CAPT,YOKOTA,1,"STAND/EVAL, RESCUE PILOT, UH-1N"
Q011H3C,LTCOL,JB ANDREWS,1,"STAND/EVAL, RESCUE PILOT, UH-1N"
Q011H3C,MAJOR,F E WARREN,2,"STAND/EVAL, RESCUE PILOT, UH-1N"
Q011H3C,MAJOR,JB ANDREWS,2,"STAND/EVAL, RESCUE PILOT, UH-1N"
Q011H3C,MAJOR,MALMSTROM,3,"STAND/EVAL, RESCUE PILOT, UH-1N"
Q011H3C,MAJOR,MINOT,1,"STAND/EVAL, RESCUE PILOT, UH-1N"
Q011H3C,MAJOR,YOKOTA,1,"STAND/EVAL, RESCUE PILOT, UH-1N"
Q011H3E,CAPT,KADENA,3,"STAND/EVAL, RESCUE PILOT, HH-60"
Q011H3E,CAPT,KIRTLAND,7,"STAND/EVAL, RESCUE PILOT, HH-60"
Q011H3E,CAPT,MOODY,1,"STAND/EVAL, RESCUE PILOT, HH-60"
Q011H3E,LT,AVIANO,1,"STAND/EVAL, RESCUE PILOT, HH-60"
Q011H3E,MAJOR,AVIANO,1,"STAND/EVAL, RESCUE PILOT, HH-60"
Q011H3E,MAJOR,DATA MASKED,1,"STAND/EVAL, RESCUE PILOT, HH-60"
Q011H3E,MAJOR,DAVIS-MONTHAN,2,"STAND/EVAL, RESCUE PILOT, HH-60"
Q011H3E,MAJOR,KIRTLAND,2,"STAND/EVAL, RESCUE PILOT, HH-60"
Q011H3E,MAJOR,MOODY,2,"STAND/EVAL, RESCUE PILOT, HH-60"
Q011H3E,MAJOR,NELLIS,1,"STAND/EVAL, RESCUE PILOT, HH-60"
Q011H3G,CAPT,MALMSTROM,1,"STAND/EVAL, RESCUE PILOT, MH-139A, AIRCRAFT COMMANDER"
Q011H3G,CAPT,MAXWELL,2,"STAND/EVAL, RESCUE PILOT, MH-139A, AIRCRAFT COMMANDER"
Q011H3G,MAJOR,MAXWELL,2,"STAND/EVAL, RESCUE PILOT, MH-139A, AIRCRAFT COMMANDER"
Q011H3J,CAPT,DAVIS-MONTHAN,3,"STAND/EVAL, RESCUE PILOT, HC-130J"
Q011H3J,CAPT,KIRTLAND,4,"STAND/EVAL, RESCUE PILOT, HC-130J"
Q011H3J,CAPT,MOODY,2,"STAND/EVAL, RESCUE PILOT, HC-130J"
Q011H3J,MAJOR,DAVIS-MONTHAN,1,"STAND/EVAL, RESCUE PILOT, HC-130J"
Q011H3J,MAJOR,KIRTLAND,1,"STAND/EVAL, RESCUE PILOT, HC-130J"
Q011H3J,MAJOR,MOODY,1,"STAND/EVAL, RESCUE PILOT, HC-130J"
Q011H3W,CAPT,DAVIS-MONTHAN,1,"STAND/EVAL, RESCUE PILOT, CSR, GENERAL"
Q011H3Y,MAJOR,DUKE FIELD,1,"STAND/EVAL, RESCUE PILOT, GENERAL"
Q011H4C,LTCOL,F E WARREN,1,"STAND/EVAL, RESCUE PILOT, UH-1N"
Q011H4C,MAJOR,BARKSDALE,1,"STAND/EVAL, RESCUE PILOT, UH-1N"
Q011H4C,MAJOR,F E WARREN,1,"STAND/EVAL, RESCUE PILOT, UH-1N"
Q011H4C,MAJOR,JB ANDREWS,1,"STAND/EVAL, RESCUE PILOT, UH-1N"
Q011H4E,MAJOR,JB PRL HBR-HICKAM,1,"STAND/EVAL, RESCUE PILOT, HH-60"
Q011H4E,MAJOR,RAMSTEIN,1,"STAND/EVAL, RESCUE PILOT, HH-60"
Q011H4P,MAJOR,SHAW,1,"STAND/EVAL, RESCUE PILOT, HC-130 P/N"
Q011H4Y,LTCOL,JBSA RANDOLPH,1,"STAND/EVAL, RESCUE PILOT, GENERAL"
Q011H4Y,MAJOR,JB LANGLEY-EUSTIS,1,"STAND/EVAL, RESCUE PILOT, GENERAL"
Q011K3A,CAPT,COLUMBUS,3,"STAND/EVAL, TRAINER PILOT, T-1"
Q011K3A,CAPT,LAUGHLIN,4,"STAND/EVAL, TRAINER PILOT, T-1"
Q011K3A,CAPT,VANCE,3,"STAND/EVAL, TRAINER PILOT, T-1"
Q011K3A,MAJOR,COLUMBUS,2,"STAND/EVAL, TRAINER PILOT, T-1"
Q011K3A,MAJOR,LAUGHLIN,1,"STAND/EVAL, TRAINER PILOT, T-1"
Q011K3A,MAJOR,VANCE,2,"STAND/EVAL, TRAINER PILOT, T-1"
Q011K3D,CAPT,COLUMBUS,6,"STAND/EVAL, TRAINER PILOT, T-38"
Q011K3D,CAPT,JBSA RANDOLPH,6,"STAND/EVAL, TRAINER PILOT, T-38"
Q011K3D,CAPT,LAUGHLIN,3,"STAND/EVAL, TRAINER PILOT, T-38"
Q011K3D,CAPT,VANCE,3,"STAND/EVAL, TRAINER PILOT, T-38"
Q011K3D,MAJOR,BEALE,2,"STAND/EVAL, TRAINER PILOT, T-38"
Q011K3D,MAJOR,COLUMBUS,1,"STAND/EVAL, TRAINER PILOT, T-38"
Q011K3D,MAJOR,JBSA RANDOLPH,2,"STAND/EVAL, TRAINER PILOT, T-38"
Q011K3D,MAJOR,LAUGHLIN,2,"STAND/EVAL, TRAINER PILOT, T-38"
Q011K3D,MAJOR,SHEPPARD,2,"STAND/EVAL, TRAINER PILOT, T-38"
Q011K3D,MAJOR,VANCE,2,"STAND/EVAL, TRAINER PILOT, T-38"
Q011K3D,MAJOR,WHITEMAN,2,"STAND/EVAL, TRAINER PILOT, T-38"
Q011K3F,CAPT,COLUMBUS,6,"STAND/EVAL, TRAINER PILOT, T-6"
Q011K3F,CAPT,JBSA RANDOLPH,4,"STAND/EVAL, TRAINER PILOT, T-6"
Q011K3F,CAPT,LAUGHLIN,7,"STAND/EVAL, TRAINER PILOT, T-6"
Q011K3F,CAPT,PENSACOLA NAS CHE,3,"STAND/EVAL, TRAINER PILOT, T-6"
Q011K3F,CAPT,VANCE,7,"STAND/EVAL, TRAINER PILOT, T-6"
Q011K3F,LT,LAUGHLIN,1,"STAND/EVAL, TRAINER PILOT, T-6"
Q011K3F,MAJOR,COLUMBUS,3,"STAND/EVAL, TRAINER PILOT, T-6"
Q011K3F,MAJOR,JBSA RANDOLPH,1,"STAND/EVAL, TRAINER PILOT, T-6"
Q011K3F,MAJOR,LAUGHLIN,1,"STAND/EVAL, TRAINER PILOT, T-6"
Q011K3F,MAJOR,PENSACOLA NAS CHE,1,"STAND/EVAL, TRAINER PILOT, T-6"
Q011K3F,MAJOR,SHEPPARD,4,"STAND/EVAL, TRAINER PILOT, T-6"
Q011K3F,MAJOR,VANCE,1,"STAND/EVAL, TRAINER PILOT, T-6"
Q011K3J,CAPT,FT RUCKER,3,"STAND/EVAL, TRAINER PILOT, SUPT-H"
Q011K3J,MAJOR,FT RUCKER,1,"STAND/EVAL, TRAINER PILOT, SUPT-H"
Q011K3Q,CAPT,JBSA RANDOLPH,3,"STAND/EVAL, TRAINER PILOT, T-7"
Q011K3Q,MAJOR,JBSA RANDOLPH,1,"STAND/EVAL, TRAINER PILOT, T-7"
Q011K3Y,MAJOR,COLUMBUS,1,"STAND/EVAL, TRAINER PILOT, GENERAL"
Q011K3Y,MAJOR,JBSA RANDOLPH,1,"STAND/EVAL, TRAINER PILOT, GENERAL"
Q011K3Y,MAJOR,LAUGHLIN,1,"STAND/EVAL, TRAINER PILOT, GENERAL"
Q011K3Y,MAJOR,SHEPPARD,1,"STAND/EVAL, TRAINER PILOT, GENERAL"
Q011K3Y,MAJOR,VANCE,1,"STAND/EVAL, TRAINER PILOT, GENERAL"
Q011K3Z,CAPT,PUEBLO,1,"STAND/EVAL, TRAINER PILOT, OTHER"
Q011K3Z,CAPT,USAF ACADEMY,12,"STAND/EVAL, TRAINER PILOT, OTHER"
Q011K3Z,MAJOR,USAF ACADEMY,3,"STAND/EVAL, TRAINER PILOT, OTHER"
Q011K4A,MAJOR,JBSA RANDOLPH,2,"STAND/EVAL, TRAINER PILOT, T-1"
Q011K4D,MAJOR,JBSA RANDOLPH,2,"STAND/EVAL, TRAINER PILOT, T-38"
Q011K4F,MAJOR,JBSA RANDOLPH,1,"STAND/EVAL, TRAINER PILOT, T-6"
Q011K4Y,MAJOR,JBSA RANDOLPH,1,"STAND/EVAL, TRAINER PILOT, GENERAL"
Q011K4Z,MAJOR,JBSA RANDOLPH,1,"STAND/EVAL, TRAINER PILOT, OTHER"
Q011M3A,CAPT,DOVER,3,"STAND/EVAL, MOBILILTY PILOT, C-5"
Q011M3A,CAPT,TRAVIS,4,"STAND/EVAL, MOBILILTY PILOT, C-5"
Q011M3A,LTCOL,DOVER,1,"STAND/EVAL, MOBILILTY PILOT, C-5"
Q011M3A,LTCOL,TRAVIS,1,"STAND/EVAL, MOBILILTY PILOT, C-5"
Q011M3A,MAJOR,DOVER,2,"STAND/EVAL, MOBILILTY PILOT, C-5"
Q011M3A,MAJOR,TRAVIS,1,"STAND/EVAL, MOBILILTY PILOT, C-5"
Q011M3C,CAPT,DYESS,9,"STAND/EVAL, MOBILITY PILOT, C-130J"
Q011M3C,CAPT,LITTLE ROCK,16,"STAND/EVAL, MOBILITY PILOT, C-130J"
Q011M3C,CAPT,RAMSTEIN,2,"STAND/EVAL, MOBILITY PILOT, C-130J"
Q011M3C,CAPT,YEAGER,1,"STAND/EVAL, MOBILITY PILOT, C-130J"
Q011M3C,CAPT,YOKOTA,1,"STAND/EVAL, MOBILITY PILOT, C-130J"
Q011M3C,LTCOL,DYESS,3,"STAND/EVAL, MOBILITY PILOT, C-130J"
Q011M3C,LTCOL,LITTLE ROCK,5,"STAND/EVAL, MOBILITY PILOT, C-130J"
Q011M3C,LTCOL,RAMSTEIN,2,"STAND/EVAL, MOBILITY PILOT, C-130J"
Q011M3C,LTCOL,YOKOTA,1,"STAND/EVAL, MOBILITY PILOT, C-130J"
Q011M3C,MAJOR,DYESS,2,"STAND/EVAL, MOBILITY PILOT, C-130J"
Q011M3C,MAJOR,LITTLE ROCK,8,"STAND/EVAL, MOBILITY PILOT, C-130J"
Q011M3C,MAJOR,RAMSTEIN,2,"STAND/EVAL, MOBILITY PILOT, C-130J"
Q011M3C,MAJOR,SCOTT,1,"STAND/EVAL, MOBILITY PILOT, C-130J"
Q011M3C,MAJOR,YOKOTA,2,"STAND/EVAL, MOBILITY PILOT, C-130J"
Q011M3E,MAJOR,JB ANDREWS,2,"STAND/EVAL, MOBILITY PILOT, VC-25"
Q011M3F,CAPT,ALTUS,6,"STAND/EVAL, MOBILITY PILOT, KC-135"
Q011M3F,CAPT,BIRMINGHAM,1,"STAND/EVAL, MOBILITY PILOT, KC-135"
Q011M3F,CAPT,EIELSON,1,"STAND/EVAL, MOBILITY PILOT, KC-135"
Q011M3F,CAPT,FAIRCHILD,12,"STAND/EVAL, MOBILITY PILOT, KC-135"
Q011M3F,CAPT,KADENA,4,"STAND/EVAL, MOBILITY PILOT, KC-135"
Q011M3F,CAPT,MACDILL,6,"STAND/EVAL, MOBILITY PILOT, KC-135"
Q011M3F,CAPT,MARCH,1,"STAND/EVAL, MOBILITY PILOT, KC-135"
Q011M3F,CAPT,MCCONNELL,3,"STAND/EVAL, MOBILITY PILOT, KC-135"
Q011M3F,CAPT,MILDENHALL,5,"STAND/EVAL, MOBILITY PILOT, KC-135"
Q011M3F,LTCOL,ALTUS,2,"STAND/EVAL, MOBILITY PILOT, KC-135"
Q011M3F,LTCOL,FAIRCHILD,5,"STAND/EVAL, MOBILITY PILOT, KC-135"
Q011M3F,LTCOL,MACDILL,2,"STAND/EVAL, MOBILITY PILOT, KC-135"
Q011M3F,LTCOL,MCCONNELL,2,"STAND/EVAL, MOBILITY PILOT, KC-135"
Q011M3F,MAJOR,ALTUS,11,"STAND/EVAL, MOBILITY PILOT, KC-135"
Q011M3F,MAJOR,BIRMINGHAM,1,"STAND/EVAL, MOBILITY PILOT, KC-135"
Q011M3F,MAJOR,FAIRCHILD,1,"STAND/EVAL, MOBILITY PILOT, KC-135"
Q011M3F,MAJOR,KADENA,1,"STAND/EVAL, MOBILITY PILOT, KC-135"
Q011M3F,MAJOR,MACDILL,1,"STAND/EVAL, MOBILITY PILOT, KC-135"
Q011M3F,MAJOR,MARCH,2,"STAND/EVAL, MOBILITY PILOT, KC-135"
Q011M3F,MAJOR,MILDENHALL,5,"STAND/EVAL, MOBILITY PILOT, KC-135"
Q011M3F,MAJOR,SCOTT,2,"STAND/EVAL, MOBILITY PILOT, KC-135"
Q011M3J,CAPT,JB ELMENDORF-RICH,1,"STAND/EVAL, MOBILITY PILOT, C-12"
Q011M3J,CAPT,YOKOTA,3,"STAND/EVAL, MOBILITY PILOT, C-12"
Q011M3J,MAJOR,JB ELMENDORF-RICH,1,"STAND/EVAL, MOBILITY PILOT, C-12"
Q011M3K,CAPT,ALTUS,10,"STAND/EVAL, MOBILITY PILOT, C-17"
Q011M3K,CAPT,DOVER,4,"STAND/EVAL, MOBILITY PILOT, C-17"
Q011M3K,CAPT,JB CHARLESTON,15,"STAND/EVAL, MOBILITY PILOT, C-17"
Q011M3K,CAPT,JB PRL HBR-HICKAM,2,"STAND/EVAL, MOBILITY PILOT, C-17"
Q011M3K,CAPT,JBLM MCCHORD,15,"STAND/EVAL, MOBILITY PILOT, C-17"
Q011M3K,CAPT,JBMDL MCGUIRE,4,"STAND/EVAL, MOBILITY PILOT, C-17"
Q011M3K,CAPT,TRAVIS,5,"STAND/EVAL, MOBILITY PILOT, C-17"
Q011M3K,LTCOL,ALTUS,2,"STAND/EVAL, MOBILITY PILOT, C-17"
Q011M3K,LTCOL,DOVER,1,"STAND/EVAL, MOBILITY PILOT, C-17"
Q011M3K,LTCOL,JB CHARLESTON,4,"STAND/EVAL, MOBILITY PILOT, C-17"
Q011M3K,LTCOL,JBLM MCCHORD,4,"STAND/EVAL, MOBILITY PILOT, C-17"
Q011M3K,LTCOL,JBMDL MCGUIRE,1,"STAND/EVAL, MOBILITY PILOT, C-17"
Q011M3K,LTCOL,TRAVIS,1,"STAND/EVAL, MOBILITY PILOT, C-17"
Q011M3K,MAJOR,ALTUS,8,"STAND/EVAL, MOBILITY PILOT, C-17"
Q011M3K,MAJOR,DOHA,1,"STAND/EVAL, MOBILITY PILOT, C-17"
Q011M3K,MAJOR,DOVER,2,"STAND/EVAL, MOBILITY PILOT, C-17"
Q011M3K,MAJOR,EDWARDS,1,"STAND/EVAL, MOBILITY PILOT, C-17"
Q011M3K,MAJOR,JB CHARLESTON,4,"STAND/EVAL, MOBILITY PILOT, C-17"
Q011M3K,MAJOR,JB ELMENDORF-RICH,3,"STAND/EVAL, MOBILITY PILOT, C-17"
Q011M3K,MAJOR,JB PRL HBR-HICKAM,3,"STAND/EVAL, MOBILITY PILOT, C-17"
Q011M3K,MAJOR,JBLM MCCHORD,3,"STAND/EVAL, MOBILITY PILOT, C-17"
Q011M3K,MAJOR,JBMDL MCGUIRE,2,"STAND/EVAL, MOBILITY PILOT, C-17"
Q011M3K,MAJOR,PAPA,3,"STAND/EVAL, MOBILITY PILOT, C-17"
Q011M3K,MAJOR,TRAVIS,1,"STAND/EVAL, MOBILITY PILOT, C-17"
Q011M3L,CAPT,JB PRL HBR-HICKAM,2,"STAND/EVAL, MOBILITY PILOT, C-20/C-37"
Q011M3L,CAPT,RAMSTEIN,2,"STAND/EVAL, MOBILITY PILOT, C-20/C-37"
Q011M3L,LTCOL,JB ANDREWS,1,"STAND/EVAL, MOBILITY PILOT, C-20/C-37"
Q011M3L,LTCOL,RAMSTEIN,1,"STAND/EVAL, MOBILITY PILOT, C-20/C-37"
Q011M3L,MAJOR,JB ANDREWS,5,"STAND/EVAL, MOBILITY PILOT, C-20/C-37"
Q011M3L,MAJOR,JB PRL HBR-HICKAM,1,"STAND/EVAL, MOBILITY PILOT, C-20/C-37"
Q011M3L,MAJOR,RAMSTEIN,2,"STAND/EVAL, MOBILITY PILOT, C-20/C-37"
Q011M3M,CAPT,RAMSTEIN,3,"STAND/EVAL, MOBILITY PILOT, C-21"
Q011M3M,CAPT,SCOTT,2,"STAND/EVAL, MOBILITY PILOT, C-21"
Q011M3M,LTCOL,SCOTT,2,"STAND/EVAL, MOBILITY PILOT, C-21"
Q011M3M,MAJOR,SCOTT,2,"STAND/EVAL, MOBILITY PILOT, C-21"
Q011M3P,LTCOL,JB ANDREWS,3,"STAND/EVAL, MOBILITY PILOT, C-32"
Q011M3P,MAJOR,JB ANDREWS,1,"STAND/EVAL, MOBILITY PILOT, C-32"
Q011M3Q,CAPT,SCOTT,1,"STAND/EVAL, MOBILITY PILOT, C-40"
Q011M3Q,MAJOR,JB ANDREWS,2,"STAND/EVAL, MOBILITY PILOT, C-40"
Q011M3Q,MAJOR,SCOTT,1,"STAND/EVAL, MOBILITY PILOT, C-40"
Q011M3R,CAPT,JBMDL MCGUIRE,5,"STANDARDIZATION AND EVALUATION, MOBILITY PILOT, KC-46 (KC-X)"
Q011M3R,CAPT,MCCONNELL,5,"STANDARDIZATION AND EVALUATION, MOBILITY PILOT, KC-46 (KC-X)"
Q011M3R,CAPT,PEASE,2,"STANDARDIZATION AND EVALUATION, MOBILITY PILOT, KC-46 (KC-X)"
Q011M3R,CAPT,SEYMOUR JOHNSON,2,"STANDARDIZATION AND EVALUATION, MOBILITY PILOT, KC-46 (KC-X)"
Q011M3R,CAPT,TRAVIS,5,"STANDARDIZATION AND EVALUATION, MOBILITY PILOT, KC-46 (KC-X)"
Q011M3R,LTCOL,ALTUS,2,"STANDARDIZATION AND EVALUATION, MOBILITY PILOT, KC-46 (KC-X)"
Q011M3R,LTCOL,JBMDL MCGUIRE,2,"STANDARDIZATION AND EVALUATION, MOBILITY PILOT, KC-46 (KC-X)"
Q011M3R,LTCOL,MCCONNELL,3,"STANDARDIZATION AND EVALUATION, MOBILITY PILOT, KC-46 (KC-X)"
Q011M3R,LTCOL,PEASE,1,"STANDARDIZATION AND EVALUATION, MOBILITY PILOT, KC-46 (KC-X)"
Q011M3R,LTCOL,TRAVIS,2,"STANDARDIZATION AND EVALUATION, MOBILITY PILOT, KC-46 (KC-X)"
Q011M3R,MAJOR,ALTUS,7,"STANDARDIZATION AND EVALUATION, MOBILITY PILOT, KC-46 (KC-X)"
Q011M3R,MAJOR,JBMDL MCGUIRE,2,"STANDARDIZATION AND EVALUATION, MOBILITY PILOT, KC-46 (KC-X)"
Q011M3R,MAJOR,MCCONNELL,4,"STANDARDIZATION AND EVALUATION, MOBILITY PILOT, KC-46 (KC-X)"
Q011M3R,MAJOR,PEASE,1,"STANDARDIZATION AND EVALUATION, MOBILITY PILOT, KC-46 (KC-X)"
Q011M3R,MAJOR,SEYMOUR JOHNSON,2,"STANDARDIZATION AND EVALUATION, MOBILITY PILOT, KC-46 (KC-X)"
Q011M3R,MAJOR,TRAVIS,3,"STANDARDIZATION AND EVALUATION, MOBILITY PILOT, KC-46 (KC-X)"
Q011M3S,LTCOL,JB ANDREWS,1,"STAND/EVAL, MOBILITY PILOT, AIRLIFT, GENERAL"
Q011M3S,LTCOL,RAMSTEIN,1,"STAND/EVAL, MOBILITY PILOT, AIRLIFT, GENERAL"
Q011M3S,MAJOR,JB ANDREWS,2,"STAND/EVAL, MOBILITY PILOT, AIRLIFT, GENERAL"
Q011M3S,MAJOR,MAXWELL,1,"STAND/EVAL, MOBILITY PILOT, AIRLIFT, GENERAL"
Q011M3Y,CAPT,JB PRL HBR-HICKAM,1,"STAND/EVAL, MOBILITY PILOT, GENERAL"
Q011M3Y,LTCOL,ALTUS,1,"STAND/EVAL, MOBILITY PILOT, GENERAL"
Q011M3Y,LTCOL,DOVER,1,"STAND/EVAL, MOBILITY PILOT, GENERAL"
Q011M3Y,LTCOL,JBMDL MCGUIRE,1,"STAND/EVAL, MOBILITY PILOT, GENERAL"
Q011M3Y,LTCOL,MACDILL,1,"STAND/EVAL, MOBILITY PILOT, GENERAL"
Q011M3Y,LTCOL,TRAVIS,1,"STAND/EVAL, MOBILITY PILOT, GENERAL"
Q011M3Z,LTCOL,EDWARDS,1,"STAND/EVAL, MOBILITY PILOT, OTHER"
Q011M4A,LTCOL,SCOTT,2,"STAND/EVAL, MOBILILTY PILOT, C-5"
Q011M4A,MAJOR,SCOTT,1,"STAND/EVAL, MOBILILTY PILOT, C-5"
Q011M4C,MAJOR,JB PRL HBR-HICKAM,1,"STAND/EVAL, MOBILITY PILOT, C-130J"
Q011M4C,MAJOR,JBSA RANDOLPH,1,"STAND/EVAL, MOBILITY PILOT, C-130J"
Q011M4C,MAJOR,RAMSTEIN,1,"STAND/EVAL, MOBILITY PILOT, C-130J"
Q011M4C,MAJOR,SCOTT,1,"STAND/EVAL, MOBILITY PILOT, C-130J"
Q011M4F,MAJOR,JB PRL HBR-HICKAM,1,"STAND/EVAL, MOBILITY PILOT, KC-135"
Q011M4F,MAJOR,RAMSTEIN,1,"STAND/EVAL, MOBILITY PILOT, KC-135"
Q011M4F,MAJOR,SCOTT,2,"STAND/EVAL, MOBILITY PILOT, KC-135"
Q011M4G,MAJOR,JBSA RANDOLPH,1,"STAND/EVAL, MOBILITY PILOT, KC-10"
Q011M4K,LTCOL,SCOTT,2,"STAND/EVAL, MOBILITY PILOT, C-17"
Q011M4K,MAJOR,JB PRL HBR-HICKAM,1,"STAND/EVAL, MOBILITY PILOT, C-17"
Q011M4K,MAJOR,JBSA RANDOLPH,1,"STAND/EVAL, MOBILITY PILOT, C-17"
Q011M4K,MAJOR,SCOTT,2,"STAND/EVAL, MOBILITY PILOT, C-17"
Q011M4L,MAJOR,RAMSTEIN,1,"STAND/EVAL, MOBILITY PILOT, C-20/C-37"
Q011M4L,MAJOR,SCOTT,1,"STAND/EVAL, MOBILITY PILOT, C-20/C-37"
Q011M4M,MAJOR,RAMSTEIN,1,"STAND/EVAL, MOBILITY PILOT, C-21"
Q011M4M,MAJOR,SCOTT,1,"STAND/EVAL, MOBILITY PILOT, C-21"
Q011M4P,MAJOR,SCOTT,1,"STAND/EVAL, MOBILITY PILOT, C-32"
Q011M4R,LTCOL,SCOTT,1,"STANDARDIZATION AND EVALUATION, MOBILITY PILOT, KC-46 (KC-X)"
Q011M4R,MAJOR,JBSA RANDOLPH,1,"STANDARDIZATION AND EVALUATION, MOBILITY PILOT, KC-46 (KC-X)"
Q011M4R,MAJOR,SCOTT,1,"STANDARDIZATION AND EVALUATION, MOBILITY PILOT, KC-46 (KC-X)"
Q011M4S,LTCOL,SCOTT,2,"STAND/EVAL, MOBILITY PILOT, AIRLIFT, GENERAL"
Q011M4S,MAJOR,SCOTT,1,"STAND/EVAL, MOBILITY PILOT, AIRLIFT, GENERAL"
Q011M4Y,COL,SCOTT,1,"STAND/EVAL, MOBILITY PILOT, GENERAL"
Q011M4Y,LTCOL,SCOTT,1,"STAND/EVAL, MOBILITY PILOT, GENERAL"
Q011M4Y,MAJOR,JBSA RANDOLPH,1,"STAND/EVAL, MOBILITY PILOT, GENERAL"
Q011R3A,CAPT,JB ELMENDORF-RICH,2,"STAND/EVAL, RECON SURVEIL EW PILOT, E-3"
Q011R3A,CAPT,TINKER,10,"STAND/EVAL, RECON SURVEIL EW PILOT, E-3"
Q011R3A,LTCOL,GEILENKIRCHEN,1,"STAND/EVAL, RECON SURVEIL EW PILOT, E-3"
Q011R3A,LTCOL,KADENA,1,"STAND/EVAL, RECON SURVEIL EW PILOT, E-3"
Q011R3A,LTCOL,TINKER,1,"STAND/EVAL, RECON SURVEIL EW PILOT, E-3"
Q011R3A,MAJOR,GEILENKIRCHEN,1,"STAND/EVAL, RECON SURVEIL EW PILOT, E-3"
Q011R3A,MAJOR,JB ELMENDORF-RICH,1,"STAND/EVAL, RECON SURVEIL EW PILOT, E-3"
Q011R3A,MAJOR,KADENA,1,"STAND/EVAL, RECON SURVEIL EW PILOT, E-3"
Q011R3A,MAJOR,TINKER,5,"STAND/EVAL, RECON SURVEIL EW PILOT, E-3"
Q011R3B,CAPT,OFFUTT,1,"STAND/EVAL, RECON SURVEIL EW PILOT, E-4"
Q011R3B,MAJOR,OFFUTT,3,"STAND/EVAL, RECON SURVEIL EW PILOT, E-4"
Q011R3C,CAPT,DAVIS-MONTHAN,1,"STAND/EVAL, RECON SURVEIL EW PILOT, EC-130"
Q011R3C,CAPT,WACO,1,"STAND/EVAL, RECON SURVEIL EW PILOT, EC-130"
Q011R3C,LTCOL,DAVIS-MONTHAN,1,"STAND/EVAL, RECON SURVEIL EW PILOT, EC-130"
Q011R3C,MAJOR,DAVIS-MONTHAN,3,"STAND/EVAL, RECON SURVEIL EW PILOT, EC-130"
Q011R3G,CAPT,GREENVILLE,2,"STAND/EVAL, RECON SURVEIL EW PILOT, RC-135"
Q011R3G,CAPT,KADENA,1,"STAND/EVAL, RECON SURVEIL EW PILOT, RC-135"
Q011R3G,CAPT,MILDENHALL,1,"STAND/EVAL, RECON SURVEIL EW PILOT, RC-135"
Q011R3G,CAPT,OFFUTT,7,"STAND/EVAL, RECON SURVEIL EW PILOT, RC-135"
Q011R3G,LTCOL,OFFUTT,3,"STAND/EVAL, RECON SURVEIL EW PILOT, RC-135"
Q011R3G,MAJOR,DENVER,1,"STAND/EVAL, RECON SURVEIL EW PILOT, RC-135"
Q011R3G,MAJOR,GREENVILLE,1,"STAND/EVAL, RECON SURVEIL EW PILOT, RC-135"
Q011R3G,MAJOR,OFFUTT,7,"STAND/EVAL, RECON SURVEIL EW PILOT, RC-135"
Q011R3H,CAPT,OFFUTT,3,"STAND/EVAL, RECON SURVEIL EW PILOT, WC/OC-135"
Q011R3H,MAJOR,OFFUTT,2,"STAND/EVAL, RECON SURVEIL EW PILOT, WC/OC-135"
Q011R3J,CAPT,BEALE,6,"STAND/EVAL, RECON SURVEIL EW PILOT, TR-1/U-2"
Q011R3J,LTCOL,AKROTIRI,1,"STAND/EVAL, RECON SURVEIL EW PILOT, TR-1/U-2"
Q011R3J,MAJOR,BEALE,6,"STAND/EVAL, RECON SURVEIL EW PILOT, TR-1/U-2"
Q011R3J,MAJOR,OSAN AB,1,"STAND/EVAL, RECON SURVEIL EW PILOT, TR-1/U-2"
Q011R3Y,MAJOR,OFFUTT,1,"STAND/EVAL, RECON SURVEIL EW PILOT, GENERAL"
Q011R3Z,MAJOR,ROBINS,3,"STAND/EVAL, RECON SURVEIL EW PILOT, OTHER"
Q011R4A,MAJOR,JB PRL HBR-HICKAM,1,"STAND/EVAL, RECON SURVEIL EW PILOT, E-3"
Q011R4B,MAJOR,BARKSDALE,1,"STAND/EVAL, RECON SURVEIL EW PILOT, E-4"
Q011R4C,MAJOR,JBSA LACKLAND,1,"STAND/EVAL, RECON SURVEIL EW PILOT, EC-130"
Q011R4J,MAJOR,JBSA LACKLAND,1,"STAND/EVAL, RECON SURVEIL EW PILOT, TR-1/U-2"
Q011R4L,MAJOR,SHAW,1,"STAND/EVAL, RECON SURVEIL EW PILOT, E-8"
Q011S3G,CAPT,HURLBURT FIELD,1,"STAND/EVAL, SPECIAL OPS PILOT, MC-130H"
Q011S3J,CAPT,CANNON,3,"STAND/EVAL, SPECIAL OPS PILOT, CV-22"
Q011S3J,CAPT,HURLBURT FIELD,1,"STAND/EVAL, SPECIAL OPS PILOT, CV-22"
Q011S3J,CAPT,KIRTLAND,6,"STAND/EVAL, SPECIAL OPS PILOT, CV-22"
Q011S3J,CAPT,NEW RIVER MCAS,1,"STAND/EVAL, SPECIAL OPS PILOT, CV-22"
Q011S3J,CAPT,YOKOTA,1,"STAND/EVAL, SPECIAL OPS PILOT, CV-22"
Q011S3J,MAJOR,CANNON,1,"STAND/EVAL, SPECIAL OPS PILOT, CV-22"
Q011S3J,MAJOR,MILDENHALL,3,"STAND/EVAL, SPECIAL OPS PILOT, CV-22"
Q011S3J,MAJOR,NEW RIVER MCAS,1,"STAND/EVAL, SPECIAL OPS PILOT, CV-22"
Q011S3J,MAJOR,YOKOTA,2,"STAND/EVAL, SPECIAL OPS PILOT, CV-22"
Q011S3M,CAPT,DATA MASKED,6,"STAND/EVAL, SPECIAL OPS PILOT, AIR COMMANDO"
Q011S3M,CAPT,DUKE FIELD,4,"STAND/EVAL, SPECIAL OPS PILOT, AIR COMMANDO"
Q011S3M,LTCOL,DUKE FIELD,1,"STAND/EVAL, SPECIAL OPS PILOT, AIR COMMANDO"
Q011S3M,LTCOL,MILDENHALL,1,"STAND/EVAL, SPECIAL OPS PILOT, AIR COMMANDO"
Q011S3M,MAJOR,DATA MASKED,12,"STAND/EVAL, SPECIAL OPS PILOT, AIR COMMANDO"
Q011S3M,MAJOR,DUKE FIELD,5,"STAND/EVAL, SPECIAL OPS PILOT, AIR COMMANDO"
Q011S3M,MAJOR,MILDENHALL,1,"STAND/EVAL, SPECIAL OPS PILOT, AIR COMMANDO"
Q011S3P,CAPT,HURLBURT FIELD,1,"STAND/EVAL, SPECIAL OPS PILOT, MC-130J"
Q011S3P,CAPT,KADENA,1,"STAND/EVAL, SPECIAL OPS PILOT, MC-130J"
Q011S3P,CAPT,KIRTLAND,1,"STAND/EVAL, SPECIAL OPS PILOT, MC-130J"
Q011S3P,CAPT,MILDENHALL,3,"STAND/EVAL, SPECIAL OPS PILOT, MC-130J"
Q011S3P,LTCOL,CANNON,1,"STAND/EVAL, SPECIAL OPS PILOT, MC-130J"
Q011S3P,MAJOR,CANNON,4,"STAND/EVAL, SPECIAL OPS PILOT, MC-130J"
Q011S3P,MAJOR,DUKE FIELD,1,"STAND/EVAL, SPECIAL OPS PILOT, MC-130J"
Q011S3P,MAJOR,HURLBURT FIELD,5,"STAND/EVAL, SPECIAL OPS PILOT, MC-130J"
Q011S3P,MAJOR,KADENA,2,"STAND/EVAL, SPECIAL OPS PILOT, MC-130J"
Q011S3P,MAJOR,KIRTLAND,2,"STAND/EVAL, SPECIAL OPS PILOT, MC-130J"
Q011S3P,MAJOR,MILDENHALL,1,"STAND/EVAL, SPECIAL OPS PILOT, MC-130J"
Q011S3Q,CAPT,CANNON,1,"STAND/EVAL, SPECIAL OPS PILOT, AC-130J"
Q011S3Q,CAPT,HURLBURT FIELD,3,"STAND/EVAL, SPECIAL OPS PILOT, AC-130J"
Q011S3Q,MAJOR,CANNON,2,"STAND/EVAL, SPECIAL OPS PILOT, AC-130J"
Q011S3Q,MAJOR,HURLBURT FIELD,2,"STAND/EVAL, SPECIAL OPS PILOT, AC-130J"
Q011S3Q,MAJOR,KIRTLAND,1,"STAND/EVAL, SPECIAL OPS PILOT, AC-130J"
Q011S3X,CAPT,CANNON,5,"STAND/EVAL, SPECIAL OPS PILOT, U-28"
Q011S3X,CAPT,DUKE FIELD,1,"STAND/EVAL, SPECIAL OPS PILOT, U-28"
Q011S3X,CAPT,HURLBURT FIELD,6,"STAND/EVAL, SPECIAL OPS PILOT, U-28"
Q011S3X,MAJOR,CANNON,7,"STAND/EVAL, SPECIAL OPS PILOT, U-28"
Q011S3X,MAJOR,HURLBURT FIELD,4,"STAND/EVAL, SPECIAL OPS PILOT, U-28"
Q011S3Y,CAPT,KADENA,1,"STAND/EVAL, SPECIAL OPS PILOT, GENERAL"
Q011S3Y,LTCOL,CANNON,1,"STAND/EVAL, SPECIAL OPS PILOT, GENERAL"
Q011S3Y,LTCOL,DUKE FIELD,1,"STAND/EVAL, SPECIAL OPS PILOT, GENERAL"
Q011S3Y,LTCOL,HURLBURT FIELD,1,"STAND/EVAL, SPECIAL OPS PILOT, GENERAL"
Q011S3Y,LTCOL,KADENA,1,"STAND/EVAL, SPECIAL OPS PILOT, GENERAL"
Q011S3Y,MAJOR,ABERDEEN,1,"STAND/EVAL, SPECIAL OPS PILOT, GENERAL"
Q011S3Z,CAPT,CANNON,1,"STAND/EVAL, SPECIAL OPS PILOT, OTHER"
Q011S3Z,CAPT,HURLBURT FIELD,3,"STAND/EVAL, SPECIAL OPS PILOT, OTHER"
Q011S3Z,MAJOR,HURLBURT FIELD,1,"STAND/EVAL, SPECIAL OPS PILOT, OTHER"
Q011S4Q,MAJOR,HURLBURT FIELD,1,"STAND/EVAL, SPECIAL OPS PILOT, AC-130J"
Q011S4X,MAJOR,HURLBURT FIELD,1,"STAND/EVAL, SPECIAL OPS PILOT, U-28"
Q011S4Y,LTCOL,HURLBURT FIELD,9,"STAND/EVAL, SPECIAL OPS PILOT, GENERAL"
Q011S4Y,MAJOR,HURLBURT FIELD,3,"STAND/EVAL, SPECIAL OPS PILOT, GENERAL"
R011B3C,CAPT,BARKSDALE,1,"CONT/WAR PLANS, BOMBER PILOT, B-52"
R011B3C,LTCOL,BARKSDALE,1,"CONT/WAR PLANS, BOMBER PILOT, B-52"
R011B4A,LTCOL,PENTAGON,1,"CONT/WAR PLANS, BOMBER PILOT, B-1"
R011B4B,MAJOR,BARKSDALE,1,"CONT/WAR PLANS, BOMBER PILOT, B-2"
R011B4C,LTCOL,BARKSDALE,1,"CONT/WAR PLANS, BOMBER PILOT, B-52"
R011B4C,LTCOL,JB PRL HBR-HICKAM,1,"CONT/WAR PLANS, BOMBER PILOT, B-52"
R011B4Y,LTCOL,JB PRL HBR-HICKAM,1,"CONT/WAR PLANS, BOMBER PILOT, GENERAL"
R011B4Y,MAJOR,BARKSDALE,2,"CONT/WAR PLANS, BOMBER PILOT, GENERAL"
R011B4Y,MAJOR,YOKOTA,1,"CONT/WAR PLANS, BOMBER PILOT, GENERAL"
R011F3F,CAPT,KADENA,1,"CONT/WAR PLANS, FIGHTER PILOT, F-15"
R011F3G,MAJOR,SEYMOUR JOHNSON,1,"CONT/WAR PLANS, FIGHTER PILOT, F-15E"
R011F3H,MAJOR,KUNSAN,1,"CONT/WAR PLANS, FIGHTER PILOT, F-16"
R011F3N,LTCOL,EGLIN,1,"CONT/WAR PLANS, FIGHTER PILOT, F-35"
R011F3N,LTCOL,LUKE,1,"CONT/WAR PLANS, FIGHTER PILOT, F-35"
R011F4F,MAJOR,YOKOTA,1,"CONT/WAR PLANS, FIGHTER PILOT, F-15"
R011F4Y,COL,JB PRL HBR-HICKAM,1,"CONT/WAR PLAN, FIGHTER PILOT, GENERAL"
R011F4Y,COL,PENTAGON,1,"CONT/WAR PLAN, FIGHTER PILOT, GENERAL"
R011F4Y,COL,SHAW,1,"CONT/WAR PLAN, FIGHTER PILOT, GENERAL"
R011F4Y,COL,YOKOTA,1,"CONT/WAR PLAN, FIGHTER PILOT, GENERAL"
R011F4Y,LTCOL,CP SMITH,1,"CONT/WAR PLAN, FIGHTER PILOT, GENERAL"
R011F4Y,LTCOL,DAVIS-MONTHAN,1,"CONT/WAR PLAN, FIGHTER PILOT, GENERAL"
R011F4Y,LTCOL,JB PRL HBR-HICKAM,2,"CONT/WAR PLAN, FIGHTER PILOT, GENERAL"
R011F4Y,LTCOL,RAMSTEIN,1,"CONT/WAR PLAN, FIGHTER PILOT, GENERAL"
R011F4Y,LTCOL,SHAW,1,"CONT/WAR PLAN, FIGHTER PILOT, GENERAL"
R011F4Y,LTCOL,YOKOTA,1,"CONT/WAR PLAN, FIGHTER PILOT, GENERAL"
R011F4Y,MAJOR,JB PRL HBR-HICKAM,3,"CONT/WAR PLAN, FIGHTER PILOT, GENERAL"
R011F4Y,MAJOR,MACDILL,2,"CONT/WAR PLAN, FIGHTER PILOT, GENERAL"
R011F4Y,MAJOR,PENTAGON,1,"CONT/WAR PLAN, FIGHTER PILOT, GENERAL"
R011G4,COL,RAMSTEIN,2,"CONT/WAR PLAN, GENERALIST PILOT"
R011G4,LTCOL,DAVIS-MONTHAN,1,"CONT/WAR PLAN, GENERALIST PILOT"
R011G4,LTCOL,JB LANGLEY-EUSTIS,1,"CONT/WAR PLAN, GENERALIST PILOT"
R011G4,LTCOL,RAMSTEIN,3,"CONT/WAR PLAN, GENERALIST PILOT"
R011G4,MAJOR,CP SMITH,1,"CONT/WAR PLAN, GENERALIST PILOT"
R011G4,MAJOR,DAVIS-MONTHAN,1,"CONT/WAR PLAN, GENERALIST PILOT"
R011G4,MAJOR,JB PRL HBR-HICKAM,5,"CONT/WAR PLAN, GENERALIST PILOT"
R011G4,MAJOR,PENTAGON,1,"CONT/WAR PLAN, GENERALIST PILOT"
R011G4,MAJOR,RAMSTEIN,2,"CONT/WAR PLAN, GENERALIST PILOT"
R011H4Y,CAPT,YOKOTA,1,"CONT/WAR PLAN, RESCUE PILOT, GENERAL"
R011M3C,CAPT,DYESS,2,"CNTGCY/WAR PLAN, MOBILITY PILOT, C-130J"
R011M3C,LTCOL,LITTLE ROCK,1,"CNTGCY/WAR PLAN, MOBILITY PILOT, C-130J"
R011M3C,LTCOL,YOKOTA,1,"CNTGCY/WAR PLAN, MOBILITY PILOT, C-130J"
R011M3C,MAJOR,DYESS,1,"CNTGCY/WAR PLAN, MOBILITY PILOT, C-130J"
R011M3F,CAPT,KADENA,1,"CNTGCY/WAR PLAN, MOBILITY PILOT, KC-135"
R011M3F,LTCOL,FAIRCHILD,1,"CNTGCY/WAR PLAN, MOBILITY PILOT, KC-135"
R011M3S,COL,SCOTT,1,"CNTGCY/WAR PLAN, MOBILITY PILOT, AIRLIFT, GENERAL"
R011M3U,LT,YOKOTA,1,"CNTGCY/WAR PLAN, MOBILITY PILOT, AMLO"
R011M3Y,MAJOR,DOVER,1,"CNTGCY/WAR PLAN, MOBILITY PILOT, GENERAL"
R011M3Y,MAJOR,SCOTT,2,"CNTGCY/WAR PLAN, MOBILITY PILOT, GENERAL"
R011M4C,CAPT,YOKOTA,1,"CNTGCY/WAR PLAN, MOBILITY PILOT, C-130J"
R011M4C,MAJOR,ROBINS,1,"CNTGCY/WAR PLAN, MOBILITY PILOT, C-130J"
R011M4F,LTCOL,JB PRL HBR-HICKAM,1,"CNTGCY/WAR PLAN, MOBILITY PILOT, KC-135"
R011M4F,LTCOL,SCOTT,1,"CNTGCY/WAR PLAN, MOBILITY PILOT, KC-135"
R011M4F,LTCOL,YOKOTA,1,"CNTGCY/WAR PLAN, MOBILITY PILOT, KC-135"
R011M4F,MAJOR,OFFUTT,3,"CNTGCY/WAR PLAN, MOBILITY PILOT, KC-135"
R011M4F,MAJOR,ROBINS,1,"CNTGCY/WAR PLAN, MOBILITY PILOT, KC-135"
R011M4F,MAJOR,SCOTT,1,"CNTGCY/WAR PLAN, MOBILITY PILOT, KC-135"
R011M4G,MAJOR,SCOTT,1,"CNTGCY/WAR PLAN, MOBILITY PILOT, KC-10"
R011M4K,LTCOL,ROBINS,1,"CNTGCY/WAR PLAN, MOBILITY PILOT, C-17"
R011M4K,MAJOR,SCOTT,1,"CNTGCY/WAR PLAN, MOBILITY PILOT, C-17"
R011M4S,LTCOL,JB PRL HBR-HICKAM,1,"CNTGCY/WAR PLAN, MOBILITY PILOT, AIRLIFT, GENERAL"
R011M4S,LTCOL,PENTAGON,1,"CNTGCY/WAR PLAN, MOBILITY PILOT, AIRLIFT, GENERAL"
R011M4S,LTCOL,SCOTT,5,"CNTGCY/WAR PLAN, MOBILITY PILOT, AIRLIFT, GENERAL"
R011M4S,MAJOR,JB PRL HBR-HICKAM,4,"CNTGCY/WAR PLAN, MOBILITY PILOT, AIRLIFT, GENERAL"
R011M4S,MAJOR,MACDILL,1,"CNTGCY/WAR PLAN, MOBILITY PILOT, AIRLIFT, GENERAL"
R011M4S,MAJOR,SCOTT,9,"CNTGCY/WAR PLAN, MOBILITY PILOT, AIRLIFT, GENERAL"
R011M4S,MAJOR,STUTTGART VAIHING,1,"CNTGCY/WAR PLAN, MOBILITY PILOT, AIRLIFT, GENERAL"
R011M4T,LTCOL,SCOTT,2,"CNTGCY/WAR PLAN, MOBILITY PILOT, TANKER, GENERAL"
R011M4T,MAJOR,JB PRL HBR-HICKAM,2,"CNTGCY/WAR PLAN, MOBILITY PILOT, TANKER, GENERAL"
R011M4T,MAJOR,SCOTT,3,"CNTGCY/WAR PLAN, MOBILITY PILOT, TANKER, GENERAL"
R011M4V,CAPT,SCOTT,1,"CNTGCY/WAR PLAN, MOBILITY PILOT, INTER-THEATER ALFT, GENERAL"
R011M4Y,MAJOR,NORFOLK,1,"CNTGCY/WAR PLAN, MOBILITY PILOT, GENERAL"
R011M4Y,MAJOR,SCOTT,1,"CNTGCY/WAR PLAN, MOBILITY PILOT, GENERAL"
R011R3A,CAPT,TINKER,1,"CONT/WAR PLAN, RECON SURVEIL EW PILOT, E-3"
R011R4G,LTCOL,STUTTGART VAIHING,1,"CONT/WAR PLAN, RECON SURVEIL EW PILOT, RC-135"
R011R4G,MAJOR,JB PRL HBR-HICKAM,1,"CONT/WAR PLAN, RECON SURVEIL EW PILOT, RC-135"
R011R4J,MAJOR,JBSA LACKLAND,1,"CONT/WAR PLAN, RECON SURVEIL EW PILOT, TR-1/U-2"
R011R4Y,LTCOL,CP SMITH,1,"CONT/WAR PLAN, RECON SURVEIL EW PILOT, GENERAL"
R011R4Y,MAJOR,CP SMITH,1,"CONT/WAR PLAN, RECON SURVEIL EW PILOT, GENERAL"
R011S3M,CAPT,HURLBURT FIELD,1,"CONT/WAR PLAN, SPECIAL OPS PILOT, AIR COMMANDO"
R011S3X,CAPT,HURLBURT FIELD,1,"CONT/WAR PLAN, SPECIAL OPS PILOT, U-28"
R011S3Y,CAPT,HURLBURT FIELD,2,"CONT/WAR PLAN, SPECIAL OPS PILOT, GENERAL"
R011S3Y,CAPT,MILDENHALL,1,"CONT/WAR PLAN, SPECIAL OPS PILOT, GENERAL"
R011S3Y,MAJOR,HURLBURT FIELD,1,"CONT/WAR PLAN, SPECIAL OPS PILOT, GENERAL"
R011S4Y,COL,MOHRINGEN,1,"CONT/WAR PLAN, SPECIAL OPS PILOT, GENERAL"
R011S4Y,LTCOL,STUTTGART VAIHING,1,"CONT/WAR PLAN, SPECIAL OPS PILOT, GENERAL"
R011S4Y,MAJOR,STUTTGART VAIHING,2,"CONT/WAR PLAN, SPECIAL OPS PILOT, GENERAL"
S011B3A,CAPT,DYESS,3,"SAFETY, BOMBER PILOT, B-1"
S011B3A,CAPT,ELLSWORTH,2,"SAFETY, BOMBER PILOT, B-1"
S011B3B,LTCOL,WHITEMAN,1,"SAFETY, BOMBER PILOT, B-2"
S011B3C,CAPT,BARKSDALE,1,"SAFETY, BOMBER PILOT, B-52"
S011B3C,CAPT,MINOT,1,"SAFETY, BOMBER PILOT, B-52"
S011B3C,MAJOR,BARKSDALE,1,"SAFETY, BOMBER PILOT, B-52"
S011B3C,MAJOR,MINOT,1,"SAFETY, BOMBER PILOT, B-52"
S011B3Y,CAPT,DYESS,1,"SAFETY, BOMBER PILOT, GENERAL"
S011B3Y,LTCOL,BARKSDALE,1,"SAFETY, BOMBER PILOT, GENERAL"
S011B3Y,LTCOL,DYESS,1,"SAFETY, BOMBER PILOT, GENERAL"
S011B3Y,LTCOL,ELLSWORTH,1,"SAFETY, BOMBER PILOT, GENERAL"
S011B4A,MAJOR,BARKSDALE,1,"SAFETY, BOMBER PILOT, B-1"
S011B4B,MAJOR,BARKSDALE,1,"SAFETY, BOMBER PILOT, B-2"
S011B4Y,COL,BARKSDALE,2,"SAFETY, BOMBER PILOT, GENERAL"
S011B4Y,LTCOL,BARKSDALE,2,"SAFETY, BOMBER PILOT, GENERAL"
S011B4Y,MAJOR,KIRTLAND,1,"SAFETY, BOMBER PILOT, GENERAL"
S011E3A,MAJOR,JBMDL MCGUIRE,1,"SAFETY, EXPER TEST PILOT, AIRLFT/TANK/BOMB"
S011E3B,COL,EDWARDS,1,"SAFETY, EXPER TEST PILOT, FIGHTER"
S011E3B,LTCOL,DATA MASKED,1,"SAFETY, EXPER TEST PILOT, FIGHTER"
S011E3Y,LTCOL,EDWARDS,1,"SAFETY, EXPER TEST PILOT, GENERAL"
S011E3Y,MAJOR,EGLIN,2,"SAFETY, EXPER TEST PILOT, GENERAL"
S011E4B,COL,EDWARDS,1,"SAFETY, EXPER TEST PILOT, FIGHTER"
S011E4Y,COL,WRIGHT PATTERSON,1,"SAFETY, EXPER TEST PILOT, GENERAL"
S011F2H,LT,SPANGDAHLEM AB,1,"SAFETY, FIGHTER PILOT, F-16"
S011F3B,CAPT,MOODY,3,"SAFETY, FIGHTER PILOT, A-10"
S011F3B,LTCOL,DAVIS-MONTHAN,2,"SAFETY, FIGHTER PILOT, A-10"
S011F3B,MAJOR,DAVIS-MONTHAN,1,"SAFETY, FIGHTER PILOT, A-10"
S011F3B,MAJOR,OSAN AB,1,"SAFETY, FIGHTER PILOT, A-10"
S011F3F,CAPT,KADENA,3,"SAFETY, FIGHTER PILOT, F-15"
S011F3F,MAJOR,KADENA,1,"SAFETY, FIGHTER PILOT, F-15"
S011F3G,CAPT,MOUNTAIN HOME,1,"SAFETY, FIGHTER PILOT, F-15E"
S011F3G,CAPT,SEYMOUR JOHNSON,1,"SAFETY, FIGHTER PILOT, F-15E"
S011F3G,LTCOL,LAKENHEATH,1,"SAFETY, FIGHTER PILOT, F-15E"
S011F3G,LTCOL,SEYMOUR JOHNSON,1,"SAFETY, FIGHTER PILOT, F-15E"
S011F3G,MAJOR,LAKENHEATH,1,"SAFETY, FIGHTER PILOT, F-15E"
S011F3G,MAJOR,MOUNTAIN HOME,1,"SAFETY, FIGHTER PILOT, F-15E"
S011F3G,MAJOR,SEYMOUR JOHNSON,1,"SAFETY, FIGHTER PILOT, F-15E"
S011F3H,CAPT,AVIANO,1,"SAFETY, FIGHTER PILOT, F-16"
S011F3H,CAPT,EGLIN,1,"SAFETY, FIGHTER PILOT, F-16"
S011F3H,CAPT,EIELSON,1,"SAFETY, FIGHTER PILOT, F-16"
S011F3H,CAPT,KUNSAN,2,"SAFETY, FIGHTER PILOT, F-16"
S011F3H,CAPT,MISAWA,1,"SAFETY, FIGHTER PILOT, F-16"
S011F3H,CAPT,NELLIS,1,"SAFETY, FIGHTER PILOT, F-16"
S011F3H,CAPT,OSAN AB,1,"SAFETY, FIGHTER PILOT, F-16"
S011F3H,CAPT,SHAW,1,"SAFETY, FIGHTER PILOT, F-16"
S011F3H,CAPT,SPANGDAHLEM AB,1,"SAFETY, FIGHTER PILOT, F-16"
S011F3H,LT,AVIANO,1,"SAFETY, FIGHTER PILOT, F-16"
S011F3H,LT,KUNSAN,1,"SAFETY, FIGHTER PILOT, F-16"
S011F3H,LTCOL,KUNSAN,1,"SAFETY, FIGHTER PILOT, F-16"
S011F3H,LTCOL,MISAWA,1,"SAFETY, FIGHTER PILOT, F-16"
S011F3H,LTCOL,SHAW,1,"SAFETY, FIGHTER PILOT, F-16"
S011F3H,LTCOL,SPANGDAHLEM AB,1,"SAFETY, FIGHTER PILOT, F-16"
S011F3H,MAJOR,AVIANO,1,"SAFETY, FIGHTER PILOT, F-16"
S011F3H,MAJOR,HOLLOMAN,4,"SAFETY, FIGHTER PILOT, F-16"
S011F3H,MAJOR,LUKE,1,"SAFETY, FIGHTER PILOT, F-16"
S011F3H,MAJOR,MISAWA,1,"SAFETY, FIGHTER PILOT, F-16"
S011F3H,MAJOR,SHAW,3,"SAFETY, FIGHTER PILOT, F-16"
S011F3J,CAPT,JB ELMENDORF-RICH,1,"SAFETY, FIGHTER PILOT, F-22"
S011F3J,CAPT,JB LANGLEY-EUSTIS,2,"SAFETY, FIGHTER PILOT, F-22"
S011F3J,CAPT,JB PRL HBR-HICKAM,1,"SAFETY, FIGHTER PILOT, F-22"
S011F3J,LT,JB ELMENDORF-RICH,1,"SAFETY, FIGHTER PILOT, F-22"
S011F3J,LTCOL,JB LANGLEY-EUSTIS,1,"SAFETY, FIGHTER PILOT, F-22"
S011F3J,MAJOR,JB LANGLEY-EUSTIS,3,"SAFETY, FIGHTER PILOT, F-22"
S011F3N,CAPT,EIELSON,2,"SAFETY, FIGHTER PILOT, F-35"
S011F3N,CAPT,HILL,1,"SAFETY, FIGHTER PILOT, F-35"
S011F3N,CAPT,LAKENHEATH,2,"SAFETY, FIGHTER PILOT, F-35"
S011F3N,CAPT,MISAWA,1,"SAFETY, FIGHTER PILOT, F-35"
S011F3N,CAPT,TYNDALL,1,"SAFETY, FIGHTER PILOT, F-35"
S011F3N,LTCOL,EGLIN,1,"SAFETY, FIGHTER PILOT, F-35"
S011F3N,LTCOL,HILL,1,"SAFETY, FIGHTER PILOT, F-35"
S011F3N,LTCOL,LUKE,1,"SAFETY, FIGHTER PILOT, F-35"
S011F3N,LTCOL,TYNDALL,1,"SAFETY, FIGHTER PILOT, F-35"
S011F3N,MAJOR,EBBING ANGB,1,"SAFETY, FIGHTER PILOT, F-35"
S011F3N,MAJOR,EGLIN,3,"SAFETY, FIGHTER PILOT, F-35"
S011F3N,MAJOR,EIELSON,1,"SAFETY, FIGHTER PILOT, F-35"
S011F3N,MAJOR,HILL,3,"SAFETY, FIGHTER PILOT, F-35"
S011F3N,MAJOR,LAKENHEATH,1,"SAFETY, FIGHTER PILOT, F-35"
S011F3N,MAJOR,LUKE,6,"SAFETY, FIGHTER PILOT, F-35"
S011F3N,MAJOR,MISAWA,2,"SAFETY, FIGHTER PILOT, F-35"
S011F3N,MAJOR,NELLIS,1,"SAFETY, FIGHTER PILOT, F-35"
S011F3N,MAJOR,TYNDALL,2,"SAFETY, FIGHTER PILOT, F-35"
S011F3Q,CAPT,SHEPPARD,1,"SAFETY, FIGHTER PILOT, IFF (AT-38/T-38C)"
S011F3Y,CAPT,EGLIN,1,"SAFETY, FIGHTER PILOT, GENERAL"
S011F3Y,CAPT,NELLIS,3,"SAFETY, FIGHTER PILOT, GENERAL"
S011F3Y,CAPT,OSAN AB,1,"SAFETY, FIGHTER PILOT, GENERAL"
S011F3Y,LTCOL,AVIANO,1,"SAFETY, FIGHTER PILOT, GENERAL"
S011F3Y,LTCOL,EGLIN,1,"SAFETY, FIGHTER PILOT, GENERAL"
S011F3Y,LTCOL,EIELSON,1,"SAFETY, FIGHTER PILOT, GENERAL"
S011F3Y,LTCOL,MOUNTAIN HOME,1,"SAFETY, FIGHTER PILOT, GENERAL"
S011F3Y,LTCOL,NELLIS,1,"SAFETY, FIGHTER PILOT, GENERAL"
S011F3Y,LTCOL,OSAN AB,1,"SAFETY, FIGHTER PILOT, GENERAL"
S011F3Y,MAJOR,EIELSON,1,"SAFETY, FIGHTER PILOT, GENERAL"
S011F3Y,MAJOR,OSAN AB,1,"SAFETY, FIGHTER PILOT, GENERAL"
S011F3Z,CAPT,JB LANGLEY-EUSTIS,2,"SAFETY, FIGHTER PILOT, OTHER"
S011F4B,LTCOL,OSAN AB,1,"SAFETY, FIGHTER PILOT, A-10"
S011F4F,MAJOR,JB LANGLEY-EUSTIS,1,"SAFETY, FIGHTER PILOT, F-15"
S011F4H,MAJOR,JB LANGLEY-EUSTIS,1,"SAFETY, FIGHTER PILOT, F-16"
S011F4Y,COL,JB LANGLEY-EUSTIS,1,"SAFETY, FIGHTER PILOT, GENERAL"
S011F4Y,COL,KIRTLAND,1,"SAFETY, FIGHTER PILOT, GENERAL"
S011F4Y,COL,PENTAGON,1,"SAFETY, FIGHTER PILOT, GENERAL"
S011F4Y,COL,RAMSTEIN,1,"SAFETY, FIGHTER PILOT, GENERAL"
S011F4Y,LTCOL,JB PRL HBR-HICKAM,1,"SAFETY, FIGHTER PILOT, GENERAL"
S011F4Y,LTCOL,KIRTLAND,1,"SAFETY, FIGHTER PILOT, GENERAL"
S011F4Y,LTCOL,PENTAGON,1,"SAFETY, FIGHTER PILOT, GENERAL"
S011F4Y,MAJOR,KIRTLAND,1,"SAFETY, FIGHTER PILOT, GENERAL"
S011F4Y,MAJOR,SHAW,1,"SAFETY, FIGHTER PILOT, GENERAL"
S011G3,CAPT,EDWARDS,1,"SAFETY, GENERALIST PILOT"
S011G3,CAPT,JB ELMENDORF-RICH,1,"SAFETY, GENERALIST PILOT"
S011G3,CAPT,WRIGHT PATTERSON,1,"SAFETY, GENERALIST PILOT"
S011G3,COL,EGLIN,1,"SAFETY, GENERALIST PILOT"
S011G3,LTCOL,ANDERSEN,1,"SAFETY, GENERALIST PILOT"
S011G3,LTCOL,EDWARDS,1,"SAFETY, GENERALIST PILOT"
S011G3,LTCOL,JB ELMENDORF-RICH,1,"SAFETY, GENERALIST PILOT"
S011G3,LTCOL,YOKOTA,1,"SAFETY, GENERALIST PILOT"
S011G3,MAJOR,EDWARDS,1,"SAFETY, GENERALIST PILOT"
S011G3,MAJOR,HILL,1,"SAFETY, GENERALIST PILOT"
S011G3,MAJOR,JB ELMENDORF-RICH,1,"SAFETY, GENERALIST PILOT"
S011G4,CAPT,RAMSTEIN,1,"SAFETY, GENERALIST PILOT"
S011G4,COL,KIRTLAND,1,"SAFETY, GENERALIST PILOT"
S011G4,LTCOL,DAVIS-MONTHAN,1,"SAFETY, GENERALIST PILOT"
S011G4,LTCOL,FT LEE,2,"SAFETY, GENERALIST PILOT"
S011G4,LTCOL,JB ELMENDORF-RICH,1,"SAFETY, GENERALIST PILOT"
S011G4,LTCOL,JB LANGLEY-EUSTIS,1,"SAFETY, GENERALIST PILOT"
S011G4,LTCOL,JB PRL HBR-HICKAM,1,"SAFETY, GENERALIST PILOT"
S011G4,LTCOL,KIRTLAND,1,"SAFETY, GENERALIST PILOT"
S011G4,LTCOL,NELLIS,1,"SAFETY, GENERALIST PILOT"
S011G4,LTCOL,RAMSTEIN,1,"SAFETY, GENERALIST PILOT"
S011G4,LTCOL,SHAW,1,"SAFETY, GENERALIST PILOT"
S011G4,LTCOL,USAF ACADEMY,2,"SAFETY, GENERALIST PILOT"
S011G4,LTCOL,WRIGHT PATTERSON,1,"SAFETY, GENERALIST PILOT"
S011G4,LTCOL,YOKOTA,1,"SAFETY, GENERALIST PILOT"
S011G4,MAJOR,EDWARDS,1,"SAFETY, GENERALIST PILOT"
S011G4,MAJOR,FT LEE,1,"SAFETY, GENERALIST PILOT"
S011G4,MAJOR,KIRTLAND,2,"SAFETY, GENERALIST PILOT"
S011G4,MAJOR,WRIGHT PATTERSON,2,"SAFETY, GENERALIST PILOT"
S011H3C,CAPT,F E WARREN,1,"SAFETY, RESCUE PILOT, UH-1N"
S011H3C,CAPT,FAIRCHILD,1,"SAFETY, RESCUE PILOT, UH-1N"
S011H3C,CAPT,MALMSTROM,1,"SAFETY, RESCUE PILOT, UH-1N"
S011H3C,MAJOR,JB ANDREWS,1,"SAFETY, RESCUE PILOT, UH-1N"
S011H3C,MAJOR,MINOT,1,"SAFETY, RESCUE PILOT, UH-1N"
S011H3E,CAPT,DAVIS-MONTHAN,2,"SAFETY, RESCUE PILOT, HH-60"
S011H3E,CAPT,KADENA,1,"SAFETY, RESCUE PILOT, HH-60"
S011H3E,CAPT,MOODY,1,"SAFETY, RESCUE PILOT, HH-60"
S011H3E,LT,AVIANO,1,"SAFETY, RESCUE PILOT, HH-60"
S011H3E,MAJOR,MOODY,1,"SAFETY, RESCUE PILOT, HH-60"
S011H3E,MAJOR,NELLIS,2,"SAFETY, RESCUE PILOT, HH-60"
S011H3G,CAPT,MALMSTROM,1,"SAFETY, RESCUE PILOT, MH-139A, AIRCRAFT COMMANDER"
S011H3G,LTCOL,MAXWELL,1,"SAFETY, RESCUE PILOT, MH-139A, AIRCRAFT COMMANDER"
S011H3J,CAPT,DAVIS-MONTHAN,2,"SAFETY, RESCUE PILOT, HC-130J"
S011H3J,CAPT,KIRTLAND,1,"SAFETY, RESCUE PILOT, HC-130J"
S011H3J,MAJOR,MOODY,1,"SAFETY, RESCUE PILOT, HC-130J"
S011H3Y,CAPT,KIRTLAND,2,"SAFETY, RESCUE PILOT, GENERAL"
S011H3Y,MAJOR,FAIRCHILD,1,"SAFETY, RESCUE PILOT, GENERAL"
S011H3Z,LTCOL,JB ANDREWS,1,"SAFETY, RESCUE PILOT, OTHER"
S011H3Z,MAJOR,JB ANDREWS,1,"SAFETY, RESCUE PILOT, OTHER"
S011H4C,CAPT,F E WARREN,1,"SAFETY, RESCUE PILOT, UH-1N"
S011H4C,COL,JB ANDREWS,1,"SAFETY, RESCUE PILOT, UH-1N"
S011H4C,MAJOR,BARKSDALE,1,"SAFETY, RESCUE PILOT, UH-1N"
S011H4C,MAJOR,JB ANDREWS,1,"SAFETY, RESCUE PILOT, UH-1N"
S011H4Y,MAJOR,KIRTLAND,1,"SAFETY, RESCUE PILOT, GENERAL"
S011K3A,CAPT,COLUMBUS,1,"SAFETY, TRAINER PILOT, T-1"
S011K3A,CAPT,LAUGHLIN,1,"SAFETY, TRAINER PILOT, T-1"
S011K3A,CAPT,VANCE,1,"SAFETY, TRAINER PILOT, T-1"
S011K3D,CAPT,COLUMBUS,1,"SAFETY, TRAINER PILOT, T-38"
S011K3D,CAPT,JBSA RANDOLPH,1,"SAFETY, TRAINER PILOT, T-38"
S011K3D,CAPT,LAUGHLIN,1,"SAFETY, TRAINER PILOT, T-38"
S011K3D,CAPT,SHEPPARD,1,"SAFETY, TRAINER PILOT, T-38"
S011K3D,LT,WHITEMAN,1,"SAFETY, TRAINER PILOT, T-38"
S011K3D,MAJOR,VANCE,1,"SAFETY, TRAINER PILOT, T-38"
S011K3F,CAPT,JBSA RANDOLPH,1,"SAFETY, TRAINER PILOT, T-6"
S011K3F,CAPT,PENSACOLA NAS CHE,1,"SAFETY, TRAINER PILOT, T-6"
S011K3F,CAPT,SHEPPARD,1,"SAFETY, TRAINER PILOT, T-6"
S011K3F,MAJOR,COLUMBUS,1,"SAFETY, TRAINER PILOT, T-6"
S011K3F,MAJOR,LAUGHLIN,1,"SAFETY, TRAINER PILOT, T-6"
S011K3F,MAJOR,VANCE,1,"SAFETY, TRAINER PILOT, T-6"
S011K3J,CAPT,FT RUCKER,1,"SAFETY, TRAINER PILOT, SUPT-H"
S011K3Q,MAJOR,JBSA RANDOLPH,1,"SAFETY, TRAINER PILOT, T-7"
S011K3Y,LTCOL,COLUMBUS,1,"SAFETY, TRAINER PILOT, GENERAL"
S011K3Y,LTCOL,JBSA RANDOLPH,1,"SAFETY, TRAINER PILOT, GENERAL"
S011K3Y,LTCOL,LAUGHLIN,1,"SAFETY, TRAINER PILOT, GENERAL"
S011K3Y,LTCOL,VANCE,1,"SAFETY, TRAINER PILOT, GENERAL"
S011K3Y,MAJOR,SHEPPARD,1,"SAFETY, TRAINER PILOT, GENERAL"
S011K3Z,CAPT,USAF ACADEMY,4,"SAFETY, TRAINER PILOT, OTHER"
S011M2K,CAPT,TRAVIS,1,"SAFETY, MOBILITY PILOT, C-17"
S011M3A,CAPT,DOVER,1,"SAFETY, MOBILILTY PILOT, C-5"
S011M3A,CAPT,TRAVIS,1,"SAFETY, MOBILILTY PILOT, C-5"
S011M3A,MAJOR,DOVER,1,"SAFETY, MOBILILTY PILOT, C-5"
S011M3A,MAJOR,TRAVIS,1,"SAFETY, MOBILILTY PILOT, C-5"
S011M3C,CAPT,DYESS,3,"SAFETY, MOBILITY PILOT, C-130J"
S011M3C,CAPT,LITTLE ROCK,4,"SAFETY, MOBILITY PILOT, C-130J"
S011M3C,CAPT,YOKOTA,1,"SAFETY, MOBILITY PILOT, C-130J"
S011M3C,LTCOL,DYESS,1,"SAFETY, MOBILITY PILOT, C-130J"
S011M3C,LTCOL,LITTLE ROCK,1,"SAFETY, MOBILITY PILOT, C-130J"
S011M3C,MAJOR,YOKOTA,1,"SAFETY, MOBILITY PILOT, C-130J"
S011M3F,CAPT,BIRMINGHAM,1,"SAFETY, MOBILITY PILOT, KC-135"
S011M3F,CAPT,EIELSON,1,"SAFETY, MOBILITY PILOT, KC-135"
S011M3F,CAPT,FAIRCHILD,4,"SAFETY, MOBILITY PILOT, KC-135"
S011M3F,CAPT,KADENA,1,"SAFETY, MOBILITY PILOT, KC-135"
S011M3F,CAPT,MACDILL,2,"SAFETY, MOBILITY PILOT, KC-135"
S011M3F,CAPT,MARCH,1,"SAFETY, MOBILITY PILOT, KC-135"
S011M3F,CAPT,MCCONNELL,1,"SAFETY, MOBILITY PILOT, KC-135"
S011M3F,CAPT,MILDENHALL,1,"SAFETY, MOBILITY PILOT, KC-135"
S011M3F,CAPT,SCOTT,1,"SAFETY, MOBILITY PILOT, KC-135"
S011M3F,LTCOL,FAIRCHILD,1,"SAFETY, MOBILITY PILOT, KC-135"
S011M3F,LTCOL,KADENA,1,"SAFETY, MOBILITY PILOT, KC-135"
S011M3F,LTCOL,MILDENHALL,1,"SAFETY, MOBILITY PILOT, KC-135"
S011M3F,MAJOR,FAIRCHILD,1,"SAFETY, MOBILITY PILOT, KC-135"
S011M3F,MAJOR,KADENA,1,"SAFETY, MOBILITY PILOT, KC-135"
S011M3F,MAJOR,MACDILL,1,"SAFETY, MOBILITY PILOT, KC-135"
S011M3F,MAJOR,MCCONNELL,1,"SAFETY, MOBILITY PILOT, KC-135"
S011M3K,CAPT,DOVER,1,"SAFETY, MOBILITY PILOT, C-17"
S011M3K,CAPT,JB CHARLESTON,3,"SAFETY, MOBILITY PILOT, C-17"
S011M3K,CAPT,JBLM MCCHORD,3,"SAFETY, MOBILITY PILOT, C-17"
S011M3K,LTCOL,JB CHARLESTON,1,"SAFETY, MOBILITY PILOT, C-17"
S011M3K,LTCOL,JBLM MCCHORD,1,"SAFETY, MOBILITY PILOT, C-17"
S011M3K,MAJOR,ALTUS,1,"SAFETY, MOBILITY PILOT, C-17"
S011M3K,MAJOR,DOVER,1,"SAFETY, MOBILITY PILOT, C-17"
S011M3K,MAJOR,JB CHARLESTON,2,"SAFETY, MOBILITY PILOT, C-17"
S011M3K,MAJOR,JBLM MCCHORD,1,"SAFETY, MOBILITY PILOT, C-17"
S011M3K,MAJOR,JBMDL MCGUIRE,2,"SAFETY, MOBILITY PILOT, C-17"
S011M3K,MAJOR,TRAVIS,1,"SAFETY, MOBILITY PILOT, C-17"
S011M3L,CAPT,JB ANDREWS,1,"SAFETY, MOBILITY PILOT, C-20/C-37"
S011M3M,CAPT,SCOTT,1,"SAFETY, MOBILITY PILOT, C-21"
S011M3M,MAJOR,SCOTT,1,"SAFETY, MOBILITY PILOT, C-21"
S011M3P,CAPT,JB ANDREWS,1,"SAFETY, MOBILITY PILOT, C-32"
S011M3Q,LTCOL,SCOTT,1,"SAFETY, MOBILITY PILOT, C-40"
S011M3R,CAPT,MCCONNELL,2,"SAFETY (FLIGHT), MOBILITY PILOT, KC-46 (KC-X)"
S011M3R,CAPT,PEASE,1,"SAFETY (FLIGHT), MOBILITY PILOT, KC-46 (KC-X)"
S011M3R,CAPT,SEYMOUR JOHNSON,1,"SAFETY (FLIGHT), MOBILITY PILOT, KC-46 (KC-X)"
S011M3R,CAPT,TRAVIS,1,"SAFETY (FLIGHT), MOBILITY PILOT, KC-46 (KC-X)"
S011M3R,LTCOL,MCCONNELL,1,"SAFETY (FLIGHT), MOBILITY PILOT, KC-46 (KC-X)"
S011M3R,MAJOR,ALTUS,1,"SAFETY (FLIGHT), MOBILITY PILOT, KC-46 (KC-X)"
S011M3R,MAJOR,JBMDL MCGUIRE,3,"SAFETY (FLIGHT), MOBILITY PILOT, KC-46 (KC-X)"
S011M3R,MAJOR,MCCONNELL,1,"SAFETY (FLIGHT), MOBILITY PILOT, KC-46 (KC-X)"
S011M3R,MAJOR,TRAVIS,2,"SAFETY (FLIGHT), MOBILITY PILOT, KC-46 (KC-X)"
S011M3S,CAPT,RAMSTEIN,1,"SAFETY, MOBILITY PILOT, AIRLIFT, GENERAL"
S011M3S,LTCOL,JB PRL HBR-HICKAM,1,"SAFETY, MOBILITY PILOT, AIRLIFT, GENERAL"
S011M3S,LTCOL,POPE AAF,1,"SAFETY, MOBILITY PILOT, AIRLIFT, GENERAL"
S011M3S,LTCOL,RAMSTEIN,2,"SAFETY, MOBILITY PILOT, AIRLIFT, GENERAL"
S011M3S,MAJOR,JB PRL HBR-HICKAM,1,"SAFETY, MOBILITY PILOT, AIRLIFT, GENERAL"
S011M3S,MAJOR,RAMSTEIN,1,"SAFETY, MOBILITY PILOT, AIRLIFT, GENERAL"
S011M3S,MAJOR,ROBINS,1,"SAFETY, MOBILITY PILOT, AIRLIFT, GENERAL"
S011M3T,LTCOL,INCIRLIK AB,1,"SAFETY, MOBILITY PILOT, TANKER, GENERAL"
S011M3T,MAJOR,ALTUS,1,"SAFETY, MOBILITY PILOT, TANKER, GENERAL"
S011M3V,CAPT,JBMDL MCGUIRE,1,"SAFETY, MOBILITY PILOT, INTER-THEATER ALFT, GENERAL"
S011M3W,LTCOL,LITTLE ROCK,1,"SAFETY, MOBILITY PILOT, INTRA-THEATER ALFT, GENERAL"
S011M3Y,LTCOL,ALTUS,1,"SAFETY, MOBILITY PILOT, GENERAL"
S011M3Y,LTCOL,DOVER,1,"SAFETY, MOBILITY PILOT, GENERAL"
S011M3Y,LTCOL,JB ANDREWS,1,"SAFETY, MOBILITY PILOT, GENERAL"
S011M3Y,LTCOL,JBMDL MCGUIRE,1,"SAFETY, MOBILITY PILOT, GENERAL"
S011M3Y,LTCOL,MACDILL,1,"SAFETY, MOBILITY PILOT, GENERAL"
S011M3Y,LTCOL,TRAVIS,1,"SAFETY, MOBILITY PILOT, GENERAL"
S011M3Y,MAJOR,JB ANDREWS,1,"SAFETY, MOBILITY PILOT, GENERAL"
S011M4S,CAPT,TINKER,1,"SAFETY, MOBILITY PILOT, AIRLIFT, GENERAL"
S011M4S,LTCOL,JBSA RANDOLPH,2,"SAFETY, MOBILITY PILOT, AIRLIFT, GENERAL"
S011M4S,MAJOR,KIRTLAND,1,"SAFETY, MOBILITY PILOT, AIRLIFT, GENERAL"
S011M4S,MAJOR,RAMSTEIN,1,"SAFETY, MOBILITY PILOT, AIRLIFT, GENERAL"
S011M4S,MAJOR,SCOTT,1,"SAFETY, MOBILITY PILOT, AIRLIFT, GENERAL"
S011M4Y,COL,JBSA RANDOLPH,1,"SAFETY, MOBILITY PILOT, GENERAL"
S011M4Y,LTCOL,SCOTT,1,"SAFETY, MOBILITY PILOT, GENERAL"
S011M4Y,MAJOR,SCOTT,1,"SAFETY, MOBILITY PILOT, GENERAL"
S011R2C,CAPT,DAVIS-MONTHAN,1,"SAFETY, RECON SURVEIL EW PILOT, EC-130"
S011R3A,CAPT,KADENA,1,"SAFETY, RECON SURVEIL EW PILOT, E-3"
S011R3A,CAPT,TINKER,4,"SAFETY, RECON SURVEIL EW PILOT, E-3"
S011R3A,MAJOR,GEILENKIRCHEN,1,"SAFETY, RECON SURVEIL EW PILOT, E-3"
S011R3A,MAJOR,TINKER,3,"SAFETY, RECON SURVEIL EW PILOT, E-3"
S011R3B,LT,OFFUTT,1,"SAFETY, RECON SURVEIL EW PILOT, E-4"
S011R3C,CAPT,DAVIS-MONTHAN,1,"SAFETY, RECON SURVEIL EW PILOT, EC-130"
S011R3C,MAJOR,DAVIS-MONTHAN,1,"SAFETY, RECON SURVEIL EW PILOT, EC-130"
S011R3G,CAPT,KADENA,1,"SAFETY, RECON SURVEIL EW PILOT, RC-135"
S011R3G,CAPT,MILDENHALL,1,"SAFETY, RECON SURVEIL EW PILOT, RC-135"
S011R3G,CAPT,OFFUTT,2,"SAFETY, RECON SURVEIL EW PILOT, RC-135"
S011R3G,LT,OFFUTT,1,"SAFETY, RECON SURVEIL EW PILOT, RC-135"
S011R3J,CAPT,BEALE,2,"SAFETY, RECON SURVEIL EW PILOT, TR-1/U-2"
S011R3J,LTCOL,BEALE,1,"SAFETY, RECON SURVEIL EW PILOT, TR-1/U-2"
S011R3J,MAJOR,BEALE,2,"SAFETY, RECON SURVEIL EW PILOT, TR-1/U-2"
S011R3Y,LTCOL,OFFUTT,1,"SAFETY, RECON SURVEIL EW PILOT, GENERAL"
S011R3Y,MAJOR,OFFUTT,1,"SAFETY, RECON SURVEIL EW PILOT, GENERAL"
S011R4A,LTCOL,TINKER,1,"SAFETY, RECON SURVEIL EW PILOT, E-3"
S011R4Y,MAJOR,JBSA LACKLAND,1,"SAFETY, RECON SURVEIL EW PILOT, GENERAL"
S011S3J,CAPT,KIRTLAND,1,"SAFETY, SPECIAL OPS PILOT, CV-22"
S011S3J,CAPT,YOKOTA,1,"SAFETY, SPECIAL OPS PILOT, CV-22"
S011S3M,CAPT,DATA MASKED,2,"SAFETY, SPECIAL OPS PILOT, AIR COMMANDO"
S011S3M,MAJOR,DATA MASKED,2,"SAFETY, SPECIAL OPS PILOT, AIR COMMANDO"
S011S3M,MAJOR,MILDENHALL,1,"SAFETY, SPECIAL OPS PILOT, AIR COMMANDO"
S011S3P,CAPT,KIRTLAND,1,"SAFETY, SPECIAL OPS PILOT, MC-130J"
S011S3Y,CAPT,CANNON,3,"SAFETY, SPECIAL OPS PILOT, GENERAL"
S011S3Y,CAPT,HURLBURT FIELD,5,"SAFETY, SPECIAL OPS PILOT, GENERAL"
S011S3Y,CAPT,KADENA,1,"SAFETY, SPECIAL OPS PILOT, GENERAL"
S011S3Y,CAPT,MILDENHALL,1,"SAFETY, SPECIAL OPS PILOT, GENERAL"
S011S3Y,LTCOL,CANNON,1,"SAFETY, SPECIAL OPS PILOT, GENERAL"
S011S3Y,LTCOL,HURLBURT FIELD,1,"SAFETY, SPECIAL OPS PILOT, GENERAL"
S011S3Y,LTCOL,KIRTLAND,1,"SAFETY, SPECIAL OPS PILOT, GENERAL"
S011S3Y,MAJOR,HURLBURT FIELD,1,"SAFETY, SPECIAL OPS PILOT, GENERAL"
S011S3Y,MAJOR,KADENA,1,"SAFETY, SPECIAL OPS PILOT, GENERAL"
S011S3Y,MAJOR,KIRTLAND,1,"SAFETY, SPECIAL OPS PILOT, GENERAL"
S011S3Y,MAJOR,MILDENHALL,1,"SAFETY, SPECIAL OPS PILOT, GENERAL"
S011S4Y,COL,HURLBURT FIELD,1,"SAFETY, SPECIAL OPS PILOT, GENERAL"
S011S4Y,MAJOR,FT BRAGG,1,"SAFETY, SPECIAL OPS PILOT, GENERAL"
S011S4Y,MAJOR,HURLBURT FIELD,2,"SAFETY, SPECIAL OPS PILOT, GENERAL"
S011S4Z,MAJOR,FT BRAGG,1,"SAFETY, SPECIAL OPS PILOT, OTHER"
T011B3A,CAPT,DYESS,9,"FORMAL TNG INSTR, BOMBER PILOT, B-1"
T011B3A,MAJOR,DYESS,9,"FORMAL TNG INSTR, BOMBER PILOT, B-1"
T011B3B,CAPT,WHITEMAN,2,"FORMAL TNG INSTR, BOMBER PILOT, B-2"
T011B3B,MAJOR,WHITEMAN,4,"FORMAL TNG INSTR, BOMBER PILOT, B-2"
T011B3C,CAPT,BARKSDALE,8,"FORMAL TNG INSTR, BOMBER PILOT, B-52"
T011B3C,LTCOL,BARKSDALE,1,"FORMAL TNG INSTR, BOMBER PILOT, B-52"
T011B3C,MAJOR,BARKSDALE,2,"FORMAL TNG INSTR, BOMBER PILOT, B-52"
T011B3D,MAJOR,ELLSWORTH,2,"FORMAL TNG INSTR, BOMBER PILOT, B-21"
T011B3Y,CAPT,TINKER,1,"FORMAL TNG INSTR, BOMBER PILOT, GENERAL"
T011B3Y,COL,FT MCNAIR,1,"FORMAL TNG INSTR, BOMBER PILOT, GENERAL"
T011B3Y,MAJOR,MAXWELL,1,"FORMAL TNG INSTR, BOMBER PILOT, GENERAL"
T011B4Y,MAJOR,FT LEAVENWORTH,1,"FORMAL TNG INSTR, BOMBER PILOT, GENERAL"
T011E3B,LTCOL,EDWARDS,2,"FORMAL TNG INSTR, EXPER TEST PILOT, FIGHTER"
T011E3B,MAJOR,EDWARDS,3,"FORMAL TNG INSTR, EXPER TEST PILOT, FIGHTER"
T011E3D,MAJOR,EDWARDS,2,"FORMAL TNG INSTR, EXPER TEST PILOT, AIRLIFT"
T011E3E,MAJOR,EDWARDS,1,"FORMAL TNG INSTR, EXPER TEST PILOT, TANKER"
T011E3F,MAJOR,EDWARDS,1,"FORMAL TNG INSTR, EXPER TEST PILOT, BOMBER"
T011E3G,MAJOR,EDWARDS,1,"FORMAL TNG INSTR, EXPER TEST PILOT, RPA"
T011E3Y,CAPT,USAF ACADEMY,1,"FORMAL TNG INSTR, EXPER TEST PILOT, GENERAL"
T011E3Y,LTCOL,EDWARDS,1,"FORMAL TNG INSTR, EXPER TEST PILOT, GENERAL"
T011E3Y,MAJOR,EDWARDS,1,"FORMAL TNG INSTR, EXPER TEST PILOT, GENERAL"
T011E3Z,LTCOL,EDWARDS,1,"FORMAL TNG INSTR, EXPER TEST PILOT, OTHER"
T011E3Z,MAJOR,EDWARDS,1,"FORMAL TNG INSTR, EXPER TEST PILOT, OTHER"
T011E3Z,MAJOR,PATUXENT RIVER NA,1,"FORMAL TNG INSTR, EXPER TEST PILOT, OTHER"
T011F3B,CAPT,DAVIS-MONTHAN,21,"FORMAL TNG INSTR, FIGHTER PILOT, A-10"
T011F3B,MAJOR,DAVIS-MONTHAN,1,"FORMAL TNG INSTR, FIGHTER PILOT, A-10"
T011F3F,CAPT,KINGSLEY,7,"FORMAL TNG INSTR, FIGHTER PILOT, F-15"
T011F3F,MAJOR,KINGSLEY,1,"FORMAL TNG INSTR, FIGHTER PILOT, F-15"
T011F3G,CAPT,SEYMOUR JOHNSON,44,"FORMAL TNG INSTR, FIGHTER PILOT, F-15E"
T011F3G,LT,SEYMOUR JOHNSON,3,"FORMAL TNG INSTR, FIGHTER PILOT, F-15E"
T011F3G,MAJOR,SEYMOUR JOHNSON,2,"FORMAL TNG INSTR, FIGHTER PILOT, F-15E"
T011F3H,CAPT,HOLLOMAN,78,"FORMAL TNG INSTR, FIGHTER PILOT, F-16"
T011F3H,CAPT,LUKE,12,"FORMAL TNG INSTR, FIGHTER PILOT, F-16"
T011F3H,CAPT,MORRIS,5,"FORMAL TNG INSTR, FIGHTER PILOT, F-16"
T011F3H,MAJOR,HOLLOMAN,10,"FORMAL TNG INSTR, FIGHTER PILOT, F-16"
T011F3H,MAJOR,LUKE,4,"FORMAL TNG INSTR, FIGHTER PILOT, F-16"
T011F3J,CAPT,JB LANGLEY-EUSTIS,14,"FORMAL TNG INSTR, FIGHTER PILOT, F-22"
T011F3J,MAJOR,JB LANGLEY-EUSTIS,2,"FORMAL TNG INSTR, FIGHTER PILOT, F-22"
T011F3N,CAPT,EBBING ANGB,6,"FORMAL TNG INSTR, FIGHTER PILOT, F-35"
T011F3N,CAPT,EGLIN,42,"FORMAL TNG INSTR, FIGHTER PILOT, F-35"
T011F3N,CAPT,LUKE,76,"FORMAL TNG INSTR, FIGHTER PILOT, F-35"
T011F3N,LTCOL,EGLIN,1,"FORMAL TNG INSTR, FIGHTER PILOT, F-35"
T011F3N,LTCOL,LUKE,1,"FORMAL TNG INSTR, FIGHTER PILOT, F-35"
T011F3N,MAJOR,EBBING ANGB,8,"FORMAL TNG INSTR, FIGHTER PILOT, F-35"
T011F3N,MAJOR,EGLIN,6,"FORMAL TNG INSTR, FIGHTER PILOT, F-35"
T011F3N,MAJOR,LUKE,37,"FORMAL TNG INSTR, FIGHTER PILOT, F-35"
T011F3Q,CAPT,COLUMBUS,1,"FORMAL TNG INSTR, FIGHTER PILOT, IFF (AT-38/T-38C)"
T011F3Q,CAPT,JBSA RANDOLPH,2,"FORMAL TNG INSTR, FIGHTER PILOT, IFF (AT-38/T-38C)"
T011F3Q,CAPT,SHEPPARD,16,"FORMAL TNG INSTR, FIGHTER PILOT, IFF (AT-38/T-38C)"
T011F3Q,MAJOR,SHEPPARD,1,"FORMAL TNG INSTR, FIGHTER PILOT, IFF (AT-38/T-38C)"
T011F3Y,CAPT,JB LANGLEY-EUSTIS,2,"FORMAL TNG INSTR, FIGHTER PILOT, GENERAL"
T011F3Y,CAPT,TINKER,1,"FORMAL TNG INSTR, FIGHTER PILOT, GENERAL"
T011F3Y,LTCOL,TINKER,1,"FORMAL TNG INSTR, FIGHTER PILOT, GENERAL"
T011F3Y,MAJOR,TINKER,1,"FORMAL TNG INSTR, FIGHTER PILOT, GENERAL"
T011F4B,MAJOR,FT LEAVENWORTH,1,"FORMAL TNG INSTR, FIGHTER PILOT, A-10"
T011F4H,MAJOR,FT LEAVENWORTH,1,"FORMAL TNG INSTR, FIGHTER PILOT, F-16"
T011G3,CAPT,JBSA LACKLAND,1,"FORMAL TNG INSTR, GENERALIST PILOT"
T011G3,CAPT,USAF ACADEMY,13,"FORMAL TNG INSTR, GENERALIST PILOT"
T011G3,COL,USAF ACADEMY,5,"FORMAL TNG INSTR, GENERALIST PILOT"
T011G3,LTCOL,MAXWELL,1,"FORMAL TNG INSTR, GENERALIST PILOT"
T011G3,LTCOL,USAF ACADEMY,11,"FORMAL TNG INSTR, GENERALIST PILOT"
T011G3,MAJOR,DYESS,1,"FORMAL TNG INSTR, GENERALIST PILOT"
T011G3,MAJOR,USAF ACADEMY,13,"FORMAL TNG INSTR, GENERALIST PILOT"
T011G4,LTCOL,USAF ACADEMY,1,"FORMAL TNG INSTR, GENERALIST PILOT"
T011H3C,CAPT,KIRTLAND,9,"FORMAL TNG INSTR, RESCUE PILOT, UH-1N"
T011H3E,CAPT,KIRTLAND,16,"FORMAL TNG INSTR, RESCUE PILOT, HH-60"
T011H3E,MAJOR,KIRTLAND,2,"FORMAL TNG INSTR, RESCUE PILOT, HH-60"
T011H3G,CAPT,MALMSTROM,10,"FORMAL TNG INSTR, RESCUE PILOT, MH-139A, AIRCRAFT COMMANDER"
T011H3G,CAPT,MAXWELL,3,"FORMAL TNG INSTR, RESCUE PILOT, MH-139A, AIRCRAFT COMMANDER"
T011H3G,MAJOR,MALMSTROM,2,"FORMAL TNG INSTR, RESCUE PILOT, MH-139A, AIRCRAFT COMMANDER"
T011H3J,CAPT,KIRTLAND,8,"FORMAL TNG INSTR, RESCUE PILOT, HC-130J"
T011H3Y,CAPT,KIRTLAND,2,"FORMAL TNG INSTR, RESCUE PILOT, GENERAL"
T011H3Y,MAJOR,KIRTLAND,1,"FORMAL TNG INSTR, RESCUE PILOT, GENERAL"
T011H3Y,MAJOR,YORK COUNTY,1,"FORMAL TNG INSTR, RESCUE PILOT, GENERAL"
T011K3A,CAPT,COLUMBUS,24,"FORMAL TNG INSTR, TRAINER PILOT, T-1"
T011K3A,CAPT,LAUGHLIN,25,"FORMAL TNG INSTR, TRAINER PILOT, T-1"
T011K3A,CAPT,VANCE,23,"FORMAL TNG INSTR, TRAINER PILOT, T-1"
T011K3A,LT,COLUMBUS,27,"FORMAL TNG INSTR, TRAINER PILOT, T-1"
T011K3A,LT,LAUGHLIN,15,"FORMAL TNG INSTR, TRAINER PILOT, T-1"
T011K3A,LT,VANCE,38,"FORMAL TNG INSTR, TRAINER PILOT, T-1"
T011K3A,MAJOR,COLUMBUS,3,"FORMAL TNG INSTR, TRAINER PILOT, T-1"
T011K3A,MAJOR,LAUGHLIN,3,"FORMAL TNG INSTR, TRAINER PILOT, T-1"
T011K3A,MAJOR,VANCE,2,"FORMAL TNG INSTR, TRAINER PILOT, T-1"
T011K3D,CAPT,BEALE,1,"FORMAL TNG INSTR, TRAINER PILOT, T-38"
T011K3D,CAPT,COLUMBUS,28,"FORMAL TNG INSTR, TRAINER PILOT, T-38"
T011K3D,CAPT,JBSA RANDOLPH,40,"FORMAL TNG INSTR, TRAINER PILOT, T-38"
T011K3D,CAPT,LAUGHLIN,23,"FORMAL TNG INSTR, TRAINER PILOT, T-38"
T011K3D,CAPT,SHEPPARD,31,"FORMAL TNG INSTR, TRAINER PILOT, T-38"
T011K3D,CAPT,VANCE,23,"FORMAL TNG INSTR, TRAINER PILOT, T-38"
T011K3D,CAPT,WHITEMAN,3,"FORMAL TNG INSTR, TRAINER PILOT, T-38"
T011K3D,LT,COLUMBUS,23,"FORMAL TNG INSTR, TRAINER PILOT, T-38"
T011K3D,LT,LAUGHLIN,21,"FORMAL TNG INSTR, TRAINER PILOT, T-38"
T011K3D,LT,SHEPPARD,16,"FORMAL TNG INSTR, TRAINER PILOT, T-38"
T011K3D,LT,VANCE,18,"FORMAL TNG INSTR, TRAINER PILOT, T-38"
T011K3D,LT,WHITEMAN,2,"FORMAL TNG INSTR, TRAINER PILOT, T-38"
T011K3D,LTCOL,COLUMBUS,2,"FORMAL TNG INSTR, TRAINER PILOT, T-38"
T011K3D,MAJOR,COLUMBUS,7,"FORMAL TNG INSTR, TRAINER PILOT, T-38"
T011K3D,MAJOR,JBSA RANDOLPH,10,"FORMAL TNG INSTR, TRAINER PILOT, T-38"
T011K3D,MAJOR,LAUGHLIN,2,"FORMAL TNG INSTR, TRAINER PILOT, T-38"
T011K3D,MAJOR,SHEPPARD,4,"FORMAL TNG INSTR, TRAINER PILOT, T-38"
T011K3D,MAJOR,VANCE,2,"FORMAL TNG INSTR, TRAINER PILOT, T-38"
T011K3F,CAPT,COLUMBUS,50,"FORMAL TNG INSTR, TRAINER PILOT, T-6"
T011K3F,CAPT,JBSA RANDOLPH,31,"FORMAL TNG INSTR, TRAINER PILOT, T-6"
T011K3F,CAPT,LAUGHLIN,54,"FORMAL TNG INSTR, TRAINER PILOT, T-6"
T011K3F,CAPT,PENSACOLA NAS CHE,29,"FORMAL TNG INSTR, TRAINER PILOT, T-6"
T011K3F,CAPT,SHEPPARD,38,"FORMAL TNG INSTR, TRAINER PILOT, T-6"
T011K3F,CAPT,VANCE,53,"FORMAL TNG INSTR, TRAINER PILOT, T-6"
T011K3F,CAPT,WHITING FIELD,13,"FORMAL TNG INSTR, TRAINER PILOT, T-6"
T011K3F,LT,COLUMBUS,75,"FORMAL TNG INSTR, TRAINER PILOT, T-6"
T011K3F,LT,JBSA RANDOLPH,1,"FORMAL TNG INSTR, TRAINER PILOT, T-6"
T011K3F,LT,LAUGHLIN,80,"FORMAL TNG INSTR, TRAINER PILOT, T-6"
T011K3F,LT,SHEPPARD,19,"FORMAL TNG INSTR, TRAINER PILOT, T-6"
T011K3F,LT,VANCE,60,"FORMAL TNG INSTR, TRAINER PILOT, T-6"
T011K3F,MAJOR,COLUMBUS,3,"FORMAL TNG INSTR, TRAINER PILOT, T-6"
T011K3F,MAJOR,JBSA RANDOLPH,1,"FORMAL TNG INSTR, TRAINER PILOT, T-6"
T011K3F,MAJOR,LAUGHLIN,4,"FORMAL TNG INSTR, TRAINER PILOT, T-6"
T011K3F,MAJOR,PENSACOLA NAS CHE,1,"FORMAL TNG INSTR, TRAINER PILOT, T-6"
T011K3F,MAJOR,SHEPPARD,1,"FORMAL TNG INSTR, TRAINER PILOT, T-6"
T011K3F,MAJOR,VANCE,2,"FORMAL TNG INSTR, TRAINER PILOT, T-6"
T011K3J,CAPT,DOTHAN,2,"FORMAL TNG INSTR, TRAINER PILOT, SUPT-H"
T011K3J,CAPT,FT RUCKER,17,"FORMAL TNG INSTR, TRAINER PILOT, SUPT-H"
T011K3J,CAPT,WHITING FIELD,1,"FORMAL TNG INSTR, TRAINER PILOT, SUPT-H"
T011K3J,LT,FT RUCKER,4,"FORMAL TNG INSTR, TRAINER PILOT, SUPT-H"
T011K3Q,CAPT,JBSA RANDOLPH,18,"FORMAL TNG INSTR, TRAINER PILOT, T-7"
T011K3Y,CAPT,COLUMBUS,1,"FORMAL TNG INSTR, TRAINER PILOT, GENERAL"
T011K3Y,CAPT,JBSA RANDOLPH,3,"FORMAL TNG INSTR, TRAINER PILOT, GENERAL"
T011K3Y,CAPT,LAUGHLIN,1,"FORMAL TNG INSTR, TRAINER PILOT, GENERAL"
T011K3Y,CAPT,SHEPPARD,5,"FORMAL TNG INSTR, TRAINER PILOT, GENERAL"
T011K3Y,CAPT,VANCE,1,"FORMAL TNG INSTR, TRAINER PILOT, GENERAL"
T011K3Y,MAJOR,JBSA RANDOLPH,1,"FORMAL TNG INSTR, TRAINER PILOT, GENERAL"
T011K3Y,MAJOR,SHEPPARD,3,"FORMAL TNG INSTR, TRAINER PILOT, GENERAL"
T011K3Z,CAPT,PUEBLO,5,"FORMAL TNG INSTR, TRAINER PILOT, OTHER"
T011K3Z,CAPT,USAF ACADEMY,29,"FORMAL TNG INSTR, TRAINER PILOT, OTHER"
T011K3Z,LT,USAF ACADEMY,1,"FORMAL TNG INSTR, TRAINER PILOT, OTHER"
T011K3Z,LTCOL,USAF ACADEMY,1,"FORMAL TNG INSTR, TRAINER PILOT, OTHER"
T011K3Z,MAJOR,USAF ACADEMY,2,"FORMAL TNG INSTR, TRAINER PILOT, OTHER"
T011M3A,CAPT,JBSA LACKLAND,1,"FORMAL TNG INSTR, MOBILILTY PILOT, C-5"
T011M3A,MAJOR,JBSA LACKLAND,1,"FORMAL TNG INSTR, MOBILILTY PILOT, C-5"
T011M3C,CAPT,LITTLE ROCK,32,"FORMAL TNG INSTR, MOBILITY PILOT, C-130J"
T011M3C,LTCOL,LITTLE ROCK,1,"FORMAL TNG INSTR, MOBILITY PILOT, C-130J"
T011M3C,MAJOR,LITTLE ROCK,12,"FORMAL TNG INSTR, MOBILITY PILOT, C-130J"
T011M3F,CAPT,ALTUS,22,"FORMAL TNG INSTR, MOBILITY PILOT, KC-135"
T011M3F,MAJOR,ALTUS,3,"FORMAL TNG INSTR, MOBILITY PILOT, KC-135"
T011M3J,CAPT,EDWARDS,1,"FORMAL TNG INSTR, MOBILITY PILOT, C-12"
T011M3J,MAJOR,EDWARDS,4,"FORMAL TNG INSTR, MOBILITY PILOT, C-12"
T011M3K,CAPT,ALTUS,38,"FORMAL TNG INSTR, MOBILITY PILOT, C-17"
T011M3K,MAJOR,ALTUS,6,"FORMAL TNG INSTR, MOBILITY PILOT, C-17"
T011M3L,CAPT,JB ANDREWS,1,"FORMAL TNG INSTR, MOBILITY PILOT, C-20/C-37"
T011M3L,MAJOR,JB ANDREWS,1,"FORMAL TNG INSTR, MOBILITY PILOT, C-20/C-37"
T011M3M,CAPT,SCOTT,3,"FORMAL TNG INSTR, MOBILITY PILOT, C-21"
T011M3M,LTCOL,SCOTT,1,"FORMAL TNG INSTR, MOBILITY PILOT, C-21"
T011M3R,CAPT,ALTUS,11,"FORMAL TRAINING INSTRUCTOR, MOBILITY PILOT, KC-46 (KC-X)"
T011M3R,CAPT,MCCONNELL,4,"FORMAL TRAINING INSTRUCTOR, MOBILITY PILOT, KC-46 (KC-X)"
T011M3R,MAJOR,ALTUS,8,"FORMAL TRAINING INSTRUCTOR, MOBILITY PILOT, KC-46 (KC-X)"
T011M3R,MAJOR,MCCONNELL,1,"FORMAL TRAINING INSTRUCTOR, MOBILITY PILOT, KC-46 (KC-X)"
T011M3S,MAJOR,TINKER,3,"FORMAL TNG INSTR, MOBILITY PILOT, AIRLIFT, GENERAL"
T011M3T,MAJOR,HURLBURT FIELD,1,"FORMAL TNG INSTR, MOBILITY PILOT, TANKER, GENERAL"
T011M3T,MAJOR,TINKER,2,"FORMAL TNG INSTR, MOBILITY PILOT, TANKER, GENERAL"
T011M3Y,CAPT,ALTUS,7,"FORMAL TNG INSTR, MOBILITY PILOT, GENERAL"
T011M3Y,CAPT,EDWARDS,1,"FORMAL TNG INSTR, MOBILITY PILOT, GENERAL"
T011M3Y,MAJOR,ALTUS,4,"FORMAL TNG INSTR, MOBILITY PILOT, GENERAL"
T011M4K,MAJOR,FT LEAVENWORTH,1,"FORMAL TNG INSTR, MOBILITY PILOT, C-17"
T011M4Y,LTCOL,MAXWELL,1,"FORMAL TNG INSTR, MOBILITY PILOT, GENERAL"
T011R3A,CAPT,TINKER,5,"FORMAL TNG INSTR, RECON SURVEIL EW PILOT, E-3"
T011R3A,MAJOR,GEILENKIRCHEN,2,"FORMAL TNG INSTR, RECON SURVEIL EW PILOT, E-3"
T011R3A,MAJOR,TINKER,1,"FORMAL TNG INSTR, RECON SURVEIL EW PILOT, E-3"
T011R3B,CAPT,OFFUTT,1,"FORMAL TNG INSTR, RECON SURVEIL EW PILOT, E-4"
T011R3B,MAJOR,OFFUTT,2,"FORMAL TNG INSTR, RECON SURVEIL EW PILOT, E-4"
T011R3C,CAPT,DAVIS-MONTHAN,3,"FORMAL TNG INSTR, RECON SURVEIL EW PILOT, EC-130"
T011R3G,CAPT,OFFUTT,13,"FORMAL TNG INSTR, RECON SURVEIL EW PILOT, RC-135"
T011R3G,LTCOL,OFFUTT,1,"FORMAL TNG INSTR, RECON SURVEIL EW PILOT, RC-135"
T011R3G,MAJOR,OFFUTT,3,"FORMAL TNG INSTR, RECON SURVEIL EW PILOT, RC-135"
T011R3J,CAPT,BEALE,3,"FORMAL TNG INSTR, RECON SURVEIL EW PILOT, TR-1/U-2"
T011R3J,MAJOR,BEALE,3,"FORMAL TNG INSTR, RECON SURVEIL EW PILOT, TR-1/U-2"
T011R4C,MAJOR,FT LEAVENWORTH,1,"FORMAL TNG INSTR, RECON SURVEIL EW PILOT, EC-130"
T011S3J,CAPT,KIRTLAND,12,"FORMAL TNG INSTR, SPECIAL OPS PILOT, CV-22"
T011S3J,CAPT,NEW RIVER MCAS,3,"FORMAL TNG INSTR, SPECIAL OPS PILOT, CV-22"
T011S3M,CAPT,DATA MASKED,4,"FORMAL TNG INSTR, SPECIAL OPS PILOT, AIR COMMANDO"
T011S3M,CAPT,DUKE FIELD,8,"FORMAL TNG INSTR, SPECIAL OPS PILOT, AIR COMMANDO"
T011S3M,CAPT,HURLBURT FIELD,1,"FORMAL TNG INSTR, SPECIAL OPS PILOT, AIR COMMANDO"
T011S3M,MAJOR,DATA MASKED,1,"FORMAL TNG INSTR, SPECIAL OPS PILOT, AIR COMMANDO"
T011S3M,MAJOR,DUKE FIELD,1,"FORMAL TNG INSTR, SPECIAL OPS PILOT, AIR COMMANDO"
T011S3M,MAJOR,HURLBURT FIELD,1,"FORMAL TNG INSTR, SPECIAL OPS PILOT, AIR COMMANDO"
T011S3P,CAPT,HURLBURT FIELD,4,"FORMAL TNG INSTR, SPECIAL OPS PILOT, MC-130J"
T011S3P,CAPT,KIRTLAND,6,"FORMAL TNG INSTR, SPECIAL OPS PILOT, MC-130J"
T011S3P,LT,HURLBURT FIELD,1,"FORMAL TNG INSTR, SPECIAL OPS PILOT, MC-130J"
T011S3P,MAJOR,KIRTLAND,2,"FORMAL TNG INSTR, SPECIAL OPS PILOT, MC-130J"
T011S3Q,CAPT,KIRTLAND,6,"FORMAL TNG INSTR, SPECIAL OPS PILOT, AC-130J"
T011S3Q,LTCOL,KIRTLAND,1,"FORMAL TNG INSTR, SPECIAL OPS PILOT, AC-130J"
T011S3Q,MAJOR,KIRTLAND,8,"FORMAL TNG INSTR, SPECIAL OPS PILOT, AC-130J"
T011S3T,CAPT,WILL ROGERS WORLD,7,"FORMAL TNG INSTR, SPECIAL OPS PILOT, OA-1K"
T011S3T,LT,WILL ROGERS WORLD,5,"FORMAL TNG INSTR, SPECIAL OPS PILOT, OA-1K"
T011S3T,MAJOR,WILL ROGERS WORLD,3,"FORMAL TNG INSTR, SPECIAL OPS PILOT, OA-1K"
T011S3X,CAPT,HURLBURT FIELD,14,"FORMAL TNG INSTR, SPECIAL OPS PILOT, U-28"
T011S3Y,CAPT,KIRTLAND,1,"FORMAL TNG INSTR, SPECIAL OPS PILOT, GENERAL"
T011S3Y,MAJOR,KIRTLAND,1,"FORMAL TNG INSTR, SPECIAL OPS PILOT, GENERAL"
V011B4Y,LTCOL,OFFUTT,1,"AUTO FUNCT ANLYST, BOMBER PILOT, GENERAL"
V011F4Y,COL,SHAW,1,"AUTO FUNC APPL ANLYST, FIGHTER PILOT, GENERAL"
V011M4V,LTCOL,MACDILL,1,"AUTO FUNC APPL ANLYST, MOBILITY PILOT, INTER-THEATER ALFT, GENERAL"
W011B3A,CAPT,DYESS,9,"WEAPONS/TACTICS INSTR, BOMBER PILOT, B-1"
W011B3A,CAPT,ELLSWORTH,2,"WEAPONS/TACTICS INSTR, BOMBER PILOT, B-1"
W011B3A,MAJOR,DYESS,1,"WEAPONS/TACTICS INSTR, BOMBER PILOT, B-1"
W011B3A,MAJOR,ELLSWORTH,1,"WEAPONS/TACTICS INSTR, BOMBER PILOT, B-1"
W011B3B,CAPT,WHITEMAN,4,"WEAPONS/TACTICS INSTR, BOMBER PILOT, B-2"
W011B3B,LTCOL,WHITEMAN,1,"WEAPONS/TACTICS INSTR, BOMBER PILOT, B-2"
W011B3B,MAJOR,WHITEMAN,8,"WEAPONS/TACTICS INSTR, BOMBER PILOT, B-2"
W011B3C,CAPT,BARKSDALE,8,"WEAPONS/TACTICS INSTR, BOMBER PILOT, B-52"
W011B3C,CAPT,MINOT,3,"WEAPONS/TACTICS INSTR, BOMBER PILOT, B-52"
W011B3C,LTCOL,BARKSDALE,1,"WEAPONS/TACTICS INSTR, BOMBER PILOT, B-52"
W011B3C,MAJOR,BARKSDALE,5,"WEAPONS/TACTICS INSTR, BOMBER PILOT, B-52"
W011B3C,MAJOR,MINOT,1,"WEAPONS/TACTICS INSTR, BOMBER PILOT, B-52"
W011B3D,CAPT,ELLSWORTH,1,"WEAPONS AND TACTICS INSTR, BOMBER PILOT, B-21"
W011B3Y,CAPT,ANDERSEN,1,"WEAPONS/TACTICS INSTR, BOMBER PILOT, GENERAL"
W011B4C,CAPT,BARKSDALE,1,"WEAPONS/TACTICS INSTR, BOMBER PILOT, B-52"
W011B4C,LT,OSAN AB,1,"WEAPONS/TACTICS INSTR, BOMBER PILOT, B-52"
W011B4C,LTCOL,DAVIS-MONTHAN,1,"WEAPONS/TACTICS INSTR, BOMBER PILOT, B-52"
W011B4C,MAJOR,RAMSTEIN,1,"WEAPONS/TACTICS INSTR, BOMBER PILOT, B-52"
W011B4Y,COL,BARKSDALE,1,"WEAPONS/TACTICS INSTR, BOMBER PILOT, GENERAL"
W011B4Y,LTCOL,BARKSDALE,1,"WEAPONS/TACTICS INSTR, BOMBER PILOT, GENERAL"
W011B4Y,MAJOR,BARKSDALE,2,"WEAPONS/TACTICS INSTR, BOMBER PILOT, GENERAL"
W011B4Y,MAJOR,DAVIS-MONTHAN,1,"WEAPONS/TACTICS INSTR, BOMBER PILOT, GENERAL"
W011B4Y,MAJOR,JB PRL HBR-HICKAM,1,"WEAPONS/TACTICS INSTR, BOMBER PILOT, GENERAL"
W011B4Y,MAJOR,RAMSTEIN,1,"WEAPONS/TACTICS INSTR, BOMBER PILOT, GENERAL"
W011F3B,CAPT,MOODY,3,"WEAPONS/TACTICS INSTR, FIGHTER PILOT, A-10"
W011F3B,CAPT,NELLIS,7,"WEAPONS/TACTICS INSTR, FIGHTER PILOT, A-10"
W011F3B,CAPT,OSAN AB,3,"WEAPONS/TACTICS INSTR, FIGHTER PILOT, A-10"
W011F3B,MAJOR,DAVIS-MONTHAN,2,"WEAPONS/TACTICS INSTR, FIGHTER PILOT, A-10"
W011F3B,MAJOR,MOODY,1,"WEAPONS/TACTICS INSTR, FIGHTER PILOT, A-10"
W011F3B,MAJOR,NELLIS,2,"WEAPONS/TACTICS INSTR, FIGHTER PILOT, A-10"
W011F3F,CAPT,EGLIN,2,"WEAPONS/TACTICS INSTR, FIGHTER PILOT, F-15"
W011F3F,CAPT,KADENA,4,"WEAPONS/TACTICS INSTR, FIGHTER PILOT, F-15"
W011F3F,CAPT,KINGSLEY,1,"WEAPONS/TACTICS INSTR, FIGHTER PILOT, F-15"
W011F3F,CAPT,TYNDALL,1,"WEAPONS/TACTICS INSTR, FIGHTER PILOT, F-15"
W011F3F,LTCOL,KADENA,1,"WEAPONS/TACTICS INSTR, FIGHTER PILOT, F-15"
W011F3F,LTCOL,RAMSTEIN,1,"WEAPONS/TACTICS INSTR, FIGHTER PILOT, F-15"
W011F3G,CAPT,EGLIN,1,"WEAPONS/TACTICS INSTR, FIGHTER PILOT, F-15E"
W011F3G,CAPT,HILL,1,"WEAPONS/TACTICS INSTR, FIGHTER PILOT, F-15E"
W011F3G,CAPT,LAKENHEATH,2,"WEAPONS/TACTICS INSTR, FIGHTER PILOT, F-15E"
W011F3G,CAPT,NELLIS,8,"WEAPONS/TACTICS INSTR, FIGHTER PILOT, F-15E"
W011F3G,CAPT,SEYMOUR JOHNSON,4,"WEAPONS/TACTICS INSTR, FIGHTER PILOT, F-15E"
W011F3G,LTCOL,MOUNTAIN HOME,1,"WEAPONS/TACTICS INSTR, FIGHTER PILOT, F-15E"
W011F3G,MAJOR,LAKENHEATH,1,"WEAPONS/TACTICS INSTR, FIGHTER PILOT, F-15E"
W011F3G,MAJOR,MOUNTAIN HOME,2,"WEAPONS/TACTICS INSTR, FIGHTER PILOT, F-15E"
W011F3G,MAJOR,NELLIS,3,"WEAPONS/TACTICS INSTR, FIGHTER PILOT, F-15E"
W011F3G,MAJOR,SEYMOUR JOHNSON,2,"WEAPONS/TACTICS INSTR, FIGHTER PILOT, F-15E"
W011F3H,CAPT,AVIANO,3,"WEAPONS/TACTICS INSTR, FIGHTER PILOT, F-16"
W011F3H,CAPT,EGLIN,3,"WEAPONS/TACTICS INSTR, FIGHTER PILOT, F-16"
W011F3H,CAPT,EIELSON,1,"WEAPONS/TACTICS INSTR, FIGHTER PILOT, F-16"
W011F3H,CAPT,HILL,1,"WEAPONS/TACTICS INSTR, FIGHTER PILOT, F-16"
W011F3H,CAPT,HOLLOMAN,1,"WEAPONS/TACTICS INSTR, FIGHTER PILOT, F-16"
W011F3H,CAPT,KUNSAN,2,"WEAPONS/TACTICS INSTR, FIGHTER PILOT, F-16"
W011F3H,CAPT,MISAWA,2,"WEAPONS/TACTICS INSTR, FIGHTER PILOT, F-16"
W011F3H,CAPT,NELLIS,23,"WEAPONS/TACTICS INSTR, FIGHTER PILOT, F-16"
W011F3H,CAPT,OSAN AB,2,"WEAPONS/TACTICS INSTR, FIGHTER PILOT, F-16"
W011F3H,CAPT,SHAW,2,"WEAPONS/TACTICS INSTR, FIGHTER PILOT, F-16"
W011F3H,CAPT,SPANGDAHLEM AB,2,"WEAPONS/TACTICS INSTR, FIGHTER PILOT, F-16"
W011F3H,CAPT,TYNDALL,1,"WEAPONS/TACTICS INSTR, FIGHTER PILOT, F-16"
W011F3H,LTCOL,AVIANO,1,"WEAPONS/TACTICS INSTR, FIGHTER PILOT, F-16"
W011F3H,LTCOL,EGLIN,1,"WEAPONS/TACTICS INSTR, FIGHTER PILOT, F-16"
W011F3H,LTCOL,OSAN AB,1,"WEAPONS/TACTICS INSTR, FIGHTER PILOT, F-16"
W011F3H,MAJOR,EGLIN,1,"WEAPONS/TACTICS INSTR, FIGHTER PILOT, F-16"
W011F3H,MAJOR,HOLLOMAN,5,"WEAPONS/TACTICS INSTR, FIGHTER PILOT, F-16"
W011F3H,MAJOR,KUNSAN,1,"WEAPONS/TACTICS INSTR, FIGHTER PILOT, F-16"
W011F3H,MAJOR,LUKE,2,"WEAPONS/TACTICS INSTR, FIGHTER PILOT, F-16"
W011F3H,MAJOR,MISAWA,2,"WEAPONS/TACTICS INSTR, FIGHTER PILOT, F-16"
W011F3H,MAJOR,NELLIS,1,"WEAPONS/TACTICS INSTR, FIGHTER PILOT, F-16"
W011F3H,MAJOR,SHAW,3,"WEAPONS/TACTICS INSTR, FIGHTER PILOT, F-16"
W011F3J,CAPT,JB ELMENDORF-RICH,3,"WEAPONS/TACTICS INSTR, FIGHTER PILOT, F-22"
W011F3J,CAPT,JB LANGLEY-EUSTIS,3,"WEAPONS/TACTICS INSTR, FIGHTER PILOT, F-22"
W011F3J,CAPT,JB PRL HBR-HICKAM,1,"WEAPONS/TACTICS INSTR, FIGHTER PILOT, F-22"
W011F3J,CAPT,NELLIS,11,"WEAPONS/TACTICS INSTR, FIGHTER PILOT, F-22"
W011F3J,LTCOL,JB LANGLEY-EUSTIS,1,"WEAPONS/TACTICS INSTR, FIGHTER PILOT, F-22"
W011F3J,MAJOR,JB ELMENDORF-RICH,2,"WEAPONS/TACTICS INSTR, FIGHTER PILOT, F-22"
W011F3J,MAJOR,JB LANGLEY-EUSTIS,1,"WEAPONS/TACTICS INSTR, FIGHTER PILOT, F-22"
W011F3J,MAJOR,NELLIS,5,"WEAPONS/TACTICS INSTR, FIGHTER PILOT, F-22"
W011F3J,MAJOR,TYNDALL,1,"WEAPONS/TACTICS INSTR, FIGHTER PILOT, F-22"
W011F3N,CAPT,EBBING ANGB,3,"WEAPONS/TACTICS INSTR, FIGHTER PILOT, F-35"
W011F3N,CAPT,EGLIN,1,"WEAPONS/TACTICS INSTR, FIGHTER PILOT, F-35"
W011F3N,CAPT,EIELSON,3,"WEAPONS/TACTICS INSTR, FIGHTER PILOT, F-35"
W011F3N,CAPT,HILL,6,"WEAPONS/TACTICS INSTR, FIGHTER PILOT, F-35"
W011F3N,CAPT,LAKENHEATH,5,"WEAPONS/TACTICS INSTR, FIGHTER PILOT, F-35"
W011F3N,CAPT,LUKE,4,"WEAPONS/TACTICS INSTR, FIGHTER PILOT, F-35"
W011F3N,CAPT,MISAWA,1,"WEAPONS/TACTICS INSTR, FIGHTER PILOT, F-35"
W011F3N,CAPT,NELLIS,25,"WEAPONS/TACTICS INSTR, FIGHTER PILOT, F-35"
W011F3N,CAPT,TYNDALL,1,"WEAPONS/TACTICS INSTR, FIGHTER PILOT, F-35"
W011F3N,LTCOL,LAKENHEATH,1,"WEAPONS/TACTICS INSTR, FIGHTER PILOT, F-35"
W011F3N,MAJOR,EGLIN,3,"WEAPONS/TACTICS INSTR, FIGHTER PILOT, F-35"
W011F3N,MAJOR,EIELSON,4,"WEAPONS/TACTICS INSTR, FIGHTER PILOT, F-35"
W011F3N,MAJOR,LAKENHEATH,1,"WEAPONS/TACTICS INSTR, FIGHTER PILOT, F-35"
W011F3N,MAJOR,LUKE,6,"WEAPONS/TACTICS INSTR, FIGHTER PILOT, F-35"
W011F3N,MAJOR,MISAWA,2,"WEAPONS/TACTICS INSTR, FIGHTER PILOT, F-35"
W011F3N,MAJOR,NELLIS,6,"WEAPONS/TACTICS INSTR, FIGHTER PILOT, F-35"
W011F3N,MAJOR,TYNDALL,2,"WEAPONS/TACTICS INSTR, FIGHTER PILOT, F-35"
W011F3Y,CAPT,EIELSON,1,"WEAPONS/TACTICS INSTR, FIGHTER PILOT, GENERAL"
W011F3Y,CAPT,NELLIS,2,"WEAPONS/TACTICS INSTR, FIGHTER PILOT, GENERAL"
W011F3Y,LTCOL,EIELSON,1,"WEAPONS/TACTICS INSTR, FIGHTER PILOT, GENERAL"
W011F3Y,LTCOL,JB ELMENDORF-RICH,1,"WEAPONS/TACTICS INSTR, FIGHTER PILOT, GENERAL"
W011F3Y,MAJOR,EGLIN,1,"WEAPONS/TACTICS INSTR, FIGHTER PILOT, GENERAL"
W011F3Y,MAJOR,EIELSON,1,"WEAPONS/TACTICS INSTR, FIGHTER PILOT, GENERAL"
W011F3Y,MAJOR,NELLIS,4,"WEAPONS/TACTICS INSTR, FIGHTER PILOT, GENERAL"
W011F4F,MAJOR,JB LANGLEY-EUSTIS,1,"WEAPONS & TACTICS INSTR, FIGHTER PILOT, F-15"
W011F4F,MAJOR,RAMSTEIN,2,"WEAPONS & TACTICS INSTR, FIGHTER PILOT, F-15"
W011F4G,MAJOR,JB LANGLEY-EUSTIS,1,"WEAPONS & TACTICS INSTR, FIGHTER PILOT, F-15E"
W011F4G,MAJOR,RAMSTEIN,2,"WEAPONS & TACTICS INSTR, FIGHTER PILOT, F-15E"
W011F4H,LTCOL,RAMSTEIN,1,"WEAPONS & TACTICS INSTR, FIGHTER PILOT, F-16"
W011F4H,MAJOR,JB LANGLEY-EUSTIS,1,"WEAPONS & TACTICS INSTR, FIGHTER PILOT, F-16"
W011F4H,MAJOR,JB PRL HBR-HICKAM,1,"WEAPONS & TACTICS INSTR, FIGHTER PILOT, F-16"
W011F4H,MAJOR,SHAW,1,"WEAPONS & TACTICS INSTR, FIGHTER PILOT, F-16"
W011F4J,MAJOR,JB LANGLEY-EUSTIS,1,"WEAPONS & TACTICS INSTR, FIGHTER PILOT, F-22"
W011F4Y,COL,DAVIS-MONTHAN,1,"WEAPONS & TACTICS INSTR, FIGHTER PILOT, GENERAL"
W011F4Y,LTCOL,JB LANGLEY-EUSTIS,3,"WEAPONS & TACTICS INSTR, FIGHTER PILOT, GENERAL"
W011F4Y,LTCOL,PENTAGON,4,"WEAPONS & TACTICS INSTR, FIGHTER PILOT, GENERAL"
W011F4Y,LTCOL,RAMSTEIN,2,"WEAPONS & TACTICS INSTR, FIGHTER PILOT, GENERAL"
W011F4Y,MAJOR,DAVIS-MONTHAN,2,"WEAPONS & TACTICS INSTR, FIGHTER PILOT, GENERAL"
W011F4Y,MAJOR,FT BRAGG,1,"WEAPONS & TACTICS INSTR, FIGHTER PILOT, GENERAL"
W011F4Y,MAJOR,JB ELMENDORF-RICH,1,"WEAPONS & TACTICS INSTR, FIGHTER PILOT, GENERAL"
W011F4Y,MAJOR,JB LANGLEY-EUSTIS,1,"WEAPONS & TACTICS INSTR, FIGHTER PILOT, GENERAL"
W011F4Y,MAJOR,JB PRL HBR-HICKAM,2,"WEAPONS & TACTICS INSTR, FIGHTER PILOT, GENERAL"
W011F4Y,MAJOR,MAXWELL,1,"WEAPONS & TACTICS INSTR, FIGHTER PILOT, GENERAL"
W011F4Y,MAJOR,PENTAGON,3,"WEAPONS & TACTICS INSTR, FIGHTER PILOT, GENERAL"
W011F4Y,MAJOR,RAMSTEIN,1,"WEAPONS & TACTICS INSTR, FIGHTER PILOT, GENERAL"
W011G4,LTCOL,CP SMITH,1,"WPNS/TACTICS INSTR, GENERALIST PILOT"
W011H3E,CAPT,AVIANO,2,"WEAPONS & TACTICS INSTR, RESCUE PILOT, HH-60"
W011H3E,CAPT,DAVIS-MONTHAN,2,"WEAPONS & TACTICS INSTR, RESCUE PILOT, HH-60"
W011H3E,CAPT,KADENA,3,"WEAPONS & TACTICS INSTR, RESCUE PILOT, HH-60"
W011H3E,CAPT,KIRTLAND,2,"WEAPONS & TACTICS INSTR, RESCUE PILOT, HH-60"
W011H3E,CAPT,MOODY,2,"WEAPONS & TACTICS INSTR, RESCUE PILOT, HH-60"
W011H3E,CAPT,NELLIS,4,"WEAPONS & TACTICS INSTR, RESCUE PILOT, HH-60"
W011H3E,MAJOR,DAVIS-MONTHAN,1,"WEAPONS & TACTICS INSTR, RESCUE PILOT, HH-60"
W011H3E,MAJOR,MOODY,1,"WEAPONS & TACTICS INSTR, RESCUE PILOT, HH-60"
W011H3E,MAJOR,NELLIS,5,"WEAPONS & TACTICS INSTR, RESCUE PILOT, HH-60"
W011H3J,CAPT,DAVIS-MONTHAN,2,"WPNS/TACTICS INSTR, RESCUE PILOT, HC-130J"
W011H3J,CAPT,MOODY,1,"WPNS/TACTICS INSTR, RESCUE PILOT, HC-130J"
W011H3J,CAPT,NELLIS,1,"WPNS/TACTICS INSTR, RESCUE PILOT, HC-130J"
W011H3J,MAJOR,DAVIS-MONTHAN,1,"WPNS/TACTICS INSTR, RESCUE PILOT, HC-130J"
W011H3J,MAJOR,MOODY,1,"WPNS/TACTICS INSTR, RESCUE PILOT, HC-130J"
W011H3J,MAJOR,NELLIS,1,"WPNS/TACTICS INSTR, RESCUE PILOT, HC-130J"
W011H4E,MAJOR,JB LANGLEY-EUSTIS,1,"WEAPONS & TACTICS INSTR, RESCUE PILOT, HH-60"
W011M3B,CAPT,LITTLE ROCK,1,"WPNS/TACTICS INSTR, MOBILITY PILOT, C-130E/H)"
W011M3B,MAJOR,JBMDL MCGUIRE,1,"WPNS/TACTICS INSTR, MOBILITY PILOT, C-130E/H)"
W011M3C,CAPT,DYESS,3,"WPNS/TACTICS INSTR, MOBILITY PILOT, C-130J"
W011M3C,CAPT,LITTLE ROCK,19,"WPNS/TACTICS INSTR, MOBILITY PILOT, C-130J"
W011M3C,CAPT,RAMSTEIN,2,"WPNS/TACTICS INSTR, MOBILITY PILOT, C-130J"
W011M3C,CAPT,YOKOTA,3,"WPNS/TACTICS INSTR, MOBILITY PILOT, C-130J"
W011M3C,LTCOL,RAMSTEIN,1,"WPNS/TACTICS INSTR, MOBILITY PILOT, C-130J"
W011M3C,MAJOR,DYESS,2,"WPNS/TACTICS INSTR, MOBILITY PILOT, C-130J"
W011M3C,MAJOR,LITTLE ROCK,4,"WPNS/TACTICS INSTR, MOBILITY PILOT, C-130J"
W011M3C,MAJOR,YOKOTA,1,"WPNS/TACTICS INSTR, MOBILITY PILOT, C-130J"
W011M3F,CAPT,ALTUS,2,"WPNS/TACTICS INSTR, MOBILITY PILOT, KC-135"
W011M3F,CAPT,BIRMINGHAM,1,"WPNS/TACTICS INSTR, MOBILITY PILOT, KC-135"
W011M3F,CAPT,EIELSON,1,"WPNS/TACTICS INSTR, MOBILITY PILOT, KC-135"
W011M3F,CAPT,FAIRCHILD,10,"WPNS/TACTICS INSTR, MOBILITY PILOT, KC-135"
W011M3F,CAPT,JBMDL MCGUIRE,1,"WPNS/TACTICS INSTR, MOBILITY PILOT, KC-135"
W011M3F,CAPT,KADENA,1,"WPNS/TACTICS INSTR, MOBILITY PILOT, KC-135"
W011M3F,CAPT,MACDILL,3,"WPNS/TACTICS INSTR, MOBILITY PILOT, KC-135"
W011M3F,CAPT,MARCH,1,"WPNS/TACTICS INSTR, MOBILITY PILOT, KC-135"
W011M3F,CAPT,MCCONNELL,1,"WPNS/TACTICS INSTR, MOBILITY PILOT, KC-135"
W011M3F,CAPT,MILDENHALL,3,"WPNS/TACTICS INSTR, MOBILITY PILOT, KC-135"
W011M3F,CAPT,POPE AAF,1,"WPNS/TACTICS INSTR, MOBILITY PILOT, KC-135"
W011M3F,CAPT,SCOTT,1,"WPNS/TACTICS INSTR, MOBILITY PILOT, KC-135"
W011M3F,LT,KADENA,1,"WPNS/TACTICS INSTR, MOBILITY PILOT, KC-135"
W011M3F,LTCOL,FAIRCHILD,1,"WPNS/TACTICS INSTR, MOBILITY PILOT, KC-135"
W011M3F,MAJOR,ALTUS,1,"WPNS/TACTICS INSTR, MOBILITY PILOT, KC-135"
W011M3F,MAJOR,FAIRCHILD,2,"WPNS/TACTICS INSTR, MOBILITY PILOT, KC-135"
W011M3K,CAPT,ALTUS,1,"WPNS/TACTICS INSTR, MOBILITY PILOT, C-17"
W011M3K,CAPT,DOVER,2,"WPNS/TACTICS INSTR, MOBILITY PILOT, C-17"
W011M3K,CAPT,JB CHARLESTON,4,"WPNS/TACTICS INSTR, MOBILITY PILOT, C-17"
W011M3K,CAPT,JB ELMENDORF-RICH,3,"WPNS/TACTICS INSTR, MOBILITY PILOT, C-17"
W011M3K,CAPT,JB PRL HBR-HICKAM,2,"WPNS/TACTICS INSTR, MOBILITY PILOT, C-17"
W011M3K,CAPT,JBLM MCCHORD,12,"WPNS/TACTICS INSTR, MOBILITY PILOT, C-17"
W011M3K,CAPT,JBMDL MCGUIRE,2,"WPNS/TACTICS INSTR, MOBILITY PILOT, C-17"
W011M3K,CAPT,LITTLE ROCK,1,"WPNS/TACTICS INSTR, MOBILITY PILOT, C-17"
W011M3K,CAPT,POPE AAF,1,"WPNS/TACTICS INSTR, MOBILITY PILOT, C-17"
W011M3K,CAPT,TRAVIS,2,"WPNS/TACTICS INSTR, MOBILITY PILOT, C-17"
W011M3K,LTCOL,JB CHARLESTON,1,"WPNS/TACTICS INSTR, MOBILITY PILOT, C-17"
W011M3K,MAJOR,ALTUS,1,"WPNS/TACTICS INSTR, MOBILITY PILOT, C-17"
W011M3K,MAJOR,JB CHARLESTON,1,"WPNS/TACTICS INSTR, MOBILITY PILOT, C-17"
W011M3K,MAJOR,JB PRL HBR-HICKAM,1,"WPNS/TACTICS INSTR, MOBILITY PILOT, C-17"
W011M3K,MAJOR,JBLM MCCHORD,2,"WPNS/TACTICS INSTR, MOBILITY PILOT, C-17"
W011M3K,MAJOR,POPE AAF,1,"WPNS/TACTICS INSTR, MOBILITY PILOT, C-17"
W011M3R,CAPT,ALTUS,1,"WEAPONS AND TACTICS INSTRUCTION, MOBILITY PILOT, KC-46 (KC-X)"
W011M3R,CAPT,FAIRCHILD,6,"WEAPONS AND TACTICS INSTRUCTION, MOBILITY PILOT, KC-46 (KC-X)"
W011M3R,CAPT,JBMDL MCGUIRE,1,"WEAPONS AND TACTICS INSTRUCTION, MOBILITY PILOT, KC-46 (KC-X)"
W011M3R,CAPT,MCCONNELL,4,"WEAPONS AND TACTICS INSTRUCTION, MOBILITY PILOT, KC-46 (KC-X)"
W011M3R,CAPT,PEASE,1,"WEAPONS AND TACTICS INSTRUCTION, MOBILITY PILOT, KC-46 (KC-X)"
W011M3R,CAPT,SEYMOUR JOHNSON,1,"WEAPONS AND TACTICS INSTRUCTION, MOBILITY PILOT, KC-46 (KC-X)"
W011M3R,LTCOL,MCCONNELL,1,"WEAPONS AND TACTICS INSTRUCTION, MOBILITY PILOT, KC-46 (KC-X)"
W011M3R,MAJOR,ALTUS,2,"WEAPONS AND TACTICS INSTRUCTION, MOBILITY PILOT, KC-46 (KC-X)"
W011M3R,MAJOR,FAIRCHILD,4,"WEAPONS AND TACTICS INSTRUCTION, MOBILITY PILOT, KC-46 (KC-X)"
W011M3R,MAJOR,JBMDL MCGUIRE,1,"WEAPONS AND TACTICS INSTRUCTION, MOBILITY PILOT, KC-46 (KC-X)"
W011M4B,LTCOL,SHAW,1,"WPNS/TACTICS INSTR, MOBILITY PILOT, C-130E/H)"
W011M4C,MAJOR,NELLIS,1,"WPNS/TACTICS INSTR, MOBILITY PILOT, C-130J"
W011M4C,MAJOR,RAMSTEIN,1,"WPNS/TACTICS INSTR, MOBILITY PILOT, C-130J"
W011M4C,MAJOR,SCOTT,2,"WPNS/TACTICS INSTR, MOBILITY PILOT, C-130J"
W011M4F,CAPT,NELLIS,1,"WPNS/TACTICS INSTR, MOBILITY PILOT, KC-135"
W011M4F,LTCOL,SCOTT,2,"WPNS/TACTICS INSTR, MOBILITY PILOT, KC-135"
W011M4F,MAJOR,JB PRL HBR-HICKAM,1,"WPNS/TACTICS INSTR, MOBILITY PILOT, KC-135"
W011M4F,MAJOR,NELLIS,1,"WPNS/TACTICS INSTR, MOBILITY PILOT, KC-135"
W011M4F,MAJOR,OFFUTT,1,"WPNS/TACTICS INSTR, MOBILITY PILOT, KC-135"
W011M4F,MAJOR,ROSECRANS MEM,1,"WPNS/TACTICS INSTR, MOBILITY PILOT, KC-135"
W011M4F,MAJOR,SCOTT,3,"WPNS/TACTICS INSTR, MOBILITY PILOT, KC-135"
W011M4K,CAPT,SCOTT,1,"WPNS/TACTICS INSTR, MOBILITY PILOT, C-17"
W011M4K,LTCOL,ROSECRANS MEM,1,"WPNS/TACTICS INSTR, MOBILITY PILOT, C-17"
W011M4K,MAJOR,FT BRAGG,1,"WPNS/TACTICS INSTR, MOBILITY PILOT, C-17"
W011M4K,MAJOR,JB PRL HBR-HICKAM,1,"WPNS/TACTICS INSTR, MOBILITY PILOT, C-17"
W011M4K,MAJOR,SCOTT,2,"WPNS/TACTICS INSTR, MOBILITY PILOT, C-17"
W011R3J,CAPT,BEALE,1,"WPNS/TACTICS INSTR, RECON SURVEIL EW PILOT, TR-1/U-2"
W011R3J,LTCOL,BEALE,1,"WPNS/TACTICS INSTR, RECON SURVEIL EW PILOT, TR-1/U-2"
W011R3J,MAJOR,NELLIS,1,"WPNS/TACTICS INSTR, RECON SURVEIL EW PILOT, TR-1/U-2"
W011S2P,CAPT,KADENA,1,"WPNS/TACTICS INSTR, SPECIAL OPS PILOT, MC-130J"
W011S3J,CAPT,CANNON,1,"WPNS/TACTICS INSTR, SPECIAL OPS PLT, CV-22"
W011S3J,CAPT,KIRTLAND,2,"WPNS/TACTICS INSTR, SPECIAL OPS PLT, CV-22"
W011S3J,CAPT,MILDENHALL,1,"WPNS/TACTICS INSTR, SPECIAL OPS PLT, CV-22"
W011S3J,CAPT,NELLIS,2,"WPNS/TACTICS INSTR, SPECIAL OPS PLT, CV-22"
W011S3J,CAPT,YOKOTA,2,"WPNS/TACTICS INSTR, SPECIAL OPS PLT, CV-22"
W011S3J,MAJOR,KIRTLAND,1,"WPNS/TACTICS INSTR, SPECIAL OPS PLT, CV-22"
W011S3M,CAPT,DUKE FIELD,1,"WPNS/TACTICS INSTR,SPECIAL OPS PILOT, AIR COMMANDO"
W011S3M,MAJOR,DATA MASKED,1,"WPNS/TACTICS INSTR,SPECIAL OPS PILOT, AIR COMMANDO"
W011S3P,CAPT,CANNON,1,"WPNS/TACTICS INSTR, SPECIAL OPS PILOT, MC-130J"
W011S3P,CAPT,HURLBURT FIELD,2,"WPNS/TACTICS INSTR, SPECIAL OPS PILOT, MC-130J"
W011S3P,CAPT,KIRTLAND,1,"WPNS/TACTICS INSTR, SPECIAL OPS PILOT, MC-130J"
W011S3P,CAPT,MILDENHALL,1,"WPNS/TACTICS INSTR, SPECIAL OPS PILOT, MC-130J"
W011S3P,MAJOR,CANNON,1,"WPNS/TACTICS INSTR, SPECIAL OPS PILOT, MC-130J"
W011S3P,MAJOR,HURLBURT FIELD,3,"WPNS/TACTICS INSTR, SPECIAL OPS PILOT, MC-130J"
W011S3P,MAJOR,KADENA,1,"WPNS/TACTICS INSTR, SPECIAL OPS PILOT, MC-130J"
W011S3Q,CAPT,CANNON,2,"WPNS/TACTICS INSTR, SPECIAL OPS PLT, AC-130J"
W011S3Q,CAPT,HURLBURT FIELD,2,"WPNS/TACTICS INSTR, SPECIAL OPS PLT, AC-130J"
W011S3Q,CAPT,KIRTLAND,1,"WPNS/TACTICS INSTR, SPECIAL OPS PLT, AC-130J"
W011S3Q,MAJOR,KIRTLAND,1,"WPNS/TACTICS INSTR, SPECIAL OPS PLT, AC-130J"
W011S3X,CAPT,CANNON,2,"WPNS/TACTICS INSTR,SPECIAL OPS PILOT, U-28"
W011S3X,CAPT,HURLBURT FIELD,3,"WPNS/TACTICS INSTR,SPECIAL OPS PILOT, U-28"
W011S3X,MAJOR,CANNON,1,"WPNS/TACTICS INSTR,SPECIAL OPS PILOT, U-28"
W011S3X,MAJOR,HURLBURT FIELD,1,"WPNS/TACTICS INSTR,SPECIAL OPS PILOT, U-28"
W011S3Y,CAPT,HURLBURT FIELD,2,"WPNS/TACTICS INSTR, SPECIAL OPS PLT, GENERAL"
W011S3Y,CAPT,MILDENHALL,1,"WPNS/TACTICS INSTR, SPECIAL OPS PLT, GENERAL"
W011S3Y,LTCOL,DUKE FIELD,1,"WPNS/TACTICS INSTR, SPECIAL OPS PLT, GENERAL"
W011S3Y,LTCOL,MILDENHALL,1,"WPNS/TACTICS INSTR, SPECIAL OPS PLT, GENERAL"
W011S3Y,MAJOR,HURLBURT FIELD,4,"WPNS/TACTICS INSTR, SPECIAL OPS PLT, GENERAL"
W011S3Y,MAJOR,MILDENHALL,1,"WPNS/TACTICS INSTR, SPECIAL OPS PLT, GENERAL"
W011S4Y,CAPT,HURLBURT FIELD,1,"WPNS/TACTICS INSTR, SPECIAL OPS PLT, GENERAL"
W011S4Y,LTCOL,PENTAGON,1,"WPNS/TACTICS INSTR, SPECIAL OPS PLT, GENERAL"
W011S4Y,MAJOR,FT BRAGG,1,"WPNS/TACTICS INSTR, SPECIAL OPS PLT, GENERAL"
W011S4Y,MAJOR,HURLBURT FIELD,4,"WPNS/TACTICS INSTR, SPECIAL OPS PLT, GENERAL"
Y011B4Y,MAJOR,PENTAGON,1,"ANALYTICAL STUDIES, BOMBER PILOT, GENERAL"
Y011F4Y,COL,PENTAGON,1,"ANALYTICAL STUDIES, FIGHTER PILOT, GENERAL"
Y011F4Y,LTCOL,PENTAGON,4,"ANALYTICAL STUDIES, FIGHTER PILOT, GENERAL"
Y011G3,LTCOL,MAXWELL,1,"ANALYTICAL STUDIES, GENERALIST PILOT"
Y011G4,MAJOR,PENTAGON,1,"ANALYTICAL STUDIES, GENERALIST PILOT"
Y011M4S,LTCOL,SCOTT,1,"ANALYTICAL STUDIES, MOBILITY PILOT, AIRLIFT, GENERAL"
Y011M4Y,MAJOR,PENTAGON,1,"ANALYTICAL STUDIES, MOBILITY PILOT, GENERAL"
