Base,Latitude,Longitude,MGRS,AFSC_Code,AFSC_Full_Name,PDF_URL,Base_URL,Aircraft,Base_Type
ABERDEEN PROVING GROUND,"39°27'47""N","76°07'13""W",18S VJ 03627 68763,61C1,61C1 (CHEMIST/NUCLEAR CHEMIST),https://paladindanse111.github.io/AFSC-PDFs/61C.html,https://paladindanse111.github.io/AFSC-PDFs/BASE_ABERDEEN_PROVING_GROUND.html,,Active Duty
ABERDEEN PROVING GROUND,"39°27'47""N","76°07'13""W",18S VJ 03627 68763,62E1A,62E1A (DEVELOPMENTAL ENGINEER),https://paladindanse111.github.io/AFSC-PDFs/62E.html,https://paladindanse111.github.io/AFSC-PDFs/BASE_ABERDEEN_PROVING_GROUND.html,,Active Duty
ABERDEEN PROVING GROUND,"39°27'47""N","76°07'13""W",18S VJ 03627 68763,62E1B,62E1B (DEVELOPMENTAL ENGINEER),https://paladindanse111.github.io/AFSC-PDFs/62E.html,https://paladindanse111.github.io/AFSC-PDFs/BASE_ABERDEEN_PROVING_GROUND.html,,Active Duty
ABERDEEN PROVING GROUND,"39°27'47""N","76°07'13""W",18S VJ 03627 68763,62E1C,62E1C (DEVELOPMENTAL ENGINEER),https://paladindanse111.github.io/AFSC-PDFs/62E.html,https://paladindanse111.github.io/AFSC-PDFs/BASE_ABERDEEN_PROVING_GROUND.html,,Active Duty
ABERDEEN PROVING GROUND,"39°27'47""N","76°07'13""W",18S VJ 03627 68763,62E1E,62E1E (DEVELOPMENTAL ENGINEER),https://paladindanse111.github.io/AFSC-PDFs/62E.html,https://paladindanse111.github.io/AFSC-PDFs/BASE_ABERDEEN_PROVING_GROUND.html,,Active Duty
ABERDEEN PROVING GROUND,"39°27'47""N","76°07'13""W",18S VJ 03627 68763,62E1G,62E1G (DEVELOPMENTAL ENGINEER),https://paladindanse111.github.io/AFSC-PDFs/62E.html,https://paladindanse111.github.io/AFSC-PDFs/BASE_ABERDEEN_PROVING_GROUND.html,,Active Duty
ABERDEEN PROVING GROUND,"39°27'47""N","76°07'13""W",18S VJ 03627 68763,62E1H,62E1H (DEVELOPMENTAL ENGINEER),https://paladindanse111.github.io/AFSC-PDFs/62E.html,https://paladindanse111.github.io/AFSC-PDFs/BASE_ABERDEEN_PROVING_GROUND.html,,Active Duty
ABERDEEN PROVING GROUND,"39°27'47""N","76°07'13""W",18S VJ 03627 68763,62E1I,62E1I (DEVELOPMENTAL ENGINEER),https://paladindanse111.github.io/AFSC-PDFs/62E.html,https://paladindanse111.github.io/AFSC-PDFs/BASE_ABERDEEN_PROVING_GROUND.html,,Active Duty
ALCONBURY RAF,"52°22'09""N","0°13'43""W",30U XD 88669 05714,32E1A,32E1A (CIVIL ENGINEER),https://paladindanse111.github.io/AFSC-PDFs/32E.html,https://paladindanse111.github.io/AFSC-PDFs/BASE_ALCONBURY_RAF.html,,Active Duty
ALCONBURY RAF,"52°22'09""N","0°13'43""W",30U XD 88669 05714,32E1C,32E1C (CIVIL ENGINEER),https://paladindanse111.github.io/AFSC-PDFs/32E.html,https://paladindanse111.github.io/AFSC-PDFs/BASE_ALCONBURY_RAF.html,,Active Duty
ALCONBURY RAF,"52°22'09""N","0°13'43""W",30U XD 88669 05714,32E1E,32E1E (CIVIL ENGINEER),https://paladindanse111.github.io/AFSC-PDFs/32E.html,https://paladindanse111.github.io/AFSC-PDFs/BASE_ALCONBURY_RAF.html,,Active Duty
ALCONBURY RAF,"52°22'09""N","0°13'43""W",30U XD 88669 05714,32E1F,32E1F (CIVIL ENGINEER),https://paladindanse111.github.io/AFSC-PDFs/32E.html,https://paladindanse111.github.io/AFSC-PDFs/BASE_ALCONBURY_RAF.html,,Active Duty
ALCONBURY RAF,"52°22'09""N","0°13'43""W",30U XD 88669 05714,32E1G,32E1G (CIVIL ENGINEER),https://paladindanse111.github.io/AFSC-PDFs/32E.html,https://paladindanse111.github.io/AFSC-PDFs/BASE_ALCONBURY_RAF.html,,Active Duty
ALCONBURY RAF,"52°22'09""N","0°13'43""W",30U XD 88669 05714,32E1J,32E1J (CIVIL ENGINEER),https://paladindanse111.github.io/AFSC-PDFs/32E.html,https://paladindanse111.github.io/AFSC-PDFs/BASE_ALCONBURY_RAF.html,,Active Duty
ALCONBURY RAF,"52°22'09""N","0°13'43""W",30U XD 88669 05714,65F1,65F1 (FINANCIAL MANAGEMENT),https://paladindanse111.github.io/AFSC-PDFs/65F.html,https://paladindanse111.github.io/AFSC-PDFs/BASE_ALCONBURY_RAF.html,,Active Duty
ALTUS AFB,"34°39'18""N","99°17'04""W",14S MD 73935 34821,21R1,21R1 (LOGISTICS READINESS),https://paladindanse111.github.io/AFSC-PDFs/21R.html,https://paladindanse111.github.io/AFSC-PDFs/BASE_ALTUS_AFB.html,C-17,Active Duty
ALTUS AFB,"34°39'18""N","99°17'04""W",14S MD 73935 34821,21R1,21R1 (LOGISTICS READINESS),https://paladindanse111.github.io/AFSC-PDFs/21R.html,https://paladindanse111.github.io/AFSC-PDFs/BASE_ALTUS_AFB.html,KC-135,Active Duty
ALTUS AFB,"34°39'18""N","99°17'04""W",14S MD 73935 34821,21R1,21R1 (LOGISTICS READINESS),https://paladindanse111.github.io/AFSC-PDFs/21R.html,https://paladindanse111.github.io/AFSC-PDFs/BASE_ALTUS_AFB.html,KC-46,Active Duty
ALTUS AFB,"34°39'18""N","99°17'04""W",14S MD 73935 34821,21R1,21R1 (LOGISTICS READINESS),https://paladindanse111.github.io/AFSC-PDFs/21R.html,https://paladindanse111.github.io/AFSC-PDFs/BASE_ALTUS_AFB.html,KC-46 (KC-X),Active Duty
ALTUS AFB,"34°39'18""N","99°17'04""W",14S MD 73935 34821,32E1A,32E1A (CIVIL ENGINEER),https://paladindanse111.github.io/AFSC-PDFs/32E.html,https://paladindanse111.github.io/AFSC-PDFs/BASE_ALTUS_AFB.html,C-17,Active Duty
ALTUS AFB,"34°39'18""N","99°17'04""W",14S MD 73935 34821,32E1A,32E1A (CIVIL ENGINEER),https://paladindanse111.github.io/AFSC-PDFs/32E.html,https://paladindanse111.github.io/AFSC-PDFs/BASE_ALTUS_AFB.html,KC-135,Active Duty
ALTUS AFB,"34°39'18""N","99°17'04""W",14S MD 73935 34821,32E1A,32E1A (CIVIL ENGINEER),https://paladindanse111.github.io/AFSC-PDFs/32E.html,https://paladindanse111.github.io/AFSC-PDFs/BASE_ALTUS_AFB.html,KC-46,Active Duty
ALTUS AFB,"34°39'18""N","99°17'04""W",14S MD 73935 34821,32E1A,32E1A (CIVIL ENGINEER),https://paladindanse111.github.io/AFSC-PDFs/32E.html,https://paladindanse111.github.io/AFSC-PDFs/BASE_ALTUS_AFB.html,KC-46 (KC-X),Active Duty
ALTUS AFB,"34°39'18""N","99°17'04""W",14S MD 73935 34821,32E1C,32E1C (CIVIL ENGINEER),https://paladindanse111.github.io/AFSC-PDFs/32E.html,https://paladindanse111.github.io/AFSC-PDFs/BASE_ALTUS_AFB.html,C-17,Active Duty
ALTUS AFB,"34°39'18""N","99°17'04""W",14S MD 73935 34821,32E1C,32E1C (CIVIL ENGINEER),https://paladindanse111.github.io/AFSC-PDFs/32E.html,https://paladindanse111.github.io/AFSC-PDFs/BASE_ALTUS_AFB.html,KC-135,Active Duty
ALTUS AFB,"34°39'18""N","99°17'04""W",14S MD 73935 34821,32E1C,32E1C (CIVIL ENGINEER),https://paladindanse111.github.io/AFSC-PDFs/32E.html,https://paladindanse111.github.io/AFSC-PDFs/BASE_ALTUS_AFB.html,KC-46,Active Duty
ALTUS AFB,"34°39'18""N","99°17'04""W",14S MD 73935 34821,32E1C,32E1C (CIVIL ENGINEER),https://paladindanse111.github.io/AFSC-PDFs/32E.html,https://paladindanse111.github.io/AFSC-PDFs/BASE_ALTUS_AFB.html,KC-46 (KC-X),Active Duty
ALTUS AFB,"34°39'18""N","99°17'04""W",14S MD 73935 34821,32E1E,32E1E (CIVIL ENGINEER),https://paladindanse111.github.io/AFSC-PDFs/32E.html,https://paladindanse111.github.io/AFSC-PDFs/BASE_ALTUS_AFB.html,C-17,Active Duty
ALTUS AFB,"34°39'18""N","99°17'04""W",14S MD 73935 34821,32E1E,32E1E (CIVIL ENGINEER),https://paladindanse111.github.io/AFSC-PDFs/32E.html,https://paladindanse111.github.io/AFSC-PDFs/BASE_ALTUS_AFB.html,KC-135,Active Duty
ALTUS AFB,"34°39'18""N","99°17'04""W",14S MD 73935 34821,32E1E,32E1E (CIVIL ENGINEER),https://paladindanse111.github.io/AFSC-PDFs/32E.html,https://paladindanse111.github.io/AFSC-PDFs/BASE_ALTUS_AFB.html,KC-46,Active Duty
ALTUS AFB,"34°39'18""N","99°17'04""W",14S MD 73935 34821,32E1E,32E1E (CIVIL ENGINEER),https://paladindanse111.github.io/AFSC-PDFs/32E.html,https://paladindanse111.github.io/AFSC-PDFs/BASE_ALTUS_AFB.html,KC-46 (KC-X),Active Duty
ALTUS AFB,"34°39'18""N","99°17'04""W",14S MD 73935 34821,32E1F,32E1F (CIVIL ENGINEER),https://paladindanse111.github.io/AFSC-PDFs/32E.html,https://paladindanse111.github.io/AFSC-PDFs/BASE_ALTUS_AFB.html,C-17,Active Duty
ALTUS AFB,"34°39'18""N","99°17'04""W",14S MD 73935 34821,32E1F,32E1F (CIVIL ENGINEER),https://paladindanse111.github.io/AFSC-PDFs/32E.html,https://paladindanse111.github.io/AFSC-PDFs/BASE_ALTUS_AFB.html,KC-135,Active Duty
ALTUS AFB,"34°39'18""N","99°17'04""W",14S MD 73935 34821,32E1F,32E1F (CIVIL ENGINEER),https://paladindanse111.github.io/AFSC-PDFs/32E.html,https://paladindanse111.github.io/AFSC-PDFs/BASE_ALTUS_AFB.html,KC-46,Active Duty
ALTUS AFB,"34°39'18""N","99°17'04""W",14S MD 73935 34821,32E1F,32E1F (CIVIL ENGINEER),https://paladindanse111.github.io/AFSC-PDFs/32E.html,https://paladindanse111.github.io/AFSC-PDFs/BASE_ALTUS_AFB.html,KC-46 (KC-X),Active Duty
ALTUS AFB,"34°39'18""N","99°17'04""W",14S MD 73935 34821,32E1G,32E1G (CIVIL ENGINEER),https://paladindanse111.github.io/AFSC-PDFs/32E.html,https://paladindanse111.github.io/AFSC-PDFs/BASE_ALTUS_AFB.html,C-17,Active Duty
ALTUS AFB,"34°39'18""N","99°17'04""W",14S MD 73935 34821,32E1G,32E1G (CIVIL ENGINEER),https://paladindanse111.github.io/AFSC-PDFs/32E.html,https://paladindanse111.github.io/AFSC-PDFs/BASE_ALTUS_AFB.html,KC-135,Active Duty
ALTUS AFB,"34°39'18""N","99°17'04""W",14S MD 73935 34821,32E1G,32E1G (CIVIL ENGINEER),https://paladindanse111.github.io/AFSC-PDFs/32E.html,https://paladindanse111.github.io/AFSC-PDFs/BASE_ALTUS_AFB.html,KC-46,Active Duty
ALTUS AFB,"34°39'18""N","99°17'04""W",14S MD 73935 34821,32E1G,32E1G (CIVIL ENGINEER),https://paladindanse111.github.io/AFSC-PDFs/32E.html,https://paladindanse111.github.io/AFSC-PDFs/BASE_ALTUS_AFB.html,KC-46 (KC-X),Active Duty
ALTUS AFB,"34°39'18""N","99°17'04""W",14S MD 73935 34821,32E1J,32E1J (CIVIL ENGINEER),https://paladindanse111.github.io/AFSC-PDFs/32E.html,https://paladindanse111.github.io/AFSC-PDFs/BASE_ALTUS_AFB.html,C-17,Active Duty
ALTUS AFB,"34°39'18""N","99°17'04""W",14S MD 73935 34821,32E1J,32E1J (CIVIL ENGINEER),https://paladindanse111.github.io/AFSC-PDFs/32E.html,https://paladindanse111.github.io/AFSC-PDFs/BASE_ALTUS_AFB.html,KC-135,Active Duty
ALTUS AFB,"34°39'18""N","99°17'04""W",14S MD 73935 34821,32E1J,32E1J (CIVIL ENGINEER),https://paladindanse111.github.io/AFSC-PDFs/32E.html,https://paladindanse111.github.io/AFSC-PDFs/BASE_ALTUS_AFB.html,KC-46,Active Duty
ALTUS AFB,"34°39'18""N","99°17'04""W",14S MD 73935 34821,32E1J,32E1J (CIVIL ENGINEER),https://paladindanse111.github.io/AFSC-PDFs/32E.html,https://paladindanse111.github.io/AFSC-PDFs/BASE_ALTUS_AFB.html,KC-46 (KC-X),Active Duty
ALTUS AFB,"34°39'18""N","99°17'04""W",14S MD 73935 34821,35P1,35P1 (PUBLIC AFFAIRS),https://paladindanse111.github.io/AFSC-PDFs/35P.html,https://paladindanse111.github.io/AFSC-PDFs/BASE_ALTUS_AFB.html,C-17,Active Duty
ALTUS AFB,"34°39'18""N","99°17'04""W",14S MD 73935 34821,35P1,35P1 (PUBLIC AFFAIRS),https://paladindanse111.github.io/AFSC-PDFs/35P.html,https://paladindanse111.github.io/AFSC-PDFs/BASE_ALTUS_AFB.html,KC-135,Active Duty
ALTUS AFB,"34°39'18""N","99°17'04""W",14S MD 73935 34821,35P1,35P1 (PUBLIC AFFAIRS),https://paladindanse111.github.io/AFSC-PDFs/35P.html,https://paladindanse111.github.io/AFSC-PDFs/BASE_ALTUS_AFB.html,KC-46,Active Duty
ALTUS AFB,"34°39'18""N","99°17'04""W",14S MD 73935 34821,35P1,35P1 (PUBLIC AFFAIRS),https://paladindanse111.github.io/AFSC-PDFs/35P.html,https://paladindanse111.github.io/AFSC-PDFs/BASE_ALTUS_AFB.html,KC-46 (KC-X),Active Duty
ALTUS AFB,"34°39'18""N","99°17'04""W",14S MD 73935 34821,64P1,64P1 (CONTRACTING),https://paladindanse111.github.io/AFSC-PDFs/64P.html,https://paladindanse111.github.io/AFSC-PDFs/BASE_ALTUS_AFB.html,C-17,Active Duty
ALTUS AFB,"34°39'18""N","99°17'04""W",14S MD 73935 34821,64P1,64P1 (CONTRACTING),https://paladindanse111.github.io/AFSC-PDFs/64P.html,https://paladindanse111.github.io/AFSC-PDFs/BASE_ALTUS_AFB.html,KC-135,Active Duty
ALTUS AFB,"34°39'18""N","99°17'04""W",14S MD 73935 34821,64P1,64P1 (CONTRACTING),https://paladindanse111.github.io/AFSC-PDFs/64P.html,https://paladindanse111.github.io/AFSC-PDFs/BASE_ALTUS_AFB.html,KC-46,Active Duty
ALTUS AFB,"34°39'18""N","99°17'04""W",14S MD 73935 34821,64P1,64P1 (CONTRACTING),https://paladindanse111.github.io/AFSC-PDFs/64P.html,https://paladindanse111.github.io/AFSC-PDFs/BASE_ALTUS_AFB.html,KC-46 (KC-X),Active Duty
ALTUS AFB,"34°39'18""N","99°17'04""W",14S MD 73935 34821,65F1,65F1 (FINANCIAL MANAGEMENT),https://paladindanse111.github.io/AFSC-PDFs/65F.html,https://paladindanse111.github.io/AFSC-PDFs/BASE_ALTUS_AFB.html,C-17,Active Duty
ALTUS AFB,"34°39'18""N","99°17'04""W",14S MD 73935 34821,65F1,65F1 (FINANCIAL MANAGEMENT),https://paladindanse111.github.io/AFSC-PDFs/65F.html,https://paladindanse111.github.io/AFSC-PDFs/BASE_ALTUS_AFB.html,KC-135,Active Duty
ALTUS AFB,"34°39'18""N","99°17'04""W",14S MD 73935 34821,65F1,65F1 (FINANCIAL MANAGEMENT),https://paladindanse111.github.io/AFSC-PDFs/65F.html,https://paladindanse111.github.io/AFSC-PDFs/BASE_ALTUS_AFB.html,KC-46,Active Duty
ALTUS AFB,"34°39'18""N","99°17'04""W",14S MD 73935 34821,65F1,65F1 (FINANCIAL MANAGEMENT),https://paladindanse111.github.io/AFSC-PDFs/65F.html,https://paladindanse111.github.io/AFSC-PDFs/BASE_ALTUS_AFB.html,KC-46 (KC-X),Active Duty
ANDERSEN AFB,"13°33'46""N","144°55'25""E",55P BR 75307 00327,15W1,15W1 (WEATHER AND ENVIRONMENTAL SCIENCES),https://paladindanse111.github.io/AFSC-PDFs/15W.html,https://paladindanse111.github.io/AFSC-PDFs/BASE_ANDERSEN_AFB.html,B-1,Active Duty
ANDERSEN AFB,"13°33'46""N","144°55'25""E",55P BR 75307 00327,21M1,21M1 (MUNITIONS AND MISSILE MAINTENANCE),https://paladindanse111.github.io/AFSC-PDFs/21M.html,https://paladindanse111.github.io/AFSC-PDFs/BASE_ANDERSEN_AFB.html,B-1,Active Duty
ANDERSEN AFB,"13°33'46""N","144°55'25""E",55P BR 75307 00327,21R1,21R1 (LOGISTICS READINESS),https://paladindanse111.github.io/AFSC-PDFs/21R.html,https://paladindanse111.github.io/AFSC-PDFs/BASE_ANDERSEN_AFB.html,B-1,Active Duty
ANDERSEN AFB,"13°33'46""N","144°55'25""E",55P BR 75307 00327,32E1A,32E1A (CIVIL ENGINEER),https://paladindanse111.github.io/AFSC-PDFs/32E.html,https://paladindanse111.github.io/AFSC-PDFs/BASE_ANDERSEN_AFB.html,B-1,Active Duty
ANDERSEN AFB,"13°33'46""N","144°55'25""E",55P BR 75307 00327,32E1C,32E1C (CIVIL ENGINEER),https://paladindanse111.github.io/AFSC-PDFs/32E.html,https://paladindanse111.github.io/AFSC-PDFs/BASE_ANDERSEN_AFB.html,B-1,Active Duty
ANDERSEN AFB,"13°33'46""N","144°55'25""E",55P BR 75307 00327,32E1E,32E1E (CIVIL ENGINEER),https://paladindanse111.github.io/AFSC-PDFs/32E.html,https://paladindanse111.github.io/AFSC-PDFs/BASE_ANDERSEN_AFB.html,B-1,Active Duty
ANDERSEN AFB,"13°33'46""N","144°55'25""E",55P BR 75307 00327,32E1F,32E1F (CIVIL ENGINEER),https://paladindanse111.github.io/AFSC-PDFs/32E.html,https://paladindanse111.github.io/AFSC-PDFs/BASE_ANDERSEN_AFB.html,B-1,Active Duty
ANDERSEN AFB,"13°33'46""N","144°55'25""E",55P BR 75307 00327,32E1G,32E1G (CIVIL ENGINEER),https://paladindanse111.github.io/AFSC-PDFs/32E.html,https://paladindanse111.github.io/AFSC-PDFs/BASE_ANDERSEN_AFB.html,B-1,Active Duty
ANDERSEN AFB,"13°33'46""N","144°55'25""E",55P BR 75307 00327,32E1J,32E1J (CIVIL ENGINEER),https://paladindanse111.github.io/AFSC-PDFs/32E.html,https://paladindanse111.github.io/AFSC-PDFs/BASE_ANDERSEN_AFB.html,B-1,Active Duty
ANDERSEN AFB,"13°33'46""N","144°55'25""E",55P BR 75307 00327,64P1,64P1 (CONTRACTING),https://paladindanse111.github.io/AFSC-PDFs/64P.html,https://paladindanse111.github.io/AFSC-PDFs/BASE_ANDERSEN_AFB.html,B-1,Active Duty
ANDERSEN AFB,"13°33'46""N","144°55'25""E",55P BR 75307 00327,65F1,65F1 (FINANCIAL MANAGEMENT),https://paladindanse111.github.io/AFSC-PDFs/65F.html,https://paladindanse111.github.io/AFSC-PDFs/BASE_ANDERSEN_AFB.html,B-1,Active Duty
ANDREWS JB,"38°47'46""N","76°53'00""W",18S UH 36445 95835,13H1,13H1 (AEROSPACE PHYSIOLOGIST),https://paladindanse111.github.io/AFSC-PDFs/13H.html,https://paladindanse111.github.io/AFSC-PDFs/BASE_ANDREWS_JB.html,C-17,Active Duty
ANDREWS JB,"38°47'46""N","76°53'00""W",18S UH 36445 95835,13H1,13H1 (AEROSPACE PHYSIOLOGIST),https://paladindanse111.github.io/AFSC-PDFs/13H.html,https://paladindanse111.github.io/AFSC-PDFs/BASE_ANDREWS_JB.html,C-20/C-37,Active Duty
ANDREWS JB,"38°47'46""N","76°53'00""W",18S UH 36445 95835,13H1,13H1 (AEROSPACE PHYSIOLOGIST),https://paladindanse111.github.io/AFSC-PDFs/13H.html,https://paladindanse111.github.io/AFSC-PDFs/BASE_ANDREWS_JB.html,C-32,Active Duty
ANDREWS JB,"38°47'46""N","76°53'00""W",18S UH 36445 95835,13H1,13H1 (AEROSPACE PHYSIOLOGIST),https://paladindanse111.github.io/AFSC-PDFs/13H.html,https://paladindanse111.github.io/AFSC-PDFs/BASE_ANDREWS_JB.html,C-40,Active Duty
ANDREWS JB,"38°47'46""N","76°53'00""W",18S UH 36445 95835,13H1,13H1 (AEROSPACE PHYSIOLOGIST),https://paladindanse111.github.io/AFSC-PDFs/13H.html,https://paladindanse111.github.io/AFSC-PDFs/BASE_ANDREWS_JB.html,F-16,Active Duty
ANDREWS JB,"38°47'46""N","76°53'00""W",18S UH 36445 95835,13H1,13H1 (AEROSPACE PHYSIOLOGIST),https://paladindanse111.github.io/AFSC-PDFs/13H.html,https://paladindanse111.github.io/AFSC-PDFs/BASE_ANDREWS_JB.html,UH-1N,Active Duty
ANDREWS JB,"38°47'46""N","76°53'00""W",18S UH 36445 95835,13H1,13H1 (AEROSPACE PHYSIOLOGIST),https://paladindanse111.github.io/AFSC-PDFs/13H.html,https://paladindanse111.github.io/AFSC-PDFs/BASE_ANDREWS_JB.html,VC-25,Active Duty
ANDREWS JB,"38°47'46""N","76°53'00""W",18S UH 36445 95835,21R1,21R1 (LOGISTICS READINESS),https://paladindanse111.github.io/AFSC-PDFs/21R.html,https://paladindanse111.github.io/AFSC-PDFs/BASE_ANDREWS_JB.html,C-17,Active Duty
ANDREWS JB,"38°47'46""N","76°53'00""W",18S UH 36445 95835,21R1,21R1 (LOGISTICS READINESS),https://paladindanse111.github.io/AFSC-PDFs/21R.html,https://paladindanse111.github.io/AFSC-PDFs/BASE_ANDREWS_JB.html,C-20/C-37,Active Duty
ANDREWS JB,"38°47'46""N","76°53'00""W",18S UH 36445 95835,21R1,21R1 (LOGISTICS READINESS),https://paladindanse111.github.io/AFSC-PDFs/21R.html,https://paladindanse111.github.io/AFSC-PDFs/BASE_ANDREWS_JB.html,C-32,Active Duty
ANDREWS JB,"38°47'46""N","76°53'00""W",18S UH 36445 95835,21R1,21R1 (LOGISTICS READINESS),https://paladindanse111.github.io/AFSC-PDFs/21R.html,https://paladindanse111.github.io/AFSC-PDFs/BASE_ANDREWS_JB.html,C-40,Active Duty
ANDREWS JB,"38°47'46""N","76°53'00""W",18S UH 36445 95835,21R1,21R1 (LOGISTICS READINESS),https://paladindanse111.github.io/AFSC-PDFs/21R.html,https://paladindanse111.github.io/AFSC-PDFs/BASE_ANDREWS_JB.html,F-16,Active Duty
ANDREWS JB,"38°47'46""N","76°53'00""W",18S UH 36445 95835,21R1,21R1 (LOGISTICS READINESS),https://paladindanse111.github.io/AFSC-PDFs/21R.html,https://paladindanse111.github.io/AFSC-PDFs/BASE_ANDREWS_JB.html,UH-1N,Active Duty
ANDREWS JB,"38°47'46""N","76°53'00""W",18S UH 36445 95835,21R1,21R1 (LOGISTICS READINESS),https://paladindanse111.github.io/AFSC-PDFs/21R.html,https://paladindanse111.github.io/AFSC-PDFs/BASE_ANDREWS_JB.html,VC-25,Active Duty
ANDREWS JB,"38°47'46""N","76°53'00""W",18S UH 36445 95835,31P1,31P1 (SECURITY FORCES),https://paladindanse111.github.io/AFSC-PDFs/31P.html,https://paladindanse111.github.io/AFSC-PDFs/BASE_ANDREWS_JB.html,C-17,Active Duty
ANDREWS JB,"38°47'46""N","76°53'00""W",18S UH 36445 95835,31P1,31P1 (SECURITY FORCES),https://paladindanse111.github.io/AFSC-PDFs/31P.html,https://paladindanse111.github.io/AFSC-PDFs/BASE_ANDREWS_JB.html,C-20/C-37,Active Duty
ANDREWS JB,"38°47'46""N","76°53'00""W",18S UH 36445 95835,31P1,31P1 (SECURITY FORCES),https://paladindanse111.github.io/AFSC-PDFs/31P.html,https://paladindanse111.github.io/AFSC-PDFs/BASE_ANDREWS_JB.html,C-32,Active Duty
ANDREWS JB,"38°47'46""N","76°53'00""W",18S UH 36445 95835,31P1,31P1 (SECURITY FORCES),https://paladindanse111.github.io/AFSC-PDFs/31P.html,https://paladindanse111.github.io/AFSC-PDFs/BASE_ANDREWS_JB.html,C-40,Active Duty
ANDREWS JB,"38°47'46""N","76°53'00""W",18S UH 36445 95835,31P1,31P1 (SECURITY FORCES),https://paladindanse111.github.io/AFSC-PDFs/31P.html,https://paladindanse111.github.io/AFSC-PDFs/BASE_ANDREWS_JB.html,F-16,Active Duty
ANDREWS JB,"38°47'46""N","76°53'00""W",18S UH 36445 95835,31P1,31P1 (SECURITY FORCES),https://paladindanse111.github.io/AFSC-PDFs/31P.html,https://paladindanse111.github.io/AFSC-PDFs/BASE_ANDREWS_JB.html,UH-1N,Active Duty
ANDREWS JB,"38°47'46""N","76°53'00""W",18S UH 36445 95835,31P1,31P1 (SECURITY FORCES),https://paladindanse111.github.io/AFSC-PDFs/31P.html,https://paladindanse111.github.io/AFSC-PDFs/BASE_ANDREWS_JB.html,VC-25,Active Duty
ANDREWS JB,"38°47'46""N","76°53'00""W",18S UH 36445 95835,32E1A,32E1A (CIVIL ENGINEER),https://paladindanse111.github.io/AFSC-PDFs/32E.html,https://paladindanse111.github.io/AFSC-PDFs/BASE_ANDREWS_JB.html,C-17,Active Duty
ANDREWS JB,"38°47'46""N","76°53'00""W",18S UH 36445 95835,32E1A,32E1A (CIVIL ENGINEER),https://paladindanse111.github.io/AFSC-PDFs/32E.html,https://paladindanse111.github.io/AFSC-PDFs/BASE_ANDREWS_JB.html,C-20/C-37,Active Duty
ANDREWS JB,"38°47'46""N","76°53'00""W",18S UH 36445 95835,32E1A,32E1A (CIVIL ENGINEER),https://paladindanse111.github.io/AFSC-PDFs/32E.html,https://paladindanse111.github.io/AFSC-PDFs/BASE_ANDREWS_JB.html,C-32,Active Duty
ANDREWS JB,"38°47'46""N","76°53'00""W",18S UH 36445 95835,32E1A,32E1A (CIVIL ENGINEER),https://paladindanse111.github.io/AFSC-PDFs/32E.html,https://paladindanse111.github.io/AFSC-PDFs/BASE_ANDREWS_JB.html,C-40,Active Duty
ANDREWS JB,"38°47'46""N","76°53'00""W",18S UH 36445 95835,32E1A,32E1A (CIVIL ENGINEER),https://paladindanse111.github.io/AFSC-PDFs/32E.html,https://paladindanse111.github.io/AFSC-PDFs/BASE_ANDREWS_JB.html,F-16,Active Duty
ANDREWS JB,"38°47'46""N","76°53'00""W",18S UH 36445 95835,32E1A,32E1A (CIVIL ENGINEER),https://paladindanse111.github.io/AFSC-PDFs/32E.html,https://paladindanse111.github.io/AFSC-PDFs/BASE_ANDREWS_JB.html,UH-1N,Active Duty
ANDREWS JB,"38°47'46""N","76°53'00""W",18S UH 36445 95835,32E1A,32E1A (CIVIL ENGINEER),https://paladindanse111.github.io/AFSC-PDFs/32E.html,https://paladindanse111.github.io/AFSC-PDFs/BASE_ANDREWS_JB.html,VC-25,Active Duty
ANDREWS JB,"38°47'46""N","76°53'00""W",18S UH 36445 95835,32E1C,32E1C (CIVIL ENGINEER),https://paladindanse111.github.io/AFSC-PDFs/32E.html,https://paladindanse111.github.io/AFSC-PDFs/BASE_ANDREWS_JB.html,C-17,Active Duty
ANDREWS JB,"38°47'46""N","76°53'00""W",18S UH 36445 95835,32E1C,32E1C (CIVIL ENGINEER),https://paladindanse111.github.io/AFSC-PDFs/32E.html,https://paladindanse111.github.io/AFSC-PDFs/BASE_ANDREWS_JB.html,C-20/C-37,Active Duty
ANDREWS JB,"38°47'46""N","76°53'00""W",18S UH 36445 95835,32E1C,32E1C (CIVIL ENGINEER),https://paladindanse111.github.io/AFSC-PDFs/32E.html,https://paladindanse111.github.io/AFSC-PDFs/BASE_ANDREWS_JB.html,C-32,Active Duty
ANDREWS JB,"38°47'46""N","76°53'00""W",18S UH 36445 95835,32E1C,32E1C (CIVIL ENGINEER),https://paladindanse111.github.io/AFSC-PDFs/32E.html,https://paladindanse111.github.io/AFSC-PDFs/BASE_ANDREWS_JB.html,C-40,Active Duty
ANDREWS JB,"38°47'46""N","76°53'00""W",18S UH 36445 95835,32E1C,32E1C (CIVIL ENGINEER),https://paladindanse111.github.io/AFSC-PDFs/32E.html,https://paladindanse111.github.io/AFSC-PDFs/BASE_ANDREWS_JB.html,F-16,Active Duty
ANDREWS JB,"38°47'46""N","76°53'00""W",18S UH 36445 95835,32E1C,32E1C (CIVIL ENGINEER),https://paladindanse111.github.io/AFSC-PDFs/32E.html,https://paladindanse111.github.io/AFSC-PDFs/BASE_ANDREWS_JB.html,UH-1N,Active Duty
ANDREWS JB,"38°47'46""N","76°53'00""W",18S UH 36445 95835,32E1C,32E1C (CIVIL ENGINEER),https://paladindanse111.github.io/AFSC-PDFs/32E.html,https://paladindanse111.github.io/AFSC-PDFs/BASE_ANDREWS_JB.html,VC-25,Active Duty
ANDREWS JB,"38°47'46""N","76°53'00""W",18S UH 36445 95835,32E1E,32E1E (CIVIL ENGINEER),https://paladindanse111.github.io/AFSC-PDFs/32E.html,https://paladindanse111.github.io/AFSC-PDFs/BASE_ANDREWS_JB.html,C-17,Active Duty
ANDREWS JB,"38°47'46""N","76°53'00""W",18S UH 36445 95835,32E1E,32E1E (CIVIL ENGINEER),https://paladindanse111.github.io/AFSC-PDFs/32E.html,https://paladindanse111.github.io/AFSC-PDFs/BASE_ANDREWS_JB.html,C-20/C-37,Active Duty
ANDREWS JB,"38°47'46""N","76°53'00""W",18S UH 36445 95835,32E1E,32E1E (CIVIL ENGINEER),https://paladindanse111.github.io/AFSC-PDFs/32E.html,https://paladindanse111.github.io/AFSC-PDFs/BASE_ANDREWS_JB.html,C-32,Active Duty
ANDREWS JB,"38°47'46""N","76°53'00""W",18S UH 36445 95835,32E1E,32E1E (CIVIL ENGINEER),https://paladindanse111.github.io/AFSC-PDFs/32E.html,https://paladindanse111.github.io/AFSC-PDFs/BASE_ANDREWS_JB.html,C-40,Active Duty
ANDREWS JB,"38°47'46""N","76°53'00""W",18S UH 36445 95835,32E1E,32E1E (CIVIL ENGINEER),https://paladindanse111.github.io/AFSC-PDFs/32E.html,https://paladindanse111.github.io/AFSC-PDFs/BASE_ANDREWS_JB.html,F-16,Active Duty
ANDREWS JB,"38°47'46""N","76°53'00""W",18S UH 36445 95835,32E1E,32E1E (CIVIL ENGINEER),https://paladindanse111.github.io/AFSC-PDFs/32E.html,https://paladindanse111.github.io/AFSC-PDFs/BASE_ANDREWS_JB.html,UH-1N,Active Duty
ANDREWS JB,"38°47'46""N","76°53'00""W",18S UH 36445 95835,32E1E,32E1E (CIVIL ENGINEER),https://paladindanse111.github.io/AFSC-PDFs/32E.html,https://paladindanse111.github.io/AFSC-PDFs/BASE_ANDREWS_JB.html,VC-25,Active Duty
ANDREWS JB,"38°47'46""N","76°53'00""W",18S UH 36445 95835,32E1F,32E1F (CIVIL ENGINEER),https://paladindanse111.github.io/AFSC-PDFs/32E.html,https://paladindanse111.github.io/AFSC-PDFs/BASE_ANDREWS_JB.html,C-17,Active Duty
ANDREWS JB,"38°47'46""N","76°53'00""W",18S UH 36445 95835,32E1F,32E1F (CIVIL ENGINEER),https://paladindanse111.github.io/AFSC-PDFs/32E.html,https://paladindanse111.github.io/AFSC-PDFs/BASE_ANDREWS_JB.html,C-20/C-37,Active Duty
ANDREWS JB,"38°47'46""N","76°53'00""W",18S UH 36445 95835,32E1F,32E1F (CIVIL ENGINEER),https://paladindanse111.github.io/AFSC-PDFs/32E.html,https://paladindanse111.github.io/AFSC-PDFs/BASE_ANDREWS_JB.html,C-32,Active Duty
ANDREWS JB,"38°47'46""N","76°53'00""W",18S UH 36445 95835,32E1F,32E1F (CIVIL ENGINEER),https://paladindanse111.github.io/AFSC-PDFs/32E.html,https://paladindanse111.github.io/AFSC-PDFs/BASE_ANDREWS_JB.html,C-40,Active Duty
ANDREWS JB,"38°47'46""N","76°53'00""W",18S UH 36445 95835,32E1F,32E1F (CIVIL ENGINEER),https://paladindanse111.github.io/AFSC-PDFs/32E.html,https://paladindanse111.github.io/AFSC-PDFs/BASE_ANDREWS_JB.html,F-16,Active Duty
ANDREWS JB,"38°47'46""N","76°53'00""W",18S UH 36445 95835,32E1F,32E1F (CIVIL ENGINEER),https://paladindanse111.github.io/AFSC-PDFs/32E.html,https://paladindanse111.github.io/AFSC-PDFs/BASE_ANDREWS_JB.html,UH-1N,Active Duty
ANDREWS JB,"38°47'46""N","76°53'00""W",18S UH 36445 95835,32E1F,32E1F (CIVIL ENGINEER),https://paladindanse111.github.io/AFSC-PDFs/32E.html,https://paladindanse111.github.io/AFSC-PDFs/BASE_ANDREWS_JB.html,VC-25,Active Duty
ANDREWS JB,"38°47'46""N","76°53'00""W",18S UH 36445 95835,32E1G,32E1G (CIVIL ENGINEER),https://paladindanse111.github.io/AFSC-PDFs/32E.html,https://paladindanse111.github.io/AFSC-PDFs/BASE_ANDREWS_JB.html,C-17,Active Duty
ANDREWS JB,"38°47'46""N","76°53'00""W",18S UH 36445 95835,32E1G,32E1G (CIVIL ENGINEER),https://paladindanse111.github.io/AFSC-PDFs/32E.html,https://paladindanse111.github.io/AFSC-PDFs/BASE_ANDREWS_JB.html,C-20/C-37,Active Duty
ANDREWS JB,"38°47'46""N","76°53'00""W",18S UH 36445 95835,32E1G,32E1G (CIVIL ENGINEER),https://paladindanse111.github.io/AFSC-PDFs/32E.html,https://paladindanse111.github.io/AFSC-PDFs/BASE_ANDREWS_JB.html,C-32,Active Duty
ANDREWS JB,"38°47'46""N","76°53'00""W",18S UH 36445 95835,32E1G,32E1G (CIVIL ENGINEER),https://paladindanse111.github.io/AFSC-PDFs/32E.html,https://paladindanse111.github.io/AFSC-PDFs/BASE_ANDREWS_JB.html,C-40,Active Duty
ANDREWS JB,"38°47'46""N","76°53'00""W",18S UH 36445 95835,32E1G,32E1G (CIVIL ENGINEER),https://paladindanse111.github.io/AFSC-PDFs/32E.html,https://paladindanse111.github.io/AFSC-PDFs/BASE_ANDREWS_JB.html,F-16,Active Duty
ANDREWS JB,"38°47'46""N","76°53'00""W",18S UH 36445 95835,32E1G,32E1G (CIVIL ENGINEER),https://paladindanse111.github.io/AFSC-PDFs/32E.html,https://paladindanse111.github.io/AFSC-PDFs/BASE_ANDREWS_JB.html,UH-1N,Active Duty
ANDREWS JB,"38°47'46""N","76°53'00""W",18S UH 36445 95835,32E1G,32E1G (CIVIL ENGINEER),https://paladindanse111.github.io/AFSC-PDFs/32E.html,https://paladindanse111.github.io/AFSC-PDFs/BASE_ANDREWS_JB.html,VC-25,Active Duty
ANDREWS JB,"38°47'46""N","76°53'00""W",18S UH 36445 95835,32E1J,32E1J (CIVIL ENGINEER),https://paladindanse111.github.io/AFSC-PDFs/32E.html,https://paladindanse111.github.io/AFSC-PDFs/BASE_ANDREWS_JB.html,C-17,Active Duty
ANDREWS JB,"38°47'46""N","76°53'00""W",18S UH 36445 95835,32E1J,32E1J (CIVIL ENGINEER),https://paladindanse111.github.io/AFSC-PDFs/32E.html,https://paladindanse111.github.io/AFSC-PDFs/BASE_ANDREWS_JB.html,C-20/C-37,Active Duty
ANDREWS JB,"38°47'46""N","76°53'00""W",18S UH 36445 95835,32E1J,32E1J (CIVIL ENGINEER),https://paladindanse111.github.io/AFSC-PDFs/32E.html,https://paladindanse111.github.io/AFSC-PDFs/BASE_ANDREWS_JB.html,C-32,Active Duty
ANDREWS JB,"38°47'46""N","76°53'00""W",18S UH 36445 95835,32E1J,32E1J (CIVIL ENGINEER),https://paladindanse111.github.io/AFSC-PDFs/32E.html,https://paladindanse111.github.io/AFSC-PDFs/BASE_ANDREWS_JB.html,C-40,Active Duty
ANDREWS JB,"38°47'46""N","76°53'00""W",18S UH 36445 95835,32E1J,32E1J (CIVIL ENGINEER),https://paladindanse111.github.io/AFSC-PDFs/32E.html,https://paladindanse111.github.io/AFSC-PDFs/BASE_ANDREWS_JB.html,F-16,Active Duty
ANDREWS JB,"38°47'46""N","76°53'00""W",18S UH 36445 95835,32E1J,32E1J (CIVIL ENGINEER),https://paladindanse111.github.io/AFSC-PDFs/32E.html,https://paladindanse111.github.io/AFSC-PDFs/BASE_ANDREWS_JB.html,UH-1N,Active Duty
ANDREWS JB,"38°47'46""N","76°53'00""W",18S UH 36445 95835,32E1J,32E1J (CIVIL ENGINEER),https://paladindanse111.github.io/AFSC-PDFs/32E.html,https://paladindanse111.github.io/AFSC-PDFs/BASE_ANDREWS_JB.html,VC-25,Active Duty
ANDREWS JB,"38°47'46""N","76°53'00""W",18S UH 36445 95835,35P1,35P1 (PUBLIC AFFAIRS),https://paladindanse111.github.io/AFSC-PDFs/35P.html,https://paladindanse111.github.io/AFSC-PDFs/BASE_ANDREWS_JB.html,C-17,Active Duty
ANDREWS JB,"38°47'46""N","76°53'00""W",18S UH 36445 95835,35P1,35P1 (PUBLIC AFFAIRS),https://paladindanse111.github.io/AFSC-PDFs/35P.html,https://paladindanse111.github.io/AFSC-PDFs/BASE_ANDREWS_JB.html,C-20/C-37,Active Duty
ANDREWS JB,"38°47'46""N","76°53'00""W",18S UH 36445 95835,35P1,35P1 (PUBLIC AFFAIRS),https://paladindanse111.github.io/AFSC-PDFs/35P.html,https://paladindanse111.github.io/AFSC-PDFs/BASE_ANDREWS_JB.html,C-32,Active Duty
ANDREWS JB,"38°47'46""N","76°53'00""W",18S UH 36445 95835,35P1,35P1 (PUBLIC AFFAIRS),https://paladindanse111.github.io/AFSC-PDFs/35P.html,https://paladindanse111.github.io/AFSC-PDFs/BASE_ANDREWS_JB.html,C-40,Active Duty
ANDREWS JB,"38°47'46""N","76°53'00""W",18S UH 36445 95835,35P1,35P1 (PUBLIC AFFAIRS),https://paladindanse111.github.io/AFSC-PDFs/35P.html,https://paladindanse111.github.io/AFSC-PDFs/BASE_ANDREWS_JB.html,F-16,Active Duty
ANDREWS JB,"38°47'46""N","76°53'00""W",18S UH 36445 95835,35P1,35P1 (PUBLIC AFFAIRS),https://paladindanse111.github.io/AFSC-PDFs/35P.html,https://paladindanse111.github.io/AFSC-PDFs/BASE_ANDREWS_JB.html,UH-1N,Active Duty
ANDREWS JB,"38°47'46""N","76°53'00""W",18S UH 36445 95835,35P1,35P1 (PUBLIC AFFAIRS),https://paladindanse111.github.io/AFSC-PDFs/35P.html,https://paladindanse111.github.io/AFSC-PDFs/BASE_ANDREWS_JB.html,VC-25,Active Duty
ANDREWS JB,"38°47'46""N","76°53'00""W",18S UH 36445 95835,38F1,38F1 (FORCE SUPPORT),https://paladindanse111.github.io/AFSC-PDFs/38F.html,https://paladindanse111.github.io/AFSC-PDFs/BASE_ANDREWS_JB.html,C-17,Active Duty
ANDREWS JB,"38°47'46""N","76°53'00""W",18S UH 36445 95835,38F1,38F1 (FORCE SUPPORT),https://paladindanse111.github.io/AFSC-PDFs/38F.html,https://paladindanse111.github.io/AFSC-PDFs/BASE_ANDREWS_JB.html,C-20/C-37,Active Duty
ANDREWS JB,"38°47'46""N","76°53'00""W",18S UH 36445 95835,38F1,38F1 (FORCE SUPPORT),https://paladindanse111.github.io/AFSC-PDFs/38F.html,https://paladindanse111.github.io/AFSC-PDFs/BASE_ANDREWS_JB.html,C-32,Active Duty
ANDREWS JB,"38°47'46""N","76°53'00""W",18S UH 36445 95835,38F1,38F1 (FORCE SUPPORT),https://paladindanse111.github.io/AFSC-PDFs/38F.html,https://paladindanse111.github.io/AFSC-PDFs/BASE_ANDREWS_JB.html,C-40,Active Duty
ANDREWS JB,"38°47'46""N","76°53'00""W",18S UH 36445 95835,38F1,38F1 (FORCE SUPPORT),https://paladindanse111.github.io/AFSC-PDFs/38F.html,https://paladindanse111.github.io/AFSC-PDFs/BASE_ANDREWS_JB.html,F-16,Active Duty
ANDREWS JB,"38°47'46""N","76°53'00""W",18S UH 36445 95835,38F1,38F1 (FORCE SUPPORT),https://paladindanse111.github.io/AFSC-PDFs/38F.html,https://paladindanse111.github.io/AFSC-PDFs/BASE_ANDREWS_JB.html,UH-1N,Active Duty
ANDREWS JB,"38°47'46""N","76°53'00""W",18S UH 36445 95835,38F1,38F1 (FORCE SUPPORT),https://paladindanse111.github.io/AFSC-PDFs/38F.html,https://paladindanse111.github.io/AFSC-PDFs/BASE_ANDREWS_JB.html,VC-25,Active Duty
ANDREWS JB,"38°47'46""N","76°53'00""W",18S UH 36445 95835,64P1,64P1 (CONTRACTING),https://paladindanse111.github.io/AFSC-PDFs/64P.html,https://paladindanse111.github.io/AFSC-PDFs/BASE_ANDREWS_JB.html,C-17,Active Duty
ANDREWS JB,"38°47'46""N","76°53'00""W",18S UH 36445 95835,64P1,64P1 (CONTRACTING),https://paladindanse111.github.io/AFSC-PDFs/64P.html,https://paladindanse111.github.io/AFSC-PDFs/BASE_ANDREWS_JB.html,C-20/C-37,Active Duty
ANDREWS JB,"38°47'46""N","76°53'00""W",18S UH 36445 95835,64P1,64P1 (CONTRACTING),https://paladindanse111.github.io/AFSC-PDFs/64P.html,https://paladindanse111.github.io/AFSC-PDFs/BASE_ANDREWS_JB.html,C-32,Active Duty
ANDREWS JB,"38°47'46""N","76°53'00""W",18S UH 36445 95835,64P1,64P1 (CONTRACTING),https://paladindanse111.github.io/AFSC-PDFs/64P.html,https://paladindanse111.github.io/AFSC-PDFs/BASE_ANDREWS_JB.html,C-40,Active Duty
ANDREWS JB,"38°47'46""N","76°53'00""W",18S UH 36445 95835,64P1,64P1 (CONTRACTING),https://paladindanse111.github.io/AFSC-PDFs/64P.html,https://paladindanse111.github.io/AFSC-PDFs/BASE_ANDREWS_JB.html,F-16,Active Duty
ANDREWS JB,"38°47'46""N","76°53'00""W",18S UH 36445 95835,64P1,64P1 (CONTRACTING),https://paladindanse111.github.io/AFSC-PDFs/64P.html,https://paladindanse111.github.io/AFSC-PDFs/BASE_ANDREWS_JB.html,UH-1N,Active Duty
ANDREWS JB,"38°47'46""N","76°53'00""W",18S UH 36445 95835,64P1,64P1 (CONTRACTING),https://paladindanse111.github.io/AFSC-PDFs/64P.html,https://paladindanse111.github.io/AFSC-PDFs/BASE_ANDREWS_JB.html,VC-25,Active Duty
ANDREWS JB,"38°47'46""N","76°53'00""W",18S UH 36445 95835,65F1,65F1 (FINANCIAL MANAGEMENT),https://paladindanse111.github.io/AFSC-PDFs/65F.html,https://paladindanse111.github.io/AFSC-PDFs/BASE_ANDREWS_JB.html,C-17,Active Duty
ANDREWS JB,"38°47'46""N","76°53'00""W",18S UH 36445 95835,65F1,65F1 (FINANCIAL MANAGEMENT),https://paladindanse111.github.io/AFSC-PDFs/65F.html,https://paladindanse111.github.io/AFSC-PDFs/BASE_ANDREWS_JB.html,C-20/C-37,Active Duty
ANDREWS JB,"38°47'46""N","76°53'00""W",18S UH 36445 95835,65F1,65F1 (FINANCIAL MANAGEMENT),https://paladindanse111.github.io/AFSC-PDFs/65F.html,https://paladindanse111.github.io/AFSC-PDFs/BASE_ANDREWS_JB.html,C-32,Active Duty
ANDREWS JB,"38°47'46""N","76°53'00""W",18S UH 36445 95835,65F1,65F1 (FINANCIAL MANAGEMENT),https://paladindanse111.github.io/AFSC-PDFs/65F.html,https://paladindanse111.github.io/AFSC-PDFs/BASE_ANDREWS_JB.html,C-40,Active Duty
ANDREWS JB,"38°47'46""N","76°53'00""W",18S UH 36445 95835,65F1,65F1 (FINANCIAL MANAGEMENT),https://paladindanse111.github.io/AFSC-PDFs/65F.html,https://paladindanse111.github.io/AFSC-PDFs/BASE_ANDREWS_JB.html,F-16,Active Duty
ANDREWS JB,"38°47'46""N","76°53'00""W",18S UH 36445 95835,65F1,65F1 (FINANCIAL MANAGEMENT),https://paladindanse111.github.io/AFSC-PDFs/65F.html,https://paladindanse111.github.io/AFSC-PDFs/BASE_ANDREWS_JB.html,UH-1N,Active Duty
ANDREWS JB,"38°47'46""N","76°53'00""W",18S UH 36445 95835,65F1,65F1 (FINANCIAL MANAGEMENT),https://paladindanse111.github.io/AFSC-PDFs/65F.html,https://paladindanse111.github.io/AFSC-PDFs/BASE_ANDREWS_JB.html,VC-25,Active Duty
ANDREWS JB,"38°47'46""N","76°53'00""W",18S UH 36445 95835,71S1,71S1 (SPECIAL INVESTIGATIONS),https://paladindanse111.github.io/AFSC-PDFs/71S.html,https://paladindanse111.github.io/AFSC-PDFs/BASE_ANDREWS_JB.html,C-17,Active Duty
ANDREWS JB,"38°47'46""N","76°53'00""W",18S UH 36445 95835,71S1,71S1 (SPECIAL INVESTIGATIONS),https://paladindanse111.github.io/AFSC-PDFs/71S.html,https://paladindanse111.github.io/AFSC-PDFs/BASE_ANDREWS_JB.html,C-20/C-37,Active Duty
ANDREWS JB,"38°47'46""N","76°53'00""W",18S UH 36445 95835,71S1,71S1 (SPECIAL INVESTIGATIONS),https://paladindanse111.github.io/AFSC-PDFs/71S.html,https://paladindanse111.github.io/AFSC-PDFs/BASE_ANDREWS_JB.html,C-32,Active Duty
ANDREWS JB,"38°47'46""N","76°53'00""W",18S UH 36445 95835,71S1,71S1 (SPECIAL INVESTIGATIONS),https://paladindanse111.github.io/AFSC-PDFs/71S.html,https://paladindanse111.github.io/AFSC-PDFs/BASE_ANDREWS_JB.html,C-40,Active Duty
ANDREWS JB,"38°47'46""N","76°53'00""W",18S UH 36445 95835,71S1,71S1 (SPECIAL INVESTIGATIONS),https://paladindanse111.github.io/AFSC-PDFs/71S.html,https://paladindanse111.github.io/AFSC-PDFs/BASE_ANDREWS_JB.html,F-16,Active Duty
ANDREWS JB,"38°47'46""N","76°53'00""W",18S UH 36445 95835,71S1,71S1 (SPECIAL INVESTIGATIONS),https://paladindanse111.github.io/AFSC-PDFs/71S.html,https://paladindanse111.github.io/AFSC-PDFs/BASE_ANDREWS_JB.html,UH-1N,Active Duty
ANDREWS JB,"38°47'46""N","76°53'00""W",18S UH 36445 95835,71S1,71S1 (SPECIAL INVESTIGATIONS),https://paladindanse111.github.io/AFSC-PDFs/71S.html,https://paladindanse111.github.io/AFSC-PDFs/BASE_ANDREWS_JB.html,VC-25,Active Duty
ARLINGTON,"38° 55' 0""N","77° 10' 0""W",18S UJ 12155 09760,63A1,63A1 (AQUISITION MANAGER),https://paladindanse111.github.io/AFSC-PDFs/63A.html,https://paladindanse111.github.io/AFSC-PDFs/BASE_ARLINGTON.html,,Active Duty
ARNOLD AFB,"35°22'58""N","86°01'49""W",16S EE 88076 15924,61D1,61D1 (PHYSICIST/NUCLEAR ENGINEER),https://paladindanse111.github.io/AFSC-PDFs/61D.html,https://paladindanse111.github.io/AFSC-PDFs/BASE_ARNOLD_AFB.html,,Active Duty
ARNOLD AFB,"35°22'58""N","86°01'49""W",16S EE 88076 15924,62E1A,62E1A (DEVELOPMENTAL ENGINEER),https://paladindanse111.github.io/AFSC-PDFs/62E.html,https://paladindanse111.github.io/AFSC-PDFs/BASE_ARNOLD_AFB.html,,Active Duty
ARNOLD AFB,"35°22'58""N","86°01'49""W",16S EE 88076 15924,62E1B,62E1B (DEVELOPMENTAL ENGINEER),https://paladindanse111.github.io/AFSC-PDFs/62E.html,https://paladindanse111.github.io/AFSC-PDFs/BASE_ARNOLD_AFB.html,,Active Duty
ARNOLD AFB,"35°22'58""N","86°01'49""W",16S EE 88076 15924,62E1C,62E1C (DEVELOPMENTAL ENGINEER),https://paladindanse111.github.io/AFSC-PDFs/62E.html,https://paladindanse111.github.io/AFSC-PDFs/BASE_ARNOLD_AFB.html,,Active Duty
ARNOLD AFB,"35°22'58""N","86°01'49""W",16S EE 88076 15924,62E1E,62E1E (DEVELOPMENTAL ENGINEER),https://paladindanse111.github.io/AFSC-PDFs/62E.html,https://paladindanse111.github.io/AFSC-PDFs/BASE_ARNOLD_AFB.html,,Active Duty
ARNOLD AFB,"35°22'58""N","86°01'49""W",16S EE 88076 15924,62E1H,62E1H (DEVELOPMENTAL ENGINEER),https://paladindanse111.github.io/AFSC-PDFs/62E.html,https://paladindanse111.github.io/AFSC-PDFs/BASE_ARNOLD_AFB.html,,Active Duty
ARNOLD AFB,"35°22'58""N","86°01'49""W",16S EE 88076 15924,63A1,63A1 (AQUISITION MANAGER),https://paladindanse111.github.io/AFSC-PDFs/63A.html,https://paladindanse111.github.io/AFSC-PDFs/BASE_ARNOLD_AFB.html,,Active Duty
ARNOLD AFB,"35°22'58""N","86°01'49""W",16S EE 88076 15924,65F1,65F1 (FINANCIAL MANAGEMENT),https://paladindanse111.github.io/AFSC-PDFs/65F.html,https://paladindanse111.github.io/AFSC-PDFs/BASE_ARNOLD_AFB.html,,Active Duty
AVIANO AB,"46°01'49""N","12°36'41""E",33T UM 15147 00185,21A1,21A1 (AIRCRAFT MAINTENANCE),https://paladindanse111.github.io/AFSC-PDFs/21A.html,https://paladindanse111.github.io/AFSC-PDFs/BASE_AVIANO_AB.html,F-16,Active Duty
AVIANO AB,"46°01'49""N","12°36'41""E",33T UM 15147 00185,21A1,21A1 (AIRCRAFT MAINTENANCE),https://paladindanse111.github.io/AFSC-PDFs/21A.html,https://paladindanse111.github.io/AFSC-PDFs/BASE_AVIANO_AB.html,HH-60,Active Duty
AVIANO AB,"46°01'49""N","12°36'41""E",33T UM 15147 00185,21M1,21M1 (MUNITIONS AND MISSILE MAINTENANCE),https://paladindanse111.github.io/AFSC-PDFs/21M.html,https://paladindanse111.github.io/AFSC-PDFs/BASE_AVIANO_AB.html,F-16,Active Duty
AVIANO AB,"46°01'49""N","12°36'41""E",33T UM 15147 00185,21M1,21M1 (MUNITIONS AND MISSILE MAINTENANCE),https://paladindanse111.github.io/AFSC-PDFs/21M.html,https://paladindanse111.github.io/AFSC-PDFs/BASE_AVIANO_AB.html,HH-60,Active Duty
AVIANO AB,"46°01'49""N","12°36'41""E",33T UM 15147 00185,21R1,21R1 (LOGISTICS READINESS),https://paladindanse111.github.io/AFSC-PDFs/21R.html,https://paladindanse111.github.io/AFSC-PDFs/BASE_AVIANO_AB.html,F-16,Active Duty
AVIANO AB,"46°01'49""N","12°36'41""E",33T UM 15147 00185,21R1,21R1 (LOGISTICS READINESS),https://paladindanse111.github.io/AFSC-PDFs/21R.html,https://paladindanse111.github.io/AFSC-PDFs/BASE_AVIANO_AB.html,HH-60,Active Duty
AVIANO AB,"46°01'49""N","12°36'41""E",33T UM 15147 00185,31P1,31P1 (SECURITY FORCES),https://paladindanse111.github.io/AFSC-PDFs/31P.html,https://paladindanse111.github.io/AFSC-PDFs/BASE_AVIANO_AB.html,F-16,Active Duty
AVIANO AB,"46°01'49""N","12°36'41""E",33T UM 15147 00185,31P1,31P1 (SECURITY FORCES),https://paladindanse111.github.io/AFSC-PDFs/31P.html,https://paladindanse111.github.io/AFSC-PDFs/BASE_AVIANO_AB.html,HH-60,Active Duty
AVIANO AB,"46°01'49""N","12°36'41""E",33T UM 15147 00185,32E1A,32E1A (CIVIL ENGINEER),https://paladindanse111.github.io/AFSC-PDFs/32E.html,https://paladindanse111.github.io/AFSC-PDFs/BASE_AVIANO_AB.html,F-16,Active Duty
AVIANO AB,"46°01'49""N","12°36'41""E",33T UM 15147 00185,32E1A,32E1A (CIVIL ENGINEER),https://paladindanse111.github.io/AFSC-PDFs/32E.html,https://paladindanse111.github.io/AFSC-PDFs/BASE_AVIANO_AB.html,HH-60,Active Duty
AVIANO AB,"46°01'49""N","12°36'41""E",33T UM 15147 00185,32E1C,32E1C (CIVIL ENGINEER),https://paladindanse111.github.io/AFSC-PDFs/32E.html,https://paladindanse111.github.io/AFSC-PDFs/BASE_AVIANO_AB.html,F-16,Active Duty
AVIANO AB,"46°01'49""N","12°36'41""E",33T UM 15147 00185,32E1C,32E1C (CIVIL ENGINEER),https://paladindanse111.github.io/AFSC-PDFs/32E.html,https://paladindanse111.github.io/AFSC-PDFs/BASE_AVIANO_AB.html,HH-60,Active Duty
AVIANO AB,"46°01'49""N","12°36'41""E",33T UM 15147 00185,32E1E,32E1E (CIVIL ENGINEER),https://paladindanse111.github.io/AFSC-PDFs/32E.html,https://paladindanse111.github.io/AFSC-PDFs/BASE_AVIANO_AB.html,F-16,Active Duty
AVIANO AB,"46°01'49""N","12°36'41""E",33T UM 15147 00185,32E1E,32E1E (CIVIL ENGINEER),https://paladindanse111.github.io/AFSC-PDFs/32E.html,https://paladindanse111.github.io/AFSC-PDFs/BASE_AVIANO_AB.html,HH-60,Active Duty
AVIANO AB,"46°01'49""N","12°36'41""E",33T UM 15147 00185,32E1F,32E1F (CIVIL ENGINEER),https://paladindanse111.github.io/AFSC-PDFs/32E.html,https://paladindanse111.github.io/AFSC-PDFs/BASE_AVIANO_AB.html,F-16,Active Duty
AVIANO AB,"46°01'49""N","12°36'41""E",33T UM 15147 00185,32E1F,32E1F (CIVIL ENGINEER),https://paladindanse111.github.io/AFSC-PDFs/32E.html,https://paladindanse111.github.io/AFSC-PDFs/BASE_AVIANO_AB.html,HH-60,Active Duty
AVIANO AB,"46°01'49""N","12°36'41""E",33T UM 15147 00185,32E1G,32E1G (CIVIL ENGINEER),https://paladindanse111.github.io/AFSC-PDFs/32E.html,https://paladindanse111.github.io/AFSC-PDFs/BASE_AVIANO_AB.html,F-16,Active Duty
AVIANO AB,"46°01'49""N","12°36'41""E",33T UM 15147 00185,32E1G,32E1G (CIVIL ENGINEER),https://paladindanse111.github.io/AFSC-PDFs/32E.html,https://paladindanse111.github.io/AFSC-PDFs/BASE_AVIANO_AB.html,HH-60,Active Duty
AVIANO AB,"46°01'49""N","12°36'41""E",33T UM 15147 00185,32E1J,32E1J (CIVIL ENGINEER),https://paladindanse111.github.io/AFSC-PDFs/32E.html,https://paladindanse111.github.io/AFSC-PDFs/BASE_AVIANO_AB.html,F-16,Active Duty
AVIANO AB,"46°01'49""N","12°36'41""E",33T UM 15147 00185,32E1J,32E1J (CIVIL ENGINEER),https://paladindanse111.github.io/AFSC-PDFs/32E.html,https://paladindanse111.github.io/AFSC-PDFs/BASE_AVIANO_AB.html,HH-60,Active Duty
AVIANO AB,"46°01'49""N","12°36'41""E",33T UM 15147 00185,35P1,35P1 (PUBLIC AFFAIRS),https://paladindanse111.github.io/AFSC-PDFs/35P.html,https://paladindanse111.github.io/AFSC-PDFs/BASE_AVIANO_AB.html,F-16,Active Duty
AVIANO AB,"46°01'49""N","12°36'41""E",33T UM 15147 00185,35P1,35P1 (PUBLIC AFFAIRS),https://paladindanse111.github.io/AFSC-PDFs/35P.html,https://paladindanse111.github.io/AFSC-PDFs/BASE_AVIANO_AB.html,HH-60,Active Duty
AVIANO AB,"46°01'49""N","12°36'41""E",33T UM 15147 00185,38F1,38F1 (FORCE SUPPORT),https://paladindanse111.github.io/AFSC-PDFs/38F.html,https://paladindanse111.github.io/AFSC-PDFs/BASE_AVIANO_AB.html,F-16,Active Duty
AVIANO AB,"46°01'49""N","12°36'41""E",33T UM 15147 00185,38F1,38F1 (FORCE SUPPORT),https://paladindanse111.github.io/AFSC-PDFs/38F.html,https://paladindanse111.github.io/AFSC-PDFs/BASE_AVIANO_AB.html,HH-60,Active Duty
AVIANO AB,"46°01'49""N","12°36'41""E",33T UM 15147 00185,64P1,64P1 (CONTRACTING),https://paladindanse111.github.io/AFSC-PDFs/64P.html,https://paladindanse111.github.io/AFSC-PDFs/BASE_AVIANO_AB.html,F-16,Active Duty
AVIANO AB,"46°01'49""N","12°36'41""E",33T UM 15147 00185,64P1,64P1 (CONTRACTING),https://paladindanse111.github.io/AFSC-PDFs/64P.html,https://paladindanse111.github.io/AFSC-PDFs/BASE_AVIANO_AB.html,HH-60,Active Duty
AVIANO AB,"46°01'49""N","12°36'41""E",33T UM 15147 00185,65F1,65F1 (FINANCIAL MANAGEMENT),https://paladindanse111.github.io/AFSC-PDFs/65F.html,https://paladindanse111.github.io/AFSC-PDFs/BASE_AVIANO_AB.html,F-16,Active Duty
AVIANO AB,"46°01'49""N","12°36'41""E",33T UM 15147 00185,65F1,65F1 (FINANCIAL MANAGEMENT),https://paladindanse111.github.io/AFSC-PDFs/65F.html,https://paladindanse111.github.io/AFSC-PDFs/BASE_AVIANO_AB.html,HH-60,Active Duty
BARKSDALE AFB,"32°29'45""N","93°40'21""W",15S VR 36822 95596,14F1,14F1 (INFORMATION OPERATIONS),https://paladindanse111.github.io/AFSC-PDFs/14F.html,https://paladindanse111.github.io/AFSC-PDFs/BASE_BARKSDALE_AFB.html,B-1,Active Duty
BARKSDALE AFB,"32°29'45""N","93°40'21""W",15S VR 36822 95596,14F1,14F1 (INFORMATION OPERATIONS),https://paladindanse111.github.io/AFSC-PDFs/14F.html,https://paladindanse111.github.io/AFSC-PDFs/BASE_BARKSDALE_AFB.html,B-2,Active Duty
BARKSDALE AFB,"32°29'45""N","93°40'21""W",15S VR 36822 95596,14F1,14F1 (INFORMATION OPERATIONS),https://paladindanse111.github.io/AFSC-PDFs/14F.html,https://paladindanse111.github.io/AFSC-PDFs/BASE_BARKSDALE_AFB.html,B-52,Active Duty
BARKSDALE AFB,"32°29'45""N","93°40'21""W",15S VR 36822 95596,14F1,14F1 (INFORMATION OPERATIONS),https://paladindanse111.github.io/AFSC-PDFs/14F.html,https://paladindanse111.github.io/AFSC-PDFs/BASE_BARKSDALE_AFB.html,E-4,Active Duty
BARKSDALE AFB,"32°29'45""N","93°40'21""W",15S VR 36822 95596,14F1,14F1 (INFORMATION OPERATIONS),https://paladindanse111.github.io/AFSC-PDFs/14F.html,https://paladindanse111.github.io/AFSC-PDFs/BASE_BARKSDALE_AFB.html,UH-1N,Active Duty
BARKSDALE AFB,"32°29'45""N","93°40'21""W",15S VR 36822 95596,15A1,15A1 (OPERATIONS ANALYSIS OFFICER),https://paladindanse111.github.io/AFSC-PDFs/15A.html,https://paladindanse111.github.io/AFSC-PDFs/BASE_BARKSDALE_AFB.html,B-1,Active Duty
BARKSDALE AFB,"32°29'45""N","93°40'21""W",15S VR 36822 95596,15A1,15A1 (OPERATIONS ANALYSIS OFFICER),https://paladindanse111.github.io/AFSC-PDFs/15A.html,https://paladindanse111.github.io/AFSC-PDFs/BASE_BARKSDALE_AFB.html,B-2,Active Duty
BARKSDALE AFB,"32°29'45""N","93°40'21""W",15S VR 36822 95596,15A1,15A1 (OPERATIONS ANALYSIS OFFICER),https://paladindanse111.github.io/AFSC-PDFs/15A.html,https://paladindanse111.github.io/AFSC-PDFs/BASE_BARKSDALE_AFB.html,B-52,Active Duty
BARKSDALE AFB,"32°29'45""N","93°40'21""W",15S VR 36822 95596,15A1,15A1 (OPERATIONS ANALYSIS OFFICER),https://paladindanse111.github.io/AFSC-PDFs/15A.html,https://paladindanse111.github.io/AFSC-PDFs/BASE_BARKSDALE_AFB.html,E-4,Active Duty
BARKSDALE AFB,"32°29'45""N","93°40'21""W",15S VR 36822 95596,15A1,15A1 (OPERATIONS ANALYSIS OFFICER),https://paladindanse111.github.io/AFSC-PDFs/15A.html,https://paladindanse111.github.io/AFSC-PDFs/BASE_BARKSDALE_AFB.html,UH-1N,Active Duty
BARKSDALE AFB,"32°29'45""N","93°40'21""W",15S VR 36822 95596,15W1,15W1 (WEATHER AND ENVIRONMENTAL SCIENCES),https://paladindanse111.github.io/AFSC-PDFs/15W.html,https://paladindanse111.github.io/AFSC-PDFs/BASE_BARKSDALE_AFB.html,B-1,Active Duty
BARKSDALE AFB,"32°29'45""N","93°40'21""W",15S VR 36822 95596,15W1,15W1 (WEATHER AND ENVIRONMENTAL SCIENCES),https://paladindanse111.github.io/AFSC-PDFs/15W.html,https://paladindanse111.github.io/AFSC-PDFs/BASE_BARKSDALE_AFB.html,B-2,Active Duty
BARKSDALE AFB,"32°29'45""N","93°40'21""W",15S VR 36822 95596,15W1,15W1 (WEATHER AND ENVIRONMENTAL SCIENCES),https://paladindanse111.github.io/AFSC-PDFs/15W.html,https://paladindanse111.github.io/AFSC-PDFs/BASE_BARKSDALE_AFB.html,B-52,Active Duty
BARKSDALE AFB,"32°29'45""N","93°40'21""W",15S VR 36822 95596,15W1,15W1 (WEATHER AND ENVIRONMENTAL SCIENCES),https://paladindanse111.github.io/AFSC-PDFs/15W.html,https://paladindanse111.github.io/AFSC-PDFs/BASE_BARKSDALE_AFB.html,E-4,Active Duty
BARKSDALE AFB,"32°29'45""N","93°40'21""W",15S VR 36822 95596,15W1,15W1 (WEATHER AND ENVIRONMENTAL SCIENCES),https://paladindanse111.github.io/AFSC-PDFs/15W.html,https://paladindanse111.github.io/AFSC-PDFs/BASE_BARKSDALE_AFB.html,UH-1N,Active Duty
BARKSDALE AFB,"32°29'45""N","93°40'21""W",15S VR 36822 95596,21A1,21A1 (AIRCRAFT MAINTENANCE),https://paladindanse111.github.io/AFSC-PDFs/21A.html,https://paladindanse111.github.io/AFSC-PDFs/BASE_BARKSDALE_AFB.html,B-1,Active Duty
BARKSDALE AFB,"32°29'45""N","93°40'21""W",15S VR 36822 95596,21A1,21A1 (AIRCRAFT MAINTENANCE),https://paladindanse111.github.io/AFSC-PDFs/21A.html,https://paladindanse111.github.io/AFSC-PDFs/BASE_BARKSDALE_AFB.html,B-2,Active Duty
BARKSDALE AFB,"32°29'45""N","93°40'21""W",15S VR 36822 95596,21A1,21A1 (AIRCRAFT MAINTENANCE),https://paladindanse111.github.io/AFSC-PDFs/21A.html,https://paladindanse111.github.io/AFSC-PDFs/BASE_BARKSDALE_AFB.html,B-52,Active Duty
BARKSDALE AFB,"32°29'45""N","93°40'21""W",15S VR 36822 95596,21A1,21A1 (AIRCRAFT MAINTENANCE),https://paladindanse111.github.io/AFSC-PDFs/21A.html,https://paladindanse111.github.io/AFSC-PDFs/BASE_BARKSDALE_AFB.html,E-4,Active Duty
BARKSDALE AFB,"32°29'45""N","93°40'21""W",15S VR 36822 95596,21A1,21A1 (AIRCRAFT MAINTENANCE),https://paladindanse111.github.io/AFSC-PDFs/21A.html,https://paladindanse111.github.io/AFSC-PDFs/BASE_BARKSDALE_AFB.html,UH-1N,Active Duty
BARKSDALE AFB,"32°29'45""N","93°40'21""W",15S VR 36822 95596,21M1,21M1 (MUNITIONS AND MISSILE MAINTENANCE),https://paladindanse111.github.io/AFSC-PDFs/21M.html,https://paladindanse111.github.io/AFSC-PDFs/BASE_BARKSDALE_AFB.html,B-1,Active Duty
BARKSDALE AFB,"32°29'45""N","93°40'21""W",15S VR 36822 95596,21M1,21M1 (MUNITIONS AND MISSILE MAINTENANCE),https://paladindanse111.github.io/AFSC-PDFs/21M.html,https://paladindanse111.github.io/AFSC-PDFs/BASE_BARKSDALE_AFB.html,B-2,Active Duty
BARKSDALE AFB,"32°29'45""N","93°40'21""W",15S VR 36822 95596,21M1,21M1 (MUNITIONS AND MISSILE MAINTENANCE),https://paladindanse111.github.io/AFSC-PDFs/21M.html,https://paladindanse111.github.io/AFSC-PDFs/BASE_BARKSDALE_AFB.html,B-52,Active Duty
BARKSDALE AFB,"32°29'45""N","93°40'21""W",15S VR 36822 95596,21M1,21M1 (MUNITIONS AND MISSILE MAINTENANCE),https://paladindanse111.github.io/AFSC-PDFs/21M.html,https://paladindanse111.github.io/AFSC-PDFs/BASE_BARKSDALE_AFB.html,E-4,Active Duty
BARKSDALE AFB,"32°29'45""N","93°40'21""W",15S VR 36822 95596,21M1,21M1 (MUNITIONS AND MISSILE MAINTENANCE),https://paladindanse111.github.io/AFSC-PDFs/21M.html,https://paladindanse111.github.io/AFSC-PDFs/BASE_BARKSDALE_AFB.html,UH-1N,Active Duty
BARKSDALE AFB,"32°29'45""N","93°40'21""W",15S VR 36822 95596,21R1,21R1 (LOGISTICS READINESS),https://paladindanse111.github.io/AFSC-PDFs/21R.html,https://paladindanse111.github.io/AFSC-PDFs/BASE_BARKSDALE_AFB.html,B-1,Active Duty
BARKSDALE AFB,"32°29'45""N","93°40'21""W",15S VR 36822 95596,21R1,21R1 (LOGISTICS READINESS),https://paladindanse111.github.io/AFSC-PDFs/21R.html,https://paladindanse111.github.io/AFSC-PDFs/BASE_BARKSDALE_AFB.html,B-2,Active Duty
BARKSDALE AFB,"32°29'45""N","93°40'21""W",15S VR 36822 95596,21R1,21R1 (LOGISTICS READINESS),https://paladindanse111.github.io/AFSC-PDFs/21R.html,https://paladindanse111.github.io/AFSC-PDFs/BASE_BARKSDALE_AFB.html,B-52,Active Duty
BARKSDALE AFB,"32°29'45""N","93°40'21""W",15S VR 36822 95596,21R1,21R1 (LOGISTICS READINESS),https://paladindanse111.github.io/AFSC-PDFs/21R.html,https://paladindanse111.github.io/AFSC-PDFs/BASE_BARKSDALE_AFB.html,E-4,Active Duty
BARKSDALE AFB,"32°29'45""N","93°40'21""W",15S VR 36822 95596,21R1,21R1 (LOGISTICS READINESS),https://paladindanse111.github.io/AFSC-PDFs/21R.html,https://paladindanse111.github.io/AFSC-PDFs/BASE_BARKSDALE_AFB.html,UH-1N,Active Duty
BARKSDALE AFB,"32°29'45""N","93°40'21""W",15S VR 36822 95596,32E1A,32E1A (CIVIL ENGINEER),https://paladindanse111.github.io/AFSC-PDFs/32E.html,https://paladindanse111.github.io/AFSC-PDFs/BASE_BARKSDALE_AFB.html,B-1,Active Duty
BARKSDALE AFB,"32°29'45""N","93°40'21""W",15S VR 36822 95596,32E1A,32E1A (CIVIL ENGINEER),https://paladindanse111.github.io/AFSC-PDFs/32E.html,https://paladindanse111.github.io/AFSC-PDFs/BASE_BARKSDALE_AFB.html,B-2,Active Duty
BARKSDALE AFB,"32°29'45""N","93°40'21""W",15S VR 36822 95596,32E1A,32E1A (CIVIL ENGINEER),https://paladindanse111.github.io/AFSC-PDFs/32E.html,https://paladindanse111.github.io/AFSC-PDFs/BASE_BARKSDALE_AFB.html,B-52,Active Duty
BARKSDALE AFB,"32°29'45""N","93°40'21""W",15S VR 36822 95596,32E1A,32E1A (CIVIL ENGINEER),https://paladindanse111.github.io/AFSC-PDFs/32E.html,https://paladindanse111.github.io/AFSC-PDFs/BASE_BARKSDALE_AFB.html,E-4,Active Duty
BARKSDALE AFB,"32°29'45""N","93°40'21""W",15S VR 36822 95596,32E1A,32E1A (CIVIL ENGINEER),https://paladindanse111.github.io/AFSC-PDFs/32E.html,https://paladindanse111.github.io/AFSC-PDFs/BASE_BARKSDALE_AFB.html,UH-1N,Active Duty
BARKSDALE AFB,"32°29'45""N","93°40'21""W",15S VR 36822 95596,32E1C,32E1C (CIVIL ENGINEER),https://paladindanse111.github.io/AFSC-PDFs/32E.html,https://paladindanse111.github.io/AFSC-PDFs/BASE_BARKSDALE_AFB.html,B-1,Active Duty
BARKSDALE AFB,"32°29'45""N","93°40'21""W",15S VR 36822 95596,32E1C,32E1C (CIVIL ENGINEER),https://paladindanse111.github.io/AFSC-PDFs/32E.html,https://paladindanse111.github.io/AFSC-PDFs/BASE_BARKSDALE_AFB.html,B-2,Active Duty
BARKSDALE AFB,"32°29'45""N","93°40'21""W",15S VR 36822 95596,32E1C,32E1C (CIVIL ENGINEER),https://paladindanse111.github.io/AFSC-PDFs/32E.html,https://paladindanse111.github.io/AFSC-PDFs/BASE_BARKSDALE_AFB.html,B-52,Active Duty
BARKSDALE AFB,"32°29'45""N","93°40'21""W",15S VR 36822 95596,32E1C,32E1C (CIVIL ENGINEER),https://paladindanse111.github.io/AFSC-PDFs/32E.html,https://paladindanse111.github.io/AFSC-PDFs/BASE_BARKSDALE_AFB.html,E-4,Active Duty
BARKSDALE AFB,"32°29'45""N","93°40'21""W",15S VR 36822 95596,32E1C,32E1C (CIVIL ENGINEER),https://paladindanse111.github.io/AFSC-PDFs/32E.html,https://paladindanse111.github.io/AFSC-PDFs/BASE_BARKSDALE_AFB.html,UH-1N,Active Duty
BARKSDALE AFB,"32°29'45""N","93°40'21""W",15S VR 36822 95596,32E1E,32E1E (CIVIL ENGINEER),https://paladindanse111.github.io/AFSC-PDFs/32E.html,https://paladindanse111.github.io/AFSC-PDFs/BASE_BARKSDALE_AFB.html,B-1,Active Duty
BARKSDALE AFB,"32°29'45""N","93°40'21""W",15S VR 36822 95596,32E1E,32E1E (CIVIL ENGINEER),https://paladindanse111.github.io/AFSC-PDFs/32E.html,https://paladindanse111.github.io/AFSC-PDFs/BASE_BARKSDALE_AFB.html,B-2,Active Duty
BARKSDALE AFB,"32°29'45""N","93°40'21""W",15S VR 36822 95596,32E1E,32E1E (CIVIL ENGINEER),https://paladindanse111.github.io/AFSC-PDFs/32E.html,https://paladindanse111.github.io/AFSC-PDFs/BASE_BARKSDALE_AFB.html,B-52,Active Duty
BARKSDALE AFB,"32°29'45""N","93°40'21""W",15S VR 36822 95596,32E1E,32E1E (CIVIL ENGINEER),https://paladindanse111.github.io/AFSC-PDFs/32E.html,https://paladindanse111.github.io/AFSC-PDFs/BASE_BARKSDALE_AFB.html,E-4,Active Duty
BARKSDALE AFB,"32°29'45""N","93°40'21""W",15S VR 36822 95596,32E1E,32E1E (CIVIL ENGINEER),https://paladindanse111.github.io/AFSC-PDFs/32E.html,https://paladindanse111.github.io/AFSC-PDFs/BASE_BARKSDALE_AFB.html,UH-1N,Active Duty
BARKSDALE AFB,"32°29'45""N","93°40'21""W",15S VR 36822 95596,32E1F,32E1F (CIVIL ENGINEER),https://paladindanse111.github.io/AFSC-PDFs/32E.html,https://paladindanse111.github.io/AFSC-PDFs/BASE_BARKSDALE_AFB.html,B-1,Active Duty
BARKSDALE AFB,"32°29'45""N","93°40'21""W",15S VR 36822 95596,32E1F,32E1F (CIVIL ENGINEER),https://paladindanse111.github.io/AFSC-PDFs/32E.html,https://paladindanse111.github.io/AFSC-PDFs/BASE_BARKSDALE_AFB.html,B-2,Active Duty
BARKSDALE AFB,"32°29'45""N","93°40'21""W",15S VR 36822 95596,32E1F,32E1F (CIVIL ENGINEER),https://paladindanse111.github.io/AFSC-PDFs/32E.html,https://paladindanse111.github.io/AFSC-PDFs/BASE_BARKSDALE_AFB.html,B-52,Active Duty
BARKSDALE AFB,"32°29'45""N","93°40'21""W",15S VR 36822 95596,32E1F,32E1F (CIVIL ENGINEER),https://paladindanse111.github.io/AFSC-PDFs/32E.html,https://paladindanse111.github.io/AFSC-PDFs/BASE_BARKSDALE_AFB.html,E-4,Active Duty
BARKSDALE AFB,"32°29'45""N","93°40'21""W",15S VR 36822 95596,32E1F,32E1F (CIVIL ENGINEER),https://paladindanse111.github.io/AFSC-PDFs/32E.html,https://paladindanse111.github.io/AFSC-PDFs/BASE_BARKSDALE_AFB.html,UH-1N,Active Duty
BARKSDALE AFB,"32°29'45""N","93°40'21""W",15S VR 36822 95596,32E1G,32E1G (CIVIL ENGINEER),https://paladindanse111.github.io/AFSC-PDFs/32E.html,https://paladindanse111.github.io/AFSC-PDFs/BASE_BARKSDALE_AFB.html,B-1,Active Duty
BARKSDALE AFB,"32°29'45""N","93°40'21""W",15S VR 36822 95596,32E1G,32E1G (CIVIL ENGINEER),https://paladindanse111.github.io/AFSC-PDFs/32E.html,https://paladindanse111.github.io/AFSC-PDFs/BASE_BARKSDALE_AFB.html,B-2,Active Duty
BARKSDALE AFB,"32°29'45""N","93°40'21""W",15S VR 36822 95596,32E1G,32E1G (CIVIL ENGINEER),https://paladindanse111.github.io/AFSC-PDFs/32E.html,https://paladindanse111.github.io/AFSC-PDFs/BASE_BARKSDALE_AFB.html,B-52,Active Duty
BARKSDALE AFB,"32°29'45""N","93°40'21""W",15S VR 36822 95596,32E1G,32E1G (CIVIL ENGINEER),https://paladindanse111.github.io/AFSC-PDFs/32E.html,https://paladindanse111.github.io/AFSC-PDFs/BASE_BARKSDALE_AFB.html,E-4,Active Duty
BARKSDALE AFB,"32°29'45""N","93°40'21""W",15S VR 36822 95596,32E1G,32E1G (CIVIL ENGINEER),https://paladindanse111.github.io/AFSC-PDFs/32E.html,https://paladindanse111.github.io/AFSC-PDFs/BASE_BARKSDALE_AFB.html,UH-1N,Active Duty
BARKSDALE AFB,"32°29'45""N","93°40'21""W",15S VR 36822 95596,32E1J,32E1J (CIVIL ENGINEER),https://paladindanse111.github.io/AFSC-PDFs/32E.html,https://paladindanse111.github.io/AFSC-PDFs/BASE_BARKSDALE_AFB.html,B-1,Active Duty
BARKSDALE AFB,"32°29'45""N","93°40'21""W",15S VR 36822 95596,32E1J,32E1J (CIVIL ENGINEER),https://paladindanse111.github.io/AFSC-PDFs/32E.html,https://paladindanse111.github.io/AFSC-PDFs/BASE_BARKSDALE_AFB.html,B-2,Active Duty
BARKSDALE AFB,"32°29'45""N","93°40'21""W",15S VR 36822 95596,32E1J,32E1J (CIVIL ENGINEER),https://paladindanse111.github.io/AFSC-PDFs/32E.html,https://paladindanse111.github.io/AFSC-PDFs/BASE_BARKSDALE_AFB.html,B-52,Active Duty
BARKSDALE AFB,"32°29'45""N","93°40'21""W",15S VR 36822 95596,32E1J,32E1J (CIVIL ENGINEER),https://paladindanse111.github.io/AFSC-PDFs/32E.html,https://paladindanse111.github.io/AFSC-PDFs/BASE_BARKSDALE_AFB.html,E-4,Active Duty
BARKSDALE AFB,"32°29'45""N","93°40'21""W",15S VR 36822 95596,32E1J,32E1J (CIVIL ENGINEER),https://paladindanse111.github.io/AFSC-PDFs/32E.html,https://paladindanse111.github.io/AFSC-PDFs/BASE_BARKSDALE_AFB.html,UH-1N,Active Duty
BARKSDALE AFB,"32°29'45""N","93°40'21""W",15S VR 36822 95596,35P1,35P1 (PUBLIC AFFAIRS),https://paladindanse111.github.io/AFSC-PDFs/35P.html,https://paladindanse111.github.io/AFSC-PDFs/BASE_BARKSDALE_AFB.html,B-1,Active Duty
BARKSDALE AFB,"32°29'45""N","93°40'21""W",15S VR 36822 95596,35P1,35P1 (PUBLIC AFFAIRS),https://paladindanse111.github.io/AFSC-PDFs/35P.html,https://paladindanse111.github.io/AFSC-PDFs/BASE_BARKSDALE_AFB.html,B-2,Active Duty
BARKSDALE AFB,"32°29'45""N","93°40'21""W",15S VR 36822 95596,35P1,35P1 (PUBLIC AFFAIRS),https://paladindanse111.github.io/AFSC-PDFs/35P.html,https://paladindanse111.github.io/AFSC-PDFs/BASE_BARKSDALE_AFB.html,B-52,Active Duty
BARKSDALE AFB,"32°29'45""N","93°40'21""W",15S VR 36822 95596,35P1,35P1 (PUBLIC AFFAIRS),https://paladindanse111.github.io/AFSC-PDFs/35P.html,https://paladindanse111.github.io/AFSC-PDFs/BASE_BARKSDALE_AFB.html,E-4,Active Duty
BARKSDALE AFB,"32°29'45""N","93°40'21""W",15S VR 36822 95596,35P1,35P1 (PUBLIC AFFAIRS),https://paladindanse111.github.io/AFSC-PDFs/35P.html,https://paladindanse111.github.io/AFSC-PDFs/BASE_BARKSDALE_AFB.html,UH-1N,Active Duty
BARKSDALE AFB,"32°29'45""N","93°40'21""W",15S VR 36822 95596,38F1,38F1 (FORCE SUPPORT),https://paladindanse111.github.io/AFSC-PDFs/38F.html,https://paladindanse111.github.io/AFSC-PDFs/BASE_BARKSDALE_AFB.html,B-1,Active Duty
BARKSDALE AFB,"32°29'45""N","93°40'21""W",15S VR 36822 95596,38F1,38F1 (FORCE SUPPORT),https://paladindanse111.github.io/AFSC-PDFs/38F.html,https://paladindanse111.github.io/AFSC-PDFs/BASE_BARKSDALE_AFB.html,B-2,Active Duty
BARKSDALE AFB,"32°29'45""N","93°40'21""W",15S VR 36822 95596,38F1,38F1 (FORCE SUPPORT),https://paladindanse111.github.io/AFSC-PDFs/38F.html,https://paladindanse111.github.io/AFSC-PDFs/BASE_BARKSDALE_AFB.html,B-52,Active Duty
BARKSDALE AFB,"32°29'45""N","93°40'21""W",15S VR 36822 95596,38F1,38F1 (FORCE SUPPORT),https://paladindanse111.github.io/AFSC-PDFs/38F.html,https://paladindanse111.github.io/AFSC-PDFs/BASE_BARKSDALE_AFB.html,E-4,Active Duty
BARKSDALE AFB,"32°29'45""N","93°40'21""W",15S VR 36822 95596,38F1,38F1 (FORCE SUPPORT),https://paladindanse111.github.io/AFSC-PDFs/38F.html,https://paladindanse111.github.io/AFSC-PDFs/BASE_BARKSDALE_AFB.html,UH-1N,Active Duty
BARKSDALE AFB,"32°29'45""N","93°40'21""W",15S VR 36822 95596,61D1,61D1 (PHYSICIST/NUCLEAR ENGINEER),https://paladindanse111.github.io/AFSC-PDFs/61D.html,https://paladindanse111.github.io/AFSC-PDFs/BASE_BARKSDALE_AFB.html,B-1,Active Duty
BARKSDALE AFB,"32°29'45""N","93°40'21""W",15S VR 36822 95596,61D1,61D1 (PHYSICIST/NUCLEAR ENGINEER),https://paladindanse111.github.io/AFSC-PDFs/61D.html,https://paladindanse111.github.io/AFSC-PDFs/BASE_BARKSDALE_AFB.html,B-2,Active Duty
BARKSDALE AFB,"32°29'45""N","93°40'21""W",15S VR 36822 95596,61D1,61D1 (PHYSICIST/NUCLEAR ENGINEER),https://paladindanse111.github.io/AFSC-PDFs/61D.html,https://paladindanse111.github.io/AFSC-PDFs/BASE_BARKSDALE_AFB.html,B-52,Active Duty
BARKSDALE AFB,"32°29'45""N","93°40'21""W",15S VR 36822 95596,61D1,61D1 (PHYSICIST/NUCLEAR ENGINEER),https://paladindanse111.github.io/AFSC-PDFs/61D.html,https://paladindanse111.github.io/AFSC-PDFs/BASE_BARKSDALE_AFB.html,E-4,Active Duty
BARKSDALE AFB,"32°29'45""N","93°40'21""W",15S VR 36822 95596,61D1,61D1 (PHYSICIST/NUCLEAR ENGINEER),https://paladindanse111.github.io/AFSC-PDFs/61D.html,https://paladindanse111.github.io/AFSC-PDFs/BASE_BARKSDALE_AFB.html,UH-1N,Active Duty
BARKSDALE AFB,"32°29'45""N","93°40'21""W",15S VR 36822 95596,62E1A,62E1A (DEVELOPMENTAL ENGINEER),https://paladindanse111.github.io/AFSC-PDFs/62E.html,https://paladindanse111.github.io/AFSC-PDFs/BASE_BARKSDALE_AFB.html,B-1,Active Duty
BARKSDALE AFB,"32°29'45""N","93°40'21""W",15S VR 36822 95596,62E1A,62E1A (DEVELOPMENTAL ENGINEER),https://paladindanse111.github.io/AFSC-PDFs/62E.html,https://paladindanse111.github.io/AFSC-PDFs/BASE_BARKSDALE_AFB.html,B-2,Active Duty
BARKSDALE AFB,"32°29'45""N","93°40'21""W",15S VR 36822 95596,62E1A,62E1A (DEVELOPMENTAL ENGINEER),https://paladindanse111.github.io/AFSC-PDFs/62E.html,https://paladindanse111.github.io/AFSC-PDFs/BASE_BARKSDALE_AFB.html,B-52,Active Duty
BARKSDALE AFB,"32°29'45""N","93°40'21""W",15S VR 36822 95596,62E1A,62E1A (DEVELOPMENTAL ENGINEER),https://paladindanse111.github.io/AFSC-PDFs/62E.html,https://paladindanse111.github.io/AFSC-PDFs/BASE_BARKSDALE_AFB.html,E-4,Active Duty
BARKSDALE AFB,"32°29'45""N","93°40'21""W",15S VR 36822 95596,62E1A,62E1A (DEVELOPMENTAL ENGINEER),https://paladindanse111.github.io/AFSC-PDFs/62E.html,https://paladindanse111.github.io/AFSC-PDFs/BASE_BARKSDALE_AFB.html,UH-1N,Active Duty
BARKSDALE AFB,"32°29'45""N","93°40'21""W",15S VR 36822 95596,62E1B,62E1B (DEVELOPMENTAL ENGINEER),https://paladindanse111.github.io/AFSC-PDFs/62E.html,https://paladindanse111.github.io/AFSC-PDFs/BASE_BARKSDALE_AFB.html,B-1,Active Duty
BARKSDALE AFB,"32°29'45""N","93°40'21""W",15S VR 36822 95596,62E1B,62E1B (DEVELOPMENTAL ENGINEER),https://paladindanse111.github.io/AFSC-PDFs/62E.html,https://paladindanse111.github.io/AFSC-PDFs/BASE_BARKSDALE_AFB.html,B-2,Active Duty
BARKSDALE AFB,"32°29'45""N","93°40'21""W",15S VR 36822 95596,62E1B,62E1B (DEVELOPMENTAL ENGINEER),https://paladindanse111.github.io/AFSC-PDFs/62E.html,https://paladindanse111.github.io/AFSC-PDFs/BASE_BARKSDALE_AFB.html,B-52,Active Duty
BARKSDALE AFB,"32°29'45""N","93°40'21""W",15S VR 36822 95596,62E1B,62E1B (DEVELOPMENTAL ENGINEER),https://paladindanse111.github.io/AFSC-PDFs/62E.html,https://paladindanse111.github.io/AFSC-PDFs/BASE_BARKSDALE_AFB.html,E-4,Active Duty
BARKSDALE AFB,"32°29'45""N","93°40'21""W",15S VR 36822 95596,62E1B,62E1B (DEVELOPMENTAL ENGINEER),https://paladindanse111.github.io/AFSC-PDFs/62E.html,https://paladindanse111.github.io/AFSC-PDFs/BASE_BARKSDALE_AFB.html,UH-1N,Active Duty
BARKSDALE AFB,"32°29'45""N","93°40'21""W",15S VR 36822 95596,62E1C,62E1C (DEVELOPMENTAL ENGINEER),https://paladindanse111.github.io/AFSC-PDFs/62E.html,https://paladindanse111.github.io/AFSC-PDFs/BASE_BARKSDALE_AFB.html,B-1,Active Duty
BARKSDALE AFB,"32°29'45""N","93°40'21""W",15S VR 36822 95596,62E1C,62E1C (DEVELOPMENTAL ENGINEER),https://paladindanse111.github.io/AFSC-PDFs/62E.html,https://paladindanse111.github.io/AFSC-PDFs/BASE_BARKSDALE_AFB.html,B-2,Active Duty
BARKSDALE AFB,"32°29'45""N","93°40'21""W",15S VR 36822 95596,62E1C,62E1C (DEVELOPMENTAL ENGINEER),https://paladindanse111.github.io/AFSC-PDFs/62E.html,https://paladindanse111.github.io/AFSC-PDFs/BASE_BARKSDALE_AFB.html,B-52,Active Duty
BARKSDALE AFB,"32°29'45""N","93°40'21""W",15S VR 36822 95596,62E1C,62E1C (DEVELOPMENTAL ENGINEER),https://paladindanse111.github.io/AFSC-PDFs/62E.html,https://paladindanse111.github.io/AFSC-PDFs/BASE_BARKSDALE_AFB.html,E-4,Active Duty
BARKSDALE AFB,"32°29'45""N","93°40'21""W",15S VR 36822 95596,62E1C,62E1C (DEVELOPMENTAL ENGINEER),https://paladindanse111.github.io/AFSC-PDFs/62E.html,https://paladindanse111.github.io/AFSC-PDFs/BASE_BARKSDALE_AFB.html,UH-1N,Active Duty
BARKSDALE AFB,"32°29'45""N","93°40'21""W",15S VR 36822 95596,62E1E,62E1E (DEVELOPMENTAL ENGINEER),https://paladindanse111.github.io/AFSC-PDFs/62E.html,https://paladindanse111.github.io/AFSC-PDFs/BASE_BARKSDALE_AFB.html,B-1,Active Duty
BARKSDALE AFB,"32°29'45""N","93°40'21""W",15S VR 36822 95596,62E1E,62E1E (DEVELOPMENTAL ENGINEER),https://paladindanse111.github.io/AFSC-PDFs/62E.html,https://paladindanse111.github.io/AFSC-PDFs/BASE_BARKSDALE_AFB.html,B-2,Active Duty
BARKSDALE AFB,"32°29'45""N","93°40'21""W",15S VR 36822 95596,62E1E,62E1E (DEVELOPMENTAL ENGINEER),https://paladindanse111.github.io/AFSC-PDFs/62E.html,https://paladindanse111.github.io/AFSC-PDFs/BASE_BARKSDALE_AFB.html,B-52,Active Duty
BARKSDALE AFB,"32°29'45""N","93°40'21""W",15S VR 36822 95596,62E1E,62E1E (DEVELOPMENTAL ENGINEER),https://paladindanse111.github.io/AFSC-PDFs/62E.html,https://paladindanse111.github.io/AFSC-PDFs/BASE_BARKSDALE_AFB.html,E-4,Active Duty
BARKSDALE AFB,"32°29'45""N","93°40'21""W",15S VR 36822 95596,62E1E,62E1E (DEVELOPMENTAL ENGINEER),https://paladindanse111.github.io/AFSC-PDFs/62E.html,https://paladindanse111.github.io/AFSC-PDFs/BASE_BARKSDALE_AFB.html,UH-1N,Active Duty
BARKSDALE AFB,"32°29'45""N","93°40'21""W",15S VR 36822 95596,62E1G,62E1G (DEVELOPMENTAL ENGINEER),https://paladindanse111.github.io/AFSC-PDFs/62E.html,https://paladindanse111.github.io/AFSC-PDFs/BASE_BARKSDALE_AFB.html,B-1,Active Duty
BARKSDALE AFB,"32°29'45""N","93°40'21""W",15S VR 36822 95596,62E1G,62E1G (DEVELOPMENTAL ENGINEER),https://paladindanse111.github.io/AFSC-PDFs/62E.html,https://paladindanse111.github.io/AFSC-PDFs/BASE_BARKSDALE_AFB.html,B-2,Active Duty
BARKSDALE AFB,"32°29'45""N","93°40'21""W",15S VR 36822 95596,62E1G,62E1G (DEVELOPMENTAL ENGINEER),https://paladindanse111.github.io/AFSC-PDFs/62E.html,https://paladindanse111.github.io/AFSC-PDFs/BASE_BARKSDALE_AFB.html,B-52,Active Duty
BARKSDALE AFB,"32°29'45""N","93°40'21""W",15S VR 36822 95596,62E1G,62E1G (DEVELOPMENTAL ENGINEER),https://paladindanse111.github.io/AFSC-PDFs/62E.html,https://paladindanse111.github.io/AFSC-PDFs/BASE_BARKSDALE_AFB.html,E-4,Active Duty
BARKSDALE AFB,"32°29'45""N","93°40'21""W",15S VR 36822 95596,62E1G,62E1G (DEVELOPMENTAL ENGINEER),https://paladindanse111.github.io/AFSC-PDFs/62E.html,https://paladindanse111.github.io/AFSC-PDFs/BASE_BARKSDALE_AFB.html,UH-1N,Active Duty
BARKSDALE AFB,"32°29'45""N","93°40'21""W",15S VR 36822 95596,62E1H,62E1H (DEVELOPMENTAL ENGINEER),https://paladindanse111.github.io/AFSC-PDFs/62E.html,https://paladindanse111.github.io/AFSC-PDFs/BASE_BARKSDALE_AFB.html,B-1,Active Duty
BARKSDALE AFB,"32°29'45""N","93°40'21""W",15S VR 36822 95596,62E1H,62E1H (DEVELOPMENTAL ENGINEER),https://paladindanse111.github.io/AFSC-PDFs/62E.html,https://paladindanse111.github.io/AFSC-PDFs/BASE_BARKSDALE_AFB.html,B-2,Active Duty
BARKSDALE AFB,"32°29'45""N","93°40'21""W",15S VR 36822 95596,62E1H,62E1H (DEVELOPMENTAL ENGINEER),https://paladindanse111.github.io/AFSC-PDFs/62E.html,https://paladindanse111.github.io/AFSC-PDFs/BASE_BARKSDALE_AFB.html,B-52,Active Duty
BARKSDALE AFB,"32°29'45""N","93°40'21""W",15S VR 36822 95596,62E1H,62E1H (DEVELOPMENTAL ENGINEER),https://paladindanse111.github.io/AFSC-PDFs/62E.html,https://paladindanse111.github.io/AFSC-PDFs/BASE_BARKSDALE_AFB.html,E-4,Active Duty
BARKSDALE AFB,"32°29'45""N","93°40'21""W",15S VR 36822 95596,62E1H,62E1H (DEVELOPMENTAL ENGINEER),https://paladindanse111.github.io/AFSC-PDFs/62E.html,https://paladindanse111.github.io/AFSC-PDFs/BASE_BARKSDALE_AFB.html,UH-1N,Active Duty
BARKSDALE AFB,"32°29'45""N","93°40'21""W",15S VR 36822 95596,62E1I,62E1I (DEVELOPMENTAL ENGINEER),https://paladindanse111.github.io/AFSC-PDFs/62E.html,https://paladindanse111.github.io/AFSC-PDFs/BASE_BARKSDALE_AFB.html,B-1,Active Duty
BARKSDALE AFB,"32°29'45""N","93°40'21""W",15S VR 36822 95596,62E1I,62E1I (DEVELOPMENTAL ENGINEER),https://paladindanse111.github.io/AFSC-PDFs/62E.html,https://paladindanse111.github.io/AFSC-PDFs/BASE_BARKSDALE_AFB.html,B-2,Active Duty
BARKSDALE AFB,"32°29'45""N","93°40'21""W",15S VR 36822 95596,62E1I,62E1I (DEVELOPMENTAL ENGINEER),https://paladindanse111.github.io/AFSC-PDFs/62E.html,https://paladindanse111.github.io/AFSC-PDFs/BASE_BARKSDALE_AFB.html,B-52,Active Duty
BARKSDALE AFB,"32°29'45""N","93°40'21""W",15S VR 36822 95596,62E1I,62E1I (DEVELOPMENTAL ENGINEER),https://paladindanse111.github.io/AFSC-PDFs/62E.html,https://paladindanse111.github.io/AFSC-PDFs/BASE_BARKSDALE_AFB.html,E-4,Active Duty
BARKSDALE AFB,"32°29'45""N","93°40'21""W",15S VR 36822 95596,62E1I,62E1I (DEVELOPMENTAL ENGINEER),https://paladindanse111.github.io/AFSC-PDFs/62E.html,https://paladindanse111.github.io/AFSC-PDFs/BASE_BARKSDALE_AFB.html,UH-1N,Active Duty
BARKSDALE AFB,"32°29'45""N","93°40'21""W",15S VR 36822 95596,64P1,64P1 (CONTRACTING),https://paladindanse111.github.io/AFSC-PDFs/64P.html,https://paladindanse111.github.io/AFSC-PDFs/BASE_BARKSDALE_AFB.html,B-1,Active Duty
BARKSDALE AFB,"32°29'45""N","93°40'21""W",15S VR 36822 95596,64P1,64P1 (CONTRACTING),https://paladindanse111.github.io/AFSC-PDFs/64P.html,https://paladindanse111.github.io/AFSC-PDFs/BASE_BARKSDALE_AFB.html,B-2,Active Duty
BARKSDALE AFB,"32°29'45""N","93°40'21""W",15S VR 36822 95596,64P1,64P1 (CONTRACTING),https://paladindanse111.github.io/AFSC-PDFs/64P.html,https://paladindanse111.github.io/AFSC-PDFs/BASE_BARKSDALE_AFB.html,B-52,Active Duty
BARKSDALE AFB,"32°29'45""N","93°40'21""W",15S VR 36822 95596,64P1,64P1 (CONTRACTING),https://paladindanse111.github.io/AFSC-PDFs/64P.html,https://paladindanse111.github.io/AFSC-PDFs/BASE_BARKSDALE_AFB.html,E-4,Active Duty
BARKSDALE AFB,"32°29'45""N","93°40'21""W",15S VR 36822 95596,64P1,64P1 (CONTRACTING),https://paladindanse111.github.io/AFSC-PDFs/64P.html,https://paladindanse111.github.io/AFSC-PDFs/BASE_BARKSDALE_AFB.html,UH-1N,Active Duty
BARKSDALE AFB,"32°29'45""N","93°40'21""W",15S VR 36822 95596,65F1,65F1 (FINANCIAL MANAGEMENT),https://paladindanse111.github.io/AFSC-PDFs/65F.html,https://paladindanse111.github.io/AFSC-PDFs/BASE_BARKSDALE_AFB.html,B-1,Active Duty
BARKSDALE AFB,"32°29'45""N","93°40'21""W",15S VR 36822 95596,65F1,65F1 (FINANCIAL MANAGEMENT),https://paladindanse111.github.io/AFSC-PDFs/65F.html,https://paladindanse111.github.io/AFSC-PDFs/BASE_BARKSDALE_AFB.html,B-2,Active Duty
BARKSDALE AFB,"32°29'45""N","93°40'21""W",15S VR 36822 95596,65F1,65F1 (FINANCIAL MANAGEMENT),https://paladindanse111.github.io/AFSC-PDFs/65F.html,https://paladindanse111.github.io/AFSC-PDFs/BASE_BARKSDALE_AFB.html,B-52,Active Duty
BARKSDALE AFB,"32°29'45""N","93°40'21""W",15S VR 36822 95596,65F1,65F1 (FINANCIAL MANAGEMENT),https://paladindanse111.github.io/AFSC-PDFs/65F.html,https://paladindanse111.github.io/AFSC-PDFs/BASE_BARKSDALE_AFB.html,E-4,Active Duty
BARKSDALE AFB,"32°29'45""N","93°40'21""W",15S VR 36822 95596,65F1,65F1 (FINANCIAL MANAGEMENT),https://paladindanse111.github.io/AFSC-PDFs/65F.html,https://paladindanse111.github.io/AFSC-PDFs/BASE_BARKSDALE_AFB.html,UH-1N,Active Duty
BARKSDALE AFB,"32°29'45""N","93°40'21""W",15S VR 36822 95596,71S1,71S1 (SPECIAL INVESTIGATIONS),https://paladindanse111.github.io/AFSC-PDFs/71S.html,https://paladindanse111.github.io/AFSC-PDFs/BASE_BARKSDALE_AFB.html,B-1,Active Duty
BARKSDALE AFB,"32°29'45""N","93°40'21""W",15S VR 36822 95596,71S1,71S1 (SPECIAL INVESTIGATIONS),https://paladindanse111.github.io/AFSC-PDFs/71S.html,https://paladindanse111.github.io/AFSC-PDFs/BASE_BARKSDALE_AFB.html,B-2,Active Duty
BARKSDALE AFB,"32°29'45""N","93°40'21""W",15S VR 36822 95596,71S1,71S1 (SPECIAL INVESTIGATIONS),https://paladindanse111.github.io/AFSC-PDFs/71S.html,https://paladindanse111.github.io/AFSC-PDFs/BASE_BARKSDALE_AFB.html,B-52,Active Duty
BARKSDALE AFB,"32°29'45""N","93°40'21""W",15S VR 36822 95596,71S1,71S1 (SPECIAL INVESTIGATIONS),https://paladindanse111.github.io/AFSC-PDFs/71S.html,https://paladindanse111.github.io/AFSC-PDFs/BASE_BARKSDALE_AFB.html,E-4,Active Duty
BARKSDALE AFB,"32°29'45""N","93°40'21""W",15S VR 36822 95596,71S1,71S1 (SPECIAL INVESTIGATIONS),https://paladindanse111.github.io/AFSC-PDFs/71S.html,https://paladindanse111.github.io/AFSC-PDFs/BASE_BARKSDALE_AFB.html,UH-1N,Active Duty
BEALE AFB,"39°06'41""N","121°21'35""W",10S FJ 41815 30418,21A1,21A1 (AIRCRAFT MAINTENANCE),https://paladindanse111.github.io/AFSC-PDFs/21A.html,https://paladindanse111.github.io/AFSC-PDFs/BASE_BEALE_AFB.html,T-38,Active Duty
BEALE AFB,"39°06'41""N","121°21'35""W",10S FJ 41815 30418,21A1,21A1 (AIRCRAFT MAINTENANCE),https://paladindanse111.github.io/AFSC-PDFs/21A.html,https://paladindanse111.github.io/AFSC-PDFs/BASE_BEALE_AFB.html,TR-1/U-2,Active Duty
BEALE AFB,"39°06'41""N","121°21'35""W",10S FJ 41815 30418,21M1,21M1 (MUNITIONS AND MISSILE MAINTENANCE),https://paladindanse111.github.io/AFSC-PDFs/21M.html,https://paladindanse111.github.io/AFSC-PDFs/BASE_BEALE_AFB.html,T-38,Active Duty
BEALE AFB,"39°06'41""N","121°21'35""W",10S FJ 41815 30418,21M1,21M1 (MUNITIONS AND MISSILE MAINTENANCE),https://paladindanse111.github.io/AFSC-PDFs/21M.html,https://paladindanse111.github.io/AFSC-PDFs/BASE_BEALE_AFB.html,TR-1/U-2,Active Duty
BEALE AFB,"39°06'41""N","121°21'35""W",10S FJ 41815 30418,21R1,21R1 (LOGISTICS READINESS),https://paladindanse111.github.io/AFSC-PDFs/21R.html,https://paladindanse111.github.io/AFSC-PDFs/BASE_BEALE_AFB.html,T-38,Active Duty
BEALE AFB,"39°06'41""N","121°21'35""W",10S FJ 41815 30418,21R1,21R1 (LOGISTICS READINESS),https://paladindanse111.github.io/AFSC-PDFs/21R.html,https://paladindanse111.github.io/AFSC-PDFs/BASE_BEALE_AFB.html,TR-1/U-2,Active Duty
BEALE AFB,"39°06'41""N","121°21'35""W",10S FJ 41815 30418,32E1A,32E1A (CIVIL ENGINEER),https://paladindanse111.github.io/AFSC-PDFs/32E.html,https://paladindanse111.github.io/AFSC-PDFs/BASE_BEALE_AFB.html,T-38,Active Duty
BEALE AFB,"39°06'41""N","121°21'35""W",10S FJ 41815 30418,32E1A,32E1A (CIVIL ENGINEER),https://paladindanse111.github.io/AFSC-PDFs/32E.html,https://paladindanse111.github.io/AFSC-PDFs/BASE_BEALE_AFB.html,TR-1/U-2,Active Duty
BEALE AFB,"39°06'41""N","121°21'35""W",10S FJ 41815 30418,32E1C,32E1C (CIVIL ENGINEER),https://paladindanse111.github.io/AFSC-PDFs/32E.html,https://paladindanse111.github.io/AFSC-PDFs/BASE_BEALE_AFB.html,T-38,Active Duty
BEALE AFB,"39°06'41""N","121°21'35""W",10S FJ 41815 30418,32E1C,32E1C (CIVIL ENGINEER),https://paladindanse111.github.io/AFSC-PDFs/32E.html,https://paladindanse111.github.io/AFSC-PDFs/BASE_BEALE_AFB.html,TR-1/U-2,Active Duty
BEALE AFB,"39°06'41""N","121°21'35""W",10S FJ 41815 30418,32E1E,32E1E (CIVIL ENGINEER),https://paladindanse111.github.io/AFSC-PDFs/32E.html,https://paladindanse111.github.io/AFSC-PDFs/BASE_BEALE_AFB.html,T-38,Active Duty
BEALE AFB,"39°06'41""N","121°21'35""W",10S FJ 41815 30418,32E1E,32E1E (CIVIL ENGINEER),https://paladindanse111.github.io/AFSC-PDFs/32E.html,https://paladindanse111.github.io/AFSC-PDFs/BASE_BEALE_AFB.html,TR-1/U-2,Active Duty
BEALE AFB,"39°06'41""N","121°21'35""W",10S FJ 41815 30418,32E1F,32E1F (CIVIL ENGINEER),https://paladindanse111.github.io/AFSC-PDFs/32E.html,https://paladindanse111.github.io/AFSC-PDFs/BASE_BEALE_AFB.html,T-38,Active Duty
BEALE AFB,"39°06'41""N","121°21'35""W",10S FJ 41815 30418,32E1F,32E1F (CIVIL ENGINEER),https://paladindanse111.github.io/AFSC-PDFs/32E.html,https://paladindanse111.github.io/AFSC-PDFs/BASE_BEALE_AFB.html,TR-1/U-2,Active Duty
BEALE AFB,"39°06'41""N","121°21'35""W",10S FJ 41815 30418,32E1G,32E1G (CIVIL ENGINEER),https://paladindanse111.github.io/AFSC-PDFs/32E.html,https://paladindanse111.github.io/AFSC-PDFs/BASE_BEALE_AFB.html,T-38,Active Duty
BEALE AFB,"39°06'41""N","121°21'35""W",10S FJ 41815 30418,32E1G,32E1G (CIVIL ENGINEER),https://paladindanse111.github.io/AFSC-PDFs/32E.html,https://paladindanse111.github.io/AFSC-PDFs/BASE_BEALE_AFB.html,TR-1/U-2,Active Duty
BEALE AFB,"39°06'41""N","121°21'35""W",10S FJ 41815 30418,32E1J,32E1J (CIVIL ENGINEER),https://paladindanse111.github.io/AFSC-PDFs/32E.html,https://paladindanse111.github.io/AFSC-PDFs/BASE_BEALE_AFB.html,T-38,Active Duty
BEALE AFB,"39°06'41""N","121°21'35""W",10S FJ 41815 30418,32E1J,32E1J (CIVIL ENGINEER),https://paladindanse111.github.io/AFSC-PDFs/32E.html,https://paladindanse111.github.io/AFSC-PDFs/BASE_BEALE_AFB.html,TR-1/U-2,Active Duty
BEALE AFB,"39°06'41""N","121°21'35""W",10S FJ 41815 30418,35P1,35P1 (PUBLIC AFFAIRS),https://paladindanse111.github.io/AFSC-PDFs/35P.html,https://paladindanse111.github.io/AFSC-PDFs/BASE_BEALE_AFB.html,T-38,Active Duty
BEALE AFB,"39°06'41""N","121°21'35""W",10S FJ 41815 30418,35P1,35P1 (PUBLIC AFFAIRS),https://paladindanse111.github.io/AFSC-PDFs/35P.html,https://paladindanse111.github.io/AFSC-PDFs/BASE_BEALE_AFB.html,TR-1/U-2,Active Duty
BEALE AFB,"39°06'41""N","121°21'35""W",10S FJ 41815 30418,38F1,38F1 (FORCE SUPPORT),https://paladindanse111.github.io/AFSC-PDFs/38F.html,https://paladindanse111.github.io/AFSC-PDFs/BASE_BEALE_AFB.html,T-38,Active Duty
BEALE AFB,"39°06'41""N","121°21'35""W",10S FJ 41815 30418,38F1,38F1 (FORCE SUPPORT),https://paladindanse111.github.io/AFSC-PDFs/38F.html,https://paladindanse111.github.io/AFSC-PDFs/BASE_BEALE_AFB.html,TR-1/U-2,Active Duty
BEALE AFB,"39°06'41""N","121°21'35""W",10S FJ 41815 30418,62E1A,62E1A (DEVELOPMENTAL ENGINEER),https://paladindanse111.github.io/AFSC-PDFs/62E.html,https://paladindanse111.github.io/AFSC-PDFs/BASE_BEALE_AFB.html,T-38,Active Duty
BEALE AFB,"39°06'41""N","121°21'35""W",10S FJ 41815 30418,62E1A,62E1A (DEVELOPMENTAL ENGINEER),https://paladindanse111.github.io/AFSC-PDFs/62E.html,https://paladindanse111.github.io/AFSC-PDFs/BASE_BEALE_AFB.html,TR-1/U-2,Active Duty
BEALE AFB,"39°06'41""N","121°21'35""W",10S FJ 41815 30418,62E1B,62E1B (DEVELOPMENTAL ENGINEER),https://paladindanse111.github.io/AFSC-PDFs/62E.html,https://paladindanse111.github.io/AFSC-PDFs/BASE_BEALE_AFB.html,T-38,Active Duty
BEALE AFB,"39°06'41""N","121°21'35""W",10S FJ 41815 30418,62E1B,62E1B (DEVELOPMENTAL ENGINEER),https://paladindanse111.github.io/AFSC-PDFs/62E.html,https://paladindanse111.github.io/AFSC-PDFs/BASE_BEALE_AFB.html,TR-1/U-2,Active Duty
BEALE AFB,"39°06'41""N","121°21'35""W",10S FJ 41815 30418,62E1C,62E1C (DEVELOPMENTAL ENGINEER),https://paladindanse111.github.io/AFSC-PDFs/62E.html,https://paladindanse111.github.io/AFSC-PDFs/BASE_BEALE_AFB.html,T-38,Active Duty
BEALE AFB,"39°06'41""N","121°21'35""W",10S FJ 41815 30418,62E1C,62E1C (DEVELOPMENTAL ENGINEER),https://paladindanse111.github.io/AFSC-PDFs/62E.html,https://paladindanse111.github.io/AFSC-PDFs/BASE_BEALE_AFB.html,TR-1/U-2,Active Duty
BEALE AFB,"39°06'41""N","121°21'35""W",10S FJ 41815 30418,62E1E,62E1E (DEVELOPMENTAL ENGINEER),https://paladindanse111.github.io/AFSC-PDFs/62E.html,https://paladindanse111.github.io/AFSC-PDFs/BASE_BEALE_AFB.html,T-38,Active Duty
BEALE AFB,"39°06'41""N","121°21'35""W",10S FJ 41815 30418,62E1E,62E1E (DEVELOPMENTAL ENGINEER),https://paladindanse111.github.io/AFSC-PDFs/62E.html,https://paladindanse111.github.io/AFSC-PDFs/BASE_BEALE_AFB.html,TR-1/U-2,Active Duty
BEALE AFB,"39°06'41""N","121°21'35""W",10S FJ 41815 30418,62E1G,62E1G (DEVELOPMENTAL ENGINEER),https://paladindanse111.github.io/AFSC-PDFs/62E.html,https://paladindanse111.github.io/AFSC-PDFs/BASE_BEALE_AFB.html,T-38,Active Duty
BEALE AFB,"39°06'41""N","121°21'35""W",10S FJ 41815 30418,62E1G,62E1G (DEVELOPMENTAL ENGINEER),https://paladindanse111.github.io/AFSC-PDFs/62E.html,https://paladindanse111.github.io/AFSC-PDFs/BASE_BEALE_AFB.html,TR-1/U-2,Active Duty
BEALE AFB,"39°06'41""N","121°21'35""W",10S FJ 41815 30418,62E1H,62E1H (DEVELOPMENTAL ENGINEER),https://paladindanse111.github.io/AFSC-PDFs/62E.html,https://paladindanse111.github.io/AFSC-PDFs/BASE_BEALE_AFB.html,T-38,Active Duty
BEALE AFB,"39°06'41""N","121°21'35""W",10S FJ 41815 30418,62E1H,62E1H (DEVELOPMENTAL ENGINEER),https://paladindanse111.github.io/AFSC-PDFs/62E.html,https://paladindanse111.github.io/AFSC-PDFs/BASE_BEALE_AFB.html,TR-1/U-2,Active Duty
BEALE AFB,"39°06'41""N","121°21'35""W",10S FJ 41815 30418,62E1I,62E1I (DEVELOPMENTAL ENGINEER),https://paladindanse111.github.io/AFSC-PDFs/62E.html,https://paladindanse111.github.io/AFSC-PDFs/BASE_BEALE_AFB.html,T-38,Active Duty
BEALE AFB,"39°06'41""N","121°21'35""W",10S FJ 41815 30418,62E1I,62E1I (DEVELOPMENTAL ENGINEER),https://paladindanse111.github.io/AFSC-PDFs/62E.html,https://paladindanse111.github.io/AFSC-PDFs/BASE_BEALE_AFB.html,TR-1/U-2,Active Duty
BEALE AFB,"39°06'41""N","121°21'35""W",10S FJ 41815 30418,64P1,64P1 (CONTRACTING),https://paladindanse111.github.io/AFSC-PDFs/64P.html,https://paladindanse111.github.io/AFSC-PDFs/BASE_BEALE_AFB.html,T-38,Active Duty
BEALE AFB,"39°06'41""N","121°21'35""W",10S FJ 41815 30418,64P1,64P1 (CONTRACTING),https://paladindanse111.github.io/AFSC-PDFs/64P.html,https://paladindanse111.github.io/AFSC-PDFs/BASE_BEALE_AFB.html,TR-1/U-2,Active Duty
BEALE AFB,"39°06'41""N","121°21'35""W",10S FJ 41815 30418,65F1,65F1 (FINANCIAL MANAGEMENT),https://paladindanse111.github.io/AFSC-PDFs/65F.html,https://paladindanse111.github.io/AFSC-PDFs/BASE_BEALE_AFB.html,T-38,Active Duty
BEALE AFB,"39°06'41""N","121°21'35""W",10S FJ 41815 30418,65F1,65F1 (FINANCIAL MANAGEMENT),https://paladindanse111.github.io/AFSC-PDFs/65F.html,https://paladindanse111.github.io/AFSC-PDFs/BASE_BEALE_AFB.html,TR-1/U-2,Active Duty
BOSTON,"42° 20' 0""N","71° 5' 0""W",19T CG 28363 88888,63A1,63A1 (AQUISITION MANAGER),https://paladindanse111.github.io/AFSC-PDFs/63A.html,https://paladindanse111.github.io/AFSC-PDFs/BASE_BOSTON.html,,Active Duty
BUCKLEY SFB,"39°42'09""N","104°45'29""W",13S ED 20741 94766,32E1A,32E1A (CIVIL ENGINEER),https://paladindanse111.github.io/AFSC-PDFs/32E.html,https://paladindanse111.github.io/AFSC-PDFs/BASE_BUCKLEY_SFB.html,F-16,Active Duty
BUCKLEY SFB,"39°42'09""N","104°45'29""W",13S ED 20741 94766,32E1C,32E1C (CIVIL ENGINEER),https://paladindanse111.github.io/AFSC-PDFs/32E.html,https://paladindanse111.github.io/AFSC-PDFs/BASE_BUCKLEY_SFB.html,F-16,Active Duty
BUCKLEY SFB,"39°42'09""N","104°45'29""W",13S ED 20741 94766,32E1E,32E1E (CIVIL ENGINEER),https://paladindanse111.github.io/AFSC-PDFs/32E.html,https://paladindanse111.github.io/AFSC-PDFs/BASE_BUCKLEY_SFB.html,F-16,Active Duty
BUCKLEY SFB,"39°42'09""N","104°45'29""W",13S ED 20741 94766,32E1F,32E1F (CIVIL ENGINEER),https://paladindanse111.github.io/AFSC-PDFs/32E.html,https://paladindanse111.github.io/AFSC-PDFs/BASE_BUCKLEY_SFB.html,F-16,Active Duty
BUCKLEY SFB,"39°42'09""N","104°45'29""W",13S ED 20741 94766,32E1G,32E1G (CIVIL ENGINEER),https://paladindanse111.github.io/AFSC-PDFs/32E.html,https://paladindanse111.github.io/AFSC-PDFs/BASE_BUCKLEY_SFB.html,F-16,Active Duty
BUCKLEY SFB,"39°42'09""N","104°45'29""W",13S ED 20741 94766,32E1J,32E1J (CIVIL ENGINEER),https://paladindanse111.github.io/AFSC-PDFs/32E.html,https://paladindanse111.github.io/AFSC-PDFs/BASE_BUCKLEY_SFB.html,F-16,Active Duty
BUCKLEY SFB,"39°42'09""N","104°45'29""W",13S ED 20741 94766,35P1,35P1 (PUBLIC AFFAIRS),https://paladindanse111.github.io/AFSC-PDFs/35P.html,https://paladindanse111.github.io/AFSC-PDFs/BASE_BUCKLEY_SFB.html,F-16,Active Duty
BUCKLEY SFB,"39°42'09""N","104°45'29""W",13S ED 20741 94766,61D1,61D1 (PHYSICIST/NUCLEAR ENGINEER),https://paladindanse111.github.io/AFSC-PDFs/61D.html,https://paladindanse111.github.io/AFSC-PDFs/BASE_BUCKLEY_SFB.html,F-16,Active Duty
BUCKLEY SFB,"39°42'09""N","104°45'29""W",13S ED 20741 94766,62E1A,62E1A (DEVELOPMENTAL ENGINEER),https://paladindanse111.github.io/AFSC-PDFs/62E.html,https://paladindanse111.github.io/AFSC-PDFs/BASE_BUCKLEY_SFB.html,F-16,Active Duty
BUCKLEY SFB,"39°42'09""N","104°45'29""W",13S ED 20741 94766,62E1B,62E1B (DEVELOPMENTAL ENGINEER),https://paladindanse111.github.io/AFSC-PDFs/62E.html,https://paladindanse111.github.io/AFSC-PDFs/BASE_BUCKLEY_SFB.html,F-16,Active Duty
BUCKLEY SFB,"39°42'09""N","104°45'29""W",13S ED 20741 94766,64P1,64P1 (CONTRACTING),https://paladindanse111.github.io/AFSC-PDFs/64P.html,https://paladindanse111.github.io/AFSC-PDFs/BASE_BUCKLEY_SFB.html,F-16,Active Duty
BUCKLEY SFB,"39°42'09""N","104°45'29""W",13S ED 20741 94766,65F1,65F1 (FINANCIAL MANAGEMENT),https://paladindanse111.github.io/AFSC-PDFs/65F.html,https://paladindanse111.github.io/AFSC-PDFs/BASE_BUCKLEY_SFB.html,F-16,Active Duty
CANNON AFB,"34°23'20""N","103°19'05""W",13S FU 54620 06558,14F1,14F1 (INFORMATION OPERATIONS),https://paladindanse111.github.io/AFSC-PDFs/14F.html,https://paladindanse111.github.io/AFSC-PDFs/BASE_CANNON_AFB.html,AC-130J,Active Duty
CANNON AFB,"34°23'20""N","103°19'05""W",13S FU 54620 06558,14F1,14F1 (INFORMATION OPERATIONS),https://paladindanse111.github.io/AFSC-PDFs/14F.html,https://paladindanse111.github.io/AFSC-PDFs/BASE_CANNON_AFB.html,CV-22,Active Duty
CANNON AFB,"34°23'20""N","103°19'05""W",13S FU 54620 06558,14F1,14F1 (INFORMATION OPERATIONS),https://paladindanse111.github.io/AFSC-PDFs/14F.html,https://paladindanse111.github.io/AFSC-PDFs/BASE_CANNON_AFB.html,MC-130J,Active Duty
CANNON AFB,"34°23'20""N","103°19'05""W",13S FU 54620 06558,14F1,14F1 (INFORMATION OPERATIONS),https://paladindanse111.github.io/AFSC-PDFs/14F.html,https://paladindanse111.github.io/AFSC-PDFs/BASE_CANNON_AFB.html,U-28,Active Duty
CANNON AFB,"34°23'20""N","103°19'05""W",13S FU 54620 06558,15W1,15W1 (WEATHER AND ENVIRONMENTAL SCIENCES),https://paladindanse111.github.io/AFSC-PDFs/15W.html,https://paladindanse111.github.io/AFSC-PDFs/BASE_CANNON_AFB.html,AC-130J,Active Duty
CANNON AFB,"34°23'20""N","103°19'05""W",13S FU 54620 06558,15W1,15W1 (WEATHER AND ENVIRONMENTAL SCIENCES),https://paladindanse111.github.io/AFSC-PDFs/15W.html,https://paladindanse111.github.io/AFSC-PDFs/BASE_CANNON_AFB.html,CV-22,Active Duty
CANNON AFB,"34°23'20""N","103°19'05""W",13S FU 54620 06558,15W1,15W1 (WEATHER AND ENVIRONMENTAL SCIENCES),https://paladindanse111.github.io/AFSC-PDFs/15W.html,https://paladindanse111.github.io/AFSC-PDFs/BASE_CANNON_AFB.html,MC-130J,Active Duty
CANNON AFB,"34°23'20""N","103°19'05""W",13S FU 54620 06558,15W1,15W1 (WEATHER AND ENVIRONMENTAL SCIENCES),https://paladindanse111.github.io/AFSC-PDFs/15W.html,https://paladindanse111.github.io/AFSC-PDFs/BASE_CANNON_AFB.html,U-28,Active Duty
CANNON AFB,"34°23'20""N","103°19'05""W",13S FU 54620 06558,21A1,21A1 (AIRCRAFT MAINTENANCE),https://paladindanse111.github.io/AFSC-PDFs/21A.html,https://paladindanse111.github.io/AFSC-PDFs/BASE_CANNON_AFB.html,AC-130J,Active Duty
CANNON AFB,"34°23'20""N","103°19'05""W",13S FU 54620 06558,21A1,21A1 (AIRCRAFT MAINTENANCE),https://paladindanse111.github.io/AFSC-PDFs/21A.html,https://paladindanse111.github.io/AFSC-PDFs/BASE_CANNON_AFB.html,CV-22,Active Duty
CANNON AFB,"34°23'20""N","103°19'05""W",13S FU 54620 06558,21A1,21A1 (AIRCRAFT MAINTENANCE),https://paladindanse111.github.io/AFSC-PDFs/21A.html,https://paladindanse111.github.io/AFSC-PDFs/BASE_CANNON_AFB.html,MC-130J,Active Duty
CANNON AFB,"34°23'20""N","103°19'05""W",13S FU 54620 06558,21A1,21A1 (AIRCRAFT MAINTENANCE),https://paladindanse111.github.io/AFSC-PDFs/21A.html,https://paladindanse111.github.io/AFSC-PDFs/BASE_CANNON_AFB.html,U-28,Active Duty
CANNON AFB,"34°23'20""N","103°19'05""W",13S FU 54620 06558,21M1,21M1 (MUNITIONS AND MISSILE MAINTENANCE),https://paladindanse111.github.io/AFSC-PDFs/21M.html,https://paladindanse111.github.io/AFSC-PDFs/BASE_CANNON_AFB.html,AC-130J,Active Duty
CANNON AFB,"34°23'20""N","103°19'05""W",13S FU 54620 06558,21M1,21M1 (MUNITIONS AND MISSILE MAINTENANCE),https://paladindanse111.github.io/AFSC-PDFs/21M.html,https://paladindanse111.github.io/AFSC-PDFs/BASE_CANNON_AFB.html,CV-22,Active Duty
CANNON AFB,"34°23'20""N","103°19'05""W",13S FU 54620 06558,21M1,21M1 (MUNITIONS AND MISSILE MAINTENANCE),https://paladindanse111.github.io/AFSC-PDFs/21M.html,https://paladindanse111.github.io/AFSC-PDFs/BASE_CANNON_AFB.html,MC-130J,Active Duty
CANNON AFB,"34°23'20""N","103°19'05""W",13S FU 54620 06558,21M1,21M1 (MUNITIONS AND MISSILE MAINTENANCE),https://paladindanse111.github.io/AFSC-PDFs/21M.html,https://paladindanse111.github.io/AFSC-PDFs/BASE_CANNON_AFB.html,U-28,Active Duty
CANNON AFB,"34°23'20""N","103°19'05""W",13S FU 54620 06558,21R1,21R1 (LOGISTICS READINESS),https://paladindanse111.github.io/AFSC-PDFs/21R.html,https://paladindanse111.github.io/AFSC-PDFs/BASE_CANNON_AFB.html,AC-130J,Active Duty
CANNON AFB,"34°23'20""N","103°19'05""W",13S FU 54620 06558,21R1,21R1 (LOGISTICS READINESS),https://paladindanse111.github.io/AFSC-PDFs/21R.html,https://paladindanse111.github.io/AFSC-PDFs/BASE_CANNON_AFB.html,CV-22,Active Duty
CANNON AFB,"34°23'20""N","103°19'05""W",13S FU 54620 06558,21R1,21R1 (LOGISTICS READINESS),https://paladindanse111.github.io/AFSC-PDFs/21R.html,https://paladindanse111.github.io/AFSC-PDFs/BASE_CANNON_AFB.html,MC-130J,Active Duty
CANNON AFB,"34°23'20""N","103°19'05""W",13S FU 54620 06558,21R1,21R1 (LOGISTICS READINESS),https://paladindanse111.github.io/AFSC-PDFs/21R.html,https://paladindanse111.github.io/AFSC-PDFs/BASE_CANNON_AFB.html,U-28,Active Duty
CANNON AFB,"34°23'20""N","103°19'05""W",13S FU 54620 06558,32E1A,32E1A (CIVIL ENGINEER),https://paladindanse111.github.io/AFSC-PDFs/32E.html,https://paladindanse111.github.io/AFSC-PDFs/BASE_CANNON_AFB.html,AC-130J,Active Duty
CANNON AFB,"34°23'20""N","103°19'05""W",13S FU 54620 06558,32E1A,32E1A (CIVIL ENGINEER),https://paladindanse111.github.io/AFSC-PDFs/32E.html,https://paladindanse111.github.io/AFSC-PDFs/BASE_CANNON_AFB.html,CV-22,Active Duty
CANNON AFB,"34°23'20""N","103°19'05""W",13S FU 54620 06558,32E1A,32E1A (CIVIL ENGINEER),https://paladindanse111.github.io/AFSC-PDFs/32E.html,https://paladindanse111.github.io/AFSC-PDFs/BASE_CANNON_AFB.html,MC-130J,Active Duty
CANNON AFB,"34°23'20""N","103°19'05""W",13S FU 54620 06558,32E1A,32E1A (CIVIL ENGINEER),https://paladindanse111.github.io/AFSC-PDFs/32E.html,https://paladindanse111.github.io/AFSC-PDFs/BASE_CANNON_AFB.html,U-28,Active Duty
CANNON AFB,"34°23'20""N","103°19'05""W",13S FU 54620 06558,32E1C,32E1C (CIVIL ENGINEER),https://paladindanse111.github.io/AFSC-PDFs/32E.html,https://paladindanse111.github.io/AFSC-PDFs/BASE_CANNON_AFB.html,AC-130J,Active Duty
CANNON AFB,"34°23'20""N","103°19'05""W",13S FU 54620 06558,32E1C,32E1C (CIVIL ENGINEER),https://paladindanse111.github.io/AFSC-PDFs/32E.html,https://paladindanse111.github.io/AFSC-PDFs/BASE_CANNON_AFB.html,CV-22,Active Duty
CANNON AFB,"34°23'20""N","103°19'05""W",13S FU 54620 06558,32E1C,32E1C (CIVIL ENGINEER),https://paladindanse111.github.io/AFSC-PDFs/32E.html,https://paladindanse111.github.io/AFSC-PDFs/BASE_CANNON_AFB.html,MC-130J,Active Duty
CANNON AFB,"34°23'20""N","103°19'05""W",13S FU 54620 06558,32E1C,32E1C (CIVIL ENGINEER),https://paladindanse111.github.io/AFSC-PDFs/32E.html,https://paladindanse111.github.io/AFSC-PDFs/BASE_CANNON_AFB.html,U-28,Active Duty
CANNON AFB,"34°23'20""N","103°19'05""W",13S FU 54620 06558,32E1E,32E1E (CIVIL ENGINEER),https://paladindanse111.github.io/AFSC-PDFs/32E.html,https://paladindanse111.github.io/AFSC-PDFs/BASE_CANNON_AFB.html,AC-130J,Active Duty
CANNON AFB,"34°23'20""N","103°19'05""W",13S FU 54620 06558,32E1E,32E1E (CIVIL ENGINEER),https://paladindanse111.github.io/AFSC-PDFs/32E.html,https://paladindanse111.github.io/AFSC-PDFs/BASE_CANNON_AFB.html,CV-22,Active Duty
CANNON AFB,"34°23'20""N","103°19'05""W",13S FU 54620 06558,32E1E,32E1E (CIVIL ENGINEER),https://paladindanse111.github.io/AFSC-PDFs/32E.html,https://paladindanse111.github.io/AFSC-PDFs/BASE_CANNON_AFB.html,MC-130J,Active Duty
CANNON AFB,"34°23'20""N","103°19'05""W",13S FU 54620 06558,32E1E,32E1E (CIVIL ENGINEER),https://paladindanse111.github.io/AFSC-PDFs/32E.html,https://paladindanse111.github.io/AFSC-PDFs/BASE_CANNON_AFB.html,U-28,Active Duty
CANNON AFB,"34°23'20""N","103°19'05""W",13S FU 54620 06558,32E1F,32E1F (CIVIL ENGINEER),https://paladindanse111.github.io/AFSC-PDFs/32E.html,https://paladindanse111.github.io/AFSC-PDFs/BASE_CANNON_AFB.html,AC-130J,Active Duty
CANNON AFB,"34°23'20""N","103°19'05""W",13S FU 54620 06558,32E1F,32E1F (CIVIL ENGINEER),https://paladindanse111.github.io/AFSC-PDFs/32E.html,https://paladindanse111.github.io/AFSC-PDFs/BASE_CANNON_AFB.html,CV-22,Active Duty
CANNON AFB,"34°23'20""N","103°19'05""W",13S FU 54620 06558,32E1F,32E1F (CIVIL ENGINEER),https://paladindanse111.github.io/AFSC-PDFs/32E.html,https://paladindanse111.github.io/AFSC-PDFs/BASE_CANNON_AFB.html,MC-130J,Active Duty
CANNON AFB,"34°23'20""N","103°19'05""W",13S FU 54620 06558,32E1F,32E1F (CIVIL ENGINEER),https://paladindanse111.github.io/AFSC-PDFs/32E.html,https://paladindanse111.github.io/AFSC-PDFs/BASE_CANNON_AFB.html,U-28,Active Duty
CANNON AFB,"34°23'20""N","103°19'05""W",13S FU 54620 06558,32E1G,32E1G (CIVIL ENGINEER),https://paladindanse111.github.io/AFSC-PDFs/32E.html,https://paladindanse111.github.io/AFSC-PDFs/BASE_CANNON_AFB.html,AC-130J,Active Duty
CANNON AFB,"34°23'20""N","103°19'05""W",13S FU 54620 06558,32E1G,32E1G (CIVIL ENGINEER),https://paladindanse111.github.io/AFSC-PDFs/32E.html,https://paladindanse111.github.io/AFSC-PDFs/BASE_CANNON_AFB.html,CV-22,Active Duty
CANNON AFB,"34°23'20""N","103°19'05""W",13S FU 54620 06558,32E1G,32E1G (CIVIL ENGINEER),https://paladindanse111.github.io/AFSC-PDFs/32E.html,https://paladindanse111.github.io/AFSC-PDFs/BASE_CANNON_AFB.html,MC-130J,Active Duty
CANNON AFB,"34°23'20""N","103°19'05""W",13S FU 54620 06558,32E1G,32E1G (CIVIL ENGINEER),https://paladindanse111.github.io/AFSC-PDFs/32E.html,https://paladindanse111.github.io/AFSC-PDFs/BASE_CANNON_AFB.html,U-28,Active Duty
CANNON AFB,"34°23'20""N","103°19'05""W",13S FU 54620 06558,32E1J,32E1J (CIVIL ENGINEER),https://paladindanse111.github.io/AFSC-PDFs/32E.html,https://paladindanse111.github.io/AFSC-PDFs/BASE_CANNON_AFB.html,AC-130J,Active Duty
CANNON AFB,"34°23'20""N","103°19'05""W",13S FU 54620 06558,32E1J,32E1J (CIVIL ENGINEER),https://paladindanse111.github.io/AFSC-PDFs/32E.html,https://paladindanse111.github.io/AFSC-PDFs/BASE_CANNON_AFB.html,CV-22,Active Duty
CANNON AFB,"34°23'20""N","103°19'05""W",13S FU 54620 06558,32E1J,32E1J (CIVIL ENGINEER),https://paladindanse111.github.io/AFSC-PDFs/32E.html,https://paladindanse111.github.io/AFSC-PDFs/BASE_CANNON_AFB.html,MC-130J,Active Duty
CANNON AFB,"34°23'20""N","103°19'05""W",13S FU 54620 06558,32E1J,32E1J (CIVIL ENGINEER),https://paladindanse111.github.io/AFSC-PDFs/32E.html,https://paladindanse111.github.io/AFSC-PDFs/BASE_CANNON_AFB.html,U-28,Active Duty
CANNON AFB,"34°23'20""N","103°19'05""W",13S FU 54620 06558,35P1,35P1 (PUBLIC AFFAIRS),https://paladindanse111.github.io/AFSC-PDFs/35P.html,https://paladindanse111.github.io/AFSC-PDFs/BASE_CANNON_AFB.html,AC-130J,Active Duty
CANNON AFB,"34°23'20""N","103°19'05""W",13S FU 54620 06558,35P1,35P1 (PUBLIC AFFAIRS),https://paladindanse111.github.io/AFSC-PDFs/35P.html,https://paladindanse111.github.io/AFSC-PDFs/BASE_CANNON_AFB.html,CV-22,Active Duty
CANNON AFB,"34°23'20""N","103°19'05""W",13S FU 54620 06558,35P1,35P1 (PUBLIC AFFAIRS),https://paladindanse111.github.io/AFSC-PDFs/35P.html,https://paladindanse111.github.io/AFSC-PDFs/BASE_CANNON_AFB.html,MC-130J,Active Duty
CANNON AFB,"34°23'20""N","103°19'05""W",13S FU 54620 06558,35P1,35P1 (PUBLIC AFFAIRS),https://paladindanse111.github.io/AFSC-PDFs/35P.html,https://paladindanse111.github.io/AFSC-PDFs/BASE_CANNON_AFB.html,U-28,Active Duty
CANNON AFB,"34°23'20""N","103°19'05""W",13S FU 54620 06558,38F1,38F1 (FORCE SUPPORT),https://paladindanse111.github.io/AFSC-PDFs/38F.html,https://paladindanse111.github.io/AFSC-PDFs/BASE_CANNON_AFB.html,AC-130J,Active Duty
CANNON AFB,"34°23'20""N","103°19'05""W",13S FU 54620 06558,38F1,38F1 (FORCE SUPPORT),https://paladindanse111.github.io/AFSC-PDFs/38F.html,https://paladindanse111.github.io/AFSC-PDFs/BASE_CANNON_AFB.html,CV-22,Active Duty
CANNON AFB,"34°23'20""N","103°19'05""W",13S FU 54620 06558,38F1,38F1 (FORCE SUPPORT),https://paladindanse111.github.io/AFSC-PDFs/38F.html,https://paladindanse111.github.io/AFSC-PDFs/BASE_CANNON_AFB.html,MC-130J,Active Duty
CANNON AFB,"34°23'20""N","103°19'05""W",13S FU 54620 06558,38F1,38F1 (FORCE SUPPORT),https://paladindanse111.github.io/AFSC-PDFs/38F.html,https://paladindanse111.github.io/AFSC-PDFs/BASE_CANNON_AFB.html,U-28,Active Duty
CANNON AFB,"34°23'20""N","103°19'05""W",13S FU 54620 06558,64P1,64P1 (CONTRACTING),https://paladindanse111.github.io/AFSC-PDFs/64P.html,https://paladindanse111.github.io/AFSC-PDFs/BASE_CANNON_AFB.html,AC-130J,Active Duty
CANNON AFB,"34°23'20""N","103°19'05""W",13S FU 54620 06558,64P1,64P1 (CONTRACTING),https://paladindanse111.github.io/AFSC-PDFs/64P.html,https://paladindanse111.github.io/AFSC-PDFs/BASE_CANNON_AFB.html,CV-22,Active Duty
CANNON AFB,"34°23'20""N","103°19'05""W",13S FU 54620 06558,64P1,64P1 (CONTRACTING),https://paladindanse111.github.io/AFSC-PDFs/64P.html,https://paladindanse111.github.io/AFSC-PDFs/BASE_CANNON_AFB.html,MC-130J,Active Duty
CANNON AFB,"34°23'20""N","103°19'05""W",13S FU 54620 06558,64P1,64P1 (CONTRACTING),https://paladindanse111.github.io/AFSC-PDFs/64P.html,https://paladindanse111.github.io/AFSC-PDFs/BASE_CANNON_AFB.html,U-28,Active Duty
CANNON AFB,"34°23'20""N","103°19'05""W",13S FU 54620 06558,65F1,65F1 (FINANCIAL MANAGEMENT),https://paladindanse111.github.io/AFSC-PDFs/65F.html,https://paladindanse111.github.io/AFSC-PDFs/BASE_CANNON_AFB.html,AC-130J,Active Duty
CANNON AFB,"34°23'20""N","103°19'05""W",13S FU 54620 06558,65F1,65F1 (FINANCIAL MANAGEMENT),https://paladindanse111.github.io/AFSC-PDFs/65F.html,https://paladindanse111.github.io/AFSC-PDFs/BASE_CANNON_AFB.html,CV-22,Active Duty
CANNON AFB,"34°23'20""N","103°19'05""W",13S FU 54620 06558,65F1,65F1 (FINANCIAL MANAGEMENT),https://paladindanse111.github.io/AFSC-PDFs/65F.html,https://paladindanse111.github.io/AFSC-PDFs/BASE_CANNON_AFB.html,MC-130J,Active Duty
CANNON AFB,"34°23'20""N","103°19'05""W",13S FU 54620 06558,65F1,65F1 (FINANCIAL MANAGEMENT),https://paladindanse111.github.io/AFSC-PDFs/65F.html,https://paladindanse111.github.io/AFSC-PDFs/BASE_CANNON_AFB.html,U-28,Active Duty
CHARLOTTESVILLE,"38° 2' 0""N","78° 29' 0""W",17S QC 20873 12503,61C1,61C1 (CHEMIST/NUCLEAR CHEMIST),https://paladindanse111.github.io/AFSC-PDFs/61C.html,https://paladindanse111.github.io/AFSC-PDFs/BASE_CHARLOTTESVILLE.html,,Active Duty
CHARLOTTESVILLE,"38° 2' 0""N","78° 29' 0""W",17S QC 20873 12503,61D1,61D1 (PHYSICIST/NUCLEAR ENGINEER),https://paladindanse111.github.io/AFSC-PDFs/61D.html,https://paladindanse111.github.io/AFSC-PDFs/BASE_CHARLOTTESVILLE.html,,Active Duty
COLORADO SPRINGS,"38° 50' 2""N","104° 49' 15""W",13S EC 15550 98358,61D1,61D1 (PHYSICIST/NUCLEAR ENGINEER),https://paladindanse111.github.io/AFSC-PDFs/61D.html,https://paladindanse111.github.io/AFSC-PDFs/BASE_COLORADO_SPRINGS.html,,Active Duty
COLUMBUS AFB,"33°37'38""N","88°26'51""W",16S CC 65739 21763,13H1,13H1 (AEROSPACE PHYSIOLOGIST),https://paladindanse111.github.io/AFSC-PDFs/13H.html,https://paladindanse111.github.io/AFSC-PDFs/BASE_COLUMBUS_AFB.html,T-1,Active Duty
COLUMBUS AFB,"33°37'38""N","88°26'51""W",16S CC 65739 21763,13H1,13H1 (AEROSPACE PHYSIOLOGIST),https://paladindanse111.github.io/AFSC-PDFs/13H.html,https://paladindanse111.github.io/AFSC-PDFs/BASE_COLUMBUS_AFB.html,T-38,Active Duty
COLUMBUS AFB,"33°37'38""N","88°26'51""W",16S CC 65739 21763,13H1,13H1 (AEROSPACE PHYSIOLOGIST),https://paladindanse111.github.io/AFSC-PDFs/13H.html,https://paladindanse111.github.io/AFSC-PDFs/BASE_COLUMBUS_AFB.html,T-6,Active Duty
COLUMBUS AFB,"33°37'38""N","88°26'51""W",16S CC 65739 21763,15W1,15W1 (WEATHER AND ENVIRONMENTAL SCIENCES),https://paladindanse111.github.io/AFSC-PDFs/15W.html,https://paladindanse111.github.io/AFSC-PDFs/BASE_COLUMBUS_AFB.html,T-1,Active Duty
COLUMBUS AFB,"33°37'38""N","88°26'51""W",16S CC 65739 21763,15W1,15W1 (WEATHER AND ENVIRONMENTAL SCIENCES),https://paladindanse111.github.io/AFSC-PDFs/15W.html,https://paladindanse111.github.io/AFSC-PDFs/BASE_COLUMBUS_AFB.html,T-38,Active Duty
COLUMBUS AFB,"33°37'38""N","88°26'51""W",16S CC 65739 21763,15W1,15W1 (WEATHER AND ENVIRONMENTAL SCIENCES),https://paladindanse111.github.io/AFSC-PDFs/15W.html,https://paladindanse111.github.io/AFSC-PDFs/BASE_COLUMBUS_AFB.html,T-6,Active Duty
COLUMBUS AFB,"33°37'38""N","88°26'51""W",16S CC 65739 21763,32E1A,32E1A (CIVIL ENGINEER),https://paladindanse111.github.io/AFSC-PDFs/32E.html,https://paladindanse111.github.io/AFSC-PDFs/BASE_COLUMBUS_AFB.html,T-1,Active Duty
COLUMBUS AFB,"33°37'38""N","88°26'51""W",16S CC 65739 21763,32E1A,32E1A (CIVIL ENGINEER),https://paladindanse111.github.io/AFSC-PDFs/32E.html,https://paladindanse111.github.io/AFSC-PDFs/BASE_COLUMBUS_AFB.html,T-38,Active Duty
COLUMBUS AFB,"33°37'38""N","88°26'51""W",16S CC 65739 21763,32E1A,32E1A (CIVIL ENGINEER),https://paladindanse111.github.io/AFSC-PDFs/32E.html,https://paladindanse111.github.io/AFSC-PDFs/BASE_COLUMBUS_AFB.html,T-6,Active Duty
COLUMBUS AFB,"33°37'38""N","88°26'51""W",16S CC 65739 21763,32E1C,32E1C (CIVIL ENGINEER),https://paladindanse111.github.io/AFSC-PDFs/32E.html,https://paladindanse111.github.io/AFSC-PDFs/BASE_COLUMBUS_AFB.html,T-1,Active Duty
COLUMBUS AFB,"33°37'38""N","88°26'51""W",16S CC 65739 21763,32E1C,32E1C (CIVIL ENGINEER),https://paladindanse111.github.io/AFSC-PDFs/32E.html,https://paladindanse111.github.io/AFSC-PDFs/BASE_COLUMBUS_AFB.html,T-38,Active Duty
COLUMBUS AFB,"33°37'38""N","88°26'51""W",16S CC 65739 21763,32E1C,32E1C (CIVIL ENGINEER),https://paladindanse111.github.io/AFSC-PDFs/32E.html,https://paladindanse111.github.io/AFSC-PDFs/BASE_COLUMBUS_AFB.html,T-6,Active Duty
COLUMBUS AFB,"33°37'38""N","88°26'51""W",16S CC 65739 21763,32E1E,32E1E (CIVIL ENGINEER),https://paladindanse111.github.io/AFSC-PDFs/32E.html,https://paladindanse111.github.io/AFSC-PDFs/BASE_COLUMBUS_AFB.html,T-1,Active Duty
COLUMBUS AFB,"33°37'38""N","88°26'51""W",16S CC 65739 21763,32E1E,32E1E (CIVIL ENGINEER),https://paladindanse111.github.io/AFSC-PDFs/32E.html,https://paladindanse111.github.io/AFSC-PDFs/BASE_COLUMBUS_AFB.html,T-38,Active Duty
COLUMBUS AFB,"33°37'38""N","88°26'51""W",16S CC 65739 21763,32E1E,32E1E (CIVIL ENGINEER),https://paladindanse111.github.io/AFSC-PDFs/32E.html,https://paladindanse111.github.io/AFSC-PDFs/BASE_COLUMBUS_AFB.html,T-6,Active Duty
COLUMBUS AFB,"33°37'38""N","88°26'51""W",16S CC 65739 21763,32E1F,32E1F (CIVIL ENGINEER),https://paladindanse111.github.io/AFSC-PDFs/32E.html,https://paladindanse111.github.io/AFSC-PDFs/BASE_COLUMBUS_AFB.html,T-1,Active Duty
COLUMBUS AFB,"33°37'38""N","88°26'51""W",16S CC 65739 21763,32E1F,32E1F (CIVIL ENGINEER),https://paladindanse111.github.io/AFSC-PDFs/32E.html,https://paladindanse111.github.io/AFSC-PDFs/BASE_COLUMBUS_AFB.html,T-38,Active Duty
COLUMBUS AFB,"33°37'38""N","88°26'51""W",16S CC 65739 21763,32E1F,32E1F (CIVIL ENGINEER),https://paladindanse111.github.io/AFSC-PDFs/32E.html,https://paladindanse111.github.io/AFSC-PDFs/BASE_COLUMBUS_AFB.html,T-6,Active Duty
COLUMBUS AFB,"33°37'38""N","88°26'51""W",16S CC 65739 21763,32E1G,32E1G (CIVIL ENGINEER),https://paladindanse111.github.io/AFSC-PDFs/32E.html,https://paladindanse111.github.io/AFSC-PDFs/BASE_COLUMBUS_AFB.html,T-1,Active Duty
COLUMBUS AFB,"33°37'38""N","88°26'51""W",16S CC 65739 21763,32E1G,32E1G (CIVIL ENGINEER),https://paladindanse111.github.io/AFSC-PDFs/32E.html,https://paladindanse111.github.io/AFSC-PDFs/BASE_COLUMBUS_AFB.html,T-38,Active Duty
COLUMBUS AFB,"33°37'38""N","88°26'51""W",16S CC 65739 21763,32E1G,32E1G (CIVIL ENGINEER),https://paladindanse111.github.io/AFSC-PDFs/32E.html,https://paladindanse111.github.io/AFSC-PDFs/BASE_COLUMBUS_AFB.html,T-6,Active Duty
COLUMBUS AFB,"33°37'38""N","88°26'51""W",16S CC 65739 21763,32E1J,32E1J (CIVIL ENGINEER),https://paladindanse111.github.io/AFSC-PDFs/32E.html,https://paladindanse111.github.io/AFSC-PDFs/BASE_COLUMBUS_AFB.html,T-1,Active Duty
COLUMBUS AFB,"33°37'38""N","88°26'51""W",16S CC 65739 21763,32E1J,32E1J (CIVIL ENGINEER),https://paladindanse111.github.io/AFSC-PDFs/32E.html,https://paladindanse111.github.io/AFSC-PDFs/BASE_COLUMBUS_AFB.html,T-38,Active Duty
COLUMBUS AFB,"33°37'38""N","88°26'51""W",16S CC 65739 21763,32E1J,32E1J (CIVIL ENGINEER),https://paladindanse111.github.io/AFSC-PDFs/32E.html,https://paladindanse111.github.io/AFSC-PDFs/BASE_COLUMBUS_AFB.html,T-6,Active Duty
COLUMBUS AFB,"33°37'38""N","88°26'51""W",16S CC 65739 21763,35P1,35P1 (PUBLIC AFFAIRS),https://paladindanse111.github.io/AFSC-PDFs/35P.html,https://paladindanse111.github.io/AFSC-PDFs/BASE_COLUMBUS_AFB.html,T-1,Active Duty
COLUMBUS AFB,"33°37'38""N","88°26'51""W",16S CC 65739 21763,35P1,35P1 (PUBLIC AFFAIRS),https://paladindanse111.github.io/AFSC-PDFs/35P.html,https://paladindanse111.github.io/AFSC-PDFs/BASE_COLUMBUS_AFB.html,T-38,Active Duty
COLUMBUS AFB,"33°37'38""N","88°26'51""W",16S CC 65739 21763,35P1,35P1 (PUBLIC AFFAIRS),https://paladindanse111.github.io/AFSC-PDFs/35P.html,https://paladindanse111.github.io/AFSC-PDFs/BASE_COLUMBUS_AFB.html,T-6,Active Duty
COLUMBUS AFB,"33°37'38""N","88°26'51""W",16S CC 65739 21763,38F1,38F1 (FORCE SUPPORT),https://paladindanse111.github.io/AFSC-PDFs/38F.html,https://paladindanse111.github.io/AFSC-PDFs/BASE_COLUMBUS_AFB.html,T-1,Active Duty
COLUMBUS AFB,"33°37'38""N","88°26'51""W",16S CC 65739 21763,38F1,38F1 (FORCE SUPPORT),https://paladindanse111.github.io/AFSC-PDFs/38F.html,https://paladindanse111.github.io/AFSC-PDFs/BASE_COLUMBUS_AFB.html,T-38,Active Duty
COLUMBUS AFB,"33°37'38""N","88°26'51""W",16S CC 65739 21763,38F1,38F1 (FORCE SUPPORT),https://paladindanse111.github.io/AFSC-PDFs/38F.html,https://paladindanse111.github.io/AFSC-PDFs/BASE_COLUMBUS_AFB.html,T-6,Active Duty
COLUMBUS AFB,"33°37'38""N","88°26'51""W",16S CC 65739 21763,64P1,64P1 (CONTRACTING),https://paladindanse111.github.io/AFSC-PDFs/64P.html,https://paladindanse111.github.io/AFSC-PDFs/BASE_COLUMBUS_AFB.html,T-1,Active Duty
COLUMBUS AFB,"33°37'38""N","88°26'51""W",16S CC 65739 21763,64P1,64P1 (CONTRACTING),https://paladindanse111.github.io/AFSC-PDFs/64P.html,https://paladindanse111.github.io/AFSC-PDFs/BASE_COLUMBUS_AFB.html,T-38,Active Duty
COLUMBUS AFB,"33°37'38""N","88°26'51""W",16S CC 65739 21763,64P1,64P1 (CONTRACTING),https://paladindanse111.github.io/AFSC-PDFs/64P.html,https://paladindanse111.github.io/AFSC-PDFs/BASE_COLUMBUS_AFB.html,T-6,Active Duty
COLUMBUS AFB,"33°37'38""N","88°26'51""W",16S CC 65739 21763,65F1,65F1 (FINANCIAL MANAGEMENT),https://paladindanse111.github.io/AFSC-PDFs/65F.html,https://paladindanse111.github.io/AFSC-PDFs/BASE_COLUMBUS_AFB.html,T-1,Active Duty
COLUMBUS AFB,"33°37'38""N","88°26'51""W",16S CC 65739 21763,65F1,65F1 (FINANCIAL MANAGEMENT),https://paladindanse111.github.io/AFSC-PDFs/65F.html,https://paladindanse111.github.io/AFSC-PDFs/BASE_COLUMBUS_AFB.html,T-38,Active Duty
COLUMBUS AFB,"33°37'38""N","88°26'51""W",16S CC 65739 21763,65F1,65F1 (FINANCIAL MANAGEMENT),https://paladindanse111.github.io/AFSC-PDFs/65F.html,https://paladindanse111.github.io/AFSC-PDFs/BASE_COLUMBUS_AFB.html,T-6,Active Duty
COLUMBUS AFB,"33°37'38""N","88°26'51""W",16S CC 65739 21763,92T0,92T0 (PILOT TRAINEE),,https://paladindanse111.github.io/AFSC-PDFs/BASE_COLUMBUS_AFB.html,T-1,Active Duty
COLUMBUS AFB,"33°37'38""N","88°26'51""W",16S CC 65739 21763,92T0,92T0 (PILOT TRAINEE),,https://paladindanse111.github.io/AFSC-PDFs/BASE_COLUMBUS_AFB.html,T-38,Active Duty
COLUMBUS AFB,"33°37'38""N","88°26'51""W",16S CC 65739 21763,92T0,92T0 (PILOT TRAINEE),,https://paladindanse111.github.io/AFSC-PDFs/BASE_COLUMBUS_AFB.html,T-6,Active Duty
CAPE CANAVERAL SFS,"28°29'19""N","80°34'22""W",17R NM 41814 51404,NONE,NO AFSCS ASSIGNED,,https://paladindanse111.github.io/AFSC-PDFs/BASE_CAPE_CANAVERAL_SFS.html,,Active Duty
CREECH AFB,"36°34'41""N","115°39'29""W",11S PA 20060 48904,21A1,21A1 (AIRCRAFT MAINTENANCE),https://paladindanse111.github.io/AFSC-PDFs/21A.html,https://paladindanse111.github.io/AFSC-PDFs/BASE_CREECH_AFB.html,,Active Duty
CREECH AFB,"36°34'41""N","115°39'29""W",11S PA 20060 48904,21M1,21M1 (MUNITIONS AND MISSILE MAINTENANCE),https://paladindanse111.github.io/AFSC-PDFs/21M.html,https://paladindanse111.github.io/AFSC-PDFs/BASE_CREECH_AFB.html,,Active Duty
CREECH AFB,"36°34'41""N","115°39'29""W",11S PA 20060 48904,35P1,35P1 (PUBLIC AFFAIRS),https://paladindanse111.github.io/AFSC-PDFs/35P.html,https://paladindanse111.github.io/AFSC-PDFs/BASE_CREECH_AFB.html,,Active Duty
DAVIS-MONTHAN AFB,"32°10'14""N","110°52'39""W",12S WA 11549 59347,14F1,14F1 (INFORMATION OPERATIONS),https://paladindanse111.github.io/AFSC-PDFs/14F.html,https://paladindanse111.github.io/AFSC-PDFs/BASE_DAVIS-MONTHAN_AFB.html,A-10,Active Duty
DAVIS-MONTHAN AFB,"32°10'14""N","110°52'39""W",12S WA 11549 59347,14F1,14F1 (INFORMATION OPERATIONS),https://paladindanse111.github.io/AFSC-PDFs/14F.html,https://paladindanse111.github.io/AFSC-PDFs/BASE_DAVIS-MONTHAN_AFB.html,B-2,Active Duty
DAVIS-MONTHAN AFB,"32°10'14""N","110°52'39""W",12S WA 11549 59347,14F1,14F1 (INFORMATION OPERATIONS),https://paladindanse111.github.io/AFSC-PDFs/14F.html,https://paladindanse111.github.io/AFSC-PDFs/BASE_DAVIS-MONTHAN_AFB.html,B-52,Active Duty
DAVIS-MONTHAN AFB,"32°10'14""N","110°52'39""W",12S WA 11549 59347,14F1,14F1 (INFORMATION OPERATIONS),https://paladindanse111.github.io/AFSC-PDFs/14F.html,https://paladindanse111.github.io/AFSC-PDFs/BASE_DAVIS-MONTHAN_AFB.html,C-21,Active Duty
DAVIS-MONTHAN AFB,"32°10'14""N","110°52'39""W",12S WA 11549 59347,14F1,14F1 (INFORMATION OPERATIONS),https://paladindanse111.github.io/AFSC-PDFs/14F.html,https://paladindanse111.github.io/AFSC-PDFs/BASE_DAVIS-MONTHAN_AFB.html,EC-130,Active Duty
DAVIS-MONTHAN AFB,"32°10'14""N","110°52'39""W",12S WA 11549 59347,14F1,14F1 (INFORMATION OPERATIONS),https://paladindanse111.github.io/AFSC-PDFs/14F.html,https://paladindanse111.github.io/AFSC-PDFs/BASE_DAVIS-MONTHAN_AFB.html,F-15,Active Duty
DAVIS-MONTHAN AFB,"32°10'14""N","110°52'39""W",12S WA 11549 59347,14F1,14F1 (INFORMATION OPERATIONS),https://paladindanse111.github.io/AFSC-PDFs/14F.html,https://paladindanse111.github.io/AFSC-PDFs/BASE_DAVIS-MONTHAN_AFB.html,F-15E,Active Duty
DAVIS-MONTHAN AFB,"32°10'14""N","110°52'39""W",12S WA 11549 59347,14F1,14F1 (INFORMATION OPERATIONS),https://paladindanse111.github.io/AFSC-PDFs/14F.html,https://paladindanse111.github.io/AFSC-PDFs/BASE_DAVIS-MONTHAN_AFB.html,F-16,Active Duty
DAVIS-MONTHAN AFB,"32°10'14""N","110°52'39""W",12S WA 11549 59347,14F1,14F1 (INFORMATION OPERATIONS),https://paladindanse111.github.io/AFSC-PDFs/14F.html,https://paladindanse111.github.io/AFSC-PDFs/BASE_DAVIS-MONTHAN_AFB.html,HC-130J,Active Duty
DAVIS-MONTHAN AFB,"32°10'14""N","110°52'39""W",12S WA 11549 59347,14F1,14F1 (INFORMATION OPERATIONS),https://paladindanse111.github.io/AFSC-PDFs/14F.html,https://paladindanse111.github.io/AFSC-PDFs/BASE_DAVIS-MONTHAN_AFB.html,HH-60,Active Duty
DAVIS-MONTHAN AFB,"32°10'14""N","110°52'39""W",12S WA 11549 59347,15A1,15A1 (OPERATIONS ANALYSIS OFFICER),https://paladindanse111.github.io/AFSC-PDFs/15A.html,https://paladindanse111.github.io/AFSC-PDFs/BASE_DAVIS-MONTHAN_AFB.html,A-10,Active Duty
DAVIS-MONTHAN AFB,"32°10'14""N","110°52'39""W",12S WA 11549 59347,15A1,15A1 (OPERATIONS ANALYSIS OFFICER),https://paladindanse111.github.io/AFSC-PDFs/15A.html,https://paladindanse111.github.io/AFSC-PDFs/BASE_DAVIS-MONTHAN_AFB.html,B-2,Active Duty
DAVIS-MONTHAN AFB,"32°10'14""N","110°52'39""W",12S WA 11549 59347,15A1,15A1 (OPERATIONS ANALYSIS OFFICER),https://paladindanse111.github.io/AFSC-PDFs/15A.html,https://paladindanse111.github.io/AFSC-PDFs/BASE_DAVIS-MONTHAN_AFB.html,B-52,Active Duty
DAVIS-MONTHAN AFB,"32°10'14""N","110°52'39""W",12S WA 11549 59347,15A1,15A1 (OPERATIONS ANALYSIS OFFICER),https://paladindanse111.github.io/AFSC-PDFs/15A.html,https://paladindanse111.github.io/AFSC-PDFs/BASE_DAVIS-MONTHAN_AFB.html,C-21,Active Duty
DAVIS-MONTHAN AFB,"32°10'14""N","110°52'39""W",12S WA 11549 59347,15A1,15A1 (OPERATIONS ANALYSIS OFFICER),https://paladindanse111.github.io/AFSC-PDFs/15A.html,https://paladindanse111.github.io/AFSC-PDFs/BASE_DAVIS-MONTHAN_AFB.html,EC-130,Active Duty
DAVIS-MONTHAN AFB,"32°10'14""N","110°52'39""W",12S WA 11549 59347,15A1,15A1 (OPERATIONS ANALYSIS OFFICER),https://paladindanse111.github.io/AFSC-PDFs/15A.html,https://paladindanse111.github.io/AFSC-PDFs/BASE_DAVIS-MONTHAN_AFB.html,F-15,Active Duty
DAVIS-MONTHAN AFB,"32°10'14""N","110°52'39""W",12S WA 11549 59347,15A1,15A1 (OPERATIONS ANALYSIS OFFICER),https://paladindanse111.github.io/AFSC-PDFs/15A.html,https://paladindanse111.github.io/AFSC-PDFs/BASE_DAVIS-MONTHAN_AFB.html,F-15E,Active Duty
DAVIS-MONTHAN AFB,"32°10'14""N","110°52'39""W",12S WA 11549 59347,15A1,15A1 (OPERATIONS ANALYSIS OFFICER),https://paladindanse111.github.io/AFSC-PDFs/15A.html,https://paladindanse111.github.io/AFSC-PDFs/BASE_DAVIS-MONTHAN_AFB.html,F-16,Active Duty
DAVIS-MONTHAN AFB,"32°10'14""N","110°52'39""W",12S WA 11549 59347,15A1,15A1 (OPERATIONS ANALYSIS OFFICER),https://paladindanse111.github.io/AFSC-PDFs/15A.html,https://paladindanse111.github.io/AFSC-PDFs/BASE_DAVIS-MONTHAN_AFB.html,HC-130J,Active Duty
DAVIS-MONTHAN AFB,"32°10'14""N","110°52'39""W",12S WA 11549 59347,15A1,15A1 (OPERATIONS ANALYSIS OFFICER),https://paladindanse111.github.io/AFSC-PDFs/15A.html,https://paladindanse111.github.io/AFSC-PDFs/BASE_DAVIS-MONTHAN_AFB.html,HH-60,Active Duty
DAVIS-MONTHAN AFB,"32°10'14""N","110°52'39""W",12S WA 11549 59347,15W1,15W1 (WEATHER AND ENVIRONMENTAL SCIENCES),https://paladindanse111.github.io/AFSC-PDFs/15W.html,https://paladindanse111.github.io/AFSC-PDFs/BASE_DAVIS-MONTHAN_AFB.html,A-10,Active Duty
DAVIS-MONTHAN AFB,"32°10'14""N","110°52'39""W",12S WA 11549 59347,15W1,15W1 (WEATHER AND ENVIRONMENTAL SCIENCES),https://paladindanse111.github.io/AFSC-PDFs/15W.html,https://paladindanse111.github.io/AFSC-PDFs/BASE_DAVIS-MONTHAN_AFB.html,B-2,Active Duty
DAVIS-MONTHAN AFB,"32°10'14""N","110°52'39""W",12S WA 11549 59347,15W1,15W1 (WEATHER AND ENVIRONMENTAL SCIENCES),https://paladindanse111.github.io/AFSC-PDFs/15W.html,https://paladindanse111.github.io/AFSC-PDFs/BASE_DAVIS-MONTHAN_AFB.html,B-52,Active Duty
DAVIS-MONTHAN AFB,"32°10'14""N","110°52'39""W",12S WA 11549 59347,15W1,15W1 (WEATHER AND ENVIRONMENTAL SCIENCES),https://paladindanse111.github.io/AFSC-PDFs/15W.html,https://paladindanse111.github.io/AFSC-PDFs/BASE_DAVIS-MONTHAN_AFB.html,C-21,Active Duty
DAVIS-MONTHAN AFB,"32°10'14""N","110°52'39""W",12S WA 11549 59347,15W1,15W1 (WEATHER AND ENVIRONMENTAL SCIENCES),https://paladindanse111.github.io/AFSC-PDFs/15W.html,https://paladindanse111.github.io/AFSC-PDFs/BASE_DAVIS-MONTHAN_AFB.html,EC-130,Active Duty
DAVIS-MONTHAN AFB,"32°10'14""N","110°52'39""W",12S WA 11549 59347,15W1,15W1 (WEATHER AND ENVIRONMENTAL SCIENCES),https://paladindanse111.github.io/AFSC-PDFs/15W.html,https://paladindanse111.github.io/AFSC-PDFs/BASE_DAVIS-MONTHAN_AFB.html,F-15,Active Duty
DAVIS-MONTHAN AFB,"32°10'14""N","110°52'39""W",12S WA 11549 59347,15W1,15W1 (WEATHER AND ENVIRONMENTAL SCIENCES),https://paladindanse111.github.io/AFSC-PDFs/15W.html,https://paladindanse111.github.io/AFSC-PDFs/BASE_DAVIS-MONTHAN_AFB.html,F-15E,Active Duty
DAVIS-MONTHAN AFB,"32°10'14""N","110°52'39""W",12S WA 11549 59347,15W1,15W1 (WEATHER AND ENVIRONMENTAL SCIENCES),https://paladindanse111.github.io/AFSC-PDFs/15W.html,https://paladindanse111.github.io/AFSC-PDFs/BASE_DAVIS-MONTHAN_AFB.html,F-16,Active Duty
DAVIS-MONTHAN AFB,"32°10'14""N","110°52'39""W",12S WA 11549 59347,15W1,15W1 (WEATHER AND ENVIRONMENTAL SCIENCES),https://paladindanse111.github.io/AFSC-PDFs/15W.html,https://paladindanse111.github.io/AFSC-PDFs/BASE_DAVIS-MONTHAN_AFB.html,HC-130J,Active Duty
DAVIS-MONTHAN AFB,"32°10'14""N","110°52'39""W",12S WA 11549 59347,15W1,15W1 (WEATHER AND ENVIRONMENTAL SCIENCES),https://paladindanse111.github.io/AFSC-PDFs/15W.html,https://paladindanse111.github.io/AFSC-PDFs/BASE_DAVIS-MONTHAN_AFB.html,HH-60,Active Duty
DAVIS-MONTHAN AFB,"32°10'14""N","110°52'39""W",12S WA 11549 59347,21A1,21A1 (AIRCRAFT MAINTENANCE),https://paladindanse111.github.io/AFSC-PDFs/21A.html,https://paladindanse111.github.io/AFSC-PDFs/BASE_DAVIS-MONTHAN_AFB.html,A-10,Active Duty
DAVIS-MONTHAN AFB,"32°10'14""N","110°52'39""W",12S WA 11549 59347,21A1,21A1 (AIRCRAFT MAINTENANCE),https://paladindanse111.github.io/AFSC-PDFs/21A.html,https://paladindanse111.github.io/AFSC-PDFs/BASE_DAVIS-MONTHAN_AFB.html,B-2,Active Duty
DAVIS-MONTHAN AFB,"32°10'14""N","110°52'39""W",12S WA 11549 59347,21A1,21A1 (AIRCRAFT MAINTENANCE),https://paladindanse111.github.io/AFSC-PDFs/21A.html,https://paladindanse111.github.io/AFSC-PDFs/BASE_DAVIS-MONTHAN_AFB.html,B-52,Active Duty
DAVIS-MONTHAN AFB,"32°10'14""N","110°52'39""W",12S WA 11549 59347,21A1,21A1 (AIRCRAFT MAINTENANCE),https://paladindanse111.github.io/AFSC-PDFs/21A.html,https://paladindanse111.github.io/AFSC-PDFs/BASE_DAVIS-MONTHAN_AFB.html,C-21,Active Duty
DAVIS-MONTHAN AFB,"32°10'14""N","110°52'39""W",12S WA 11549 59347,21A1,21A1 (AIRCRAFT MAINTENANCE),https://paladindanse111.github.io/AFSC-PDFs/21A.html,https://paladindanse111.github.io/AFSC-PDFs/BASE_DAVIS-MONTHAN_AFB.html,EC-130,Active Duty
DAVIS-MONTHAN AFB,"32°10'14""N","110°52'39""W",12S WA 11549 59347,21A1,21A1 (AIRCRAFT MAINTENANCE),https://paladindanse111.github.io/AFSC-PDFs/21A.html,https://paladindanse111.github.io/AFSC-PDFs/BASE_DAVIS-MONTHAN_AFB.html,F-15,Active Duty
DAVIS-MONTHAN AFB,"32°10'14""N","110°52'39""W",12S WA 11549 59347,21A1,21A1 (AIRCRAFT MAINTENANCE),https://paladindanse111.github.io/AFSC-PDFs/21A.html,https://paladindanse111.github.io/AFSC-PDFs/BASE_DAVIS-MONTHAN_AFB.html,F-15E,Active Duty
DAVIS-MONTHAN AFB,"32°10'14""N","110°52'39""W",12S WA 11549 59347,21A1,21A1 (AIRCRAFT MAINTENANCE),https://paladindanse111.github.io/AFSC-PDFs/21A.html,https://paladindanse111.github.io/AFSC-PDFs/BASE_DAVIS-MONTHAN_AFB.html,F-16,Active Duty
DAVIS-MONTHAN AFB,"32°10'14""N","110°52'39""W",12S WA 11549 59347,21A1,21A1 (AIRCRAFT MAINTENANCE),https://paladindanse111.github.io/AFSC-PDFs/21A.html,https://paladindanse111.github.io/AFSC-PDFs/BASE_DAVIS-MONTHAN_AFB.html,HC-130J,Active Duty
DAVIS-MONTHAN AFB,"32°10'14""N","110°52'39""W",12S WA 11549 59347,21A1,21A1 (AIRCRAFT MAINTENANCE),https://paladindanse111.github.io/AFSC-PDFs/21A.html,https://paladindanse111.github.io/AFSC-PDFs/BASE_DAVIS-MONTHAN_AFB.html,HH-60,Active Duty
DAVIS-MONTHAN AFB,"32°10'14""N","110°52'39""W",12S WA 11549 59347,21M1,21M1 (MUNITIONS AND MISSILE MAINTENANCE),https://paladindanse111.github.io/AFSC-PDFs/21M.html,https://paladindanse111.github.io/AFSC-PDFs/BASE_DAVIS-MONTHAN_AFB.html,A-10,Active Duty
DAVIS-MONTHAN AFB,"32°10'14""N","110°52'39""W",12S WA 11549 59347,21M1,21M1 (MUNITIONS AND MISSILE MAINTENANCE),https://paladindanse111.github.io/AFSC-PDFs/21M.html,https://paladindanse111.github.io/AFSC-PDFs/BASE_DAVIS-MONTHAN_AFB.html,B-2,Active Duty
DAVIS-MONTHAN AFB,"32°10'14""N","110°52'39""W",12S WA 11549 59347,21M1,21M1 (MUNITIONS AND MISSILE MAINTENANCE),https://paladindanse111.github.io/AFSC-PDFs/21M.html,https://paladindanse111.github.io/AFSC-PDFs/BASE_DAVIS-MONTHAN_AFB.html,B-52,Active Duty
DAVIS-MONTHAN AFB,"32°10'14""N","110°52'39""W",12S WA 11549 59347,21M1,21M1 (MUNITIONS AND MISSILE MAINTENANCE),https://paladindanse111.github.io/AFSC-PDFs/21M.html,https://paladindanse111.github.io/AFSC-PDFs/BASE_DAVIS-MONTHAN_AFB.html,C-21,Active Duty
DAVIS-MONTHAN AFB,"32°10'14""N","110°52'39""W",12S WA 11549 59347,21M1,21M1 (MUNITIONS AND MISSILE MAINTENANCE),https://paladindanse111.github.io/AFSC-PDFs/21M.html,https://paladindanse111.github.io/AFSC-PDFs/BASE_DAVIS-MONTHAN_AFB.html,EC-130,Active Duty
DAVIS-MONTHAN AFB,"32°10'14""N","110°52'39""W",12S WA 11549 59347,21M1,21M1 (MUNITIONS AND MISSILE MAINTENANCE),https://paladindanse111.github.io/AFSC-PDFs/21M.html,https://paladindanse111.github.io/AFSC-PDFs/BASE_DAVIS-MONTHAN_AFB.html,F-15,Active Duty
DAVIS-MONTHAN AFB,"32°10'14""N","110°52'39""W",12S WA 11549 59347,21M1,21M1 (MUNITIONS AND MISSILE MAINTENANCE),https://paladindanse111.github.io/AFSC-PDFs/21M.html,https://paladindanse111.github.io/AFSC-PDFs/BASE_DAVIS-MONTHAN_AFB.html,F-15E,Active Duty
DAVIS-MONTHAN AFB,"32°10'14""N","110°52'39""W",12S WA 11549 59347,21M1,21M1 (MUNITIONS AND MISSILE MAINTENANCE),https://paladindanse111.github.io/AFSC-PDFs/21M.html,https://paladindanse111.github.io/AFSC-PDFs/BASE_DAVIS-MONTHAN_AFB.html,F-16,Active Duty
DAVIS-MONTHAN AFB,"32°10'14""N","110°52'39""W",12S WA 11549 59347,21M1,21M1 (MUNITIONS AND MISSILE MAINTENANCE),https://paladindanse111.github.io/AFSC-PDFs/21M.html,https://paladindanse111.github.io/AFSC-PDFs/BASE_DAVIS-MONTHAN_AFB.html,HC-130J,Active Duty
DAVIS-MONTHAN AFB,"32°10'14""N","110°52'39""W",12S WA 11549 59347,21M1,21M1 (MUNITIONS AND MISSILE MAINTENANCE),https://paladindanse111.github.io/AFSC-PDFs/21M.html,https://paladindanse111.github.io/AFSC-PDFs/BASE_DAVIS-MONTHAN_AFB.html,HH-60,Active Duty
DAVIS-MONTHAN AFB,"32°10'14""N","110°52'39""W",12S WA 11549 59347,21R1,21R1 (LOGISTICS READINESS),https://paladindanse111.github.io/AFSC-PDFs/21R.html,https://paladindanse111.github.io/AFSC-PDFs/BASE_DAVIS-MONTHAN_AFB.html,A-10,Active Duty
DAVIS-MONTHAN AFB,"32°10'14""N","110°52'39""W",12S WA 11549 59347,21R1,21R1 (LOGISTICS READINESS),https://paladindanse111.github.io/AFSC-PDFs/21R.html,https://paladindanse111.github.io/AFSC-PDFs/BASE_DAVIS-MONTHAN_AFB.html,B-2,Active Duty
DAVIS-MONTHAN AFB,"32°10'14""N","110°52'39""W",12S WA 11549 59347,21R1,21R1 (LOGISTICS READINESS),https://paladindanse111.github.io/AFSC-PDFs/21R.html,https://paladindanse111.github.io/AFSC-PDFs/BASE_DAVIS-MONTHAN_AFB.html,B-52,Active Duty
DAVIS-MONTHAN AFB,"32°10'14""N","110°52'39""W",12S WA 11549 59347,21R1,21R1 (LOGISTICS READINESS),https://paladindanse111.github.io/AFSC-PDFs/21R.html,https://paladindanse111.github.io/AFSC-PDFs/BASE_DAVIS-MONTHAN_AFB.html,C-21,Active Duty
DAVIS-MONTHAN AFB,"32°10'14""N","110°52'39""W",12S WA 11549 59347,21R1,21R1 (LOGISTICS READINESS),https://paladindanse111.github.io/AFSC-PDFs/21R.html,https://paladindanse111.github.io/AFSC-PDFs/BASE_DAVIS-MONTHAN_AFB.html,EC-130,Active Duty
DAVIS-MONTHAN AFB,"32°10'14""N","110°52'39""W",12S WA 11549 59347,21R1,21R1 (LOGISTICS READINESS),https://paladindanse111.github.io/AFSC-PDFs/21R.html,https://paladindanse111.github.io/AFSC-PDFs/BASE_DAVIS-MONTHAN_AFB.html,F-15,Active Duty
DAVIS-MONTHAN AFB,"32°10'14""N","110°52'39""W",12S WA 11549 59347,21R1,21R1 (LOGISTICS READINESS),https://paladindanse111.github.io/AFSC-PDFs/21R.html,https://paladindanse111.github.io/AFSC-PDFs/BASE_DAVIS-MONTHAN_AFB.html,F-15E,Active Duty
DAVIS-MONTHAN AFB,"32°10'14""N","110°52'39""W",12S WA 11549 59347,21R1,21R1 (LOGISTICS READINESS),https://paladindanse111.github.io/AFSC-PDFs/21R.html,https://paladindanse111.github.io/AFSC-PDFs/BASE_DAVIS-MONTHAN_AFB.html,F-16,Active Duty
DAVIS-MONTHAN AFB,"32°10'14""N","110°52'39""W",12S WA 11549 59347,21R1,21R1 (LOGISTICS READINESS),https://paladindanse111.github.io/AFSC-PDFs/21R.html,https://paladindanse111.github.io/AFSC-PDFs/BASE_DAVIS-MONTHAN_AFB.html,HC-130J,Active Duty
DAVIS-MONTHAN AFB,"32°10'14""N","110°52'39""W",12S WA 11549 59347,21R1,21R1 (LOGISTICS READINESS),https://paladindanse111.github.io/AFSC-PDFs/21R.html,https://paladindanse111.github.io/AFSC-PDFs/BASE_DAVIS-MONTHAN_AFB.html,HH-60,Active Duty
DAVIS-MONTHAN AFB,"32°10'14""N","110°52'39""W",12S WA 11549 59347,32E1A,32E1A (CIVIL ENGINEER),https://paladindanse111.github.io/AFSC-PDFs/32E.html,https://paladindanse111.github.io/AFSC-PDFs/BASE_DAVIS-MONTHAN_AFB.html,A-10,Active Duty
DAVIS-MONTHAN AFB,"32°10'14""N","110°52'39""W",12S WA 11549 59347,32E1A,32E1A (CIVIL ENGINEER),https://paladindanse111.github.io/AFSC-PDFs/32E.html,https://paladindanse111.github.io/AFSC-PDFs/BASE_DAVIS-MONTHAN_AFB.html,B-2,Active Duty
DAVIS-MONTHAN AFB,"32°10'14""N","110°52'39""W",12S WA 11549 59347,32E1A,32E1A (CIVIL ENGINEER),https://paladindanse111.github.io/AFSC-PDFs/32E.html,https://paladindanse111.github.io/AFSC-PDFs/BASE_DAVIS-MONTHAN_AFB.html,B-52,Active Duty
DAVIS-MONTHAN AFB,"32°10'14""N","110°52'39""W",12S WA 11549 59347,32E1A,32E1A (CIVIL ENGINEER),https://paladindanse111.github.io/AFSC-PDFs/32E.html,https://paladindanse111.github.io/AFSC-PDFs/BASE_DAVIS-MONTHAN_AFB.html,C-21,Active Duty
DAVIS-MONTHAN AFB,"32°10'14""N","110°52'39""W",12S WA 11549 59347,32E1A,32E1A (CIVIL ENGINEER),https://paladindanse111.github.io/AFSC-PDFs/32E.html,https://paladindanse111.github.io/AFSC-PDFs/BASE_DAVIS-MONTHAN_AFB.html,EC-130,Active Duty
DAVIS-MONTHAN AFB,"32°10'14""N","110°52'39""W",12S WA 11549 59347,32E1A,32E1A (CIVIL ENGINEER),https://paladindanse111.github.io/AFSC-PDFs/32E.html,https://paladindanse111.github.io/AFSC-PDFs/BASE_DAVIS-MONTHAN_AFB.html,F-15,Active Duty
DAVIS-MONTHAN AFB,"32°10'14""N","110°52'39""W",12S WA 11549 59347,32E1A,32E1A (CIVIL ENGINEER),https://paladindanse111.github.io/AFSC-PDFs/32E.html,https://paladindanse111.github.io/AFSC-PDFs/BASE_DAVIS-MONTHAN_AFB.html,F-15E,Active Duty
DAVIS-MONTHAN AFB,"32°10'14""N","110°52'39""W",12S WA 11549 59347,32E1A,32E1A (CIVIL ENGINEER),https://paladindanse111.github.io/AFSC-PDFs/32E.html,https://paladindanse111.github.io/AFSC-PDFs/BASE_DAVIS-MONTHAN_AFB.html,F-16,Active Duty
DAVIS-MONTHAN AFB,"32°10'14""N","110°52'39""W",12S WA 11549 59347,32E1A,32E1A (CIVIL ENGINEER),https://paladindanse111.github.io/AFSC-PDFs/32E.html,https://paladindanse111.github.io/AFSC-PDFs/BASE_DAVIS-MONTHAN_AFB.html,HC-130J,Active Duty
DAVIS-MONTHAN AFB,"32°10'14""N","110°52'39""W",12S WA 11549 59347,32E1A,32E1A (CIVIL ENGINEER),https://paladindanse111.github.io/AFSC-PDFs/32E.html,https://paladindanse111.github.io/AFSC-PDFs/BASE_DAVIS-MONTHAN_AFB.html,HH-60,Active Duty
DAVIS-MONTHAN AFB,"32°10'14""N","110°52'39""W",12S WA 11549 59347,32E1C,32E1C (CIVIL ENGINEER),https://paladindanse111.github.io/AFSC-PDFs/32E.html,https://paladindanse111.github.io/AFSC-PDFs/BASE_DAVIS-MONTHAN_AFB.html,A-10,Active Duty
DAVIS-MONTHAN AFB,"32°10'14""N","110°52'39""W",12S WA 11549 59347,32E1C,32E1C (CIVIL ENGINEER),https://paladindanse111.github.io/AFSC-PDFs/32E.html,https://paladindanse111.github.io/AFSC-PDFs/BASE_DAVIS-MONTHAN_AFB.html,B-2,Active Duty
DAVIS-MONTHAN AFB,"32°10'14""N","110°52'39""W",12S WA 11549 59347,32E1C,32E1C (CIVIL ENGINEER),https://paladindanse111.github.io/AFSC-PDFs/32E.html,https://paladindanse111.github.io/AFSC-PDFs/BASE_DAVIS-MONTHAN_AFB.html,B-52,Active Duty
DAVIS-MONTHAN AFB,"32°10'14""N","110°52'39""W",12S WA 11549 59347,32E1C,32E1C (CIVIL ENGINEER),https://paladindanse111.github.io/AFSC-PDFs/32E.html,https://paladindanse111.github.io/AFSC-PDFs/BASE_DAVIS-MONTHAN_AFB.html,C-21,Active Duty
DAVIS-MONTHAN AFB,"32°10'14""N","110°52'39""W",12S WA 11549 59347,32E1C,32E1C (CIVIL ENGINEER),https://paladindanse111.github.io/AFSC-PDFs/32E.html,https://paladindanse111.github.io/AFSC-PDFs/BASE_DAVIS-MONTHAN_AFB.html,EC-130,Active Duty
DAVIS-MONTHAN AFB,"32°10'14""N","110°52'39""W",12S WA 11549 59347,32E1C,32E1C (CIVIL ENGINEER),https://paladindanse111.github.io/AFSC-PDFs/32E.html,https://paladindanse111.github.io/AFSC-PDFs/BASE_DAVIS-MONTHAN_AFB.html,F-15,Active Duty
DAVIS-MONTHAN AFB,"32°10'14""N","110°52'39""W",12S WA 11549 59347,32E1C,32E1C (CIVIL ENGINEER),https://paladindanse111.github.io/AFSC-PDFs/32E.html,https://paladindanse111.github.io/AFSC-PDFs/BASE_DAVIS-MONTHAN_AFB.html,F-15E,Active Duty
DAVIS-MONTHAN AFB,"32°10'14""N","110°52'39""W",12S WA 11549 59347,32E1C,32E1C (CIVIL ENGINEER),https://paladindanse111.github.io/AFSC-PDFs/32E.html,https://paladindanse111.github.io/AFSC-PDFs/BASE_DAVIS-MONTHAN_AFB.html,F-16,Active Duty
DAVIS-MONTHAN AFB,"32°10'14""N","110°52'39""W",12S WA 11549 59347,32E1C,32E1C (CIVIL ENGINEER),https://paladindanse111.github.io/AFSC-PDFs/32E.html,https://paladindanse111.github.io/AFSC-PDFs/BASE_DAVIS-MONTHAN_AFB.html,HC-130J,Active Duty
DAVIS-MONTHAN AFB,"32°10'14""N","110°52'39""W",12S WA 11549 59347,32E1C,32E1C (CIVIL ENGINEER),https://paladindanse111.github.io/AFSC-PDFs/32E.html,https://paladindanse111.github.io/AFSC-PDFs/BASE_DAVIS-MONTHAN_AFB.html,HH-60,Active Duty
DAVIS-MONTHAN AFB,"32°10'14""N","110°52'39""W",12S WA 11549 59347,32E1E,32E1E (CIVIL ENGINEER),https://paladindanse111.github.io/AFSC-PDFs/32E.html,https://paladindanse111.github.io/AFSC-PDFs/BASE_DAVIS-MONTHAN_AFB.html,A-10,Active Duty
DAVIS-MONTHAN AFB,"32°10'14""N","110°52'39""W",12S WA 11549 59347,32E1E,32E1E (CIVIL ENGINEER),https://paladindanse111.github.io/AFSC-PDFs/32E.html,https://paladindanse111.github.io/AFSC-PDFs/BASE_DAVIS-MONTHAN_AFB.html,B-2,Active Duty
DAVIS-MONTHAN AFB,"32°10'14""N","110°52'39""W",12S WA 11549 59347,32E1E,32E1E (CIVIL ENGINEER),https://paladindanse111.github.io/AFSC-PDFs/32E.html,https://paladindanse111.github.io/AFSC-PDFs/BASE_DAVIS-MONTHAN_AFB.html,B-52,Active Duty
DAVIS-MONTHAN AFB,"32°10'14""N","110°52'39""W",12S WA 11549 59347,32E1E,32E1E (CIVIL ENGINEER),https://paladindanse111.github.io/AFSC-PDFs/32E.html,https://paladindanse111.github.io/AFSC-PDFs/BASE_DAVIS-MONTHAN_AFB.html,C-21,Active Duty
DAVIS-MONTHAN AFB,"32°10'14""N","110°52'39""W",12S WA 11549 59347,32E1E,32E1E (CIVIL ENGINEER),https://paladindanse111.github.io/AFSC-PDFs/32E.html,https://paladindanse111.github.io/AFSC-PDFs/BASE_DAVIS-MONTHAN_AFB.html,EC-130,Active Duty
DAVIS-MONTHAN AFB,"32°10'14""N","110°52'39""W",12S WA 11549 59347,32E1E,32E1E (CIVIL ENGINEER),https://paladindanse111.github.io/AFSC-PDFs/32E.html,https://paladindanse111.github.io/AFSC-PDFs/BASE_DAVIS-MONTHAN_AFB.html,F-15,Active Duty
DAVIS-MONTHAN AFB,"32°10'14""N","110°52'39""W",12S WA 11549 59347,32E1E,32E1E (CIVIL ENGINEER),https://paladindanse111.github.io/AFSC-PDFs/32E.html,https://paladindanse111.github.io/AFSC-PDFs/BASE_DAVIS-MONTHAN_AFB.html,F-15E,Active Duty
DAVIS-MONTHAN AFB,"32°10'14""N","110°52'39""W",12S WA 11549 59347,32E1E,32E1E (CIVIL ENGINEER),https://paladindanse111.github.io/AFSC-PDFs/32E.html,https://paladindanse111.github.io/AFSC-PDFs/BASE_DAVIS-MONTHAN_AFB.html,F-16,Active Duty
DAVIS-MONTHAN AFB,"32°10'14""N","110°52'39""W",12S WA 11549 59347,32E1E,32E1E (CIVIL ENGINEER),https://paladindanse111.github.io/AFSC-PDFs/32E.html,https://paladindanse111.github.io/AFSC-PDFs/BASE_DAVIS-MONTHAN_AFB.html,HC-130J,Active Duty
DAVIS-MONTHAN AFB,"32°10'14""N","110°52'39""W",12S WA 11549 59347,32E1E,32E1E (CIVIL ENGINEER),https://paladindanse111.github.io/AFSC-PDFs/32E.html,https://paladindanse111.github.io/AFSC-PDFs/BASE_DAVIS-MONTHAN_AFB.html,HH-60,Active Duty
DAVIS-MONTHAN AFB,"32°10'14""N","110°52'39""W",12S WA 11549 59347,32E1F,32E1F (CIVIL ENGINEER),https://paladindanse111.github.io/AFSC-PDFs/32E.html,https://paladindanse111.github.io/AFSC-PDFs/BASE_DAVIS-MONTHAN_AFB.html,A-10,Active Duty
DAVIS-MONTHAN AFB,"32°10'14""N","110°52'39""W",12S WA 11549 59347,32E1F,32E1F (CIVIL ENGINEER),https://paladindanse111.github.io/AFSC-PDFs/32E.html,https://paladindanse111.github.io/AFSC-PDFs/BASE_DAVIS-MONTHAN_AFB.html,B-2,Active Duty
DAVIS-MONTHAN AFB,"32°10'14""N","110°52'39""W",12S WA 11549 59347,32E1F,32E1F (CIVIL ENGINEER),https://paladindanse111.github.io/AFSC-PDFs/32E.html,https://paladindanse111.github.io/AFSC-PDFs/BASE_DAVIS-MONTHAN_AFB.html,B-52,Active Duty
DAVIS-MONTHAN AFB,"32°10'14""N","110°52'39""W",12S WA 11549 59347,32E1F,32E1F (CIVIL ENGINEER),https://paladindanse111.github.io/AFSC-PDFs/32E.html,https://paladindanse111.github.io/AFSC-PDFs/BASE_DAVIS-MONTHAN_AFB.html,C-21,Active Duty
DAVIS-MONTHAN AFB,"32°10'14""N","110°52'39""W",12S WA 11549 59347,32E1F,32E1F (CIVIL ENGINEER),https://paladindanse111.github.io/AFSC-PDFs/32E.html,https://paladindanse111.github.io/AFSC-PDFs/BASE_DAVIS-MONTHAN_AFB.html,EC-130,Active Duty
DAVIS-MONTHAN AFB,"32°10'14""N","110°52'39""W",12S WA 11549 59347,32E1F,32E1F (CIVIL ENGINEER),https://paladindanse111.github.io/AFSC-PDFs/32E.html,https://paladindanse111.github.io/AFSC-PDFs/BASE_DAVIS-MONTHAN_AFB.html,F-15,Active Duty
DAVIS-MONTHAN AFB,"32°10'14""N","110°52'39""W",12S WA 11549 59347,32E1F,32E1F (CIVIL ENGINEER),https://paladindanse111.github.io/AFSC-PDFs/32E.html,https://paladindanse111.github.io/AFSC-PDFs/BASE_DAVIS-MONTHAN_AFB.html,F-15E,Active Duty
DAVIS-MONTHAN AFB,"32°10'14""N","110°52'39""W",12S WA 11549 59347,32E1F,32E1F (CIVIL ENGINEER),https://paladindanse111.github.io/AFSC-PDFs/32E.html,https://paladindanse111.github.io/AFSC-PDFs/BASE_DAVIS-MONTHAN_AFB.html,F-16,Active Duty
DAVIS-MONTHAN AFB,"32°10'14""N","110°52'39""W",12S WA 11549 59347,32E1F,32E1F (CIVIL ENGINEER),https://paladindanse111.github.io/AFSC-PDFs/32E.html,https://paladindanse111.github.io/AFSC-PDFs/BASE_DAVIS-MONTHAN_AFB.html,HC-130J,Active Duty
DAVIS-MONTHAN AFB,"32°10'14""N","110°52'39""W",12S WA 11549 59347,32E1F,32E1F (CIVIL ENGINEER),https://paladindanse111.github.io/AFSC-PDFs/32E.html,https://paladindanse111.github.io/AFSC-PDFs/BASE_DAVIS-MONTHAN_AFB.html,HH-60,Active Duty
DAVIS-MONTHAN AFB,"32°10'14""N","110°52'39""W",12S WA 11549 59347,32E1G,32E1G (CIVIL ENGINEER),https://paladindanse111.github.io/AFSC-PDFs/32E.html,https://paladindanse111.github.io/AFSC-PDFs/BASE_DAVIS-MONTHAN_AFB.html,A-10,Active Duty
DAVIS-MONTHAN AFB,"32°10'14""N","110°52'39""W",12S WA 11549 59347,32E1G,32E1G (CIVIL ENGINEER),https://paladindanse111.github.io/AFSC-PDFs/32E.html,https://paladindanse111.github.io/AFSC-PDFs/BASE_DAVIS-MONTHAN_AFB.html,B-2,Active Duty
DAVIS-MONTHAN AFB,"32°10'14""N","110°52'39""W",12S WA 11549 59347,32E1G,32E1G (CIVIL ENGINEER),https://paladindanse111.github.io/AFSC-PDFs/32E.html,https://paladindanse111.github.io/AFSC-PDFs/BASE_DAVIS-MONTHAN_AFB.html,B-52,Active Duty
DAVIS-MONTHAN AFB,"32°10'14""N","110°52'39""W",12S WA 11549 59347,32E1G,32E1G (CIVIL ENGINEER),https://paladindanse111.github.io/AFSC-PDFs/32E.html,https://paladindanse111.github.io/AFSC-PDFs/BASE_DAVIS-MONTHAN_AFB.html,C-21,Active Duty
DAVIS-MONTHAN AFB,"32°10'14""N","110°52'39""W",12S WA 11549 59347,32E1G,32E1G (CIVIL ENGINEER),https://paladindanse111.github.io/AFSC-PDFs/32E.html,https://paladindanse111.github.io/AFSC-PDFs/BASE_DAVIS-MONTHAN_AFB.html,EC-130,Active Duty
DAVIS-MONTHAN AFB,"32°10'14""N","110°52'39""W",12S WA 11549 59347,32E1G,32E1G (CIVIL ENGINEER),https://paladindanse111.github.io/AFSC-PDFs/32E.html,https://paladindanse111.github.io/AFSC-PDFs/BASE_DAVIS-MONTHAN_AFB.html,F-15,Active Duty
DAVIS-MONTHAN AFB,"32°10'14""N","110°52'39""W",12S WA 11549 59347,32E1G,32E1G (CIVIL ENGINEER),https://paladindanse111.github.io/AFSC-PDFs/32E.html,https://paladindanse111.github.io/AFSC-PDFs/BASE_DAVIS-MONTHAN_AFB.html,F-15E,Active Duty
DAVIS-MONTHAN AFB,"32°10'14""N","110°52'39""W",12S WA 11549 59347,32E1G,32E1G (CIVIL ENGINEER),https://paladindanse111.github.io/AFSC-PDFs/32E.html,https://paladindanse111.github.io/AFSC-PDFs/BASE_DAVIS-MONTHAN_AFB.html,F-16,Active Duty
DAVIS-MONTHAN AFB,"32°10'14""N","110°52'39""W",12S WA 11549 59347,32E1G,32E1G (CIVIL ENGINEER),https://paladindanse111.github.io/AFSC-PDFs/32E.html,https://paladindanse111.github.io/AFSC-PDFs/BASE_DAVIS-MONTHAN_AFB.html,HC-130J,Active Duty
DAVIS-MONTHAN AFB,"32°10'14""N","110°52'39""W",12S WA 11549 59347,32E1G,32E1G (CIVIL ENGINEER),https://paladindanse111.github.io/AFSC-PDFs/32E.html,https://paladindanse111.github.io/AFSC-PDFs/BASE_DAVIS-MONTHAN_AFB.html,HH-60,Active Duty
DAVIS-MONTHAN AFB,"32°10'14""N","110°52'39""W",12S WA 11549 59347,32E1J,32E1J (CIVIL ENGINEER),https://paladindanse111.github.io/AFSC-PDFs/32E.html,https://paladindanse111.github.io/AFSC-PDFs/BASE_DAVIS-MONTHAN_AFB.html,A-10,Active Duty
DAVIS-MONTHAN AFB,"32°10'14""N","110°52'39""W",12S WA 11549 59347,32E1J,32E1J (CIVIL ENGINEER),https://paladindanse111.github.io/AFSC-PDFs/32E.html,https://paladindanse111.github.io/AFSC-PDFs/BASE_DAVIS-MONTHAN_AFB.html,B-2,Active Duty
DAVIS-MONTHAN AFB,"32°10'14""N","110°52'39""W",12S WA 11549 59347,32E1J,32E1J (CIVIL ENGINEER),https://paladindanse111.github.io/AFSC-PDFs/32E.html,https://paladindanse111.github.io/AFSC-PDFs/BASE_DAVIS-MONTHAN_AFB.html,B-52,Active Duty
DAVIS-MONTHAN AFB,"32°10'14""N","110°52'39""W",12S WA 11549 59347,32E1J,32E1J (CIVIL ENGINEER),https://paladindanse111.github.io/AFSC-PDFs/32E.html,https://paladindanse111.github.io/AFSC-PDFs/BASE_DAVIS-MONTHAN_AFB.html,C-21,Active Duty
DAVIS-MONTHAN AFB,"32°10'14""N","110°52'39""W",12S WA 11549 59347,32E1J,32E1J (CIVIL ENGINEER),https://paladindanse111.github.io/AFSC-PDFs/32E.html,https://paladindanse111.github.io/AFSC-PDFs/BASE_DAVIS-MONTHAN_AFB.html,EC-130,Active Duty
DAVIS-MONTHAN AFB,"32°10'14""N","110°52'39""W",12S WA 11549 59347,32E1J,32E1J (CIVIL ENGINEER),https://paladindanse111.github.io/AFSC-PDFs/32E.html,https://paladindanse111.github.io/AFSC-PDFs/BASE_DAVIS-MONTHAN_AFB.html,F-15,Active Duty
DAVIS-MONTHAN AFB,"32°10'14""N","110°52'39""W",12S WA 11549 59347,32E1J,32E1J (CIVIL ENGINEER),https://paladindanse111.github.io/AFSC-PDFs/32E.html,https://paladindanse111.github.io/AFSC-PDFs/BASE_DAVIS-MONTHAN_AFB.html,F-15E,Active Duty
DAVIS-MONTHAN AFB,"32°10'14""N","110°52'39""W",12S WA 11549 59347,32E1J,32E1J (CIVIL ENGINEER),https://paladindanse111.github.io/AFSC-PDFs/32E.html,https://paladindanse111.github.io/AFSC-PDFs/BASE_DAVIS-MONTHAN_AFB.html,F-16,Active Duty
DAVIS-MONTHAN AFB,"32°10'14""N","110°52'39""W",12S WA 11549 59347,32E1J,32E1J (CIVIL ENGINEER),https://paladindanse111.github.io/AFSC-PDFs/32E.html,https://paladindanse111.github.io/AFSC-PDFs/BASE_DAVIS-MONTHAN_AFB.html,HC-130J,Active Duty
DAVIS-MONTHAN AFB,"32°10'14""N","110°52'39""W",12S WA 11549 59347,32E1J,32E1J (CIVIL ENGINEER),https://paladindanse111.github.io/AFSC-PDFs/32E.html,https://paladindanse111.github.io/AFSC-PDFs/BASE_DAVIS-MONTHAN_AFB.html,HH-60,Active Duty
DAVIS-MONTHAN AFB,"32°10'14""N","110°52'39""W",12S WA 11549 59347,35P1,35P1 (PUBLIC AFFAIRS),https://paladindanse111.github.io/AFSC-PDFs/35P.html,https://paladindanse111.github.io/AFSC-PDFs/BASE_DAVIS-MONTHAN_AFB.html,A-10,Active Duty
DAVIS-MONTHAN AFB,"32°10'14""N","110°52'39""W",12S WA 11549 59347,35P1,35P1 (PUBLIC AFFAIRS),https://paladindanse111.github.io/AFSC-PDFs/35P.html,https://paladindanse111.github.io/AFSC-PDFs/BASE_DAVIS-MONTHAN_AFB.html,B-2,Active Duty
DAVIS-MONTHAN AFB,"32°10'14""N","110°52'39""W",12S WA 11549 59347,35P1,35P1 (PUBLIC AFFAIRS),https://paladindanse111.github.io/AFSC-PDFs/35P.html,https://paladindanse111.github.io/AFSC-PDFs/BASE_DAVIS-MONTHAN_AFB.html,B-52,Active Duty
DAVIS-MONTHAN AFB,"32°10'14""N","110°52'39""W",12S WA 11549 59347,35P1,35P1 (PUBLIC AFFAIRS),https://paladindanse111.github.io/AFSC-PDFs/35P.html,https://paladindanse111.github.io/AFSC-PDFs/BASE_DAVIS-MONTHAN_AFB.html,C-21,Active Duty
DAVIS-MONTHAN AFB,"32°10'14""N","110°52'39""W",12S WA 11549 59347,35P1,35P1 (PUBLIC AFFAIRS),https://paladindanse111.github.io/AFSC-PDFs/35P.html,https://paladindanse111.github.io/AFSC-PDFs/BASE_DAVIS-MONTHAN_AFB.html,EC-130,Active Duty
DAVIS-MONTHAN AFB,"32°10'14""N","110°52'39""W",12S WA 11549 59347,35P1,35P1 (PUBLIC AFFAIRS),https://paladindanse111.github.io/AFSC-PDFs/35P.html,https://paladindanse111.github.io/AFSC-PDFs/BASE_DAVIS-MONTHAN_AFB.html,F-15,Active Duty
DAVIS-MONTHAN AFB,"32°10'14""N","110°52'39""W",12S WA 11549 59347,35P1,35P1 (PUBLIC AFFAIRS),https://paladindanse111.github.io/AFSC-PDFs/35P.html,https://paladindanse111.github.io/AFSC-PDFs/BASE_DAVIS-MONTHAN_AFB.html,F-15E,Active Duty
DAVIS-MONTHAN AFB,"32°10'14""N","110°52'39""W",12S WA 11549 59347,35P1,35P1 (PUBLIC AFFAIRS),https://paladindanse111.github.io/AFSC-PDFs/35P.html,https://paladindanse111.github.io/AFSC-PDFs/BASE_DAVIS-MONTHAN_AFB.html,F-16,Active Duty
DAVIS-MONTHAN AFB,"32°10'14""N","110°52'39""W",12S WA 11549 59347,35P1,35P1 (PUBLIC AFFAIRS),https://paladindanse111.github.io/AFSC-PDFs/35P.html,https://paladindanse111.github.io/AFSC-PDFs/BASE_DAVIS-MONTHAN_AFB.html,HC-130J,Active Duty
DAVIS-MONTHAN AFB,"32°10'14""N","110°52'39""W",12S WA 11549 59347,35P1,35P1 (PUBLIC AFFAIRS),https://paladindanse111.github.io/AFSC-PDFs/35P.html,https://paladindanse111.github.io/AFSC-PDFs/BASE_DAVIS-MONTHAN_AFB.html,HH-60,Active Duty
DAVIS-MONTHAN AFB,"32°10'14""N","110°52'39""W",12S WA 11549 59347,38F1,38F1 (FORCE SUPPORT),https://paladindanse111.github.io/AFSC-PDFs/38F.html,https://paladindanse111.github.io/AFSC-PDFs/BASE_DAVIS-MONTHAN_AFB.html,A-10,Active Duty
DAVIS-MONTHAN AFB,"32°10'14""N","110°52'39""W",12S WA 11549 59347,38F1,38F1 (FORCE SUPPORT),https://paladindanse111.github.io/AFSC-PDFs/38F.html,https://paladindanse111.github.io/AFSC-PDFs/BASE_DAVIS-MONTHAN_AFB.html,B-2,Active Duty
DAVIS-MONTHAN AFB,"32°10'14""N","110°52'39""W",12S WA 11549 59347,38F1,38F1 (FORCE SUPPORT),https://paladindanse111.github.io/AFSC-PDFs/38F.html,https://paladindanse111.github.io/AFSC-PDFs/BASE_DAVIS-MONTHAN_AFB.html,B-52,Active Duty
DAVIS-MONTHAN AFB,"32°10'14""N","110°52'39""W",12S WA 11549 59347,38F1,38F1 (FORCE SUPPORT),https://paladindanse111.github.io/AFSC-PDFs/38F.html,https://paladindanse111.github.io/AFSC-PDFs/BASE_DAVIS-MONTHAN_AFB.html,C-21,Active Duty
DAVIS-MONTHAN AFB,"32°10'14""N","110°52'39""W",12S WA 11549 59347,38F1,38F1 (FORCE SUPPORT),https://paladindanse111.github.io/AFSC-PDFs/38F.html,https://paladindanse111.github.io/AFSC-PDFs/BASE_DAVIS-MONTHAN_AFB.html,EC-130,Active Duty
DAVIS-MONTHAN AFB,"32°10'14""N","110°52'39""W",12S WA 11549 59347,38F1,38F1 (FORCE SUPPORT),https://paladindanse111.github.io/AFSC-PDFs/38F.html,https://paladindanse111.github.io/AFSC-PDFs/BASE_DAVIS-MONTHAN_AFB.html,F-15,Active Duty
DAVIS-MONTHAN AFB,"32°10'14""N","110°52'39""W",12S WA 11549 59347,38F1,38F1 (FORCE SUPPORT),https://paladindanse111.github.io/AFSC-PDFs/38F.html,https://paladindanse111.github.io/AFSC-PDFs/BASE_DAVIS-MONTHAN_AFB.html,F-15E,Active Duty
DAVIS-MONTHAN AFB,"32°10'14""N","110°52'39""W",12S WA 11549 59347,38F1,38F1 (FORCE SUPPORT),https://paladindanse111.github.io/AFSC-PDFs/38F.html,https://paladindanse111.github.io/AFSC-PDFs/BASE_DAVIS-MONTHAN_AFB.html,F-16,Active Duty
DAVIS-MONTHAN AFB,"32°10'14""N","110°52'39""W",12S WA 11549 59347,38F1,38F1 (FORCE SUPPORT),https://paladindanse111.github.io/AFSC-PDFs/38F.html,https://paladindanse111.github.io/AFSC-PDFs/BASE_DAVIS-MONTHAN_AFB.html,HC-130J,Active Duty
DAVIS-MONTHAN AFB,"32°10'14""N","110°52'39""W",12S WA 11549 59347,38F1,38F1 (FORCE SUPPORT),https://paladindanse111.github.io/AFSC-PDFs/38F.html,https://paladindanse111.github.io/AFSC-PDFs/BASE_DAVIS-MONTHAN_AFB.html,HH-60,Active Duty
DAVIS-MONTHAN AFB,"32°10'14""N","110°52'39""W",12S WA 11549 59347,64P1,64P1 (CONTRACTING),https://paladindanse111.github.io/AFSC-PDFs/64P.html,https://paladindanse111.github.io/AFSC-PDFs/BASE_DAVIS-MONTHAN_AFB.html,A-10,Active Duty
DAVIS-MONTHAN AFB,"32°10'14""N","110°52'39""W",12S WA 11549 59347,64P1,64P1 (CONTRACTING),https://paladindanse111.github.io/AFSC-PDFs/64P.html,https://paladindanse111.github.io/AFSC-PDFs/BASE_DAVIS-MONTHAN_AFB.html,B-2,Active Duty
DAVIS-MONTHAN AFB,"32°10'14""N","110°52'39""W",12S WA 11549 59347,64P1,64P1 (CONTRACTING),https://paladindanse111.github.io/AFSC-PDFs/64P.html,https://paladindanse111.github.io/AFSC-PDFs/BASE_DAVIS-MONTHAN_AFB.html,B-52,Active Duty
DAVIS-MONTHAN AFB,"32°10'14""N","110°52'39""W",12S WA 11549 59347,64P1,64P1 (CONTRACTING),https://paladindanse111.github.io/AFSC-PDFs/64P.html,https://paladindanse111.github.io/AFSC-PDFs/BASE_DAVIS-MONTHAN_AFB.html,C-21,Active Duty
DAVIS-MONTHAN AFB,"32°10'14""N","110°52'39""W",12S WA 11549 59347,64P1,64P1 (CONTRACTING),https://paladindanse111.github.io/AFSC-PDFs/64P.html,https://paladindanse111.github.io/AFSC-PDFs/BASE_DAVIS-MONTHAN_AFB.html,EC-130,Active Duty
DAVIS-MONTHAN AFB,"32°10'14""N","110°52'39""W",12S WA 11549 59347,64P1,64P1 (CONTRACTING),https://paladindanse111.github.io/AFSC-PDFs/64P.html,https://paladindanse111.github.io/AFSC-PDFs/BASE_DAVIS-MONTHAN_AFB.html,F-15,Active Duty
DAVIS-MONTHAN AFB,"32°10'14""N","110°52'39""W",12S WA 11549 59347,64P1,64P1 (CONTRACTING),https://paladindanse111.github.io/AFSC-PDFs/64P.html,https://paladindanse111.github.io/AFSC-PDFs/BASE_DAVIS-MONTHAN_AFB.html,F-15E,Active Duty
DAVIS-MONTHAN AFB,"32°10'14""N","110°52'39""W",12S WA 11549 59347,64P1,64P1 (CONTRACTING),https://paladindanse111.github.io/AFSC-PDFs/64P.html,https://paladindanse111.github.io/AFSC-PDFs/BASE_DAVIS-MONTHAN_AFB.html,F-16,Active Duty
DAVIS-MONTHAN AFB,"32°10'14""N","110°52'39""W",12S WA 11549 59347,64P1,64P1 (CONTRACTING),https://paladindanse111.github.io/AFSC-PDFs/64P.html,https://paladindanse111.github.io/AFSC-PDFs/BASE_DAVIS-MONTHAN_AFB.html,HC-130J,Active Duty
DAVIS-MONTHAN AFB,"32°10'14""N","110°52'39""W",12S WA 11549 59347,64P1,64P1 (CONTRACTING),https://paladindanse111.github.io/AFSC-PDFs/64P.html,https://paladindanse111.github.io/AFSC-PDFs/BASE_DAVIS-MONTHAN_AFB.html,HH-60,Active Duty
DAVIS-MONTHAN AFB,"32°10'14""N","110°52'39""W",12S WA 11549 59347,65F1,65F1 (FINANCIAL MANAGEMENT),https://paladindanse111.github.io/AFSC-PDFs/65F.html,https://paladindanse111.github.io/AFSC-PDFs/BASE_DAVIS-MONTHAN_AFB.html,A-10,Active Duty
DAVIS-MONTHAN AFB,"32°10'14""N","110°52'39""W",12S WA 11549 59347,65F1,65F1 (FINANCIAL MANAGEMENT),https://paladindanse111.github.io/AFSC-PDFs/65F.html,https://paladindanse111.github.io/AFSC-PDFs/BASE_DAVIS-MONTHAN_AFB.html,B-2,Active Duty
DAVIS-MONTHAN AFB,"32°10'14""N","110°52'39""W",12S WA 11549 59347,65F1,65F1 (FINANCIAL MANAGEMENT),https://paladindanse111.github.io/AFSC-PDFs/65F.html,https://paladindanse111.github.io/AFSC-PDFs/BASE_DAVIS-MONTHAN_AFB.html,B-52,Active Duty
DAVIS-MONTHAN AFB,"32°10'14""N","110°52'39""W",12S WA 11549 59347,65F1,65F1 (FINANCIAL MANAGEMENT),https://paladindanse111.github.io/AFSC-PDFs/65F.html,https://paladindanse111.github.io/AFSC-PDFs/BASE_DAVIS-MONTHAN_AFB.html,C-21,Active Duty
DAVIS-MONTHAN AFB,"32°10'14""N","110°52'39""W",12S WA 11549 59347,65F1,65F1 (FINANCIAL MANAGEMENT),https://paladindanse111.github.io/AFSC-PDFs/65F.html,https://paladindanse111.github.io/AFSC-PDFs/BASE_DAVIS-MONTHAN_AFB.html,EC-130,Active Duty
DAVIS-MONTHAN AFB,"32°10'14""N","110°52'39""W",12S WA 11549 59347,65F1,65F1 (FINANCIAL MANAGEMENT),https://paladindanse111.github.io/AFSC-PDFs/65F.html,https://paladindanse111.github.io/AFSC-PDFs/BASE_DAVIS-MONTHAN_AFB.html,F-15,Active Duty
DAVIS-MONTHAN AFB,"32°10'14""N","110°52'39""W",12S WA 11549 59347,65F1,65F1 (FINANCIAL MANAGEMENT),https://paladindanse111.github.io/AFSC-PDFs/65F.html,https://paladindanse111.github.io/AFSC-PDFs/BASE_DAVIS-MONTHAN_AFB.html,F-15E,Active Duty
DAVIS-MONTHAN AFB,"32°10'14""N","110°52'39""W",12S WA 11549 59347,65F1,65F1 (FINANCIAL MANAGEMENT),https://paladindanse111.github.io/AFSC-PDFs/65F.html,https://paladindanse111.github.io/AFSC-PDFs/BASE_DAVIS-MONTHAN_AFB.html,F-16,Active Duty
DAVIS-MONTHAN AFB,"32°10'14""N","110°52'39""W",12S WA 11549 59347,65F1,65F1 (FINANCIAL MANAGEMENT),https://paladindanse111.github.io/AFSC-PDFs/65F.html,https://paladindanse111.github.io/AFSC-PDFs/BASE_DAVIS-MONTHAN_AFB.html,HC-130J,Active Duty
DAVIS-MONTHAN AFB,"32°10'14""N","110°52'39""W",12S WA 11549 59347,65F1,65F1 (FINANCIAL MANAGEMENT),https://paladindanse111.github.io/AFSC-PDFs/65F.html,https://paladindanse111.github.io/AFSC-PDFs/BASE_DAVIS-MONTHAN_AFB.html,HH-60,Active Duty
DAVIS-MONTHAN AFB,"32°10'14""N","110°52'39""W",12S WA 11549 59347,71S1,71S1 (SPECIAL INVESTIGATIONS),https://paladindanse111.github.io/AFSC-PDFs/71S.html,https://paladindanse111.github.io/AFSC-PDFs/BASE_DAVIS-MONTHAN_AFB.html,A-10,Active Duty
DAVIS-MONTHAN AFB,"32°10'14""N","110°52'39""W",12S WA 11549 59347,71S1,71S1 (SPECIAL INVESTIGATIONS),https://paladindanse111.github.io/AFSC-PDFs/71S.html,https://paladindanse111.github.io/AFSC-PDFs/BASE_DAVIS-MONTHAN_AFB.html,B-2,Active Duty
DAVIS-MONTHAN AFB,"32°10'14""N","110°52'39""W",12S WA 11549 59347,71S1,71S1 (SPECIAL INVESTIGATIONS),https://paladindanse111.github.io/AFSC-PDFs/71S.html,https://paladindanse111.github.io/AFSC-PDFs/BASE_DAVIS-MONTHAN_AFB.html,B-52,Active Duty
DAVIS-MONTHAN AFB,"32°10'14""N","110°52'39""W",12S WA 11549 59347,71S1,71S1 (SPECIAL INVESTIGATIONS),https://paladindanse111.github.io/AFSC-PDFs/71S.html,https://paladindanse111.github.io/AFSC-PDFs/BASE_DAVIS-MONTHAN_AFB.html,C-21,Active Duty
DAVIS-MONTHAN AFB,"32°10'14""N","110°52'39""W",12S WA 11549 59347,71S1,71S1 (SPECIAL INVESTIGATIONS),https://paladindanse111.github.io/AFSC-PDFs/71S.html,https://paladindanse111.github.io/AFSC-PDFs/BASE_DAVIS-MONTHAN_AFB.html,EC-130,Active Duty
DAVIS-MONTHAN AFB,"32°10'14""N","110°52'39""W",12S WA 11549 59347,71S1,71S1 (SPECIAL INVESTIGATIONS),https://paladindanse111.github.io/AFSC-PDFs/71S.html,https://paladindanse111.github.io/AFSC-PDFs/BASE_DAVIS-MONTHAN_AFB.html,F-15,Active Duty
DAVIS-MONTHAN AFB,"32°10'14""N","110°52'39""W",12S WA 11549 59347,71S1,71S1 (SPECIAL INVESTIGATIONS),https://paladindanse111.github.io/AFSC-PDFs/71S.html,https://paladindanse111.github.io/AFSC-PDFs/BASE_DAVIS-MONTHAN_AFB.html,F-15E,Active Duty
DAVIS-MONTHAN AFB,"32°10'14""N","110°52'39""W",12S WA 11549 59347,71S1,71S1 (SPECIAL INVESTIGATIONS),https://paladindanse111.github.io/AFSC-PDFs/71S.html,https://paladindanse111.github.io/AFSC-PDFs/BASE_DAVIS-MONTHAN_AFB.html,F-16,Active Duty
DAVIS-MONTHAN AFB,"32°10'14""N","110°52'39""W",12S WA 11549 59347,71S1,71S1 (SPECIAL INVESTIGATIONS),https://paladindanse111.github.io/AFSC-PDFs/71S.html,https://paladindanse111.github.io/AFSC-PDFs/BASE_DAVIS-MONTHAN_AFB.html,HC-130J,Active Duty
DAVIS-MONTHAN AFB,"32°10'14""N","110°52'39""W",12S WA 11549 59347,71S1,71S1 (SPECIAL INVESTIGATIONS),https://paladindanse111.github.io/AFSC-PDFs/71S.html,https://paladindanse111.github.io/AFSC-PDFs/BASE_DAVIS-MONTHAN_AFB.html,HH-60,Active Duty
DOVER AFB,"39°07'39""N","75°28'06""W",18S VJ 59518 31029,21A1,21A1 (AIRCRAFT MAINTENANCE),https://paladindanse111.github.io/AFSC-PDFs/21A.html,https://paladindanse111.github.io/AFSC-PDFs/BASE_DOVER_AFB.html,C-17,Active Duty
DOVER AFB,"39°07'39""N","75°28'06""W",18S VJ 59518 31029,21A1,21A1 (AIRCRAFT MAINTENANCE),https://paladindanse111.github.io/AFSC-PDFs/21A.html,https://paladindanse111.github.io/AFSC-PDFs/BASE_DOVER_AFB.html,C-5,Active Duty
DOVER AFB,"39°07'39""N","75°28'06""W",18S VJ 59518 31029,21R1,21R1 (LOGISTICS READINESS),https://paladindanse111.github.io/AFSC-PDFs/21R.html,https://paladindanse111.github.io/AFSC-PDFs/BASE_DOVER_AFB.html,C-17,Active Duty
DOVER AFB,"39°07'39""N","75°28'06""W",18S VJ 59518 31029,21R1,21R1 (LOGISTICS READINESS),https://paladindanse111.github.io/AFSC-PDFs/21R.html,https://paladindanse111.github.io/AFSC-PDFs/BASE_DOVER_AFB.html,C-5,Active Duty
DOVER AFB,"39°07'39""N","75°28'06""W",18S VJ 59518 31029,32E1A,32E1A (CIVIL ENGINEER),https://paladindanse111.github.io/AFSC-PDFs/32E.html,https://paladindanse111.github.io/AFSC-PDFs/BASE_DOVER_AFB.html,C-17,Active Duty
DOVER AFB,"39°07'39""N","75°28'06""W",18S VJ 59518 31029,32E1A,32E1A (CIVIL ENGINEER),https://paladindanse111.github.io/AFSC-PDFs/32E.html,https://paladindanse111.github.io/AFSC-PDFs/BASE_DOVER_AFB.html,C-5,Active Duty
DOVER AFB,"39°07'39""N","75°28'06""W",18S VJ 59518 31029,32E1C,32E1C (CIVIL ENGINEER),https://paladindanse111.github.io/AFSC-PDFs/32E.html,https://paladindanse111.github.io/AFSC-PDFs/BASE_DOVER_AFB.html,C-17,Active Duty
DOVER AFB,"39°07'39""N","75°28'06""W",18S VJ 59518 31029,32E1C,32E1C (CIVIL ENGINEER),https://paladindanse111.github.io/AFSC-PDFs/32E.html,https://paladindanse111.github.io/AFSC-PDFs/BASE_DOVER_AFB.html,C-5,Active Duty
DOVER AFB,"39°07'39""N","75°28'06""W",18S VJ 59518 31029,32E1E,32E1E (CIVIL ENGINEER),https://paladindanse111.github.io/AFSC-PDFs/32E.html,https://paladindanse111.github.io/AFSC-PDFs/BASE_DOVER_AFB.html,C-17,Active Duty
DOVER AFB,"39°07'39""N","75°28'06""W",18S VJ 59518 31029,32E1E,32E1E (CIVIL ENGINEER),https://paladindanse111.github.io/AFSC-PDFs/32E.html,https://paladindanse111.github.io/AFSC-PDFs/BASE_DOVER_AFB.html,C-5,Active Duty
DOVER AFB,"39°07'39""N","75°28'06""W",18S VJ 59518 31029,32E1F,32E1F (CIVIL ENGINEER),https://paladindanse111.github.io/AFSC-PDFs/32E.html,https://paladindanse111.github.io/AFSC-PDFs/BASE_DOVER_AFB.html,C-17,Active Duty
DOVER AFB,"39°07'39""N","75°28'06""W",18S VJ 59518 31029,32E1F,32E1F (CIVIL ENGINEER),https://paladindanse111.github.io/AFSC-PDFs/32E.html,https://paladindanse111.github.io/AFSC-PDFs/BASE_DOVER_AFB.html,C-5,Active Duty
DOVER AFB,"39°07'39""N","75°28'06""W",18S VJ 59518 31029,32E1G,32E1G (CIVIL ENGINEER),https://paladindanse111.github.io/AFSC-PDFs/32E.html,https://paladindanse111.github.io/AFSC-PDFs/BASE_DOVER_AFB.html,C-17,Active Duty
DOVER AFB,"39°07'39""N","75°28'06""W",18S VJ 59518 31029,32E1G,32E1G (CIVIL ENGINEER),https://paladindanse111.github.io/AFSC-PDFs/32E.html,https://paladindanse111.github.io/AFSC-PDFs/BASE_DOVER_AFB.html,C-5,Active Duty
DOVER AFB,"39°07'39""N","75°28'06""W",18S VJ 59518 31029,32E1J,32E1J (CIVIL ENGINEER),https://paladindanse111.github.io/AFSC-PDFs/32E.html,https://paladindanse111.github.io/AFSC-PDFs/BASE_DOVER_AFB.html,C-17,Active Duty
DOVER AFB,"39°07'39""N","75°28'06""W",18S VJ 59518 31029,32E1J,32E1J (CIVIL ENGINEER),https://paladindanse111.github.io/AFSC-PDFs/32E.html,https://paladindanse111.github.io/AFSC-PDFs/BASE_DOVER_AFB.html,C-5,Active Duty
DOVER AFB,"39°07'39""N","75°28'06""W",18S VJ 59518 31029,35P1,35P1 (PUBLIC AFFAIRS),https://paladindanse111.github.io/AFSC-PDFs/35P.html,https://paladindanse111.github.io/AFSC-PDFs/BASE_DOVER_AFB.html,C-17,Active Duty
DOVER AFB,"39°07'39""N","75°28'06""W",18S VJ 59518 31029,35P1,35P1 (PUBLIC AFFAIRS),https://paladindanse111.github.io/AFSC-PDFs/35P.html,https://paladindanse111.github.io/AFSC-PDFs/BASE_DOVER_AFB.html,C-5,Active Duty
DOVER AFB,"39°07'39""N","75°28'06""W",18S VJ 59518 31029,38F1,38F1 (FORCE SUPPORT),https://paladindanse111.github.io/AFSC-PDFs/38F.html,https://paladindanse111.github.io/AFSC-PDFs/BASE_DOVER_AFB.html,C-17,Active Duty
DOVER AFB,"39°07'39""N","75°28'06""W",18S VJ 59518 31029,38F1,38F1 (FORCE SUPPORT),https://paladindanse111.github.io/AFSC-PDFs/38F.html,https://paladindanse111.github.io/AFSC-PDFs/BASE_DOVER_AFB.html,C-5,Active Duty
DOVER AFB,"39°07'39""N","75°28'06""W",18S VJ 59518 31029,64P1,64P1 (CONTRACTING),https://paladindanse111.github.io/AFSC-PDFs/64P.html,https://paladindanse111.github.io/AFSC-PDFs/BASE_DOVER_AFB.html,C-17,Active Duty
DOVER AFB,"39°07'39""N","75°28'06""W",18S VJ 59518 31029,64P1,64P1 (CONTRACTING),https://paladindanse111.github.io/AFSC-PDFs/64P.html,https://paladindanse111.github.io/AFSC-PDFs/BASE_DOVER_AFB.html,C-5,Active Duty
DOVER AFB,"39°07'39""N","75°28'06""W",18S VJ 59518 31029,65F1,65F1 (FINANCIAL MANAGEMENT),https://paladindanse111.github.io/AFSC-PDFs/65F.html,https://paladindanse111.github.io/AFSC-PDFs/BASE_DOVER_AFB.html,C-17,Active Duty
DOVER AFB,"39°07'39""N","75°28'06""W",18S VJ 59518 31029,65F1,65F1 (FINANCIAL MANAGEMENT),https://paladindanse111.github.io/AFSC-PDFs/65F.html,https://paladindanse111.github.io/AFSC-PDFs/BASE_DOVER_AFB.html,C-5,Active Duty
DYESS AFB,"32°25'17""N","99°50'31""W",14S MA 20838 87456,15A1,15A1 (OPERATIONS ANALYSIS OFFICER),https://paladindanse111.github.io/AFSC-PDFs/15A.html,https://paladindanse111.github.io/AFSC-PDFs/BASE_DYESS_AFB.html,B-1,Active Duty
DYESS AFB,"32°25'17""N","99°50'31""W",14S MA 20838 87456,15A1,15A1 (OPERATIONS ANALYSIS OFFICER),https://paladindanse111.github.io/AFSC-PDFs/15A.html,https://paladindanse111.github.io/AFSC-PDFs/BASE_DYESS_AFB.html,C-130J,Active Duty
DYESS AFB,"32°25'17""N","99°50'31""W",14S MA 20838 87456,21A1,21A1 (AIRCRAFT MAINTENANCE),https://paladindanse111.github.io/AFSC-PDFs/21A.html,https://paladindanse111.github.io/AFSC-PDFs/BASE_DYESS_AFB.html,B-1,Active Duty
DYESS AFB,"32°25'17""N","99°50'31""W",14S MA 20838 87456,21A1,21A1 (AIRCRAFT MAINTENANCE),https://paladindanse111.github.io/AFSC-PDFs/21A.html,https://paladindanse111.github.io/AFSC-PDFs/BASE_DYESS_AFB.html,C-130J,Active Duty
DYESS AFB,"32°25'17""N","99°50'31""W",14S MA 20838 87456,21M1,21M1 (MUNITIONS AND MISSILE MAINTENANCE),https://paladindanse111.github.io/AFSC-PDFs/21M.html,https://paladindanse111.github.io/AFSC-PDFs/BASE_DYESS_AFB.html,B-1,Active Duty
DYESS AFB,"32°25'17""N","99°50'31""W",14S MA 20838 87456,21M1,21M1 (MUNITIONS AND MISSILE MAINTENANCE),https://paladindanse111.github.io/AFSC-PDFs/21M.html,https://paladindanse111.github.io/AFSC-PDFs/BASE_DYESS_AFB.html,C-130J,Active Duty
DYESS AFB,"32°25'17""N","99°50'31""W",14S MA 20838 87456,21R1,21R1 (LOGISTICS READINESS),https://paladindanse111.github.io/AFSC-PDFs/21R.html,https://paladindanse111.github.io/AFSC-PDFs/BASE_DYESS_AFB.html,B-1,Active Duty
DYESS AFB,"32°25'17""N","99°50'31""W",14S MA 20838 87456,21R1,21R1 (LOGISTICS READINESS),https://paladindanse111.github.io/AFSC-PDFs/21R.html,https://paladindanse111.github.io/AFSC-PDFs/BASE_DYESS_AFB.html,C-130J,Active Duty
DYESS AFB,"32°25'17""N","99°50'31""W",14S MA 20838 87456,32E1A,32E1A (CIVIL ENGINEER),https://paladindanse111.github.io/AFSC-PDFs/32E.html,https://paladindanse111.github.io/AFSC-PDFs/BASE_DYESS_AFB.html,B-1,Active Duty
DYESS AFB,"32°25'17""N","99°50'31""W",14S MA 20838 87456,32E1A,32E1A (CIVIL ENGINEER),https://paladindanse111.github.io/AFSC-PDFs/32E.html,https://paladindanse111.github.io/AFSC-PDFs/BASE_DYESS_AFB.html,C-130J,Active Duty
DYESS AFB,"32°25'17""N","99°50'31""W",14S MA 20838 87456,32E1C,32E1C (CIVIL ENGINEER),https://paladindanse111.github.io/AFSC-PDFs/32E.html,https://paladindanse111.github.io/AFSC-PDFs/BASE_DYESS_AFB.html,B-1,Active Duty
DYESS AFB,"32°25'17""N","99°50'31""W",14S MA 20838 87456,32E1C,32E1C (CIVIL ENGINEER),https://paladindanse111.github.io/AFSC-PDFs/32E.html,https://paladindanse111.github.io/AFSC-PDFs/BASE_DYESS_AFB.html,C-130J,Active Duty
DYESS AFB,"32°25'17""N","99°50'31""W",14S MA 20838 87456,32E1E,32E1E (CIVIL ENGINEER),https://paladindanse111.github.io/AFSC-PDFs/32E.html,https://paladindanse111.github.io/AFSC-PDFs/BASE_DYESS_AFB.html,B-1,Active Duty
DYESS AFB,"32°25'17""N","99°50'31""W",14S MA 20838 87456,32E1E,32E1E (CIVIL ENGINEER),https://paladindanse111.github.io/AFSC-PDFs/32E.html,https://paladindanse111.github.io/AFSC-PDFs/BASE_DYESS_AFB.html,C-130J,Active Duty
DYESS AFB,"32°25'17""N","99°50'31""W",14S MA 20838 87456,32E1F,32E1F (CIVIL ENGINEER),https://paladindanse111.github.io/AFSC-PDFs/32E.html,https://paladindanse111.github.io/AFSC-PDFs/BASE_DYESS_AFB.html,B-1,Active Duty
DYESS AFB,"32°25'17""N","99°50'31""W",14S MA 20838 87456,32E1F,32E1F (CIVIL ENGINEER),https://paladindanse111.github.io/AFSC-PDFs/32E.html,https://paladindanse111.github.io/AFSC-PDFs/BASE_DYESS_AFB.html,C-130J,Active Duty
DYESS AFB,"32°25'17""N","99°50'31""W",14S MA 20838 87456,32E1G,32E1G (CIVIL ENGINEER),https://paladindanse111.github.io/AFSC-PDFs/32E.html,https://paladindanse111.github.io/AFSC-PDFs/BASE_DYESS_AFB.html,B-1,Active Duty
DYESS AFB,"32°25'17""N","99°50'31""W",14S MA 20838 87456,32E1G,32E1G (CIVIL ENGINEER),https://paladindanse111.github.io/AFSC-PDFs/32E.html,https://paladindanse111.github.io/AFSC-PDFs/BASE_DYESS_AFB.html,C-130J,Active Duty
DYESS AFB,"32°25'17""N","99°50'31""W",14S MA 20838 87456,32E1J,32E1J (CIVIL ENGINEER),https://paladindanse111.github.io/AFSC-PDFs/32E.html,https://paladindanse111.github.io/AFSC-PDFs/BASE_DYESS_AFB.html,B-1,Active Duty
DYESS AFB,"32°25'17""N","99°50'31""W",14S MA 20838 87456,32E1J,32E1J (CIVIL ENGINEER),https://paladindanse111.github.io/AFSC-PDFs/32E.html,https://paladindanse111.github.io/AFSC-PDFs/BASE_DYESS_AFB.html,C-130J,Active Duty
DYESS AFB,"32°25'17""N","99°50'31""W",14S MA 20838 87456,35P1,35P1 (PUBLIC AFFAIRS),https://paladindanse111.github.io/AFSC-PDFs/35P.html,https://paladindanse111.github.io/AFSC-PDFs/BASE_DYESS_AFB.html,B-1,Active Duty
DYESS AFB,"32°25'17""N","99°50'31""W",14S MA 20838 87456,35P1,35P1 (PUBLIC AFFAIRS),https://paladindanse111.github.io/AFSC-PDFs/35P.html,https://paladindanse111.github.io/AFSC-PDFs/BASE_DYESS_AFB.html,C-130J,Active Duty
DYESS AFB,"32°25'17""N","99°50'31""W",14S MA 20838 87456,38F1,38F1 (FORCE SUPPORT),https://paladindanse111.github.io/AFSC-PDFs/38F.html,https://paladindanse111.github.io/AFSC-PDFs/BASE_DYESS_AFB.html,B-1,Active Duty
DYESS AFB,"32°25'17""N","99°50'31""W",14S MA 20838 87456,38F1,38F1 (FORCE SUPPORT),https://paladindanse111.github.io/AFSC-PDFs/38F.html,https://paladindanse111.github.io/AFSC-PDFs/BASE_DYESS_AFB.html,C-130J,Active Duty
DYESS AFB,"32°25'17""N","99°50'31""W",14S MA 20838 87456,62E1A,62E1A (DEVELOPMENTAL ENGINEER),https://paladindanse111.github.io/AFSC-PDFs/62E.html,https://paladindanse111.github.io/AFSC-PDFs/BASE_DYESS_AFB.html,B-1,Active Duty
DYESS AFB,"32°25'17""N","99°50'31""W",14S MA 20838 87456,62E1A,62E1A (DEVELOPMENTAL ENGINEER),https://paladindanse111.github.io/AFSC-PDFs/62E.html,https://paladindanse111.github.io/AFSC-PDFs/BASE_DYESS_AFB.html,C-130J,Active Duty
DYESS AFB,"32°25'17""N","99°50'31""W",14S MA 20838 87456,62E1B,62E1B (DEVELOPMENTAL ENGINEER),https://paladindanse111.github.io/AFSC-PDFs/62E.html,https://paladindanse111.github.io/AFSC-PDFs/BASE_DYESS_AFB.html,B-1,Active Duty
DYESS AFB,"32°25'17""N","99°50'31""W",14S MA 20838 87456,62E1B,62E1B (DEVELOPMENTAL ENGINEER),https://paladindanse111.github.io/AFSC-PDFs/62E.html,https://paladindanse111.github.io/AFSC-PDFs/BASE_DYESS_AFB.html,C-130J,Active Duty
DYESS AFB,"32°25'17""N","99°50'31""W",14S MA 20838 87456,62E1C,62E1C (DEVELOPMENTAL ENGINEER),https://paladindanse111.github.io/AFSC-PDFs/62E.html,https://paladindanse111.github.io/AFSC-PDFs/BASE_DYESS_AFB.html,B-1,Active Duty
DYESS AFB,"32°25'17""N","99°50'31""W",14S MA 20838 87456,62E1C,62E1C (DEVELOPMENTAL ENGINEER),https://paladindanse111.github.io/AFSC-PDFs/62E.html,https://paladindanse111.github.io/AFSC-PDFs/BASE_DYESS_AFB.html,C-130J,Active Duty
DYESS AFB,"32°25'17""N","99°50'31""W",14S MA 20838 87456,62E1E,62E1E (DEVELOPMENTAL ENGINEER),https://paladindanse111.github.io/AFSC-PDFs/62E.html,https://paladindanse111.github.io/AFSC-PDFs/BASE_DYESS_AFB.html,B-1,Active Duty
DYESS AFB,"32°25'17""N","99°50'31""W",14S MA 20838 87456,62E1E,62E1E (DEVELOPMENTAL ENGINEER),https://paladindanse111.github.io/AFSC-PDFs/62E.html,https://paladindanse111.github.io/AFSC-PDFs/BASE_DYESS_AFB.html,C-130J,Active Duty
DYESS AFB,"32°25'17""N","99°50'31""W",14S MA 20838 87456,62E1G,62E1G (DEVELOPMENTAL ENGINEER),https://paladindanse111.github.io/AFSC-PDFs/62E.html,https://paladindanse111.github.io/AFSC-PDFs/BASE_DYESS_AFB.html,B-1,Active Duty
DYESS AFB,"32°25'17""N","99°50'31""W",14S MA 20838 87456,62E1G,62E1G (DEVELOPMENTAL ENGINEER),https://paladindanse111.github.io/AFSC-PDFs/62E.html,https://paladindanse111.github.io/AFSC-PDFs/BASE_DYESS_AFB.html,C-130J,Active Duty
DYESS AFB,"32°25'17""N","99°50'31""W",14S MA 20838 87456,62E1H,62E1H (DEVELOPMENTAL ENGINEER),https://paladindanse111.github.io/AFSC-PDFs/62E.html,https://paladindanse111.github.io/AFSC-PDFs/BASE_DYESS_AFB.html,B-1,Active Duty
DYESS AFB,"32°25'17""N","99°50'31""W",14S MA 20838 87456,62E1H,62E1H (DEVELOPMENTAL ENGINEER),https://paladindanse111.github.io/AFSC-PDFs/62E.html,https://paladindanse111.github.io/AFSC-PDFs/BASE_DYESS_AFB.html,C-130J,Active Duty
DYESS AFB,"32°25'17""N","99°50'31""W",14S MA 20838 87456,62E1I,62E1I (DEVELOPMENTAL ENGINEER),https://paladindanse111.github.io/AFSC-PDFs/62E.html,https://paladindanse111.github.io/AFSC-PDFs/BASE_DYESS_AFB.html,B-1,Active Duty
DYESS AFB,"32°25'17""N","99°50'31""W",14S MA 20838 87456,62E1I,62E1I (DEVELOPMENTAL ENGINEER),https://paladindanse111.github.io/AFSC-PDFs/62E.html,https://paladindanse111.github.io/AFSC-PDFs/BASE_DYESS_AFB.html,C-130J,Active Duty
DYESS AFB,"32°25'17""N","99°50'31""W",14S MA 20838 87456,64P1,64P1 (CONTRACTING),https://paladindanse111.github.io/AFSC-PDFs/64P.html,https://paladindanse111.github.io/AFSC-PDFs/BASE_DYESS_AFB.html,B-1,Active Duty
DYESS AFB,"32°25'17""N","99°50'31""W",14S MA 20838 87456,64P1,64P1 (CONTRACTING),https://paladindanse111.github.io/AFSC-PDFs/64P.html,https://paladindanse111.github.io/AFSC-PDFs/BASE_DYESS_AFB.html,C-130J,Active Duty
DYESS AFB,"32°25'17""N","99°50'31""W",14S MA 20838 87456,65F1,65F1 (FINANCIAL MANAGEMENT),https://paladindanse111.github.io/AFSC-PDFs/65F.html,https://paladindanse111.github.io/AFSC-PDFs/BASE_DYESS_AFB.html,B-1,Active Duty
DYESS AFB,"32°25'17""N","99°50'31""W",14S MA 20838 87456,65F1,65F1 (FINANCIAL MANAGEMENT),https://paladindanse111.github.io/AFSC-PDFs/65F.html,https://paladindanse111.github.io/AFSC-PDFs/BASE_DYESS_AFB.html,C-130J,Active Duty
EDWARDS AFB,"34°55'25""N","117°53'29""W",11S MU 18582 64934,15A1,15A1 (OPERATIONS ANALYSIS OFFICER),https://paladindanse111.github.io/AFSC-PDFs/15A.html,https://paladindanse111.github.io/AFSC-PDFs/BASE_EDWARDS_AFB.html,B-2,Active Duty
EDWARDS AFB,"34°55'25""N","117°53'29""W",11S MU 18582 64934,15A1,15A1 (OPERATIONS ANALYSIS OFFICER),https://paladindanse111.github.io/AFSC-PDFs/15A.html,https://paladindanse111.github.io/AFSC-PDFs/BASE_EDWARDS_AFB.html,B-21,Active Duty
EDWARDS AFB,"34°55'25""N","117°53'29""W",11S MU 18582 64934,15A1,15A1 (OPERATIONS ANALYSIS OFFICER),https://paladindanse111.github.io/AFSC-PDFs/15A.html,https://paladindanse111.github.io/AFSC-PDFs/BASE_EDWARDS_AFB.html,C-12,Active Duty
EDWARDS AFB,"34°55'25""N","117°53'29""W",11S MU 18582 64934,15A1,15A1 (OPERATIONS ANALYSIS OFFICER),https://paladindanse111.github.io/AFSC-PDFs/15A.html,https://paladindanse111.github.io/AFSC-PDFs/BASE_EDWARDS_AFB.html,C-17,Active Duty
EDWARDS AFB,"34°55'25""N","117°53'29""W",11S MU 18582 64934,15A1,15A1 (OPERATIONS ANALYSIS OFFICER),https://paladindanse111.github.io/AFSC-PDFs/15A.html,https://paladindanse111.github.io/AFSC-PDFs/BASE_EDWARDS_AFB.html,E-4,Active Duty
EDWARDS AFB,"34°55'25""N","117°53'29""W",11S MU 18582 64934,15A1,15A1 (OPERATIONS ANALYSIS OFFICER),https://paladindanse111.github.io/AFSC-PDFs/15A.html,https://paladindanse111.github.io/AFSC-PDFs/BASE_EDWARDS_AFB.html,F-16,Active Duty
EDWARDS AFB,"34°55'25""N","117°53'29""W",11S MU 18582 64934,15A1,15A1 (OPERATIONS ANALYSIS OFFICER),https://paladindanse111.github.io/AFSC-PDFs/15A.html,https://paladindanse111.github.io/AFSC-PDFs/BASE_EDWARDS_AFB.html,KC-46 (KC-X),Active Duty
EDWARDS AFB,"34°55'25""N","117°53'29""W",11S MU 18582 64934,21A1,21A1 (AIRCRAFT MAINTENANCE),https://paladindanse111.github.io/AFSC-PDFs/21A.html,https://paladindanse111.github.io/AFSC-PDFs/BASE_EDWARDS_AFB.html,B-2,Active Duty
EDWARDS AFB,"34°55'25""N","117°53'29""W",11S MU 18582 64934,21A1,21A1 (AIRCRAFT MAINTENANCE),https://paladindanse111.github.io/AFSC-PDFs/21A.html,https://paladindanse111.github.io/AFSC-PDFs/BASE_EDWARDS_AFB.html,B-21,Active Duty
EDWARDS AFB,"34°55'25""N","117°53'29""W",11S MU 18582 64934,21A1,21A1 (AIRCRAFT MAINTENANCE),https://paladindanse111.github.io/AFSC-PDFs/21A.html,https://paladindanse111.github.io/AFSC-PDFs/BASE_EDWARDS_AFB.html,C-12,Active Duty
EDWARDS AFB,"34°55'25""N","117°53'29""W",11S MU 18582 64934,21A1,21A1 (AIRCRAFT MAINTENANCE),https://paladindanse111.github.io/AFSC-PDFs/21A.html,https://paladindanse111.github.io/AFSC-PDFs/BASE_EDWARDS_AFB.html,C-17,Active Duty
EDWARDS AFB,"34°55'25""N","117°53'29""W",11S MU 18582 64934,21A1,21A1 (AIRCRAFT MAINTENANCE),https://paladindanse111.github.io/AFSC-PDFs/21A.html,https://paladindanse111.github.io/AFSC-PDFs/BASE_EDWARDS_AFB.html,E-4,Active Duty
EDWARDS AFB,"34°55'25""N","117°53'29""W",11S MU 18582 64934,21A1,21A1 (AIRCRAFT MAINTENANCE),https://paladindanse111.github.io/AFSC-PDFs/21A.html,https://paladindanse111.github.io/AFSC-PDFs/BASE_EDWARDS_AFB.html,F-16,Active Duty
EDWARDS AFB,"34°55'25""N","117°53'29""W",11S MU 18582 64934,21A1,21A1 (AIRCRAFT MAINTENANCE),https://paladindanse111.github.io/AFSC-PDFs/21A.html,https://paladindanse111.github.io/AFSC-PDFs/BASE_EDWARDS_AFB.html,KC-46 (KC-X),Active Duty
EDWARDS AFB,"34°55'25""N","117°53'29""W",11S MU 18582 64934,38F1,38F1 (FORCE SUPPORT),https://paladindanse111.github.io/AFSC-PDFs/38F.html,https://paladindanse111.github.io/AFSC-PDFs/BASE_EDWARDS_AFB.html,B-2,Active Duty
EDWARDS AFB,"34°55'25""N","117°53'29""W",11S MU 18582 64934,38F1,38F1 (FORCE SUPPORT),https://paladindanse111.github.io/AFSC-PDFs/38F.html,https://paladindanse111.github.io/AFSC-PDFs/BASE_EDWARDS_AFB.html,B-21,Active Duty
EDWARDS AFB,"34°55'25""N","117°53'29""W",11S MU 18582 64934,38F1,38F1 (FORCE SUPPORT),https://paladindanse111.github.io/AFSC-PDFs/38F.html,https://paladindanse111.github.io/AFSC-PDFs/BASE_EDWARDS_AFB.html,C-12,Active Duty
EDWARDS AFB,"34°55'25""N","117°53'29""W",11S MU 18582 64934,38F1,38F1 (FORCE SUPPORT),https://paladindanse111.github.io/AFSC-PDFs/38F.html,https://paladindanse111.github.io/AFSC-PDFs/BASE_EDWARDS_AFB.html,C-17,Active Duty
EDWARDS AFB,"34°55'25""N","117°53'29""W",11S MU 18582 64934,38F1,38F1 (FORCE SUPPORT),https://paladindanse111.github.io/AFSC-PDFs/38F.html,https://paladindanse111.github.io/AFSC-PDFs/BASE_EDWARDS_AFB.html,E-4,Active Duty
EDWARDS AFB,"34°55'25""N","117°53'29""W",11S MU 18582 64934,38F1,38F1 (FORCE SUPPORT),https://paladindanse111.github.io/AFSC-PDFs/38F.html,https://paladindanse111.github.io/AFSC-PDFs/BASE_EDWARDS_AFB.html,F-16,Active Duty
EDWARDS AFB,"34°55'25""N","117°53'29""W",11S MU 18582 64934,38F1,38F1 (FORCE SUPPORT),https://paladindanse111.github.io/AFSC-PDFs/38F.html,https://paladindanse111.github.io/AFSC-PDFs/BASE_EDWARDS_AFB.html,KC-46 (KC-X),Active Duty
EDWARDS AFB,"34°55'25""N","117°53'29""W",11S MU 18582 64934,61C1,61C1 (CHEMIST/NUCLEAR CHEMIST),https://paladindanse111.github.io/AFSC-PDFs/61C.html,https://paladindanse111.github.io/AFSC-PDFs/BASE_EDWARDS_AFB.html,B-2,Active Duty
EDWARDS AFB,"34°55'25""N","117°53'29""W",11S MU 18582 64934,61C1,61C1 (CHEMIST/NUCLEAR CHEMIST),https://paladindanse111.github.io/AFSC-PDFs/61C.html,https://paladindanse111.github.io/AFSC-PDFs/BASE_EDWARDS_AFB.html,B-21,Active Duty
EDWARDS AFB,"34°55'25""N","117°53'29""W",11S MU 18582 64934,61C1,61C1 (CHEMIST/NUCLEAR CHEMIST),https://paladindanse111.github.io/AFSC-PDFs/61C.html,https://paladindanse111.github.io/AFSC-PDFs/BASE_EDWARDS_AFB.html,C-12,Active Duty
EDWARDS AFB,"34°55'25""N","117°53'29""W",11S MU 18582 64934,61C1,61C1 (CHEMIST/NUCLEAR CHEMIST),https://paladindanse111.github.io/AFSC-PDFs/61C.html,https://paladindanse111.github.io/AFSC-PDFs/BASE_EDWARDS_AFB.html,C-17,Active Duty
EDWARDS AFB,"34°55'25""N","117°53'29""W",11S MU 18582 64934,61C1,61C1 (CHEMIST/NUCLEAR CHEMIST),https://paladindanse111.github.io/AFSC-PDFs/61C.html,https://paladindanse111.github.io/AFSC-PDFs/BASE_EDWARDS_AFB.html,E-4,Active Duty
EDWARDS AFB,"34°55'25""N","117°53'29""W",11S MU 18582 64934,61C1,61C1 (CHEMIST/NUCLEAR CHEMIST),https://paladindanse111.github.io/AFSC-PDFs/61C.html,https://paladindanse111.github.io/AFSC-PDFs/BASE_EDWARDS_AFB.html,F-16,Active Duty
EDWARDS AFB,"34°55'25""N","117°53'29""W",11S MU 18582 64934,61C1,61C1 (CHEMIST/NUCLEAR CHEMIST),https://paladindanse111.github.io/AFSC-PDFs/61C.html,https://paladindanse111.github.io/AFSC-PDFs/BASE_EDWARDS_AFB.html,KC-46 (KC-X),Active Duty
EDWARDS AFB,"34°55'25""N","117°53'29""W",11S MU 18582 64934,61D1,61D1 (PHYSICIST/NUCLEAR ENGINEER),https://paladindanse111.github.io/AFSC-PDFs/61D.html,https://paladindanse111.github.io/AFSC-PDFs/BASE_EDWARDS_AFB.html,B-2,Active Duty
EDWARDS AFB,"34°55'25""N","117°53'29""W",11S MU 18582 64934,61D1,61D1 (PHYSICIST/NUCLEAR ENGINEER),https://paladindanse111.github.io/AFSC-PDFs/61D.html,https://paladindanse111.github.io/AFSC-PDFs/BASE_EDWARDS_AFB.html,B-21,Active Duty
EDWARDS AFB,"34°55'25""N","117°53'29""W",11S MU 18582 64934,61D1,61D1 (PHYSICIST/NUCLEAR ENGINEER),https://paladindanse111.github.io/AFSC-PDFs/61D.html,https://paladindanse111.github.io/AFSC-PDFs/BASE_EDWARDS_AFB.html,C-12,Active Duty
EDWARDS AFB,"34°55'25""N","117°53'29""W",11S MU 18582 64934,61D1,61D1 (PHYSICIST/NUCLEAR ENGINEER),https://paladindanse111.github.io/AFSC-PDFs/61D.html,https://paladindanse111.github.io/AFSC-PDFs/BASE_EDWARDS_AFB.html,C-17,Active Duty
EDWARDS AFB,"34°55'25""N","117°53'29""W",11S MU 18582 64934,61D1,61D1 (PHYSICIST/NUCLEAR ENGINEER),https://paladindanse111.github.io/AFSC-PDFs/61D.html,https://paladindanse111.github.io/AFSC-PDFs/BASE_EDWARDS_AFB.html,E-4,Active Duty
EDWARDS AFB,"34°55'25""N","117°53'29""W",11S MU 18582 64934,61D1,61D1 (PHYSICIST/NUCLEAR ENGINEER),https://paladindanse111.github.io/AFSC-PDFs/61D.html,https://paladindanse111.github.io/AFSC-PDFs/BASE_EDWARDS_AFB.html,F-16,Active Duty
EDWARDS AFB,"34°55'25""N","117°53'29""W",11S MU 18582 64934,61D1,61D1 (PHYSICIST/NUCLEAR ENGINEER),https://paladindanse111.github.io/AFSC-PDFs/61D.html,https://paladindanse111.github.io/AFSC-PDFs/BASE_EDWARDS_AFB.html,KC-46 (KC-X),Active Duty
EDWARDS AFB,"34°55'25""N","117°53'29""W",11S MU 18582 64934,62E1A,62E1A (DEVELOPMENTAL ENGINEER),https://paladindanse111.github.io/AFSC-PDFs/62E.html,https://paladindanse111.github.io/AFSC-PDFs/BASE_EDWARDS_AFB.html,B-2,Active Duty
EDWARDS AFB,"34°55'25""N","117°53'29""W",11S MU 18582 64934,62E1A,62E1A (DEVELOPMENTAL ENGINEER),https://paladindanse111.github.io/AFSC-PDFs/62E.html,https://paladindanse111.github.io/AFSC-PDFs/BASE_EDWARDS_AFB.html,B-21,Active Duty
EDWARDS AFB,"34°55'25""N","117°53'29""W",11S MU 18582 64934,62E1A,62E1A (DEVELOPMENTAL ENGINEER),https://paladindanse111.github.io/AFSC-PDFs/62E.html,https://paladindanse111.github.io/AFSC-PDFs/BASE_EDWARDS_AFB.html,C-12,Active Duty
EDWARDS AFB,"34°55'25""N","117°53'29""W",11S MU 18582 64934,62E1A,62E1A (DEVELOPMENTAL ENGINEER),https://paladindanse111.github.io/AFSC-PDFs/62E.html,https://paladindanse111.github.io/AFSC-PDFs/BASE_EDWARDS_AFB.html,C-17,Active Duty
EDWARDS AFB,"34°55'25""N","117°53'29""W",11S MU 18582 64934,62E1A,62E1A (DEVELOPMENTAL ENGINEER),https://paladindanse111.github.io/AFSC-PDFs/62E.html,https://paladindanse111.github.io/AFSC-PDFs/BASE_EDWARDS_AFB.html,E-4,Active Duty
EDWARDS AFB,"34°55'25""N","117°53'29""W",11S MU 18582 64934,62E1A,62E1A (DEVELOPMENTAL ENGINEER),https://paladindanse111.github.io/AFSC-PDFs/62E.html,https://paladindanse111.github.io/AFSC-PDFs/BASE_EDWARDS_AFB.html,F-16,Active Duty
EDWARDS AFB,"34°55'25""N","117°53'29""W",11S MU 18582 64934,62E1A,62E1A (DEVELOPMENTAL ENGINEER),https://paladindanse111.github.io/AFSC-PDFs/62E.html,https://paladindanse111.github.io/AFSC-PDFs/BASE_EDWARDS_AFB.html,KC-46 (KC-X),Active Duty
EDWARDS AFB,"34°55'25""N","117°53'29""W",11S MU 18582 64934,62E1B,62E1B (DEVELOPMENTAL ENGINEER),https://paladindanse111.github.io/AFSC-PDFs/62E.html,https://paladindanse111.github.io/AFSC-PDFs/BASE_EDWARDS_AFB.html,B-2,Active Duty
EDWARDS AFB,"34°55'25""N","117°53'29""W",11S MU 18582 64934,62E1B,62E1B (DEVELOPMENTAL ENGINEER),https://paladindanse111.github.io/AFSC-PDFs/62E.html,https://paladindanse111.github.io/AFSC-PDFs/BASE_EDWARDS_AFB.html,B-21,Active Duty
EDWARDS AFB,"34°55'25""N","117°53'29""W",11S MU 18582 64934,62E1B,62E1B (DEVELOPMENTAL ENGINEER),https://paladindanse111.github.io/AFSC-PDFs/62E.html,https://paladindanse111.github.io/AFSC-PDFs/BASE_EDWARDS_AFB.html,C-12,Active Duty
EDWARDS AFB,"34°55'25""N","117°53'29""W",11S MU 18582 64934,62E1B,62E1B (DEVELOPMENTAL ENGINEER),https://paladindanse111.github.io/AFSC-PDFs/62E.html,https://paladindanse111.github.io/AFSC-PDFs/BASE_EDWARDS_AFB.html,C-17,Active Duty
EDWARDS AFB,"34°55'25""N","117°53'29""W",11S MU 18582 64934,62E1B,62E1B (DEVELOPMENTAL ENGINEER),https://paladindanse111.github.io/AFSC-PDFs/62E.html,https://paladindanse111.github.io/AFSC-PDFs/BASE_EDWARDS_AFB.html,E-4,Active Duty
EDWARDS AFB,"34°55'25""N","117°53'29""W",11S MU 18582 64934,62E1B,62E1B (DEVELOPMENTAL ENGINEER),https://paladindanse111.github.io/AFSC-PDFs/62E.html,https://paladindanse111.github.io/AFSC-PDFs/BASE_EDWARDS_AFB.html,F-16,Active Duty
EDWARDS AFB,"34°55'25""N","117°53'29""W",11S MU 18582 64934,62E1B,62E1B (DEVELOPMENTAL ENGINEER),https://paladindanse111.github.io/AFSC-PDFs/62E.html,https://paladindanse111.github.io/AFSC-PDFs/BASE_EDWARDS_AFB.html,KC-46 (KC-X),Active Duty
EDWARDS AFB,"34°55'25""N","117°53'29""W",11S MU 18582 64934,62E1C,62E1C (DEVELOPMENTAL ENGINEER),https://paladindanse111.github.io/AFSC-PDFs/62E.html,https://paladindanse111.github.io/AFSC-PDFs/BASE_EDWARDS_AFB.html,B-2,Active Duty
EDWARDS AFB,"34°55'25""N","117°53'29""W",11S MU 18582 64934,62E1C,62E1C (DEVELOPMENTAL ENGINEER),https://paladindanse111.github.io/AFSC-PDFs/62E.html,https://paladindanse111.github.io/AFSC-PDFs/BASE_EDWARDS_AFB.html,B-21,Active Duty
EDWARDS AFB,"34°55'25""N","117°53'29""W",11S MU 18582 64934,62E1C,62E1C (DEVELOPMENTAL ENGINEER),https://paladindanse111.github.io/AFSC-PDFs/62E.html,https://paladindanse111.github.io/AFSC-PDFs/BASE_EDWARDS_AFB.html,C-12,Active Duty
EDWARDS AFB,"34°55'25""N","117°53'29""W",11S MU 18582 64934,62E1C,62E1C (DEVELOPMENTAL ENGINEER),https://paladindanse111.github.io/AFSC-PDFs/62E.html,https://paladindanse111.github.io/AFSC-PDFs/BASE_EDWARDS_AFB.html,C-17,Active Duty
EDWARDS AFB,"34°55'25""N","117°53'29""W",11S MU 18582 64934,62E1C,62E1C (DEVELOPMENTAL ENGINEER),https://paladindanse111.github.io/AFSC-PDFs/62E.html,https://paladindanse111.github.io/AFSC-PDFs/BASE_EDWARDS_AFB.html,E-4,Active Duty
EDWARDS AFB,"34°55'25""N","117°53'29""W",11S MU 18582 64934,62E1C,62E1C (DEVELOPMENTAL ENGINEER),https://paladindanse111.github.io/AFSC-PDFs/62E.html,https://paladindanse111.github.io/AFSC-PDFs/BASE_EDWARDS_AFB.html,F-16,Active Duty
EDWARDS AFB,"34°55'25""N","117°53'29""W",11S MU 18582 64934,62E1C,62E1C (DEVELOPMENTAL ENGINEER),https://paladindanse111.github.io/AFSC-PDFs/62E.html,https://paladindanse111.github.io/AFSC-PDFs/BASE_EDWARDS_AFB.html,KC-46 (KC-X),Active Duty
EDWARDS AFB,"34°55'25""N","117°53'29""W",11S MU 18582 64934,62E1E,62E1E (DEVELOPMENTAL ENGINEER),https://paladindanse111.github.io/AFSC-PDFs/62E.html,https://paladindanse111.github.io/AFSC-PDFs/BASE_EDWARDS_AFB.html,B-2,Active Duty
EDWARDS AFB,"34°55'25""N","117°53'29""W",11S MU 18582 64934,62E1E,62E1E (DEVELOPMENTAL ENGINEER),https://paladindanse111.github.io/AFSC-PDFs/62E.html,https://paladindanse111.github.io/AFSC-PDFs/BASE_EDWARDS_AFB.html,B-21,Active Duty
EDWARDS AFB,"34°55'25""N","117°53'29""W",11S MU 18582 64934,62E1E,62E1E (DEVELOPMENTAL ENGINEER),https://paladindanse111.github.io/AFSC-PDFs/62E.html,https://paladindanse111.github.io/AFSC-PDFs/BASE_EDWARDS_AFB.html,C-12,Active Duty
EDWARDS AFB,"34°55'25""N","117°53'29""W",11S MU 18582 64934,62E1E,62E1E (DEVELOPMENTAL ENGINEER),https://paladindanse111.github.io/AFSC-PDFs/62E.html,https://paladindanse111.github.io/AFSC-PDFs/BASE_EDWARDS_AFB.html,C-17,Active Duty
EDWARDS AFB,"34°55'25""N","117°53'29""W",11S MU 18582 64934,62E1E,62E1E (DEVELOPMENTAL ENGINEER),https://paladindanse111.github.io/AFSC-PDFs/62E.html,https://paladindanse111.github.io/AFSC-PDFs/BASE_EDWARDS_AFB.html,E-4,Active Duty
EDWARDS AFB,"34°55'25""N","117°53'29""W",11S MU 18582 64934,62E1E,62E1E (DEVELOPMENTAL ENGINEER),https://paladindanse111.github.io/AFSC-PDFs/62E.html,https://paladindanse111.github.io/AFSC-PDFs/BASE_EDWARDS_AFB.html,F-16,Active Duty
EDWARDS AFB,"34°55'25""N","117°53'29""W",11S MU 18582 64934,62E1E,62E1E (DEVELOPMENTAL ENGINEER),https://paladindanse111.github.io/AFSC-PDFs/62E.html,https://paladindanse111.github.io/AFSC-PDFs/BASE_EDWARDS_AFB.html,KC-46 (KC-X),Active Duty
EDWARDS AFB,"34°55'25""N","117°53'29""W",11S MU 18582 64934,62E1G,62E1G (DEVELOPMENTAL ENGINEER),https://paladindanse111.github.io/AFSC-PDFs/62E.html,https://paladindanse111.github.io/AFSC-PDFs/BASE_EDWARDS_AFB.html,B-2,Active Duty
EDWARDS AFB,"34°55'25""N","117°53'29""W",11S MU 18582 64934,62E1G,62E1G (DEVELOPMENTAL ENGINEER),https://paladindanse111.github.io/AFSC-PDFs/62E.html,https://paladindanse111.github.io/AFSC-PDFs/BASE_EDWARDS_AFB.html,B-21,Active Duty
EDWARDS AFB,"34°55'25""N","117°53'29""W",11S MU 18582 64934,62E1G,62E1G (DEVELOPMENTAL ENGINEER),https://paladindanse111.github.io/AFSC-PDFs/62E.html,https://paladindanse111.github.io/AFSC-PDFs/BASE_EDWARDS_AFB.html,C-12,Active Duty
EDWARDS AFB,"34°55'25""N","117°53'29""W",11S MU 18582 64934,62E1G,62E1G (DEVELOPMENTAL ENGINEER),https://paladindanse111.github.io/AFSC-PDFs/62E.html,https://paladindanse111.github.io/AFSC-PDFs/BASE_EDWARDS_AFB.html,C-17,Active Duty
EDWARDS AFB,"34°55'25""N","117°53'29""W",11S MU 18582 64934,62E1G,62E1G (DEVELOPMENTAL ENGINEER),https://paladindanse111.github.io/AFSC-PDFs/62E.html,https://paladindanse111.github.io/AFSC-PDFs/BASE_EDWARDS_AFB.html,E-4,Active Duty
EDWARDS AFB,"34°55'25""N","117°53'29""W",11S MU 18582 64934,62E1G,62E1G (DEVELOPMENTAL ENGINEER),https://paladindanse111.github.io/AFSC-PDFs/62E.html,https://paladindanse111.github.io/AFSC-PDFs/BASE_EDWARDS_AFB.html,F-16,Active Duty
EDWARDS AFB,"34°55'25""N","117°53'29""W",11S MU 18582 64934,62E1G,62E1G (DEVELOPMENTAL ENGINEER),https://paladindanse111.github.io/AFSC-PDFs/62E.html,https://paladindanse111.github.io/AFSC-PDFs/BASE_EDWARDS_AFB.html,KC-46 (KC-X),Active Duty
EDWARDS AFB,"34°55'25""N","117°53'29""W",11S MU 18582 64934,62E1H,62E1H (DEVELOPMENTAL ENGINEER),https://paladindanse111.github.io/AFSC-PDFs/62E.html,https://paladindanse111.github.io/AFSC-PDFs/BASE_EDWARDS_AFB.html,B-2,Active Duty
EDWARDS AFB,"34°55'25""N","117°53'29""W",11S MU 18582 64934,62E1H,62E1H (DEVELOPMENTAL ENGINEER),https://paladindanse111.github.io/AFSC-PDFs/62E.html,https://paladindanse111.github.io/AFSC-PDFs/BASE_EDWARDS_AFB.html,B-21,Active Duty
EDWARDS AFB,"34°55'25""N","117°53'29""W",11S MU 18582 64934,62E1H,62E1H (DEVELOPMENTAL ENGINEER),https://paladindanse111.github.io/AFSC-PDFs/62E.html,https://paladindanse111.github.io/AFSC-PDFs/BASE_EDWARDS_AFB.html,C-12,Active Duty
EDWARDS AFB,"34°55'25""N","117°53'29""W",11S MU 18582 64934,62E1H,62E1H (DEVELOPMENTAL ENGINEER),https://paladindanse111.github.io/AFSC-PDFs/62E.html,https://paladindanse111.github.io/AFSC-PDFs/BASE_EDWARDS_AFB.html,C-17,Active Duty
EDWARDS AFB,"34°55'25""N","117°53'29""W",11S MU 18582 64934,62E1H,62E1H (DEVELOPMENTAL ENGINEER),https://paladindanse111.github.io/AFSC-PDFs/62E.html,https://paladindanse111.github.io/AFSC-PDFs/BASE_EDWARDS_AFB.html,E-4,Active Duty
EDWARDS AFB,"34°55'25""N","117°53'29""W",11S MU 18582 64934,62E1H,62E1H (DEVELOPMENTAL ENGINEER),https://paladindanse111.github.io/AFSC-PDFs/62E.html,https://paladindanse111.github.io/AFSC-PDFs/BASE_EDWARDS_AFB.html,F-16,Active Duty
EDWARDS AFB,"34°55'25""N","117°53'29""W",11S MU 18582 64934,62E1H,62E1H (DEVELOPMENTAL ENGINEER),https://paladindanse111.github.io/AFSC-PDFs/62E.html,https://paladindanse111.github.io/AFSC-PDFs/BASE_EDWARDS_AFB.html,KC-46 (KC-X),Active Duty
EDWARDS AFB,"34°55'25""N","117°53'29""W",11S MU 18582 64934,62E1I,62E1I (DEVELOPMENTAL ENGINEER),https://paladindanse111.github.io/AFSC-PDFs/62E.html,https://paladindanse111.github.io/AFSC-PDFs/BASE_EDWARDS_AFB.html,B-2,Active Duty
EDWARDS AFB,"34°55'25""N","117°53'29""W",11S MU 18582 64934,62E1I,62E1I (DEVELOPMENTAL ENGINEER),https://paladindanse111.github.io/AFSC-PDFs/62E.html,https://paladindanse111.github.io/AFSC-PDFs/BASE_EDWARDS_AFB.html,B-21,Active Duty
EDWARDS AFB,"34°55'25""N","117°53'29""W",11S MU 18582 64934,62E1I,62E1I (DEVELOPMENTAL ENGINEER),https://paladindanse111.github.io/AFSC-PDFs/62E.html,https://paladindanse111.github.io/AFSC-PDFs/BASE_EDWARDS_AFB.html,C-12,Active Duty
EDWARDS AFB,"34°55'25""N","117°53'29""W",11S MU 18582 64934,62E1I,62E1I (DEVELOPMENTAL ENGINEER),https://paladindanse111.github.io/AFSC-PDFs/62E.html,https://paladindanse111.github.io/AFSC-PDFs/BASE_EDWARDS_AFB.html,C-17,Active Duty
EDWARDS AFB,"34°55'25""N","117°53'29""W",11S MU 18582 64934,62E1I,62E1I (DEVELOPMENTAL ENGINEER),https://paladindanse111.github.io/AFSC-PDFs/62E.html,https://paladindanse111.github.io/AFSC-PDFs/BASE_EDWARDS_AFB.html,E-4,Active Duty
EDWARDS AFB,"34°55'25""N","117°53'29""W",11S MU 18582 64934,62E1I,62E1I (DEVELOPMENTAL ENGINEER),https://paladindanse111.github.io/AFSC-PDFs/62E.html,https://paladindanse111.github.io/AFSC-PDFs/BASE_EDWARDS_AFB.html,F-16,Active Duty
EDWARDS AFB,"34°55'25""N","117°53'29""W",11S MU 18582 64934,62E1I,62E1I (DEVELOPMENTAL ENGINEER),https://paladindanse111.github.io/AFSC-PDFs/62E.html,https://paladindanse111.github.io/AFSC-PDFs/BASE_EDWARDS_AFB.html,KC-46 (KC-X),Active Duty
EDWARDS AFB,"34°55'25""N","117°53'29""W",11S MU 18582 64934,64P1,64P1 (CONTRACTING),https://paladindanse111.github.io/AFSC-PDFs/64P.html,https://paladindanse111.github.io/AFSC-PDFs/BASE_EDWARDS_AFB.html,B-2,Active Duty
EDWARDS AFB,"34°55'25""N","117°53'29""W",11S MU 18582 64934,64P1,64P1 (CONTRACTING),https://paladindanse111.github.io/AFSC-PDFs/64P.html,https://paladindanse111.github.io/AFSC-PDFs/BASE_EDWARDS_AFB.html,B-21,Active Duty
EDWARDS AFB,"34°55'25""N","117°53'29""W",11S MU 18582 64934,64P1,64P1 (CONTRACTING),https://paladindanse111.github.io/AFSC-PDFs/64P.html,https://paladindanse111.github.io/AFSC-PDFs/BASE_EDWARDS_AFB.html,C-12,Active Duty
EDWARDS AFB,"34°55'25""N","117°53'29""W",11S MU 18582 64934,64P1,64P1 (CONTRACTING),https://paladindanse111.github.io/AFSC-PDFs/64P.html,https://paladindanse111.github.io/AFSC-PDFs/BASE_EDWARDS_AFB.html,C-17,Active Duty
EDWARDS AFB,"34°55'25""N","117°53'29""W",11S MU 18582 64934,64P1,64P1 (CONTRACTING),https://paladindanse111.github.io/AFSC-PDFs/64P.html,https://paladindanse111.github.io/AFSC-PDFs/BASE_EDWARDS_AFB.html,E-4,Active Duty
EDWARDS AFB,"34°55'25""N","117°53'29""W",11S MU 18582 64934,64P1,64P1 (CONTRACTING),https://paladindanse111.github.io/AFSC-PDFs/64P.html,https://paladindanse111.github.io/AFSC-PDFs/BASE_EDWARDS_AFB.html,F-16,Active Duty
EDWARDS AFB,"34°55'25""N","117°53'29""W",11S MU 18582 64934,64P1,64P1 (CONTRACTING),https://paladindanse111.github.io/AFSC-PDFs/64P.html,https://paladindanse111.github.io/AFSC-PDFs/BASE_EDWARDS_AFB.html,KC-46 (KC-X),Active Duty
EDWARDS AFB,"34°55'25""N","117°53'29""W",11S MU 18582 64934,65F1,65F1 (FINANCIAL MANAGEMENT),https://paladindanse111.github.io/AFSC-PDFs/65F.html,https://paladindanse111.github.io/AFSC-PDFs/BASE_EDWARDS_AFB.html,B-2,Active Duty
EDWARDS AFB,"34°55'25""N","117°53'29""W",11S MU 18582 64934,65F1,65F1 (FINANCIAL MANAGEMENT),https://paladindanse111.github.io/AFSC-PDFs/65F.html,https://paladindanse111.github.io/AFSC-PDFs/BASE_EDWARDS_AFB.html,B-21,Active Duty
EDWARDS AFB,"34°55'25""N","117°53'29""W",11S MU 18582 64934,65F1,65F1 (FINANCIAL MANAGEMENT),https://paladindanse111.github.io/AFSC-PDFs/65F.html,https://paladindanse111.github.io/AFSC-PDFs/BASE_EDWARDS_AFB.html,C-12,Active Duty
EDWARDS AFB,"34°55'25""N","117°53'29""W",11S MU 18582 64934,65F1,65F1 (FINANCIAL MANAGEMENT),https://paladindanse111.github.io/AFSC-PDFs/65F.html,https://paladindanse111.github.io/AFSC-PDFs/BASE_EDWARDS_AFB.html,C-17,Active Duty
EDWARDS AFB,"34°55'25""N","117°53'29""W",11S MU 18582 64934,65F1,65F1 (FINANCIAL MANAGEMENT),https://paladindanse111.github.io/AFSC-PDFs/65F.html,https://paladindanse111.github.io/AFSC-PDFs/BASE_EDWARDS_AFB.html,E-4,Active Duty
EDWARDS AFB,"34°55'25""N","117°53'29""W",11S MU 18582 64934,65F1,65F1 (FINANCIAL MANAGEMENT),https://paladindanse111.github.io/AFSC-PDFs/65F.html,https://paladindanse111.github.io/AFSC-PDFs/BASE_EDWARDS_AFB.html,F-16,Active Duty
EDWARDS AFB,"34°55'25""N","117°53'29""W",11S MU 18582 64934,65F1,65F1 (FINANCIAL MANAGEMENT),https://paladindanse111.github.io/AFSC-PDFs/65F.html,https://paladindanse111.github.io/AFSC-PDFs/BASE_EDWARDS_AFB.html,KC-46 (KC-X),Active Duty
EDWARDS AFB,"34°55'25""N","117°53'29""W",11S MU 18582 64934,71S1,71S1 (SPECIAL INVESTIGATIONS),https://paladindanse111.github.io/AFSC-PDFs/71S.html,https://paladindanse111.github.io/AFSC-PDFs/BASE_EDWARDS_AFB.html,B-2,Active Duty
EDWARDS AFB,"34°55'25""N","117°53'29""W",11S MU 18582 64934,71S1,71S1 (SPECIAL INVESTIGATIONS),https://paladindanse111.github.io/AFSC-PDFs/71S.html,https://paladindanse111.github.io/AFSC-PDFs/BASE_EDWARDS_AFB.html,B-21,Active Duty
EDWARDS AFB,"34°55'25""N","117°53'29""W",11S MU 18582 64934,71S1,71S1 (SPECIAL INVESTIGATIONS),https://paladindanse111.github.io/AFSC-PDFs/71S.html,https://paladindanse111.github.io/AFSC-PDFs/BASE_EDWARDS_AFB.html,C-12,Active Duty
EDWARDS AFB,"34°55'25""N","117°53'29""W",11S MU 18582 64934,71S1,71S1 (SPECIAL INVESTIGATIONS),https://paladindanse111.github.io/AFSC-PDFs/71S.html,https://paladindanse111.github.io/AFSC-PDFs/BASE_EDWARDS_AFB.html,C-17,Active Duty
EDWARDS AFB,"34°55'25""N","117°53'29""W",11S MU 18582 64934,71S1,71S1 (SPECIAL INVESTIGATIONS),https://paladindanse111.github.io/AFSC-PDFs/71S.html,https://paladindanse111.github.io/AFSC-PDFs/BASE_EDWARDS_AFB.html,E-4,Active Duty
EDWARDS AFB,"34°55'25""N","117°53'29""W",11S MU 18582 64934,71S1,71S1 (SPECIAL INVESTIGATIONS),https://paladindanse111.github.io/AFSC-PDFs/71S.html,https://paladindanse111.github.io/AFSC-PDFs/BASE_EDWARDS_AFB.html,F-16,Active Duty
EDWARDS AFB,"34°55'25""N","117°53'29""W",11S MU 18582 64934,71S1,71S1 (SPECIAL INVESTIGATIONS),https://paladindanse111.github.io/AFSC-PDFs/71S.html,https://paladindanse111.github.io/AFSC-PDFs/BASE_EDWARDS_AFB.html,KC-46 (KC-X),Active Duty
EGLIN AFB,"30°27'49""N","86°33'11""W",16R EU 42905 70243,13M1,13M1 (AIRFIELD OPERATIONS),https://paladindanse111.github.io/AFSC-PDFs/13M.html,https://paladindanse111.github.io/AFSC-PDFs/BASE_EGLIN_AFB.html,B-1,Active Duty
EGLIN AFB,"30°27'49""N","86°33'11""W",16R EU 42905 70243,13M1,13M1 (AIRFIELD OPERATIONS),https://paladindanse111.github.io/AFSC-PDFs/13M.html,https://paladindanse111.github.io/AFSC-PDFs/BASE_EGLIN_AFB.html,B-52,Active Duty
EGLIN AFB,"30°27'49""N","86°33'11""W",16R EU 42905 70243,13M1,13M1 (AIRFIELD OPERATIONS),https://paladindanse111.github.io/AFSC-PDFs/13M.html,https://paladindanse111.github.io/AFSC-PDFs/BASE_EGLIN_AFB.html,C-130J,Active Duty
EGLIN AFB,"30°27'49""N","86°33'11""W",16R EU 42905 70243,13M1,13M1 (AIRFIELD OPERATIONS),https://paladindanse111.github.io/AFSC-PDFs/13M.html,https://paladindanse111.github.io/AFSC-PDFs/BASE_EGLIN_AFB.html,F-15,Active Duty
EGLIN AFB,"30°27'49""N","86°33'11""W",16R EU 42905 70243,13M1,13M1 (AIRFIELD OPERATIONS),https://paladindanse111.github.io/AFSC-PDFs/13M.html,https://paladindanse111.github.io/AFSC-PDFs/BASE_EGLIN_AFB.html,F-15E,Active Duty
EGLIN AFB,"30°27'49""N","86°33'11""W",16R EU 42905 70243,13M1,13M1 (AIRFIELD OPERATIONS),https://paladindanse111.github.io/AFSC-PDFs/13M.html,https://paladindanse111.github.io/AFSC-PDFs/BASE_EGLIN_AFB.html,F-16,Active Duty
EGLIN AFB,"30°27'49""N","86°33'11""W",16R EU 42905 70243,13M1,13M1 (AIRFIELD OPERATIONS),https://paladindanse111.github.io/AFSC-PDFs/13M.html,https://paladindanse111.github.io/AFSC-PDFs/BASE_EGLIN_AFB.html,F-35,Active Duty
EGLIN AFB,"30°27'49""N","86°33'11""W",16R EU 42905 70243,15A1,15A1 (OPERATIONS ANALYSIS OFFICER),https://paladindanse111.github.io/AFSC-PDFs/15A.html,https://paladindanse111.github.io/AFSC-PDFs/BASE_EGLIN_AFB.html,B-1,Active Duty
EGLIN AFB,"30°27'49""N","86°33'11""W",16R EU 42905 70243,15A1,15A1 (OPERATIONS ANALYSIS OFFICER),https://paladindanse111.github.io/AFSC-PDFs/15A.html,https://paladindanse111.github.io/AFSC-PDFs/BASE_EGLIN_AFB.html,B-52,Active Duty
EGLIN AFB,"30°27'49""N","86°33'11""W",16R EU 42905 70243,15A1,15A1 (OPERATIONS ANALYSIS OFFICER),https://paladindanse111.github.io/AFSC-PDFs/15A.html,https://paladindanse111.github.io/AFSC-PDFs/BASE_EGLIN_AFB.html,C-130J,Active Duty
EGLIN AFB,"30°27'49""N","86°33'11""W",16R EU 42905 70243,15A1,15A1 (OPERATIONS ANALYSIS OFFICER),https://paladindanse111.github.io/AFSC-PDFs/15A.html,https://paladindanse111.github.io/AFSC-PDFs/BASE_EGLIN_AFB.html,F-15,Active Duty
EGLIN AFB,"30°27'49""N","86°33'11""W",16R EU 42905 70243,15A1,15A1 (OPERATIONS ANALYSIS OFFICER),https://paladindanse111.github.io/AFSC-PDFs/15A.html,https://paladindanse111.github.io/AFSC-PDFs/BASE_EGLIN_AFB.html,F-15E,Active Duty
EGLIN AFB,"30°27'49""N","86°33'11""W",16R EU 42905 70243,15A1,15A1 (OPERATIONS ANALYSIS OFFICER),https://paladindanse111.github.io/AFSC-PDFs/15A.html,https://paladindanse111.github.io/AFSC-PDFs/BASE_EGLIN_AFB.html,F-16,Active Duty
EGLIN AFB,"30°27'49""N","86°33'11""W",16R EU 42905 70243,15A1,15A1 (OPERATIONS ANALYSIS OFFICER),https://paladindanse111.github.io/AFSC-PDFs/15A.html,https://paladindanse111.github.io/AFSC-PDFs/BASE_EGLIN_AFB.html,F-35,Active Duty
EGLIN AFB,"30°27'49""N","86°33'11""W",16R EU 42905 70243,21A1,21A1 (AIRCRAFT MAINTENANCE),https://paladindanse111.github.io/AFSC-PDFs/21A.html,https://paladindanse111.github.io/AFSC-PDFs/BASE_EGLIN_AFB.html,B-1,Active Duty
EGLIN AFB,"30°27'49""N","86°33'11""W",16R EU 42905 70243,21A1,21A1 (AIRCRAFT MAINTENANCE),https://paladindanse111.github.io/AFSC-PDFs/21A.html,https://paladindanse111.github.io/AFSC-PDFs/BASE_EGLIN_AFB.html,B-52,Active Duty
EGLIN AFB,"30°27'49""N","86°33'11""W",16R EU 42905 70243,21A1,21A1 (AIRCRAFT MAINTENANCE),https://paladindanse111.github.io/AFSC-PDFs/21A.html,https://paladindanse111.github.io/AFSC-PDFs/BASE_EGLIN_AFB.html,C-130J,Active Duty
EGLIN AFB,"30°27'49""N","86°33'11""W",16R EU 42905 70243,21A1,21A1 (AIRCRAFT MAINTENANCE),https://paladindanse111.github.io/AFSC-PDFs/21A.html,https://paladindanse111.github.io/AFSC-PDFs/BASE_EGLIN_AFB.html,F-15,Active Duty
EGLIN AFB,"30°27'49""N","86°33'11""W",16R EU 42905 70243,21A1,21A1 (AIRCRAFT MAINTENANCE),https://paladindanse111.github.io/AFSC-PDFs/21A.html,https://paladindanse111.github.io/AFSC-PDFs/BASE_EGLIN_AFB.html,F-15E,Active Duty
EGLIN AFB,"30°27'49""N","86°33'11""W",16R EU 42905 70243,21A1,21A1 (AIRCRAFT MAINTENANCE),https://paladindanse111.github.io/AFSC-PDFs/21A.html,https://paladindanse111.github.io/AFSC-PDFs/BASE_EGLIN_AFB.html,F-16,Active Duty
EGLIN AFB,"30°27'49""N","86°33'11""W",16R EU 42905 70243,21A1,21A1 (AIRCRAFT MAINTENANCE),https://paladindanse111.github.io/AFSC-PDFs/21A.html,https://paladindanse111.github.io/AFSC-PDFs/BASE_EGLIN_AFB.html,F-35,Active Duty
EGLIN AFB,"30°27'49""N","86°33'11""W",16R EU 42905 70243,21M1,21M1 (MUNITIONS AND MISSILE MAINTENANCE),https://paladindanse111.github.io/AFSC-PDFs/21M.html,https://paladindanse111.github.io/AFSC-PDFs/BASE_EGLIN_AFB.html,B-1,Active Duty
EGLIN AFB,"30°27'49""N","86°33'11""W",16R EU 42905 70243,21M1,21M1 (MUNITIONS AND MISSILE MAINTENANCE),https://paladindanse111.github.io/AFSC-PDFs/21M.html,https://paladindanse111.github.io/AFSC-PDFs/BASE_EGLIN_AFB.html,B-52,Active Duty
EGLIN AFB,"30°27'49""N","86°33'11""W",16R EU 42905 70243,21M1,21M1 (MUNITIONS AND MISSILE MAINTENANCE),https://paladindanse111.github.io/AFSC-PDFs/21M.html,https://paladindanse111.github.io/AFSC-PDFs/BASE_EGLIN_AFB.html,C-130J,Active Duty
EGLIN AFB,"30°27'49""N","86°33'11""W",16R EU 42905 70243,21M1,21M1 (MUNITIONS AND MISSILE MAINTENANCE),https://paladindanse111.github.io/AFSC-PDFs/21M.html,https://paladindanse111.github.io/AFSC-PDFs/BASE_EGLIN_AFB.html,F-15,Active Duty
EGLIN AFB,"30°27'49""N","86°33'11""W",16R EU 42905 70243,21M1,21M1 (MUNITIONS AND MISSILE MAINTENANCE),https://paladindanse111.github.io/AFSC-PDFs/21M.html,https://paladindanse111.github.io/AFSC-PDFs/BASE_EGLIN_AFB.html,F-15E,Active Duty
EGLIN AFB,"30°27'49""N","86°33'11""W",16R EU 42905 70243,21M1,21M1 (MUNITIONS AND MISSILE MAINTENANCE),https://paladindanse111.github.io/AFSC-PDFs/21M.html,https://paladindanse111.github.io/AFSC-PDFs/BASE_EGLIN_AFB.html,F-16,Active Duty
EGLIN AFB,"30°27'49""N","86°33'11""W",16R EU 42905 70243,21M1,21M1 (MUNITIONS AND MISSILE MAINTENANCE),https://paladindanse111.github.io/AFSC-PDFs/21M.html,https://paladindanse111.github.io/AFSC-PDFs/BASE_EGLIN_AFB.html,F-35,Active Duty
EGLIN AFB,"30°27'49""N","86°33'11""W",16R EU 42905 70243,21R1,21R1 (LOGISTICS READINESS),https://paladindanse111.github.io/AFSC-PDFs/21R.html,https://paladindanse111.github.io/AFSC-PDFs/BASE_EGLIN_AFB.html,B-1,Active Duty
EGLIN AFB,"30°27'49""N","86°33'11""W",16R EU 42905 70243,21R1,21R1 (LOGISTICS READINESS),https://paladindanse111.github.io/AFSC-PDFs/21R.html,https://paladindanse111.github.io/AFSC-PDFs/BASE_EGLIN_AFB.html,B-52,Active Duty
EGLIN AFB,"30°27'49""N","86°33'11""W",16R EU 42905 70243,21R1,21R1 (LOGISTICS READINESS),https://paladindanse111.github.io/AFSC-PDFs/21R.html,https://paladindanse111.github.io/AFSC-PDFs/BASE_EGLIN_AFB.html,C-130J,Active Duty
EGLIN AFB,"30°27'49""N","86°33'11""W",16R EU 42905 70243,21R1,21R1 (LOGISTICS READINESS),https://paladindanse111.github.io/AFSC-PDFs/21R.html,https://paladindanse111.github.io/AFSC-PDFs/BASE_EGLIN_AFB.html,F-15,Active Duty
EGLIN AFB,"30°27'49""N","86°33'11""W",16R EU 42905 70243,21R1,21R1 (LOGISTICS READINESS),https://paladindanse111.github.io/AFSC-PDFs/21R.html,https://paladindanse111.github.io/AFSC-PDFs/BASE_EGLIN_AFB.html,F-15E,Active Duty
EGLIN AFB,"30°27'49""N","86°33'11""W",16R EU 42905 70243,21R1,21R1 (LOGISTICS READINESS),https://paladindanse111.github.io/AFSC-PDFs/21R.html,https://paladindanse111.github.io/AFSC-PDFs/BASE_EGLIN_AFB.html,F-16,Active Duty
EGLIN AFB,"30°27'49""N","86°33'11""W",16R EU 42905 70243,21R1,21R1 (LOGISTICS READINESS),https://paladindanse111.github.io/AFSC-PDFs/21R.html,https://paladindanse111.github.io/AFSC-PDFs/BASE_EGLIN_AFB.html,F-35,Active Duty
EGLIN AFB,"30°27'49""N","86°33'11""W",16R EU 42905 70243,32E1A,32E1A (CIVIL ENGINEER),https://paladindanse111.github.io/AFSC-PDFs/32E.html,https://paladindanse111.github.io/AFSC-PDFs/BASE_EGLIN_AFB.html,B-1,Active Duty
EGLIN AFB,"30°27'49""N","86°33'11""W",16R EU 42905 70243,32E1A,32E1A (CIVIL ENGINEER),https://paladindanse111.github.io/AFSC-PDFs/32E.html,https://paladindanse111.github.io/AFSC-PDFs/BASE_EGLIN_AFB.html,B-52,Active Duty
EGLIN AFB,"30°27'49""N","86°33'11""W",16R EU 42905 70243,32E1A,32E1A (CIVIL ENGINEER),https://paladindanse111.github.io/AFSC-PDFs/32E.html,https://paladindanse111.github.io/AFSC-PDFs/BASE_EGLIN_AFB.html,C-130J,Active Duty
EGLIN AFB,"30°27'49""N","86°33'11""W",16R EU 42905 70243,32E1A,32E1A (CIVIL ENGINEER),https://paladindanse111.github.io/AFSC-PDFs/32E.html,https://paladindanse111.github.io/AFSC-PDFs/BASE_EGLIN_AFB.html,F-15,Active Duty
EGLIN AFB,"30°27'49""N","86°33'11""W",16R EU 42905 70243,32E1A,32E1A (CIVIL ENGINEER),https://paladindanse111.github.io/AFSC-PDFs/32E.html,https://paladindanse111.github.io/AFSC-PDFs/BASE_EGLIN_AFB.html,F-15E,Active Duty
EGLIN AFB,"30°27'49""N","86°33'11""W",16R EU 42905 70243,32E1A,32E1A (CIVIL ENGINEER),https://paladindanse111.github.io/AFSC-PDFs/32E.html,https://paladindanse111.github.io/AFSC-PDFs/BASE_EGLIN_AFB.html,F-16,Active Duty
EGLIN AFB,"30°27'49""N","86°33'11""W",16R EU 42905 70243,32E1A,32E1A (CIVIL ENGINEER),https://paladindanse111.github.io/AFSC-PDFs/32E.html,https://paladindanse111.github.io/AFSC-PDFs/BASE_EGLIN_AFB.html,F-35,Active Duty
EGLIN AFB,"30°27'49""N","86°33'11""W",16R EU 42905 70243,32E1C,32E1C (CIVIL ENGINEER),https://paladindanse111.github.io/AFSC-PDFs/32E.html,https://paladindanse111.github.io/AFSC-PDFs/BASE_EGLIN_AFB.html,B-1,Active Duty
EGLIN AFB,"30°27'49""N","86°33'11""W",16R EU 42905 70243,32E1C,32E1C (CIVIL ENGINEER),https://paladindanse111.github.io/AFSC-PDFs/32E.html,https://paladindanse111.github.io/AFSC-PDFs/BASE_EGLIN_AFB.html,B-52,Active Duty
EGLIN AFB,"30°27'49""N","86°33'11""W",16R EU 42905 70243,32E1C,32E1C (CIVIL ENGINEER),https://paladindanse111.github.io/AFSC-PDFs/32E.html,https://paladindanse111.github.io/AFSC-PDFs/BASE_EGLIN_AFB.html,C-130J,Active Duty
EGLIN AFB,"30°27'49""N","86°33'11""W",16R EU 42905 70243,32E1C,32E1C (CIVIL ENGINEER),https://paladindanse111.github.io/AFSC-PDFs/32E.html,https://paladindanse111.github.io/AFSC-PDFs/BASE_EGLIN_AFB.html,F-15,Active Duty
EGLIN AFB,"30°27'49""N","86°33'11""W",16R EU 42905 70243,32E1C,32E1C (CIVIL ENGINEER),https://paladindanse111.github.io/AFSC-PDFs/32E.html,https://paladindanse111.github.io/AFSC-PDFs/BASE_EGLIN_AFB.html,F-15E,Active Duty
EGLIN AFB,"30°27'49""N","86°33'11""W",16R EU 42905 70243,32E1C,32E1C (CIVIL ENGINEER),https://paladindanse111.github.io/AFSC-PDFs/32E.html,https://paladindanse111.github.io/AFSC-PDFs/BASE_EGLIN_AFB.html,F-16,Active Duty
EGLIN AFB,"30°27'49""N","86°33'11""W",16R EU 42905 70243,32E1C,32E1C (CIVIL ENGINEER),https://paladindanse111.github.io/AFSC-PDFs/32E.html,https://paladindanse111.github.io/AFSC-PDFs/BASE_EGLIN_AFB.html,F-35,Active Duty
EGLIN AFB,"30°27'49""N","86°33'11""W",16R EU 42905 70243,32E1E,32E1E (CIVIL ENGINEER),https://paladindanse111.github.io/AFSC-PDFs/32E.html,https://paladindanse111.github.io/AFSC-PDFs/BASE_EGLIN_AFB.html,B-1,Active Duty
EGLIN AFB,"30°27'49""N","86°33'11""W",16R EU 42905 70243,32E1E,32E1E (CIVIL ENGINEER),https://paladindanse111.github.io/AFSC-PDFs/32E.html,https://paladindanse111.github.io/AFSC-PDFs/BASE_EGLIN_AFB.html,B-52,Active Duty
EGLIN AFB,"30°27'49""N","86°33'11""W",16R EU 42905 70243,32E1E,32E1E (CIVIL ENGINEER),https://paladindanse111.github.io/AFSC-PDFs/32E.html,https://paladindanse111.github.io/AFSC-PDFs/BASE_EGLIN_AFB.html,C-130J,Active Duty
EGLIN AFB,"30°27'49""N","86°33'11""W",16R EU 42905 70243,32E1E,32E1E (CIVIL ENGINEER),https://paladindanse111.github.io/AFSC-PDFs/32E.html,https://paladindanse111.github.io/AFSC-PDFs/BASE_EGLIN_AFB.html,F-15,Active Duty
EGLIN AFB,"30°27'49""N","86°33'11""W",16R EU 42905 70243,32E1E,32E1E (CIVIL ENGINEER),https://paladindanse111.github.io/AFSC-PDFs/32E.html,https://paladindanse111.github.io/AFSC-PDFs/BASE_EGLIN_AFB.html,F-15E,Active Duty
EGLIN AFB,"30°27'49""N","86°33'11""W",16R EU 42905 70243,32E1E,32E1E (CIVIL ENGINEER),https://paladindanse111.github.io/AFSC-PDFs/32E.html,https://paladindanse111.github.io/AFSC-PDFs/BASE_EGLIN_AFB.html,F-16,Active Duty
EGLIN AFB,"30°27'49""N","86°33'11""W",16R EU 42905 70243,32E1E,32E1E (CIVIL ENGINEER),https://paladindanse111.github.io/AFSC-PDFs/32E.html,https://paladindanse111.github.io/AFSC-PDFs/BASE_EGLIN_AFB.html,F-35,Active Duty
EGLIN AFB,"30°27'49""N","86°33'11""W",16R EU 42905 70243,32E1F,32E1F (CIVIL ENGINEER),https://paladindanse111.github.io/AFSC-PDFs/32E.html,https://paladindanse111.github.io/AFSC-PDFs/BASE_EGLIN_AFB.html,B-1,Active Duty
EGLIN AFB,"30°27'49""N","86°33'11""W",16R EU 42905 70243,32E1F,32E1F (CIVIL ENGINEER),https://paladindanse111.github.io/AFSC-PDFs/32E.html,https://paladindanse111.github.io/AFSC-PDFs/BASE_EGLIN_AFB.html,B-52,Active Duty
EGLIN AFB,"30°27'49""N","86°33'11""W",16R EU 42905 70243,32E1F,32E1F (CIVIL ENGINEER),https://paladindanse111.github.io/AFSC-PDFs/32E.html,https://paladindanse111.github.io/AFSC-PDFs/BASE_EGLIN_AFB.html,C-130J,Active Duty
EGLIN AFB,"30°27'49""N","86°33'11""W",16R EU 42905 70243,32E1F,32E1F (CIVIL ENGINEER),https://paladindanse111.github.io/AFSC-PDFs/32E.html,https://paladindanse111.github.io/AFSC-PDFs/BASE_EGLIN_AFB.html,F-15,Active Duty
EGLIN AFB,"30°27'49""N","86°33'11""W",16R EU 42905 70243,32E1F,32E1F (CIVIL ENGINEER),https://paladindanse111.github.io/AFSC-PDFs/32E.html,https://paladindanse111.github.io/AFSC-PDFs/BASE_EGLIN_AFB.html,F-15E,Active Duty
EGLIN AFB,"30°27'49""N","86°33'11""W",16R EU 42905 70243,32E1F,32E1F (CIVIL ENGINEER),https://paladindanse111.github.io/AFSC-PDFs/32E.html,https://paladindanse111.github.io/AFSC-PDFs/BASE_EGLIN_AFB.html,F-16,Active Duty
EGLIN AFB,"30°27'49""N","86°33'11""W",16R EU 42905 70243,32E1F,32E1F (CIVIL ENGINEER),https://paladindanse111.github.io/AFSC-PDFs/32E.html,https://paladindanse111.github.io/AFSC-PDFs/BASE_EGLIN_AFB.html,F-35,Active Duty
EGLIN AFB,"30°27'49""N","86°33'11""W",16R EU 42905 70243,32E1G,32E1G (CIVIL ENGINEER),https://paladindanse111.github.io/AFSC-PDFs/32E.html,https://paladindanse111.github.io/AFSC-PDFs/BASE_EGLIN_AFB.html,B-1,Active Duty
EGLIN AFB,"30°27'49""N","86°33'11""W",16R EU 42905 70243,32E1G,32E1G (CIVIL ENGINEER),https://paladindanse111.github.io/AFSC-PDFs/32E.html,https://paladindanse111.github.io/AFSC-PDFs/BASE_EGLIN_AFB.html,B-52,Active Duty
EGLIN AFB,"30°27'49""N","86°33'11""W",16R EU 42905 70243,32E1G,32E1G (CIVIL ENGINEER),https://paladindanse111.github.io/AFSC-PDFs/32E.html,https://paladindanse111.github.io/AFSC-PDFs/BASE_EGLIN_AFB.html,C-130J,Active Duty
EGLIN AFB,"30°27'49""N","86°33'11""W",16R EU 42905 70243,32E1G,32E1G (CIVIL ENGINEER),https://paladindanse111.github.io/AFSC-PDFs/32E.html,https://paladindanse111.github.io/AFSC-PDFs/BASE_EGLIN_AFB.html,F-15,Active Duty
EGLIN AFB,"30°27'49""N","86°33'11""W",16R EU 42905 70243,32E1G,32E1G (CIVIL ENGINEER),https://paladindanse111.github.io/AFSC-PDFs/32E.html,https://paladindanse111.github.io/AFSC-PDFs/BASE_EGLIN_AFB.html,F-15E,Active Duty
EGLIN AFB,"30°27'49""N","86°33'11""W",16R EU 42905 70243,32E1G,32E1G (CIVIL ENGINEER),https://paladindanse111.github.io/AFSC-PDFs/32E.html,https://paladindanse111.github.io/AFSC-PDFs/BASE_EGLIN_AFB.html,F-16,Active Duty
EGLIN AFB,"30°27'49""N","86°33'11""W",16R EU 42905 70243,32E1G,32E1G (CIVIL ENGINEER),https://paladindanse111.github.io/AFSC-PDFs/32E.html,https://paladindanse111.github.io/AFSC-PDFs/BASE_EGLIN_AFB.html,F-35,Active Duty
EGLIN AFB,"30°27'49""N","86°33'11""W",16R EU 42905 70243,32E1J,32E1J (CIVIL ENGINEER),https://paladindanse111.github.io/AFSC-PDFs/32E.html,https://paladindanse111.github.io/AFSC-PDFs/BASE_EGLIN_AFB.html,B-1,Active Duty
EGLIN AFB,"30°27'49""N","86°33'11""W",16R EU 42905 70243,32E1J,32E1J (CIVIL ENGINEER),https://paladindanse111.github.io/AFSC-PDFs/32E.html,https://paladindanse111.github.io/AFSC-PDFs/BASE_EGLIN_AFB.html,B-52,Active Duty
EGLIN AFB,"30°27'49""N","86°33'11""W",16R EU 42905 70243,32E1J,32E1J (CIVIL ENGINEER),https://paladindanse111.github.io/AFSC-PDFs/32E.html,https://paladindanse111.github.io/AFSC-PDFs/BASE_EGLIN_AFB.html,C-130J,Active Duty
EGLIN AFB,"30°27'49""N","86°33'11""W",16R EU 42905 70243,32E1J,32E1J (CIVIL ENGINEER),https://paladindanse111.github.io/AFSC-PDFs/32E.html,https://paladindanse111.github.io/AFSC-PDFs/BASE_EGLIN_AFB.html,F-15,Active Duty
EGLIN AFB,"30°27'49""N","86°33'11""W",16R EU 42905 70243,32E1J,32E1J (CIVIL ENGINEER),https://paladindanse111.github.io/AFSC-PDFs/32E.html,https://paladindanse111.github.io/AFSC-PDFs/BASE_EGLIN_AFB.html,F-15E,Active Duty
EGLIN AFB,"30°27'49""N","86°33'11""W",16R EU 42905 70243,32E1J,32E1J (CIVIL ENGINEER),https://paladindanse111.github.io/AFSC-PDFs/32E.html,https://paladindanse111.github.io/AFSC-PDFs/BASE_EGLIN_AFB.html,F-16,Active Duty
EGLIN AFB,"30°27'49""N","86°33'11""W",16R EU 42905 70243,32E1J,32E1J (CIVIL ENGINEER),https://paladindanse111.github.io/AFSC-PDFs/32E.html,https://paladindanse111.github.io/AFSC-PDFs/BASE_EGLIN_AFB.html,F-35,Active Duty
EGLIN AFB,"30°27'49""N","86°33'11""W",16R EU 42905 70243,35P1,35P1 (PUBLIC AFFAIRS),https://paladindanse111.github.io/AFSC-PDFs/35P.html,https://paladindanse111.github.io/AFSC-PDFs/BASE_EGLIN_AFB.html,B-1,Active Duty
EGLIN AFB,"30°27'49""N","86°33'11""W",16R EU 42905 70243,35P1,35P1 (PUBLIC AFFAIRS),https://paladindanse111.github.io/AFSC-PDFs/35P.html,https://paladindanse111.github.io/AFSC-PDFs/BASE_EGLIN_AFB.html,B-52,Active Duty
EGLIN AFB,"30°27'49""N","86°33'11""W",16R EU 42905 70243,35P1,35P1 (PUBLIC AFFAIRS),https://paladindanse111.github.io/AFSC-PDFs/35P.html,https://paladindanse111.github.io/AFSC-PDFs/BASE_EGLIN_AFB.html,C-130J,Active Duty
EGLIN AFB,"30°27'49""N","86°33'11""W",16R EU 42905 70243,35P1,35P1 (PUBLIC AFFAIRS),https://paladindanse111.github.io/AFSC-PDFs/35P.html,https://paladindanse111.github.io/AFSC-PDFs/BASE_EGLIN_AFB.html,F-15,Active Duty
EGLIN AFB,"30°27'49""N","86°33'11""W",16R EU 42905 70243,35P1,35P1 (PUBLIC AFFAIRS),https://paladindanse111.github.io/AFSC-PDFs/35P.html,https://paladindanse111.github.io/AFSC-PDFs/BASE_EGLIN_AFB.html,F-15E,Active Duty
EGLIN AFB,"30°27'49""N","86°33'11""W",16R EU 42905 70243,35P1,35P1 (PUBLIC AFFAIRS),https://paladindanse111.github.io/AFSC-PDFs/35P.html,https://paladindanse111.github.io/AFSC-PDFs/BASE_EGLIN_AFB.html,F-16,Active Duty
EGLIN AFB,"30°27'49""N","86°33'11""W",16R EU 42905 70243,35P1,35P1 (PUBLIC AFFAIRS),https://paladindanse111.github.io/AFSC-PDFs/35P.html,https://paladindanse111.github.io/AFSC-PDFs/BASE_EGLIN_AFB.html,F-35,Active Duty
EGLIN AFB,"30°27'49""N","86°33'11""W",16R EU 42905 70243,38F1,38F1 (FORCE SUPPORT),https://paladindanse111.github.io/AFSC-PDFs/38F.html,https://paladindanse111.github.io/AFSC-PDFs/BASE_EGLIN_AFB.html,B-1,Active Duty
EGLIN AFB,"30°27'49""N","86°33'11""W",16R EU 42905 70243,38F1,38F1 (FORCE SUPPORT),https://paladindanse111.github.io/AFSC-PDFs/38F.html,https://paladindanse111.github.io/AFSC-PDFs/BASE_EGLIN_AFB.html,B-52,Active Duty
EGLIN AFB,"30°27'49""N","86°33'11""W",16R EU 42905 70243,38F1,38F1 (FORCE SUPPORT),https://paladindanse111.github.io/AFSC-PDFs/38F.html,https://paladindanse111.github.io/AFSC-PDFs/BASE_EGLIN_AFB.html,C-130J,Active Duty
EGLIN AFB,"30°27'49""N","86°33'11""W",16R EU 42905 70243,38F1,38F1 (FORCE SUPPORT),https://paladindanse111.github.io/AFSC-PDFs/38F.html,https://paladindanse111.github.io/AFSC-PDFs/BASE_EGLIN_AFB.html,F-15,Active Duty
EGLIN AFB,"30°27'49""N","86°33'11""W",16R EU 42905 70243,38F1,38F1 (FORCE SUPPORT),https://paladindanse111.github.io/AFSC-PDFs/38F.html,https://paladindanse111.github.io/AFSC-PDFs/BASE_EGLIN_AFB.html,F-15E,Active Duty
EGLIN AFB,"30°27'49""N","86°33'11""W",16R EU 42905 70243,38F1,38F1 (FORCE SUPPORT),https://paladindanse111.github.io/AFSC-PDFs/38F.html,https://paladindanse111.github.io/AFSC-PDFs/BASE_EGLIN_AFB.html,F-16,Active Duty
EGLIN AFB,"30°27'49""N","86°33'11""W",16R EU 42905 70243,38F1,38F1 (FORCE SUPPORT),https://paladindanse111.github.io/AFSC-PDFs/38F.html,https://paladindanse111.github.io/AFSC-PDFs/BASE_EGLIN_AFB.html,F-35,Active Duty
EGLIN AFB,"30°27'49""N","86°33'11""W",16R EU 42905 70243,61C1,61C1 (CHEMIST/NUCLEAR CHEMIST),https://paladindanse111.github.io/AFSC-PDFs/61C.html,https://paladindanse111.github.io/AFSC-PDFs/BASE_EGLIN_AFB.html,B-1,Active Duty
EGLIN AFB,"30°27'49""N","86°33'11""W",16R EU 42905 70243,61C1,61C1 (CHEMIST/NUCLEAR CHEMIST),https://paladindanse111.github.io/AFSC-PDFs/61C.html,https://paladindanse111.github.io/AFSC-PDFs/BASE_EGLIN_AFB.html,B-52,Active Duty
EGLIN AFB,"30°27'49""N","86°33'11""W",16R EU 42905 70243,61C1,61C1 (CHEMIST/NUCLEAR CHEMIST),https://paladindanse111.github.io/AFSC-PDFs/61C.html,https://paladindanse111.github.io/AFSC-PDFs/BASE_EGLIN_AFB.html,C-130J,Active Duty
EGLIN AFB,"30°27'49""N","86°33'11""W",16R EU 42905 70243,61C1,61C1 (CHEMIST/NUCLEAR CHEMIST),https://paladindanse111.github.io/AFSC-PDFs/61C.html,https://paladindanse111.github.io/AFSC-PDFs/BASE_EGLIN_AFB.html,F-15,Active Duty
EGLIN AFB,"30°27'49""N","86°33'11""W",16R EU 42905 70243,61C1,61C1 (CHEMIST/NUCLEAR CHEMIST),https://paladindanse111.github.io/AFSC-PDFs/61C.html,https://paladindanse111.github.io/AFSC-PDFs/BASE_EGLIN_AFB.html,F-15E,Active Duty
EGLIN AFB,"30°27'49""N","86°33'11""W",16R EU 42905 70243,61C1,61C1 (CHEMIST/NUCLEAR CHEMIST),https://paladindanse111.github.io/AFSC-PDFs/61C.html,https://paladindanse111.github.io/AFSC-PDFs/BASE_EGLIN_AFB.html,F-16,Active Duty
EGLIN AFB,"30°27'49""N","86°33'11""W",16R EU 42905 70243,61C1,61C1 (CHEMIST/NUCLEAR CHEMIST),https://paladindanse111.github.io/AFSC-PDFs/61C.html,https://paladindanse111.github.io/AFSC-PDFs/BASE_EGLIN_AFB.html,F-35,Active Duty
EGLIN AFB,"30°27'49""N","86°33'11""W",16R EU 42905 70243,61D1,61D1 (PHYSICIST/NUCLEAR ENGINEER),https://paladindanse111.github.io/AFSC-PDFs/61D.html,https://paladindanse111.github.io/AFSC-PDFs/BASE_EGLIN_AFB.html,B-1,Active Duty
EGLIN AFB,"30°27'49""N","86°33'11""W",16R EU 42905 70243,61D1,61D1 (PHYSICIST/NUCLEAR ENGINEER),https://paladindanse111.github.io/AFSC-PDFs/61D.html,https://paladindanse111.github.io/AFSC-PDFs/BASE_EGLIN_AFB.html,B-52,Active Duty
EGLIN AFB,"30°27'49""N","86°33'11""W",16R EU 42905 70243,61D1,61D1 (PHYSICIST/NUCLEAR ENGINEER),https://paladindanse111.github.io/AFSC-PDFs/61D.html,https://paladindanse111.github.io/AFSC-PDFs/BASE_EGLIN_AFB.html,C-130J,Active Duty
EGLIN AFB,"30°27'49""N","86°33'11""W",16R EU 42905 70243,61D1,61D1 (PHYSICIST/NUCLEAR ENGINEER),https://paladindanse111.github.io/AFSC-PDFs/61D.html,https://paladindanse111.github.io/AFSC-PDFs/BASE_EGLIN_AFB.html,F-15,Active Duty
EGLIN AFB,"30°27'49""N","86°33'11""W",16R EU 42905 70243,61D1,61D1 (PHYSICIST/NUCLEAR ENGINEER),https://paladindanse111.github.io/AFSC-PDFs/61D.html,https://paladindanse111.github.io/AFSC-PDFs/BASE_EGLIN_AFB.html,F-15E,Active Duty
EGLIN AFB,"30°27'49""N","86°33'11""W",16R EU 42905 70243,61D1,61D1 (PHYSICIST/NUCLEAR ENGINEER),https://paladindanse111.github.io/AFSC-PDFs/61D.html,https://paladindanse111.github.io/AFSC-PDFs/BASE_EGLIN_AFB.html,F-16,Active Duty
EGLIN AFB,"30°27'49""N","86°33'11""W",16R EU 42905 70243,61D1,61D1 (PHYSICIST/NUCLEAR ENGINEER),https://paladindanse111.github.io/AFSC-PDFs/61D.html,https://paladindanse111.github.io/AFSC-PDFs/BASE_EGLIN_AFB.html,F-35,Active Duty
EGLIN AFB,"30°27'49""N","86°33'11""W",16R EU 42905 70243,62E1A,62E1A (DEVELOPMENTAL ENGINEER),https://paladindanse111.github.io/AFSC-PDFs/62E.html,https://paladindanse111.github.io/AFSC-PDFs/BASE_EGLIN_AFB.html,B-1,Active Duty
EGLIN AFB,"30°27'49""N","86°33'11""W",16R EU 42905 70243,62E1A,62E1A (DEVELOPMENTAL ENGINEER),https://paladindanse111.github.io/AFSC-PDFs/62E.html,https://paladindanse111.github.io/AFSC-PDFs/BASE_EGLIN_AFB.html,B-52,Active Duty
EGLIN AFB,"30°27'49""N","86°33'11""W",16R EU 42905 70243,62E1A,62E1A (DEVELOPMENTAL ENGINEER),https://paladindanse111.github.io/AFSC-PDFs/62E.html,https://paladindanse111.github.io/AFSC-PDFs/BASE_EGLIN_AFB.html,C-130J,Active Duty
EGLIN AFB,"30°27'49""N","86°33'11""W",16R EU 42905 70243,62E1A,62E1A (DEVELOPMENTAL ENGINEER),https://paladindanse111.github.io/AFSC-PDFs/62E.html,https://paladindanse111.github.io/AFSC-PDFs/BASE_EGLIN_AFB.html,F-15,Active Duty
EGLIN AFB,"30°27'49""N","86°33'11""W",16R EU 42905 70243,62E1A,62E1A (DEVELOPMENTAL ENGINEER),https://paladindanse111.github.io/AFSC-PDFs/62E.html,https://paladindanse111.github.io/AFSC-PDFs/BASE_EGLIN_AFB.html,F-15E,Active Duty
EGLIN AFB,"30°27'49""N","86°33'11""W",16R EU 42905 70243,62E1A,62E1A (DEVELOPMENTAL ENGINEER),https://paladindanse111.github.io/AFSC-PDFs/62E.html,https://paladindanse111.github.io/AFSC-PDFs/BASE_EGLIN_AFB.html,F-16,Active Duty
EGLIN AFB,"30°27'49""N","86°33'11""W",16R EU 42905 70243,62E1A,62E1A (DEVELOPMENTAL ENGINEER),https://paladindanse111.github.io/AFSC-PDFs/62E.html,https://paladindanse111.github.io/AFSC-PDFs/BASE_EGLIN_AFB.html,F-35,Active Duty
EGLIN AFB,"30°27'49""N","86°33'11""W",16R EU 42905 70243,62E1B,62E1B (DEVELOPMENTAL ENGINEER),https://paladindanse111.github.io/AFSC-PDFs/62E.html,https://paladindanse111.github.io/AFSC-PDFs/BASE_EGLIN_AFB.html,B-1,Active Duty
EGLIN AFB,"30°27'49""N","86°33'11""W",16R EU 42905 70243,62E1B,62E1B (DEVELOPMENTAL ENGINEER),https://paladindanse111.github.io/AFSC-PDFs/62E.html,https://paladindanse111.github.io/AFSC-PDFs/BASE_EGLIN_AFB.html,B-52,Active Duty
EGLIN AFB,"30°27'49""N","86°33'11""W",16R EU 42905 70243,62E1B,62E1B (DEVELOPMENTAL ENGINEER),https://paladindanse111.github.io/AFSC-PDFs/62E.html,https://paladindanse111.github.io/AFSC-PDFs/BASE_EGLIN_AFB.html,C-130J,Active Duty
EGLIN AFB,"30°27'49""N","86°33'11""W",16R EU 42905 70243,62E1B,62E1B (DEVELOPMENTAL ENGINEER),https://paladindanse111.github.io/AFSC-PDFs/62E.html,https://paladindanse111.github.io/AFSC-PDFs/BASE_EGLIN_AFB.html,F-15,Active Duty
EGLIN AFB,"30°27'49""N","86°33'11""W",16R EU 42905 70243,62E1B,62E1B (DEVELOPMENTAL ENGINEER),https://paladindanse111.github.io/AFSC-PDFs/62E.html,https://paladindanse111.github.io/AFSC-PDFs/BASE_EGLIN_AFB.html,F-15E,Active Duty
EGLIN AFB,"30°27'49""N","86°33'11""W",16R EU 42905 70243,62E1B,62E1B (DEVELOPMENTAL ENGINEER),https://paladindanse111.github.io/AFSC-PDFs/62E.html,https://paladindanse111.github.io/AFSC-PDFs/BASE_EGLIN_AFB.html,F-16,Active Duty
EGLIN AFB,"30°27'49""N","86°33'11""W",16R EU 42905 70243,62E1B,62E1B (DEVELOPMENTAL ENGINEER),https://paladindanse111.github.io/AFSC-PDFs/62E.html,https://paladindanse111.github.io/AFSC-PDFs/BASE_EGLIN_AFB.html,F-35,Active Duty
EGLIN AFB,"30°27'49""N","86°33'11""W",16R EU 42905 70243,62E1C,62E1C (DEVELOPMENTAL ENGINEER),https://paladindanse111.github.io/AFSC-PDFs/62E.html,https://paladindanse111.github.io/AFSC-PDFs/BASE_EGLIN_AFB.html,B-1,Active Duty
EGLIN AFB,"30°27'49""N","86°33'11""W",16R EU 42905 70243,62E1C,62E1C (DEVELOPMENTAL ENGINEER),https://paladindanse111.github.io/AFSC-PDFs/62E.html,https://paladindanse111.github.io/AFSC-PDFs/BASE_EGLIN_AFB.html,B-52,Active Duty
EGLIN AFB,"30°27'49""N","86°33'11""W",16R EU 42905 70243,62E1C,62E1C (DEVELOPMENTAL ENGINEER),https://paladindanse111.github.io/AFSC-PDFs/62E.html,https://paladindanse111.github.io/AFSC-PDFs/BASE_EGLIN_AFB.html,C-130J,Active Duty
EGLIN AFB,"30°27'49""N","86°33'11""W",16R EU 42905 70243,62E1C,62E1C (DEVELOPMENTAL ENGINEER),https://paladindanse111.github.io/AFSC-PDFs/62E.html,https://paladindanse111.github.io/AFSC-PDFs/BASE_EGLIN_AFB.html,F-15,Active Duty
EGLIN AFB,"30°27'49""N","86°33'11""W",16R EU 42905 70243,62E1C,62E1C (DEVELOPMENTAL ENGINEER),https://paladindanse111.github.io/AFSC-PDFs/62E.html,https://paladindanse111.github.io/AFSC-PDFs/BASE_EGLIN_AFB.html,F-15E,Active Duty
EGLIN AFB,"30°27'49""N","86°33'11""W",16R EU 42905 70243,62E1C,62E1C (DEVELOPMENTAL ENGINEER),https://paladindanse111.github.io/AFSC-PDFs/62E.html,https://paladindanse111.github.io/AFSC-PDFs/BASE_EGLIN_AFB.html,F-16,Active Duty
EGLIN AFB,"30°27'49""N","86°33'11""W",16R EU 42905 70243,62E1C,62E1C (DEVELOPMENTAL ENGINEER),https://paladindanse111.github.io/AFSC-PDFs/62E.html,https://paladindanse111.github.io/AFSC-PDFs/BASE_EGLIN_AFB.html,F-35,Active Duty
EGLIN AFB,"30°27'49""N","86°33'11""W",16R EU 42905 70243,62E1E,62E1E (DEVELOPMENTAL ENGINEER),https://paladindanse111.github.io/AFSC-PDFs/62E.html,https://paladindanse111.github.io/AFSC-PDFs/BASE_EGLIN_AFB.html,B-1,Active Duty
EGLIN AFB,"30°27'49""N","86°33'11""W",16R EU 42905 70243,62E1E,62E1E (DEVELOPMENTAL ENGINEER),https://paladindanse111.github.io/AFSC-PDFs/62E.html,https://paladindanse111.github.io/AFSC-PDFs/BASE_EGLIN_AFB.html,B-52,Active Duty
EGLIN AFB,"30°27'49""N","86°33'11""W",16R EU 42905 70243,62E1E,62E1E (DEVELOPMENTAL ENGINEER),https://paladindanse111.github.io/AFSC-PDFs/62E.html,https://paladindanse111.github.io/AFSC-PDFs/BASE_EGLIN_AFB.html,C-130J,Active Duty
EGLIN AFB,"30°27'49""N","86°33'11""W",16R EU 42905 70243,62E1E,62E1E (DEVELOPMENTAL ENGINEER),https://paladindanse111.github.io/AFSC-PDFs/62E.html,https://paladindanse111.github.io/AFSC-PDFs/BASE_EGLIN_AFB.html,F-15,Active Duty
EGLIN AFB,"30°27'49""N","86°33'11""W",16R EU 42905 70243,62E1E,62E1E (DEVELOPMENTAL ENGINEER),https://paladindanse111.github.io/AFSC-PDFs/62E.html,https://paladindanse111.github.io/AFSC-PDFs/BASE_EGLIN_AFB.html,F-15E,Active Duty
EGLIN AFB,"30°27'49""N","86°33'11""W",16R EU 42905 70243,62E1E,62E1E (DEVELOPMENTAL ENGINEER),https://paladindanse111.github.io/AFSC-PDFs/62E.html,https://paladindanse111.github.io/AFSC-PDFs/BASE_EGLIN_AFB.html,F-16,Active Duty
EGLIN AFB,"30°27'49""N","86°33'11""W",16R EU 42905 70243,62E1E,62E1E (DEVELOPMENTAL ENGINEER),https://paladindanse111.github.io/AFSC-PDFs/62E.html,https://paladindanse111.github.io/AFSC-PDFs/BASE_EGLIN_AFB.html,F-35,Active Duty
EGLIN AFB,"30°27'49""N","86°33'11""W",16R EU 42905 70243,62E1G,62E1G (DEVELOPMENTAL ENGINEER),https://paladindanse111.github.io/AFSC-PDFs/62E.html,https://paladindanse111.github.io/AFSC-PDFs/BASE_EGLIN_AFB.html,B-1,Active Duty
EGLIN AFB,"30°27'49""N","86°33'11""W",16R EU 42905 70243,62E1G,62E1G (DEVELOPMENTAL ENGINEER),https://paladindanse111.github.io/AFSC-PDFs/62E.html,https://paladindanse111.github.io/AFSC-PDFs/BASE_EGLIN_AFB.html,B-52,Active Duty
EGLIN AFB,"30°27'49""N","86°33'11""W",16R EU 42905 70243,62E1G,62E1G (DEVELOPMENTAL ENGINEER),https://paladindanse111.github.io/AFSC-PDFs/62E.html,https://paladindanse111.github.io/AFSC-PDFs/BASE_EGLIN_AFB.html,C-130J,Active Duty
EGLIN AFB,"30°27'49""N","86°33'11""W",16R EU 42905 70243,62E1G,62E1G (DEVELOPMENTAL ENGINEER),https://paladindanse111.github.io/AFSC-PDFs/62E.html,https://paladindanse111.github.io/AFSC-PDFs/BASE_EGLIN_AFB.html,F-15,Active Duty
EGLIN AFB,"30°27'49""N","86°33'11""W",16R EU 42905 70243,62E1G,62E1G (DEVELOPMENTAL ENGINEER),https://paladindanse111.github.io/AFSC-PDFs/62E.html,https://paladindanse111.github.io/AFSC-PDFs/BASE_EGLIN_AFB.html,F-15E,Active Duty
EGLIN AFB,"30°27'49""N","86°33'11""W",16R EU 42905 70243,62E1G,62E1G (DEVELOPMENTAL ENGINEER),https://paladindanse111.github.io/AFSC-PDFs/62E.html,https://paladindanse111.github.io/AFSC-PDFs/BASE_EGLIN_AFB.html,F-16,Active Duty
EGLIN AFB,"30°27'49""N","86°33'11""W",16R EU 42905 70243,62E1G,62E1G (DEVELOPMENTAL ENGINEER),https://paladindanse111.github.io/AFSC-PDFs/62E.html,https://paladindanse111.github.io/AFSC-PDFs/BASE_EGLIN_AFB.html,F-35,Active Duty
EGLIN AFB,"30°27'49""N","86°33'11""W",16R EU 42905 70243,62E1H,62E1H (DEVELOPMENTAL ENGINEER),https://paladindanse111.github.io/AFSC-PDFs/62E.html,https://paladindanse111.github.io/AFSC-PDFs/BASE_EGLIN_AFB.html,B-1,Active Duty
EGLIN AFB,"30°27'49""N","86°33'11""W",16R EU 42905 70243,62E1H,62E1H (DEVELOPMENTAL ENGINEER),https://paladindanse111.github.io/AFSC-PDFs/62E.html,https://paladindanse111.github.io/AFSC-PDFs/BASE_EGLIN_AFB.html,B-52,Active Duty
EGLIN AFB,"30°27'49""N","86°33'11""W",16R EU 42905 70243,62E1H,62E1H (DEVELOPMENTAL ENGINEER),https://paladindanse111.github.io/AFSC-PDFs/62E.html,https://paladindanse111.github.io/AFSC-PDFs/BASE_EGLIN_AFB.html,C-130J,Active Duty
EGLIN AFB,"30°27'49""N","86°33'11""W",16R EU 42905 70243,62E1H,62E1H (DEVELOPMENTAL ENGINEER),https://paladindanse111.github.io/AFSC-PDFs/62E.html,https://paladindanse111.github.io/AFSC-PDFs/BASE_EGLIN_AFB.html,F-15,Active Duty
EGLIN AFB,"30°27'49""N","86°33'11""W",16R EU 42905 70243,62E1H,62E1H (DEVELOPMENTAL ENGINEER),https://paladindanse111.github.io/AFSC-PDFs/62E.html,https://paladindanse111.github.io/AFSC-PDFs/BASE_EGLIN_AFB.html,F-15E,Active Duty
EGLIN AFB,"30°27'49""N","86°33'11""W",16R EU 42905 70243,62E1H,62E1H (DEVELOPMENTAL ENGINEER),https://paladindanse111.github.io/AFSC-PDFs/62E.html,https://paladindanse111.github.io/AFSC-PDFs/BASE_EGLIN_AFB.html,F-16,Active Duty
EGLIN AFB,"30°27'49""N","86°33'11""W",16R EU 42905 70243,62E1H,62E1H (DEVELOPMENTAL ENGINEER),https://paladindanse111.github.io/AFSC-PDFs/62E.html,https://paladindanse111.github.io/AFSC-PDFs/BASE_EGLIN_AFB.html,F-35,Active Duty
EGLIN AFB,"30°27'49""N","86°33'11""W",16R EU 42905 70243,62E1I,62E1I (DEVELOPMENTAL ENGINEER),https://paladindanse111.github.io/AFSC-PDFs/62E.html,https://paladindanse111.github.io/AFSC-PDFs/BASE_EGLIN_AFB.html,B-1,Active Duty
EGLIN AFB,"30°27'49""N","86°33'11""W",16R EU 42905 70243,62E1I,62E1I (DEVELOPMENTAL ENGINEER),https://paladindanse111.github.io/AFSC-PDFs/62E.html,https://paladindanse111.github.io/AFSC-PDFs/BASE_EGLIN_AFB.html,B-52,Active Duty
EGLIN AFB,"30°27'49""N","86°33'11""W",16R EU 42905 70243,62E1I,62E1I (DEVELOPMENTAL ENGINEER),https://paladindanse111.github.io/AFSC-PDFs/62E.html,https://paladindanse111.github.io/AFSC-PDFs/BASE_EGLIN_AFB.html,C-130J,Active Duty
EGLIN AFB,"30°27'49""N","86°33'11""W",16R EU 42905 70243,62E1I,62E1I (DEVELOPMENTAL ENGINEER),https://paladindanse111.github.io/AFSC-PDFs/62E.html,https://paladindanse111.github.io/AFSC-PDFs/BASE_EGLIN_AFB.html,F-15,Active Duty
EGLIN AFB,"30°27'49""N","86°33'11""W",16R EU 42905 70243,62E1I,62E1I (DEVELOPMENTAL ENGINEER),https://paladindanse111.github.io/AFSC-PDFs/62E.html,https://paladindanse111.github.io/AFSC-PDFs/BASE_EGLIN_AFB.html,F-15E,Active Duty
EGLIN AFB,"30°27'49""N","86°33'11""W",16R EU 42905 70243,62E1I,62E1I (DEVELOPMENTAL ENGINEER),https://paladindanse111.github.io/AFSC-PDFs/62E.html,https://paladindanse111.github.io/AFSC-PDFs/BASE_EGLIN_AFB.html,F-16,Active Duty
EGLIN AFB,"30°27'49""N","86°33'11""W",16R EU 42905 70243,62E1I,62E1I (DEVELOPMENTAL ENGINEER),https://paladindanse111.github.io/AFSC-PDFs/62E.html,https://paladindanse111.github.io/AFSC-PDFs/BASE_EGLIN_AFB.html,F-35,Active Duty
EGLIN AFB,"30°27'49""N","86°33'11""W",16R EU 42905 70243,63A1,63A1 (AQUISITION MANAGER),https://paladindanse111.github.io/AFSC-PDFs/63A.html,https://paladindanse111.github.io/AFSC-PDFs/BASE_EGLIN_AFB.html,B-1,Active Duty
EGLIN AFB,"30°27'49""N","86°33'11""W",16R EU 42905 70243,63A1,63A1 (AQUISITION MANAGER),https://paladindanse111.github.io/AFSC-PDFs/63A.html,https://paladindanse111.github.io/AFSC-PDFs/BASE_EGLIN_AFB.html,B-52,Active Duty
EGLIN AFB,"30°27'49""N","86°33'11""W",16R EU 42905 70243,63A1,63A1 (AQUISITION MANAGER),https://paladindanse111.github.io/AFSC-PDFs/63A.html,https://paladindanse111.github.io/AFSC-PDFs/BASE_EGLIN_AFB.html,C-130J,Active Duty
EGLIN AFB,"30°27'49""N","86°33'11""W",16R EU 42905 70243,63A1,63A1 (AQUISITION MANAGER),https://paladindanse111.github.io/AFSC-PDFs/63A.html,https://paladindanse111.github.io/AFSC-PDFs/BASE_EGLIN_AFB.html,F-15,Active Duty
EGLIN AFB,"30°27'49""N","86°33'11""W",16R EU 42905 70243,63A1,63A1 (AQUISITION MANAGER),https://paladindanse111.github.io/AFSC-PDFs/63A.html,https://paladindanse111.github.io/AFSC-PDFs/BASE_EGLIN_AFB.html,F-15E,Active Duty
EGLIN AFB,"30°27'49""N","86°33'11""W",16R EU 42905 70243,63A1,63A1 (AQUISITION MANAGER),https://paladindanse111.github.io/AFSC-PDFs/63A.html,https://paladindanse111.github.io/AFSC-PDFs/BASE_EGLIN_AFB.html,F-16,Active Duty
EGLIN AFB,"30°27'49""N","86°33'11""W",16R EU 42905 70243,63A1,63A1 (AQUISITION MANAGER),https://paladindanse111.github.io/AFSC-PDFs/63A.html,https://paladindanse111.github.io/AFSC-PDFs/BASE_EGLIN_AFB.html,F-35,Active Duty
EGLIN AFB,"30°27'49""N","86°33'11""W",16R EU 42905 70243,64P1,64P1 (CONTRACTING),https://paladindanse111.github.io/AFSC-PDFs/64P.html,https://paladindanse111.github.io/AFSC-PDFs/BASE_EGLIN_AFB.html,B-1,Active Duty
EGLIN AFB,"30°27'49""N","86°33'11""W",16R EU 42905 70243,64P1,64P1 (CONTRACTING),https://paladindanse111.github.io/AFSC-PDFs/64P.html,https://paladindanse111.github.io/AFSC-PDFs/BASE_EGLIN_AFB.html,B-52,Active Duty
EGLIN AFB,"30°27'49""N","86°33'11""W",16R EU 42905 70243,64P1,64P1 (CONTRACTING),https://paladindanse111.github.io/AFSC-PDFs/64P.html,https://paladindanse111.github.io/AFSC-PDFs/BASE_EGLIN_AFB.html,C-130J,Active Duty
EGLIN AFB,"30°27'49""N","86°33'11""W",16R EU 42905 70243,64P1,64P1 (CONTRACTING),https://paladindanse111.github.io/AFSC-PDFs/64P.html,https://paladindanse111.github.io/AFSC-PDFs/BASE_EGLIN_AFB.html,F-15,Active Duty
EGLIN AFB,"30°27'49""N","86°33'11""W",16R EU 42905 70243,64P1,64P1 (CONTRACTING),https://paladindanse111.github.io/AFSC-PDFs/64P.html,https://paladindanse111.github.io/AFSC-PDFs/BASE_EGLIN_AFB.html,F-15E,Active Duty
EGLIN AFB,"30°27'49""N","86°33'11""W",16R EU 42905 70243,64P1,64P1 (CONTRACTING),https://paladindanse111.github.io/AFSC-PDFs/64P.html,https://paladindanse111.github.io/AFSC-PDFs/BASE_EGLIN_AFB.html,F-16,Active Duty
EGLIN AFB,"30°27'49""N","86°33'11""W",16R EU 42905 70243,64P1,64P1 (CONTRACTING),https://paladindanse111.github.io/AFSC-PDFs/64P.html,https://paladindanse111.github.io/AFSC-PDFs/BASE_EGLIN_AFB.html,F-35,Active Duty
EGLIN AFB,"30°27'49""N","86°33'11""W",16R EU 42905 70243,65F1,65F1 (FINANCIAL MANAGEMENT),https://paladindanse111.github.io/AFSC-PDFs/65F.html,https://paladindanse111.github.io/AFSC-PDFs/BASE_EGLIN_AFB.html,B-1,Active Duty
EGLIN AFB,"30°27'49""N","86°33'11""W",16R EU 42905 70243,65F1,65F1 (FINANCIAL MANAGEMENT),https://paladindanse111.github.io/AFSC-PDFs/65F.html,https://paladindanse111.github.io/AFSC-PDFs/BASE_EGLIN_AFB.html,B-52,Active Duty
EGLIN AFB,"30°27'49""N","86°33'11""W",16R EU 42905 70243,65F1,65F1 (FINANCIAL MANAGEMENT),https://paladindanse111.github.io/AFSC-PDFs/65F.html,https://paladindanse111.github.io/AFSC-PDFs/BASE_EGLIN_AFB.html,C-130J,Active Duty
EGLIN AFB,"30°27'49""N","86°33'11""W",16R EU 42905 70243,65F1,65F1 (FINANCIAL MANAGEMENT),https://paladindanse111.github.io/AFSC-PDFs/65F.html,https://paladindanse111.github.io/AFSC-PDFs/BASE_EGLIN_AFB.html,F-15,Active Duty
EGLIN AFB,"30°27'49""N","86°33'11""W",16R EU 42905 70243,65F1,65F1 (FINANCIAL MANAGEMENT),https://paladindanse111.github.io/AFSC-PDFs/65F.html,https://paladindanse111.github.io/AFSC-PDFs/BASE_EGLIN_AFB.html,F-15E,Active Duty
EGLIN AFB,"30°27'49""N","86°33'11""W",16R EU 42905 70243,65F1,65F1 (FINANCIAL MANAGEMENT),https://paladindanse111.github.io/AFSC-PDFs/65F.html,https://paladindanse111.github.io/AFSC-PDFs/BASE_EGLIN_AFB.html,F-16,Active Duty
EGLIN AFB,"30°27'49""N","86°33'11""W",16R EU 42905 70243,65F1,65F1 (FINANCIAL MANAGEMENT),https://paladindanse111.github.io/AFSC-PDFs/65F.html,https://paladindanse111.github.io/AFSC-PDFs/BASE_EGLIN_AFB.html,F-35,Active Duty
EGLIN AFB,"30°27'49""N","86°33'11""W",16R EU 42905 70243,71S1,71S1 (SPECIAL INVESTIGATIONS),https://paladindanse111.github.io/AFSC-PDFs/71S.html,https://paladindanse111.github.io/AFSC-PDFs/BASE_EGLIN_AFB.html,B-1,Active Duty
EGLIN AFB,"30°27'49""N","86°33'11""W",16R EU 42905 70243,71S1,71S1 (SPECIAL INVESTIGATIONS),https://paladindanse111.github.io/AFSC-PDFs/71S.html,https://paladindanse111.github.io/AFSC-PDFs/BASE_EGLIN_AFB.html,B-52,Active Duty
EGLIN AFB,"30°27'49""N","86°33'11""W",16R EU 42905 70243,71S1,71S1 (SPECIAL INVESTIGATIONS),https://paladindanse111.github.io/AFSC-PDFs/71S.html,https://paladindanse111.github.io/AFSC-PDFs/BASE_EGLIN_AFB.html,C-130J,Active Duty
EGLIN AFB,"30°27'49""N","86°33'11""W",16R EU 42905 70243,71S1,71S1 (SPECIAL INVESTIGATIONS),https://paladindanse111.github.io/AFSC-PDFs/71S.html,https://paladindanse111.github.io/AFSC-PDFs/BASE_EGLIN_AFB.html,F-15,Active Duty
EGLIN AFB,"30°27'49""N","86°33'11""W",16R EU 42905 70243,71S1,71S1 (SPECIAL INVESTIGATIONS),https://paladindanse111.github.io/AFSC-PDFs/71S.html,https://paladindanse111.github.io/AFSC-PDFs/BASE_EGLIN_AFB.html,F-15E,Active Duty
EGLIN AFB,"30°27'49""N","86°33'11""W",16R EU 42905 70243,71S1,71S1 (SPECIAL INVESTIGATIONS),https://paladindanse111.github.io/AFSC-PDFs/71S.html,https://paladindanse111.github.io/AFSC-PDFs/BASE_EGLIN_AFB.html,F-16,Active Duty
EGLIN AFB,"30°27'49""N","86°33'11""W",16R EU 42905 70243,71S1,71S1 (SPECIAL INVESTIGATIONS),https://paladindanse111.github.io/AFSC-PDFs/71S.html,https://paladindanse111.github.io/AFSC-PDFs/BASE_EGLIN_AFB.html,F-35,Active Duty
EIELSON AFB,"64°39'52""N","147°05'45""W",6W VS 95424 71061,21A1,21A1 (AIRCRAFT MAINTENANCE),https://paladindanse111.github.io/AFSC-PDFs/21A.html,https://paladindanse111.github.io/AFSC-PDFs/BASE_EIELSON_AFB.html,C-17,Active Duty
EIELSON AFB,"64°39'52""N","147°05'45""W",6W VS 95424 71061,21A1,21A1 (AIRCRAFT MAINTENANCE),https://paladindanse111.github.io/AFSC-PDFs/21A.html,https://paladindanse111.github.io/AFSC-PDFs/BASE_EIELSON_AFB.html,F-16,Active Duty
EIELSON AFB,"64°39'52""N","147°05'45""W",6W VS 95424 71061,21A1,21A1 (AIRCRAFT MAINTENANCE),https://paladindanse111.github.io/AFSC-PDFs/21A.html,https://paladindanse111.github.io/AFSC-PDFs/BASE_EIELSON_AFB.html,F-35,Active Duty
EIELSON AFB,"64°39'52""N","147°05'45""W",6W VS 95424 71061,21A1,21A1 (AIRCRAFT MAINTENANCE),https://paladindanse111.github.io/AFSC-PDFs/21A.html,https://paladindanse111.github.io/AFSC-PDFs/BASE_EIELSON_AFB.html,HH-60,Active Duty
EIELSON AFB,"64°39'52""N","147°05'45""W",6W VS 95424 71061,21A1,21A1 (AIRCRAFT MAINTENANCE),https://paladindanse111.github.io/AFSC-PDFs/21A.html,https://paladindanse111.github.io/AFSC-PDFs/BASE_EIELSON_AFB.html,KC-135,Active Duty
EIELSON AFB,"64°39'52""N","147°05'45""W",6W VS 95424 71061,21M1,21M1 (MUNITIONS AND MISSILE MAINTENANCE),https://paladindanse111.github.io/AFSC-PDFs/21M.html,https://paladindanse111.github.io/AFSC-PDFs/BASE_EIELSON_AFB.html,C-17,Active Duty
EIELSON AFB,"64°39'52""N","147°05'45""W",6W VS 95424 71061,21M1,21M1 (MUNITIONS AND MISSILE MAINTENANCE),https://paladindanse111.github.io/AFSC-PDFs/21M.html,https://paladindanse111.github.io/AFSC-PDFs/BASE_EIELSON_AFB.html,F-16,Active Duty
EIELSON AFB,"64°39'52""N","147°05'45""W",6W VS 95424 71061,21M1,21M1 (MUNITIONS AND MISSILE MAINTENANCE),https://paladindanse111.github.io/AFSC-PDFs/21M.html,https://paladindanse111.github.io/AFSC-PDFs/BASE_EIELSON_AFB.html,F-35,Active Duty
EIELSON AFB,"64°39'52""N","147°05'45""W",6W VS 95424 71061,21M1,21M1 (MUNITIONS AND MISSILE MAINTENANCE),https://paladindanse111.github.io/AFSC-PDFs/21M.html,https://paladindanse111.github.io/AFSC-PDFs/BASE_EIELSON_AFB.html,HH-60,Active Duty
EIELSON AFB,"64°39'52""N","147°05'45""W",6W VS 95424 71061,21M1,21M1 (MUNITIONS AND MISSILE MAINTENANCE),https://paladindanse111.github.io/AFSC-PDFs/21M.html,https://paladindanse111.github.io/AFSC-PDFs/BASE_EIELSON_AFB.html,KC-135,Active Duty
EIELSON AFB,"64°39'52""N","147°05'45""W",6W VS 95424 71061,21R1,21R1 (LOGISTICS READINESS),https://paladindanse111.github.io/AFSC-PDFs/21R.html,https://paladindanse111.github.io/AFSC-PDFs/BASE_EIELSON_AFB.html,C-17,Active Duty
EIELSON AFB,"64°39'52""N","147°05'45""W",6W VS 95424 71061,21R1,21R1 (LOGISTICS READINESS),https://paladindanse111.github.io/AFSC-PDFs/21R.html,https://paladindanse111.github.io/AFSC-PDFs/BASE_EIELSON_AFB.html,F-16,Active Duty
EIELSON AFB,"64°39'52""N","147°05'45""W",6W VS 95424 71061,21R1,21R1 (LOGISTICS READINESS),https://paladindanse111.github.io/AFSC-PDFs/21R.html,https://paladindanse111.github.io/AFSC-PDFs/BASE_EIELSON_AFB.html,F-35,Active Duty
EIELSON AFB,"64°39'52""N","147°05'45""W",6W VS 95424 71061,21R1,21R1 (LOGISTICS READINESS),https://paladindanse111.github.io/AFSC-PDFs/21R.html,https://paladindanse111.github.io/AFSC-PDFs/BASE_EIELSON_AFB.html,HH-60,Active Duty
EIELSON AFB,"64°39'52""N","147°05'45""W",6W VS 95424 71061,21R1,21R1 (LOGISTICS READINESS),https://paladindanse111.github.io/AFSC-PDFs/21R.html,https://paladindanse111.github.io/AFSC-PDFs/BASE_EIELSON_AFB.html,KC-135,Active Duty
EIELSON AFB,"64°39'52""N","147°05'45""W",6W VS 95424 71061,32E1A,32E1A (CIVIL ENGINEER),https://paladindanse111.github.io/AFSC-PDFs/32E.html,https://paladindanse111.github.io/AFSC-PDFs/BASE_EIELSON_AFB.html,C-17,Active Duty
EIELSON AFB,"64°39'52""N","147°05'45""W",6W VS 95424 71061,32E1A,32E1A (CIVIL ENGINEER),https://paladindanse111.github.io/AFSC-PDFs/32E.html,https://paladindanse111.github.io/AFSC-PDFs/BASE_EIELSON_AFB.html,F-16,Active Duty
EIELSON AFB,"64°39'52""N","147°05'45""W",6W VS 95424 71061,32E1A,32E1A (CIVIL ENGINEER),https://paladindanse111.github.io/AFSC-PDFs/32E.html,https://paladindanse111.github.io/AFSC-PDFs/BASE_EIELSON_AFB.html,F-35,Active Duty
EIELSON AFB,"64°39'52""N","147°05'45""W",6W VS 95424 71061,32E1A,32E1A (CIVIL ENGINEER),https://paladindanse111.github.io/AFSC-PDFs/32E.html,https://paladindanse111.github.io/AFSC-PDFs/BASE_EIELSON_AFB.html,HH-60,Active Duty
EIELSON AFB,"64°39'52""N","147°05'45""W",6W VS 95424 71061,32E1A,32E1A (CIVIL ENGINEER),https://paladindanse111.github.io/AFSC-PDFs/32E.html,https://paladindanse111.github.io/AFSC-PDFs/BASE_EIELSON_AFB.html,KC-135,Active Duty
EIELSON AFB,"64°39'52""N","147°05'45""W",6W VS 95424 71061,32E1C,32E1C (CIVIL ENGINEER),https://paladindanse111.github.io/AFSC-PDFs/32E.html,https://paladindanse111.github.io/AFSC-PDFs/BASE_EIELSON_AFB.html,C-17,Active Duty
EIELSON AFB,"64°39'52""N","147°05'45""W",6W VS 95424 71061,32E1C,32E1C (CIVIL ENGINEER),https://paladindanse111.github.io/AFSC-PDFs/32E.html,https://paladindanse111.github.io/AFSC-PDFs/BASE_EIELSON_AFB.html,F-16,Active Duty
EIELSON AFB,"64°39'52""N","147°05'45""W",6W VS 95424 71061,32E1C,32E1C (CIVIL ENGINEER),https://paladindanse111.github.io/AFSC-PDFs/32E.html,https://paladindanse111.github.io/AFSC-PDFs/BASE_EIELSON_AFB.html,F-35,Active Duty
EIELSON AFB,"64°39'52""N","147°05'45""W",6W VS 95424 71061,32E1C,32E1C (CIVIL ENGINEER),https://paladindanse111.github.io/AFSC-PDFs/32E.html,https://paladindanse111.github.io/AFSC-PDFs/BASE_EIELSON_AFB.html,HH-60,Active Duty
EIELSON AFB,"64°39'52""N","147°05'45""W",6W VS 95424 71061,32E1C,32E1C (CIVIL ENGINEER),https://paladindanse111.github.io/AFSC-PDFs/32E.html,https://paladindanse111.github.io/AFSC-PDFs/BASE_EIELSON_AFB.html,KC-135,Active Duty
EIELSON AFB,"64°39'52""N","147°05'45""W",6W VS 95424 71061,32E1E,32E1E (CIVIL ENGINEER),https://paladindanse111.github.io/AFSC-PDFs/32E.html,https://paladindanse111.github.io/AFSC-PDFs/BASE_EIELSON_AFB.html,C-17,Active Duty
EIELSON AFB,"64°39'52""N","147°05'45""W",6W VS 95424 71061,32E1E,32E1E (CIVIL ENGINEER),https://paladindanse111.github.io/AFSC-PDFs/32E.html,https://paladindanse111.github.io/AFSC-PDFs/BASE_EIELSON_AFB.html,F-16,Active Duty
EIELSON AFB,"64°39'52""N","147°05'45""W",6W VS 95424 71061,32E1E,32E1E (CIVIL ENGINEER),https://paladindanse111.github.io/AFSC-PDFs/32E.html,https://paladindanse111.github.io/AFSC-PDFs/BASE_EIELSON_AFB.html,F-35,Active Duty
EIELSON AFB,"64°39'52""N","147°05'45""W",6W VS 95424 71061,32E1E,32E1E (CIVIL ENGINEER),https://paladindanse111.github.io/AFSC-PDFs/32E.html,https://paladindanse111.github.io/AFSC-PDFs/BASE_EIELSON_AFB.html,HH-60,Active Duty
EIELSON AFB,"64°39'52""N","147°05'45""W",6W VS 95424 71061,32E1E,32E1E (CIVIL ENGINEER),https://paladindanse111.github.io/AFSC-PDFs/32E.html,https://paladindanse111.github.io/AFSC-PDFs/BASE_EIELSON_AFB.html,KC-135,Active Duty
EIELSON AFB,"64°39'52""N","147°05'45""W",6W VS 95424 71061,32E1F,32E1F (CIVIL ENGINEER),https://paladindanse111.github.io/AFSC-PDFs/32E.html,https://paladindanse111.github.io/AFSC-PDFs/BASE_EIELSON_AFB.html,C-17,Active Duty
EIELSON AFB,"64°39'52""N","147°05'45""W",6W VS 95424 71061,32E1F,32E1F (CIVIL ENGINEER),https://paladindanse111.github.io/AFSC-PDFs/32E.html,https://paladindanse111.github.io/AFSC-PDFs/BASE_EIELSON_AFB.html,F-16,Active Duty
EIELSON AFB,"64°39'52""N","147°05'45""W",6W VS 95424 71061,32E1F,32E1F (CIVIL ENGINEER),https://paladindanse111.github.io/AFSC-PDFs/32E.html,https://paladindanse111.github.io/AFSC-PDFs/BASE_EIELSON_AFB.html,F-35,Active Duty
EIELSON AFB,"64°39'52""N","147°05'45""W",6W VS 95424 71061,32E1F,32E1F (CIVIL ENGINEER),https://paladindanse111.github.io/AFSC-PDFs/32E.html,https://paladindanse111.github.io/AFSC-PDFs/BASE_EIELSON_AFB.html,HH-60,Active Duty
EIELSON AFB,"64°39'52""N","147°05'45""W",6W VS 95424 71061,32E1F,32E1F (CIVIL ENGINEER),https://paladindanse111.github.io/AFSC-PDFs/32E.html,https://paladindanse111.github.io/AFSC-PDFs/BASE_EIELSON_AFB.html,KC-135,Active Duty
EIELSON AFB,"64°39'52""N","147°05'45""W",6W VS 95424 71061,32E1G,32E1G (CIVIL ENGINEER),https://paladindanse111.github.io/AFSC-PDFs/32E.html,https://paladindanse111.github.io/AFSC-PDFs/BASE_EIELSON_AFB.html,C-17,Active Duty
EIELSON AFB,"64°39'52""N","147°05'45""W",6W VS 95424 71061,32E1G,32E1G (CIVIL ENGINEER),https://paladindanse111.github.io/AFSC-PDFs/32E.html,https://paladindanse111.github.io/AFSC-PDFs/BASE_EIELSON_AFB.html,F-16,Active Duty
EIELSON AFB,"64°39'52""N","147°05'45""W",6W VS 95424 71061,32E1G,32E1G (CIVIL ENGINEER),https://paladindanse111.github.io/AFSC-PDFs/32E.html,https://paladindanse111.github.io/AFSC-PDFs/BASE_EIELSON_AFB.html,F-35,Active Duty
EIELSON AFB,"64°39'52""N","147°05'45""W",6W VS 95424 71061,32E1G,32E1G (CIVIL ENGINEER),https://paladindanse111.github.io/AFSC-PDFs/32E.html,https://paladindanse111.github.io/AFSC-PDFs/BASE_EIELSON_AFB.html,HH-60,Active Duty
EIELSON AFB,"64°39'52""N","147°05'45""W",6W VS 95424 71061,32E1G,32E1G (CIVIL ENGINEER),https://paladindanse111.github.io/AFSC-PDFs/32E.html,https://paladindanse111.github.io/AFSC-PDFs/BASE_EIELSON_AFB.html,KC-135,Active Duty
EIELSON AFB,"64°39'52""N","147°05'45""W",6W VS 95424 71061,32E1J,32E1J (CIVIL ENGINEER),https://paladindanse111.github.io/AFSC-PDFs/32E.html,https://paladindanse111.github.io/AFSC-PDFs/BASE_EIELSON_AFB.html,C-17,Active Duty
EIELSON AFB,"64°39'52""N","147°05'45""W",6W VS 95424 71061,32E1J,32E1J (CIVIL ENGINEER),https://paladindanse111.github.io/AFSC-PDFs/32E.html,https://paladindanse111.github.io/AFSC-PDFs/BASE_EIELSON_AFB.html,F-16,Active Duty
EIELSON AFB,"64°39'52""N","147°05'45""W",6W VS 95424 71061,32E1J,32E1J (CIVIL ENGINEER),https://paladindanse111.github.io/AFSC-PDFs/32E.html,https://paladindanse111.github.io/AFSC-PDFs/BASE_EIELSON_AFB.html,F-35,Active Duty
EIELSON AFB,"64°39'52""N","147°05'45""W",6W VS 95424 71061,32E1J,32E1J (CIVIL ENGINEER),https://paladindanse111.github.io/AFSC-PDFs/32E.html,https://paladindanse111.github.io/AFSC-PDFs/BASE_EIELSON_AFB.html,HH-60,Active Duty
EIELSON AFB,"64°39'52""N","147°05'45""W",6W VS 95424 71061,32E1J,32E1J (CIVIL ENGINEER),https://paladindanse111.github.io/AFSC-PDFs/32E.html,https://paladindanse111.github.io/AFSC-PDFs/BASE_EIELSON_AFB.html,KC-135,Active Duty
EIELSON AFB,"64°39'52""N","147°05'45""W",6W VS 95424 71061,35P1,35P1 (PUBLIC AFFAIRS),https://paladindanse111.github.io/AFSC-PDFs/35P.html,https://paladindanse111.github.io/AFSC-PDFs/BASE_EIELSON_AFB.html,C-17,Active Duty
EIELSON AFB,"64°39'52""N","147°05'45""W",6W VS 95424 71061,35P1,35P1 (PUBLIC AFFAIRS),https://paladindanse111.github.io/AFSC-PDFs/35P.html,https://paladindanse111.github.io/AFSC-PDFs/BASE_EIELSON_AFB.html,F-16,Active Duty
EIELSON AFB,"64°39'52""N","147°05'45""W",6W VS 95424 71061,35P1,35P1 (PUBLIC AFFAIRS),https://paladindanse111.github.io/AFSC-PDFs/35P.html,https://paladindanse111.github.io/AFSC-PDFs/BASE_EIELSON_AFB.html,F-35,Active Duty
EIELSON AFB,"64°39'52""N","147°05'45""W",6W VS 95424 71061,35P1,35P1 (PUBLIC AFFAIRS),https://paladindanse111.github.io/AFSC-PDFs/35P.html,https://paladindanse111.github.io/AFSC-PDFs/BASE_EIELSON_AFB.html,HH-60,Active Duty
EIELSON AFB,"64°39'52""N","147°05'45""W",6W VS 95424 71061,35P1,35P1 (PUBLIC AFFAIRS),https://paladindanse111.github.io/AFSC-PDFs/35P.html,https://paladindanse111.github.io/AFSC-PDFs/BASE_EIELSON_AFB.html,KC-135,Active Duty
EIELSON AFB,"64°39'52""N","147°05'45""W",6W VS 95424 71061,38F1,38F1 (FORCE SUPPORT),https://paladindanse111.github.io/AFSC-PDFs/38F.html,https://paladindanse111.github.io/AFSC-PDFs/BASE_EIELSON_AFB.html,C-17,Active Duty
EIELSON AFB,"64°39'52""N","147°05'45""W",6W VS 95424 71061,38F1,38F1 (FORCE SUPPORT),https://paladindanse111.github.io/AFSC-PDFs/38F.html,https://paladindanse111.github.io/AFSC-PDFs/BASE_EIELSON_AFB.html,F-16,Active Duty
EIELSON AFB,"64°39'52""N","147°05'45""W",6W VS 95424 71061,38F1,38F1 (FORCE SUPPORT),https://paladindanse111.github.io/AFSC-PDFs/38F.html,https://paladindanse111.github.io/AFSC-PDFs/BASE_EIELSON_AFB.html,F-35,Active Duty
EIELSON AFB,"64°39'52""N","147°05'45""W",6W VS 95424 71061,38F1,38F1 (FORCE SUPPORT),https://paladindanse111.github.io/AFSC-PDFs/38F.html,https://paladindanse111.github.io/AFSC-PDFs/BASE_EIELSON_AFB.html,HH-60,Active Duty
EIELSON AFB,"64°39'52""N","147°05'45""W",6W VS 95424 71061,38F1,38F1 (FORCE SUPPORT),https://paladindanse111.github.io/AFSC-PDFs/38F.html,https://paladindanse111.github.io/AFSC-PDFs/BASE_EIELSON_AFB.html,KC-135,Active Duty
EIELSON AFB,"64°39'52""N","147°05'45""W",6W VS 95424 71061,64P1,64P1 (CONTRACTING),https://paladindanse111.github.io/AFSC-PDFs/64P.html,https://paladindanse111.github.io/AFSC-PDFs/BASE_EIELSON_AFB.html,C-17,Active Duty
EIELSON AFB,"64°39'52""N","147°05'45""W",6W VS 95424 71061,64P1,64P1 (CONTRACTING),https://paladindanse111.github.io/AFSC-PDFs/64P.html,https://paladindanse111.github.io/AFSC-PDFs/BASE_EIELSON_AFB.html,F-16,Active Duty
EIELSON AFB,"64°39'52""N","147°05'45""W",6W VS 95424 71061,64P1,64P1 (CONTRACTING),https://paladindanse111.github.io/AFSC-PDFs/64P.html,https://paladindanse111.github.io/AFSC-PDFs/BASE_EIELSON_AFB.html,F-35,Active Duty
EIELSON AFB,"64°39'52""N","147°05'45""W",6W VS 95424 71061,64P1,64P1 (CONTRACTING),https://paladindanse111.github.io/AFSC-PDFs/64P.html,https://paladindanse111.github.io/AFSC-PDFs/BASE_EIELSON_AFB.html,HH-60,Active Duty
EIELSON AFB,"64°39'52""N","147°05'45""W",6W VS 95424 71061,64P1,64P1 (CONTRACTING),https://paladindanse111.github.io/AFSC-PDFs/64P.html,https://paladindanse111.github.io/AFSC-PDFs/BASE_EIELSON_AFB.html,KC-135,Active Duty
EIELSON AFB,"64°39'52""N","147°05'45""W",6W VS 95424 71061,65F1,65F1 (FINANCIAL MANAGEMENT),https://paladindanse111.github.io/AFSC-PDFs/65F.html,https://paladindanse111.github.io/AFSC-PDFs/BASE_EIELSON_AFB.html,C-17,Active Duty
EIELSON AFB,"64°39'52""N","147°05'45""W",6W VS 95424 71061,65F1,65F1 (FINANCIAL MANAGEMENT),https://paladindanse111.github.io/AFSC-PDFs/65F.html,https://paladindanse111.github.io/AFSC-PDFs/BASE_EIELSON_AFB.html,F-16,Active Duty
EIELSON AFB,"64°39'52""N","147°05'45""W",6W VS 95424 71061,65F1,65F1 (FINANCIAL MANAGEMENT),https://paladindanse111.github.io/AFSC-PDFs/65F.html,https://paladindanse111.github.io/AFSC-PDFs/BASE_EIELSON_AFB.html,F-35,Active Duty
EIELSON AFB,"64°39'52""N","147°05'45""W",6W VS 95424 71061,65F1,65F1 (FINANCIAL MANAGEMENT),https://paladindanse111.github.io/AFSC-PDFs/65F.html,https://paladindanse111.github.io/AFSC-PDFs/BASE_EIELSON_AFB.html,HH-60,Active Duty
EIELSON AFB,"64°39'52""N","147°05'45""W",6W VS 95424 71061,65F1,65F1 (FINANCIAL MANAGEMENT),https://paladindanse111.github.io/AFSC-PDFs/65F.html,https://paladindanse111.github.io/AFSC-PDFs/BASE_EIELSON_AFB.html,KC-135,Active Duty
ELLSWORTH AFB,"44°08'54""N","103°05'15""W",13T FJ 52951 90126,15W1,15W1 (WEATHER AND ENVIRONMENTAL SCIENCES),https://paladindanse111.github.io/AFSC-PDFs/15W.html,https://paladindanse111.github.io/AFSC-PDFs/BASE_ELLSWORTH_AFB.html,B-1,Active Duty
ELLSWORTH AFB,"44°08'54""N","103°05'15""W",13T FJ 52951 90126,15W1,15W1 (WEATHER AND ENVIRONMENTAL SCIENCES),https://paladindanse111.github.io/AFSC-PDFs/15W.html,https://paladindanse111.github.io/AFSC-PDFs/BASE_ELLSWORTH_AFB.html,B-21,Active Duty
ELLSWORTH AFB,"44°08'54""N","103°05'15""W",13T FJ 52951 90126,21A1,21A1 (AIRCRAFT MAINTENANCE),https://paladindanse111.github.io/AFSC-PDFs/21A.html,https://paladindanse111.github.io/AFSC-PDFs/BASE_ELLSWORTH_AFB.html,B-1,Active Duty
ELLSWORTH AFB,"44°08'54""N","103°05'15""W",13T FJ 52951 90126,21A1,21A1 (AIRCRAFT MAINTENANCE),https://paladindanse111.github.io/AFSC-PDFs/21A.html,https://paladindanse111.github.io/AFSC-PDFs/BASE_ELLSWORTH_AFB.html,B-21,Active Duty
ELLSWORTH AFB,"44°08'54""N","103°05'15""W",13T FJ 52951 90126,21M1,21M1 (MUNITIONS AND MISSILE MAINTENANCE),https://paladindanse111.github.io/AFSC-PDFs/21M.html,https://paladindanse111.github.io/AFSC-PDFs/BASE_ELLSWORTH_AFB.html,B-1,Active Duty
ELLSWORTH AFB,"44°08'54""N","103°05'15""W",13T FJ 52951 90126,21M1,21M1 (MUNITIONS AND MISSILE MAINTENANCE),https://paladindanse111.github.io/AFSC-PDFs/21M.html,https://paladindanse111.github.io/AFSC-PDFs/BASE_ELLSWORTH_AFB.html,B-21,Active Duty
ELLSWORTH AFB,"44°08'54""N","103°05'15""W",13T FJ 52951 90126,21R1,21R1 (LOGISTICS READINESS),https://paladindanse111.github.io/AFSC-PDFs/21R.html,https://paladindanse111.github.io/AFSC-PDFs/BASE_ELLSWORTH_AFB.html,B-1,Active Duty
ELLSWORTH AFB,"44°08'54""N","103°05'15""W",13T FJ 52951 90126,21R1,21R1 (LOGISTICS READINESS),https://paladindanse111.github.io/AFSC-PDFs/21R.html,https://paladindanse111.github.io/AFSC-PDFs/BASE_ELLSWORTH_AFB.html,B-21,Active Duty
ELLSWORTH AFB,"44°08'54""N","103°05'15""W",13T FJ 52951 90126,32E1A,32E1A (CIVIL ENGINEER),https://paladindanse111.github.io/AFSC-PDFs/32E.html,https://paladindanse111.github.io/AFSC-PDFs/BASE_ELLSWORTH_AFB.html,B-1,Active Duty
ELLSWORTH AFB,"44°08'54""N","103°05'15""W",13T FJ 52951 90126,32E1A,32E1A (CIVIL ENGINEER),https://paladindanse111.github.io/AFSC-PDFs/32E.html,https://paladindanse111.github.io/AFSC-PDFs/BASE_ELLSWORTH_AFB.html,B-21,Active Duty
ELLSWORTH AFB,"44°08'54""N","103°05'15""W",13T FJ 52951 90126,32E1C,32E1C (CIVIL ENGINEER),https://paladindanse111.github.io/AFSC-PDFs/32E.html,https://paladindanse111.github.io/AFSC-PDFs/BASE_ELLSWORTH_AFB.html,B-1,Active Duty
ELLSWORTH AFB,"44°08'54""N","103°05'15""W",13T FJ 52951 90126,32E1C,32E1C (CIVIL ENGINEER),https://paladindanse111.github.io/AFSC-PDFs/32E.html,https://paladindanse111.github.io/AFSC-PDFs/BASE_ELLSWORTH_AFB.html,B-21,Active Duty
ELLSWORTH AFB,"44°08'54""N","103°05'15""W",13T FJ 52951 90126,32E1E,32E1E (CIVIL ENGINEER),https://paladindanse111.github.io/AFSC-PDFs/32E.html,https://paladindanse111.github.io/AFSC-PDFs/BASE_ELLSWORTH_AFB.html,B-1,Active Duty
ELLSWORTH AFB,"44°08'54""N","103°05'15""W",13T FJ 52951 90126,32E1E,32E1E (CIVIL ENGINEER),https://paladindanse111.github.io/AFSC-PDFs/32E.html,https://paladindanse111.github.io/AFSC-PDFs/BASE_ELLSWORTH_AFB.html,B-21,Active Duty
ELLSWORTH AFB,"44°08'54""N","103°05'15""W",13T FJ 52951 90126,32E1F,32E1F (CIVIL ENGINEER),https://paladindanse111.github.io/AFSC-PDFs/32E.html,https://paladindanse111.github.io/AFSC-PDFs/BASE_ELLSWORTH_AFB.html,B-1,Active Duty
ELLSWORTH AFB,"44°08'54""N","103°05'15""W",13T FJ 52951 90126,32E1F,32E1F (CIVIL ENGINEER),https://paladindanse111.github.io/AFSC-PDFs/32E.html,https://paladindanse111.github.io/AFSC-PDFs/BASE_ELLSWORTH_AFB.html,B-21,Active Duty
ELLSWORTH AFB,"44°08'54""N","103°05'15""W",13T FJ 52951 90126,32E1G,32E1G (CIVIL ENGINEER),https://paladindanse111.github.io/AFSC-PDFs/32E.html,https://paladindanse111.github.io/AFSC-PDFs/BASE_ELLSWORTH_AFB.html,B-1,Active Duty
ELLSWORTH AFB,"44°08'54""N","103°05'15""W",13T FJ 52951 90126,32E1G,32E1G (CIVIL ENGINEER),https://paladindanse111.github.io/AFSC-PDFs/32E.html,https://paladindanse111.github.io/AFSC-PDFs/BASE_ELLSWORTH_AFB.html,B-21,Active Duty
ELLSWORTH AFB,"44°08'54""N","103°05'15""W",13T FJ 52951 90126,32E1J,32E1J (CIVIL ENGINEER),https://paladindanse111.github.io/AFSC-PDFs/32E.html,https://paladindanse111.github.io/AFSC-PDFs/BASE_ELLSWORTH_AFB.html,B-1,Active Duty
ELLSWORTH AFB,"44°08'54""N","103°05'15""W",13T FJ 52951 90126,32E1J,32E1J (CIVIL ENGINEER),https://paladindanse111.github.io/AFSC-PDFs/32E.html,https://paladindanse111.github.io/AFSC-PDFs/BASE_ELLSWORTH_AFB.html,B-21,Active Duty
ELLSWORTH AFB,"44°08'54""N","103°05'15""W",13T FJ 52951 90126,35P1,35P1 (PUBLIC AFFAIRS),https://paladindanse111.github.io/AFSC-PDFs/35P.html,https://paladindanse111.github.io/AFSC-PDFs/BASE_ELLSWORTH_AFB.html,B-1,Active Duty
ELLSWORTH AFB,"44°08'54""N","103°05'15""W",13T FJ 52951 90126,35P1,35P1 (PUBLIC AFFAIRS),https://paladindanse111.github.io/AFSC-PDFs/35P.html,https://paladindanse111.github.io/AFSC-PDFs/BASE_ELLSWORTH_AFB.html,B-21,Active Duty
ELLSWORTH AFB,"44°08'54""N","103°05'15""W",13T FJ 52951 90126,38F1,38F1 (FORCE SUPPORT),https://paladindanse111.github.io/AFSC-PDFs/38F.html,https://paladindanse111.github.io/AFSC-PDFs/BASE_ELLSWORTH_AFB.html,B-1,Active Duty
ELLSWORTH AFB,"44°08'54""N","103°05'15""W",13T FJ 52951 90126,38F1,38F1 (FORCE SUPPORT),https://paladindanse111.github.io/AFSC-PDFs/38F.html,https://paladindanse111.github.io/AFSC-PDFs/BASE_ELLSWORTH_AFB.html,B-21,Active Duty
ELLSWORTH AFB,"44°08'54""N","103°05'15""W",13T FJ 52951 90126,64P1,64P1 (CONTRACTING),https://paladindanse111.github.io/AFSC-PDFs/64P.html,https://paladindanse111.github.io/AFSC-PDFs/BASE_ELLSWORTH_AFB.html,B-1,Active Duty
ELLSWORTH AFB,"44°08'54""N","103°05'15""W",13T FJ 52951 90126,64P1,64P1 (CONTRACTING),https://paladindanse111.github.io/AFSC-PDFs/64P.html,https://paladindanse111.github.io/AFSC-PDFs/BASE_ELLSWORTH_AFB.html,B-21,Active Duty
ELLSWORTH AFB,"44°08'54""N","103°05'15""W",13T FJ 52951 90126,65F1,65F1 (FINANCIAL MANAGEMENT),https://paladindanse111.github.io/AFSC-PDFs/65F.html,https://paladindanse111.github.io/AFSC-PDFs/BASE_ELLSWORTH_AFB.html,B-1,Active Duty
ELLSWORTH AFB,"44°08'54""N","103°05'15""W",13T FJ 52951 90126,65F1,65F1 (FINANCIAL MANAGEMENT),https://paladindanse111.github.io/AFSC-PDFs/65F.html,https://paladindanse111.github.io/AFSC-PDFs/BASE_ELLSWORTH_AFB.html,B-21,Active Duty
FAIRCHILD AFB,"47°38'28""N","117°38'41""W",11T MN 51574 76613,21A1,21A1 (AIRCRAFT MAINTENANCE),https://paladindanse111.github.io/AFSC-PDFs/21A.html,https://paladindanse111.github.io/AFSC-PDFs/BASE_FAIRCHILD_AFB.html,KC-135,Active Duty
FAIRCHILD AFB,"47°38'28""N","117°38'41""W",11T MN 51574 76613,21A1,21A1 (AIRCRAFT MAINTENANCE),https://paladindanse111.github.io/AFSC-PDFs/21A.html,https://paladindanse111.github.io/AFSC-PDFs/BASE_FAIRCHILD_AFB.html,KC-46 (KC-X),Active Duty
FAIRCHILD AFB,"47°38'28""N","117°38'41""W",11T MN 51574 76613,21A1,21A1 (AIRCRAFT MAINTENANCE),https://paladindanse111.github.io/AFSC-PDFs/21A.html,https://paladindanse111.github.io/AFSC-PDFs/BASE_FAIRCHILD_AFB.html,UH-1N,Active Duty
FAIRCHILD AFB,"47°38'28""N","117°38'41""W",11T MN 51574 76613,21R1,21R1 (LOGISTICS READINESS),https://paladindanse111.github.io/AFSC-PDFs/21R.html,https://paladindanse111.github.io/AFSC-PDFs/BASE_FAIRCHILD_AFB.html,KC-135,Active Duty
FAIRCHILD AFB,"47°38'28""N","117°38'41""W",11T MN 51574 76613,21R1,21R1 (LOGISTICS READINESS),https://paladindanse111.github.io/AFSC-PDFs/21R.html,https://paladindanse111.github.io/AFSC-PDFs/BASE_FAIRCHILD_AFB.html,KC-46 (KC-X),Active Duty
FAIRCHILD AFB,"47°38'28""N","117°38'41""W",11T MN 51574 76613,21R1,21R1 (LOGISTICS READINESS),https://paladindanse111.github.io/AFSC-PDFs/21R.html,https://paladindanse111.github.io/AFSC-PDFs/BASE_FAIRCHILD_AFB.html,UH-1N,Active Duty
FAIRCHILD AFB,"47°38'28""N","117°38'41""W",11T MN 51574 76613,32E1A,32E1A (CIVIL ENGINEER),https://paladindanse111.github.io/AFSC-PDFs/32E.html,https://paladindanse111.github.io/AFSC-PDFs/BASE_FAIRCHILD_AFB.html,KC-135,Active Duty
FAIRCHILD AFB,"47°38'28""N","117°38'41""W",11T MN 51574 76613,32E1A,32E1A (CIVIL ENGINEER),https://paladindanse111.github.io/AFSC-PDFs/32E.html,https://paladindanse111.github.io/AFSC-PDFs/BASE_FAIRCHILD_AFB.html,KC-46 (KC-X),Active Duty
FAIRCHILD AFB,"47°38'28""N","117°38'41""W",11T MN 51574 76613,32E1A,32E1A (CIVIL ENGINEER),https://paladindanse111.github.io/AFSC-PDFs/32E.html,https://paladindanse111.github.io/AFSC-PDFs/BASE_FAIRCHILD_AFB.html,UH-1N,Active Duty
FAIRCHILD AFB,"47°38'28""N","117°38'41""W",11T MN 51574 76613,32E1C,32E1C (CIVIL ENGINEER),https://paladindanse111.github.io/AFSC-PDFs/32E.html,https://paladindanse111.github.io/AFSC-PDFs/BASE_FAIRCHILD_AFB.html,KC-135,Active Duty
FAIRCHILD AFB,"47°38'28""N","117°38'41""W",11T MN 51574 76613,32E1C,32E1C (CIVIL ENGINEER),https://paladindanse111.github.io/AFSC-PDFs/32E.html,https://paladindanse111.github.io/AFSC-PDFs/BASE_FAIRCHILD_AFB.html,KC-46 (KC-X),Active Duty
FAIRCHILD AFB,"47°38'28""N","117°38'41""W",11T MN 51574 76613,32E1C,32E1C (CIVIL ENGINEER),https://paladindanse111.github.io/AFSC-PDFs/32E.html,https://paladindanse111.github.io/AFSC-PDFs/BASE_FAIRCHILD_AFB.html,UH-1N,Active Duty
FAIRCHILD AFB,"47°38'28""N","117°38'41""W",11T MN 51574 76613,32E1E,32E1E (CIVIL ENGINEER),https://paladindanse111.github.io/AFSC-PDFs/32E.html,https://paladindanse111.github.io/AFSC-PDFs/BASE_FAIRCHILD_AFB.html,KC-135,Active Duty
FAIRCHILD AFB,"47°38'28""N","117°38'41""W",11T MN 51574 76613,32E1E,32E1E (CIVIL ENGINEER),https://paladindanse111.github.io/AFSC-PDFs/32E.html,https://paladindanse111.github.io/AFSC-PDFs/BASE_FAIRCHILD_AFB.html,KC-46 (KC-X),Active Duty
FAIRCHILD AFB,"47°38'28""N","117°38'41""W",11T MN 51574 76613,32E1E,32E1E (CIVIL ENGINEER),https://paladindanse111.github.io/AFSC-PDFs/32E.html,https://paladindanse111.github.io/AFSC-PDFs/BASE_FAIRCHILD_AFB.html,UH-1N,Active Duty
FAIRCHILD AFB,"47°38'28""N","117°38'41""W",11T MN 51574 76613,32E1F,32E1F (CIVIL ENGINEER),https://paladindanse111.github.io/AFSC-PDFs/32E.html,https://paladindanse111.github.io/AFSC-PDFs/BASE_FAIRCHILD_AFB.html,KC-135,Active Duty
FAIRCHILD AFB,"47°38'28""N","117°38'41""W",11T MN 51574 76613,32E1F,32E1F (CIVIL ENGINEER),https://paladindanse111.github.io/AFSC-PDFs/32E.html,https://paladindanse111.github.io/AFSC-PDFs/BASE_FAIRCHILD_AFB.html,KC-46 (KC-X),Active Duty
FAIRCHILD AFB,"47°38'28""N","117°38'41""W",11T MN 51574 76613,32E1F,32E1F (CIVIL ENGINEER),https://paladindanse111.github.io/AFSC-PDFs/32E.html,https://paladindanse111.github.io/AFSC-PDFs/BASE_FAIRCHILD_AFB.html,UH-1N,Active Duty
FAIRCHILD AFB,"47°38'28""N","117°38'41""W",11T MN 51574 76613,32E1G,32E1G (CIVIL ENGINEER),https://paladindanse111.github.io/AFSC-PDFs/32E.html,https://paladindanse111.github.io/AFSC-PDFs/BASE_FAIRCHILD_AFB.html,KC-135,Active Duty
FAIRCHILD AFB,"47°38'28""N","117°38'41""W",11T MN 51574 76613,32E1G,32E1G (CIVIL ENGINEER),https://paladindanse111.github.io/AFSC-PDFs/32E.html,https://paladindanse111.github.io/AFSC-PDFs/BASE_FAIRCHILD_AFB.html,KC-46 (KC-X),Active Duty
FAIRCHILD AFB,"47°38'28""N","117°38'41""W",11T MN 51574 76613,32E1G,32E1G (CIVIL ENGINEER),https://paladindanse111.github.io/AFSC-PDFs/32E.html,https://paladindanse111.github.io/AFSC-PDFs/BASE_FAIRCHILD_AFB.html,UH-1N,Active Duty
FAIRCHILD AFB,"47°38'28""N","117°38'41""W",11T MN 51574 76613,32E1J,32E1J (CIVIL ENGINEER),https://paladindanse111.github.io/AFSC-PDFs/32E.html,https://paladindanse111.github.io/AFSC-PDFs/BASE_FAIRCHILD_AFB.html,KC-135,Active Duty
FAIRCHILD AFB,"47°38'28""N","117°38'41""W",11T MN 51574 76613,32E1J,32E1J (CIVIL ENGINEER),https://paladindanse111.github.io/AFSC-PDFs/32E.html,https://paladindanse111.github.io/AFSC-PDFs/BASE_FAIRCHILD_AFB.html,KC-46 (KC-X),Active Duty
FAIRCHILD AFB,"47°38'28""N","117°38'41""W",11T MN 51574 76613,32E1J,32E1J (CIVIL ENGINEER),https://paladindanse111.github.io/AFSC-PDFs/32E.html,https://paladindanse111.github.io/AFSC-PDFs/BASE_FAIRCHILD_AFB.html,UH-1N,Active Duty
FAIRCHILD AFB,"47°38'28""N","117°38'41""W",11T MN 51574 76613,35P1,35P1 (PUBLIC AFFAIRS),https://paladindanse111.github.io/AFSC-PDFs/35P.html,https://paladindanse111.github.io/AFSC-PDFs/BASE_FAIRCHILD_AFB.html,KC-135,Active Duty
FAIRCHILD AFB,"47°38'28""N","117°38'41""W",11T MN 51574 76613,35P1,35P1 (PUBLIC AFFAIRS),https://paladindanse111.github.io/AFSC-PDFs/35P.html,https://paladindanse111.github.io/AFSC-PDFs/BASE_FAIRCHILD_AFB.html,KC-46 (KC-X),Active Duty
FAIRCHILD AFB,"47°38'28""N","117°38'41""W",11T MN 51574 76613,35P1,35P1 (PUBLIC AFFAIRS),https://paladindanse111.github.io/AFSC-PDFs/35P.html,https://paladindanse111.github.io/AFSC-PDFs/BASE_FAIRCHILD_AFB.html,UH-1N,Active Duty
FAIRCHILD AFB,"47°38'28""N","117°38'41""W",11T MN 51574 76613,64P1,64P1 (CONTRACTING),https://paladindanse111.github.io/AFSC-PDFs/64P.html,https://paladindanse111.github.io/AFSC-PDFs/BASE_FAIRCHILD_AFB.html,KC-135,Active Duty
FAIRCHILD AFB,"47°38'28""N","117°38'41""W",11T MN 51574 76613,64P1,64P1 (CONTRACTING),https://paladindanse111.github.io/AFSC-PDFs/64P.html,https://paladindanse111.github.io/AFSC-PDFs/BASE_FAIRCHILD_AFB.html,KC-46 (KC-X),Active Duty
FAIRCHILD AFB,"47°38'28""N","117°38'41""W",11T MN 51574 76613,64P1,64P1 (CONTRACTING),https://paladindanse111.github.io/AFSC-PDFs/64P.html,https://paladindanse111.github.io/AFSC-PDFs/BASE_FAIRCHILD_AFB.html,UH-1N,Active Duty
FAIRCHILD AFB,"47°38'28""N","117°38'41""W",11T MN 51574 76613,65F1,65F1 (FINANCIAL MANAGEMENT),https://paladindanse111.github.io/AFSC-PDFs/65F.html,https://paladindanse111.github.io/AFSC-PDFs/BASE_FAIRCHILD_AFB.html,KC-135,Active Duty
FAIRCHILD AFB,"47°38'28""N","117°38'41""W",11T MN 51574 76613,65F1,65F1 (FINANCIAL MANAGEMENT),https://paladindanse111.github.io/AFSC-PDFs/65F.html,https://paladindanse111.github.io/AFSC-PDFs/BASE_FAIRCHILD_AFB.html,KC-46 (KC-X),Active Duty
FAIRCHILD AFB,"47°38'28""N","117°38'41""W",11T MN 51574 76613,65F1,65F1 (FINANCIAL MANAGEMENT),https://paladindanse111.github.io/AFSC-PDFs/65F.html,https://paladindanse111.github.io/AFSC-PDFs/BASE_FAIRCHILD_AFB.html,UH-1N,Active Duty
FE WARREN AFB,"41°08'32""N","104°52'41""W",13T EF 10233 54552,13N1,13N1 (NUCLEAR AND MISSILE OPERATIONS),https://paladindanse111.github.io/AFSC-PDFs/13N.html,https://paladindanse111.github.io/AFSC-PDFs/BASE_FE_WARREN_AFB.html,UH-1N,Active Duty
FE WARREN AFB,"41°08'32""N","104°52'41""W",13T EF 10233 54552,21M1,21M1 (MUNITIONS AND MISSILE MAINTENANCE),https://paladindanse111.github.io/AFSC-PDFs/21M.html,https://paladindanse111.github.io/AFSC-PDFs/BASE_FE_WARREN_AFB.html,UH-1N,Active Duty
FE WARREN AFB,"41°08'32""N","104°52'41""W",13T EF 10233 54552,21R1,21R1 (LOGISTICS READINESS),https://paladindanse111.github.io/AFSC-PDFs/21R.html,https://paladindanse111.github.io/AFSC-PDFs/BASE_FE_WARREN_AFB.html,UH-1N,Active Duty
FE WARREN AFB,"41°08'32""N","104°52'41""W",13T EF 10233 54552,31P1,31P1 (SECURITY FORCES),https://paladindanse111.github.io/AFSC-PDFs/31P.html,https://paladindanse111.github.io/AFSC-PDFs/BASE_FE_WARREN_AFB.html,UH-1N,Active Duty
FE WARREN AFB,"41°08'32""N","104°52'41""W",13T EF 10233 54552,32E1A,32E1A (CIVIL ENGINEER),https://paladindanse111.github.io/AFSC-PDFs/32E.html,https://paladindanse111.github.io/AFSC-PDFs/BASE_FE_WARREN_AFB.html,UH-1N,Active Duty
FE WARREN AFB,"41°08'32""N","104°52'41""W",13T EF 10233 54552,32E1C,32E1C (CIVIL ENGINEER),https://paladindanse111.github.io/AFSC-PDFs/32E.html,https://paladindanse111.github.io/AFSC-PDFs/BASE_FE_WARREN_AFB.html,UH-1N,Active Duty
FE WARREN AFB,"41°08'32""N","104°52'41""W",13T EF 10233 54552,32E1E,32E1E (CIVIL ENGINEER),https://paladindanse111.github.io/AFSC-PDFs/32E.html,https://paladindanse111.github.io/AFSC-PDFs/BASE_FE_WARREN_AFB.html,UH-1N,Active Duty
FE WARREN AFB,"41°08'32""N","104°52'41""W",13T EF 10233 54552,32E1F,32E1F (CIVIL ENGINEER),https://paladindanse111.github.io/AFSC-PDFs/32E.html,https://paladindanse111.github.io/AFSC-PDFs/BASE_FE_WARREN_AFB.html,UH-1N,Active Duty
FE WARREN AFB,"41°08'32""N","104°52'41""W",13T EF 10233 54552,32E1G,32E1G (CIVIL ENGINEER),https://paladindanse111.github.io/AFSC-PDFs/32E.html,https://paladindanse111.github.io/AFSC-PDFs/BASE_FE_WARREN_AFB.html,UH-1N,Active Duty
FE WARREN AFB,"41°08'32""N","104°52'41""W",13T EF 10233 54552,32E1J,32E1J (CIVIL ENGINEER),https://paladindanse111.github.io/AFSC-PDFs/32E.html,https://paladindanse111.github.io/AFSC-PDFs/BASE_FE_WARREN_AFB.html,UH-1N,Active Duty
FE WARREN AFB,"41°08'32""N","104°52'41""W",13T EF 10233 54552,35P1,35P1 (PUBLIC AFFAIRS),https://paladindanse111.github.io/AFSC-PDFs/35P.html,https://paladindanse111.github.io/AFSC-PDFs/BASE_FE_WARREN_AFB.html,UH-1N,Active Duty
FE WARREN AFB,"41°08'32""N","104°52'41""W",13T EF 10233 54552,38F1,38F1 (FORCE SUPPORT),https://paladindanse111.github.io/AFSC-PDFs/38F.html,https://paladindanse111.github.io/AFSC-PDFs/BASE_FE_WARREN_AFB.html,UH-1N,Active Duty
FE WARREN AFB,"41°08'32""N","104°52'41""W",13T EF 10233 54552,64P1,64P1 (CONTRACTING),https://paladindanse111.github.io/AFSC-PDFs/64P.html,https://paladindanse111.github.io/AFSC-PDFs/BASE_FE_WARREN_AFB.html,UH-1N,Active Duty
FE WARREN AFB,"41°08'32""N","104°52'41""W",13T EF 10233 54552,65F1,65F1 (FINANCIAL MANAGEMENT),https://paladindanse111.github.io/AFSC-PDFs/65F.html,https://paladindanse111.github.io/AFSC-PDFs/BASE_FE_WARREN_AFB.html,UH-1N,Active Duty
FT BELVOIR,"38°43'05""N","77°09'16""W",18S UH 12695 87692,61D1,61D1 (PHYSICIST/NUCLEAR ENGINEER),https://paladindanse111.github.io/AFSC-PDFs/61D.html,https://paladindanse111.github.io/AFSC-PDFs/BASE_FT_BELVOIR.html,,Active Duty
FT CAMPBELL,"36°39'46""N","87°28'37""W",16S DF 57376 57570,15W1,15W1 (WEATHER AND ENVIRONMENTAL SCIENCES),https://paladindanse111.github.io/AFSC-PDFs/15W.html,https://paladindanse111.github.io/AFSC-PDFs/BASE_FT_CAMPBELL.html,,Active Duty
FT CARSON,"38°44'14""N","104°47'19""W",13S EC 18372 87637,15W1,15W1 (WEATHER AND ENVIRONMENTAL SCIENCES),https://paladindanse111.github.io/AFSC-PDFs/15W.html,https://paladindanse111.github.io/AFSC-PDFs/BASE_FT_CARSON.html,,Active Duty
FT CAVAZOS,"31°08'22""N","97°45'56""W",14R PV 17679 45711,15W1,15W1 (WEATHER AND ENVIRONMENTAL SCIENCES),https://paladindanse111.github.io/AFSC-PDFs/15W.html,https://paladindanse111.github.io/AFSC-PDFs/BASE_FT_CAVAZOS.html,,Active Duty
FT GEORGE G MEADE,"39°06'14""N","76°44'42""W",18S UJ 49113 29754,62E1A,62E1A (DEVELOPMENTAL ENGINEER),https://paladindanse111.github.io/AFSC-PDFs/62E.html,https://paladindanse111.github.io/AFSC-PDFs/BASE_FT_GEORGE_G_MEADE.html,,Active Duty
FT GEORGE G MEADE,"39°06'14""N","76°44'42""W",18S UJ 49113 29754,62E1B,62E1B (DEVELOPMENTAL ENGINEER),https://paladindanse111.github.io/AFSC-PDFs/62E.html,https://paladindanse111.github.io/AFSC-PDFs/BASE_FT_GEORGE_G_MEADE.html,,Active Duty
FT GEORGE G MEADE,"39°06'14""N","76°44'42""W",18S UJ 49113 29754,62E1C,62E1C (DEVELOPMENTAL ENGINEER),https://paladindanse111.github.io/AFSC-PDFs/62E.html,https://paladindanse111.github.io/AFSC-PDFs/BASE_FT_GEORGE_G_MEADE.html,,Active Duty
FT GEORGE G MEADE,"39°06'14""N","76°44'42""W",18S UJ 49113 29754,62E1E,62E1E (DEVELOPMENTAL ENGINEER),https://paladindanse111.github.io/AFSC-PDFs/62E.html,https://paladindanse111.github.io/AFSC-PDFs/BASE_FT_GEORGE_G_MEADE.html,,Active Duty
FT GEORGE G MEADE,"39°06'14""N","76°44'42""W",18S UJ 49113 29754,62E1G,62E1G (DEVELOPMENTAL ENGINEER),https://paladindanse111.github.io/AFSC-PDFs/62E.html,https://paladindanse111.github.io/AFSC-PDFs/BASE_FT_GEORGE_G_MEADE.html,,Active Duty
FT GEORGE G MEADE,"39°06'14""N","76°44'42""W",18S UJ 49113 29754,62E1H,62E1H (DEVELOPMENTAL ENGINEER),https://paladindanse111.github.io/AFSC-PDFs/62E.html,https://paladindanse111.github.io/AFSC-PDFs/BASE_FT_GEORGE_G_MEADE.html,,Active Duty
FT GEORGE G MEADE,"39°06'14""N","76°44'42""W",18S UJ 49113 29754,62E1I,62E1I (DEVELOPMENTAL ENGINEER),https://paladindanse111.github.io/AFSC-PDFs/62E.html,https://paladindanse111.github.io/AFSC-PDFs/BASE_FT_GEORGE_G_MEADE.html,,Active Duty
FT GEORGE G MEADE,"39°06'14""N","76°44'42""W",18S UJ 49113 29754,63A1,63A1 (AQUISITION MANAGER),https://paladindanse111.github.io/AFSC-PDFs/63A.html,https://paladindanse111.github.io/AFSC-PDFs/BASE_FT_GEORGE_G_MEADE.html,,Active Duty
FT GORDON,"33°24'57""N","82°08'16""W",17S LS 94212 97966,38F1,38F1 (FORCE SUPPORT),https://paladindanse111.github.io/AFSC-PDFs/38F.html,https://paladindanse111.github.io/AFSC-PDFs/BASE_FT_GORDON.html,,Active Duty
FT GORDON,"33°24'57""N","82°08'16""W",17S LS 94212 97966,62E1A,62E1A (DEVELOPMENTAL ENGINEER),https://paladindanse111.github.io/AFSC-PDFs/62E.html,https://paladindanse111.github.io/AFSC-PDFs/BASE_FT_GORDON.html,,Active Duty
FT GORDON,"33°24'57""N","82°08'16""W",17S LS 94212 97966,62E1B,62E1B (DEVELOPMENTAL ENGINEER),https://paladindanse111.github.io/AFSC-PDFs/62E.html,https://paladindanse111.github.io/AFSC-PDFs/BASE_FT_GORDON.html,,Active Duty
FT GORDON,"33°24'57""N","82°08'16""W",17S LS 94212 97966,62E1C,62E1C (DEVELOPMENTAL ENGINEER),https://paladindanse111.github.io/AFSC-PDFs/62E.html,https://paladindanse111.github.io/AFSC-PDFs/BASE_FT_GORDON.html,,Active Duty
FT GORDON,"33°24'57""N","82°08'16""W",17S LS 94212 97966,62E1E,62E1E (DEVELOPMENTAL ENGINEER),https://paladindanse111.github.io/AFSC-PDFs/62E.html,https://paladindanse111.github.io/AFSC-PDFs/BASE_FT_GORDON.html,,Active Duty
FT GORDON,"33°24'57""N","82°08'16""W",17S LS 94212 97966,62E1G,62E1G (DEVELOPMENTAL ENGINEER),https://paladindanse111.github.io/AFSC-PDFs/62E.html,https://paladindanse111.github.io/AFSC-PDFs/BASE_FT_GORDON.html,,Active Duty
FT GORDON,"33°24'57""N","82°08'16""W",17S LS 94212 97966,62E1H,62E1H (DEVELOPMENTAL ENGINEER),https://paladindanse111.github.io/AFSC-PDFs/62E.html,https://paladindanse111.github.io/AFSC-PDFs/BASE_FT_GORDON.html,,Active Duty
FT GORDON,"33°24'57""N","82°08'16""W",17S LS 94212 97966,62E1I,62E1I (DEVELOPMENTAL ENGINEER),https://paladindanse111.github.io/AFSC-PDFs/62E.html,https://paladindanse111.github.io/AFSC-PDFs/BASE_FT_GORDON.html,,Active Duty
FT LIBERTY (AKA FT BRAGG),"35°08'22""N","78°59'50""W",17S PU 82458 90342,15W1,15W1 (WEATHER AND ENVIRONMENTAL SCIENCES),https://paladindanse111.github.io/AFSC-PDFs/15W.html,https://paladindanse111.github.io/AFSC-PDFs/BASE_FT_LIBERTY_AKA_FT_BRAGG.html,,Active Duty
FT RUCKER,"31°20'23""N","85°42'55""W",16R FV 22215 67965,92T0H,92T0H (PILOT TRAINEE HELICOPTERS),,https://paladindanse111.github.io/AFSC-PDFs/BASE_FT_RUCKER.html,,Active Duty
FT STEWART,"31°52'05""N","81°36'32""W",17R MR 42404 25972,15W1,15W1 (WEATHER AND ENVIRONMENTAL SCIENCES),https://paladindanse111.github.io/AFSC-PDFs/15W.html,https://paladindanse111.github.io/AFSC-PDFs/BASE_FT_STEWART.html,,Active Duty
GOODFELLOW AFB,"31°26'09""N","100°24'03""W",14R LV 66873 78753,14N1,14N1 (INTELLIGENCE),https://paladindanse111.github.io/AFSC-PDFs/14N.html,https://paladindanse111.github.io/AFSC-PDFs/BASE_GOODFELLOW_AFB.html,,Active Duty
GOODFELLOW AFB,"31°26'09""N","100°24'03""W",14R LV 66873 78753,32E1A,32E1A (CIVIL ENGINEER),https://paladindanse111.github.io/AFSC-PDFs/32E.html,https://paladindanse111.github.io/AFSC-PDFs/BASE_GOODFELLOW_AFB.html,,Active Duty
GOODFELLOW AFB,"31°26'09""N","100°24'03""W",14R LV 66873 78753,32E1C,32E1C (CIVIL ENGINEER),https://paladindanse111.github.io/AFSC-PDFs/32E.html,https://paladindanse111.github.io/AFSC-PDFs/BASE_GOODFELLOW_AFB.html,,Active Duty
GOODFELLOW AFB,"31°26'09""N","100°24'03""W",14R LV 66873 78753,32E1E,32E1E (CIVIL ENGINEER),https://paladindanse111.github.io/AFSC-PDFs/32E.html,https://paladindanse111.github.io/AFSC-PDFs/BASE_GOODFELLOW_AFB.html,,Active Duty
GOODFELLOW AFB,"31°26'09""N","100°24'03""W",14R LV 66873 78753,32E1F,32E1F (CIVIL ENGINEER),https://paladindanse111.github.io/AFSC-PDFs/32E.html,https://paladindanse111.github.io/AFSC-PDFs/BASE_GOODFELLOW_AFB.html,,Active Duty
GOODFELLOW AFB,"31°26'09""N","100°24'03""W",14R LV 66873 78753,32E1G,32E1G (CIVIL ENGINEER),https://paladindanse111.github.io/AFSC-PDFs/32E.html,https://paladindanse111.github.io/AFSC-PDFs/BASE_GOODFELLOW_AFB.html,,Active Duty
GOODFELLOW AFB,"31°26'09""N","100°24'03""W",14R LV 66873 78753,32E1J,32E1J (CIVIL ENGINEER),https://paladindanse111.github.io/AFSC-PDFs/32E.html,https://paladindanse111.github.io/AFSC-PDFs/BASE_GOODFELLOW_AFB.html,,Active Duty
GOODFELLOW AFB,"31°26'09""N","100°24'03""W",14R LV 66873 78753,35P1,35P1 (PUBLIC AFFAIRS),https://paladindanse111.github.io/AFSC-PDFs/35P.html,https://paladindanse111.github.io/AFSC-PDFs/BASE_GOODFELLOW_AFB.html,,Active Duty
GOODFELLOW AFB,"31°26'09""N","100°24'03""W",14R LV 66873 78753,38F1,38F1 (FORCE SUPPORT),https://paladindanse111.github.io/AFSC-PDFs/38F.html,https://paladindanse111.github.io/AFSC-PDFs/BASE_GOODFELLOW_AFB.html,,Active Duty
GOODFELLOW AFB,"31°26'09""N","100°24'03""W",14R LV 66873 78753,64P1,64P1 (CONTRACTING),https://paladindanse111.github.io/AFSC-PDFs/64P.html,https://paladindanse111.github.io/AFSC-PDFs/BASE_GOODFELLOW_AFB.html,,Active Duty
GOODFELLOW AFB,"31°26'09""N","100°24'03""W",14R LV 66873 78753,65F1,65F1 (FINANCIAL MANAGEMENT),https://paladindanse111.github.io/AFSC-PDFs/65F.html,https://paladindanse111.github.io/AFSC-PDFs/BASE_GOODFELLOW_AFB.html,,Active Duty
GRAND FORKS AFB,"47°57'07""N","97°22'57""W",14T PU 20768 12225,21R1,21R1 (LOGISTICS READINESS),https://paladindanse111.github.io/AFSC-PDFs/21R.html,https://paladindanse111.github.io/AFSC-PDFs/BASE_GRAND_FORKS_AFB.html,,Active Duty
GRAND FORKS AFB,"47°57'07""N","97°22'57""W",14T PU 20768 12225,32E1A,32E1A (CIVIL ENGINEER),https://paladindanse111.github.io/AFSC-PDFs/32E.html,https://paladindanse111.github.io/AFSC-PDFs/BASE_GRAND_FORKS_AFB.html,,Active Duty
GRAND FORKS AFB,"47°57'07""N","97°22'57""W",14T PU 20768 12225,32E1C,32E1C (CIVIL ENGINEER),https://paladindanse111.github.io/AFSC-PDFs/32E.html,https://paladindanse111.github.io/AFSC-PDFs/BASE_GRAND_FORKS_AFB.html,,Active Duty
GRAND FORKS AFB,"47°57'07""N","97°22'57""W",14T PU 20768 12225,32E1E,32E1E (CIVIL ENGINEER),https://paladindanse111.github.io/AFSC-PDFs/32E.html,https://paladindanse111.github.io/AFSC-PDFs/BASE_GRAND_FORKS_AFB.html,,Active Duty
GRAND FORKS AFB,"47°57'07""N","97°22'57""W",14T PU 20768 12225,32E1F,32E1F (CIVIL ENGINEER),https://paladindanse111.github.io/AFSC-PDFs/32E.html,https://paladindanse111.github.io/AFSC-PDFs/BASE_GRAND_FORKS_AFB.html,,Active Duty
GRAND FORKS AFB,"47°57'07""N","97°22'57""W",14T PU 20768 12225,32E1G,32E1G (CIVIL ENGINEER),https://paladindanse111.github.io/AFSC-PDFs/32E.html,https://paladindanse111.github.io/AFSC-PDFs/BASE_GRAND_FORKS_AFB.html,,Active Duty
GRAND FORKS AFB,"47°57'07""N","97°22'57""W",14T PU 20768 12225,32E1J,32E1J (CIVIL ENGINEER),https://paladindanse111.github.io/AFSC-PDFs/32E.html,https://paladindanse111.github.io/AFSC-PDFs/BASE_GRAND_FORKS_AFB.html,,Active Duty
GRAND FORKS AFB,"47°57'07""N","97°22'57""W",14T PU 20768 12225,38F1,38F1 (FORCE SUPPORT),https://paladindanse111.github.io/AFSC-PDFs/38F.html,https://paladindanse111.github.io/AFSC-PDFs/BASE_GRAND_FORKS_AFB.html,,Active Duty
GRAND FORKS AFB,"47°57'07""N","97°22'57""W",14T PU 20768 12225,64P1,64P1 (CONTRACTING),https://paladindanse111.github.io/AFSC-PDFs/64P.html,https://paladindanse111.github.io/AFSC-PDFs/BASE_GRAND_FORKS_AFB.html,,Active Duty
GRAND FORKS AFB,"47°57'07""N","97°22'57""W",14T PU 20768 12225,65F1,65F1 (FINANCIAL MANAGEMENT),https://paladindanse111.github.io/AFSC-PDFs/65F.html,https://paladindanse111.github.io/AFSC-PDFs/BASE_GRAND_FORKS_AFB.html,,Active Duty
HANSCOM AFB,"42°27'23""N","71°16'35""W",19T CH 12823 02961,62E1A,62E1A (DEVELOPMENTAL ENGINEER),https://paladindanse111.github.io/AFSC-PDFs/62E.html,https://paladindanse111.github.io/AFSC-PDFs/BASE_HANSCOM_AFB.html,E-4,Active Duty
HANSCOM AFB,"42°27'23""N","71°16'35""W",19T CH 12823 02961,62E1B,62E1B (DEVELOPMENTAL ENGINEER),https://paladindanse111.github.io/AFSC-PDFs/62E.html,https://paladindanse111.github.io/AFSC-PDFs/BASE_HANSCOM_AFB.html,E-4,Active Duty
HANSCOM AFB,"42°27'23""N","71°16'35""W",19T CH 12823 02961,62E1C,62E1C (DEVELOPMENTAL ENGINEER),https://paladindanse111.github.io/AFSC-PDFs/62E.html,https://paladindanse111.github.io/AFSC-PDFs/BASE_HANSCOM_AFB.html,E-4,Active Duty
HANSCOM AFB,"42°27'23""N","71°16'35""W",19T CH 12823 02961,62E1E,62E1E (DEVELOPMENTAL ENGINEER),https://paladindanse111.github.io/AFSC-PDFs/62E.html,https://paladindanse111.github.io/AFSC-PDFs/BASE_HANSCOM_AFB.html,E-4,Active Duty
HANSCOM AFB,"42°27'23""N","71°16'35""W",19T CH 12823 02961,62E1G,62E1G (DEVELOPMENTAL ENGINEER),https://paladindanse111.github.io/AFSC-PDFs/62E.html,https://paladindanse111.github.io/AFSC-PDFs/BASE_HANSCOM_AFB.html,E-4,Active Duty
HANSCOM AFB,"42°27'23""N","71°16'35""W",19T CH 12823 02961,62E1H,62E1H (DEVELOPMENTAL ENGINEER),https://paladindanse111.github.io/AFSC-PDFs/62E.html,https://paladindanse111.github.io/AFSC-PDFs/BASE_HANSCOM_AFB.html,E-4,Active Duty
HANSCOM AFB,"42°27'23""N","71°16'35""W",19T CH 12823 02961,62E1I,62E1I (DEVELOPMENTAL ENGINEER),https://paladindanse111.github.io/AFSC-PDFs/62E.html,https://paladindanse111.github.io/AFSC-PDFs/BASE_HANSCOM_AFB.html,E-4,Active Duty
HANSCOM AFB,"42°27'23""N","71°16'35""W",19T CH 12823 02961,63A1,63A1 (AQUISITION MANAGER),https://paladindanse111.github.io/AFSC-PDFs/63A.html,https://paladindanse111.github.io/AFSC-PDFs/BASE_HANSCOM_AFB.html,E-4,Active Duty
HANSCOM AFB,"42°27'23""N","71°16'35""W",19T CH 12823 02961,64P1,64P1 (CONTRACTING),https://paladindanse111.github.io/AFSC-PDFs/64P.html,https://paladindanse111.github.io/AFSC-PDFs/BASE_HANSCOM_AFB.html,E-4,Active Duty
HANSCOM AFB,"42°27'23""N","71°16'35""W",19T CH 12823 02961,65F1,65F1 (FINANCIAL MANAGEMENT),https://paladindanse111.github.io/AFSC-PDFs/65F.html,https://paladindanse111.github.io/AFSC-PDFs/BASE_HANSCOM_AFB.html,E-4,Active Duty
HANSCOM AFB,"42°27'23""N","71°16'35""W",19T CH 12823 02961,71S1,71S1 (SPECIAL INVESTIGATIONS),https://paladindanse111.github.io/AFSC-PDFs/71S.html,https://paladindanse111.github.io/AFSC-PDFs/BASE_HANSCOM_AFB.html,E-4,Active Duty
HILL AFB,"41°06'36""N","111°58'56""W",12T VL 17530 51433,13M1,13M1 (AIRFIELD OPERATIONS),https://paladindanse111.github.io/AFSC-PDFs/13M.html,https://paladindanse111.github.io/AFSC-PDFs/BASE_HILL_AFB.html,B-1,Active Duty
HILL AFB,"41°06'36""N","111°58'56""W",12T VL 17530 51433,13M1,13M1 (AIRFIELD OPERATIONS),https://paladindanse111.github.io/AFSC-PDFs/13M.html,https://paladindanse111.github.io/AFSC-PDFs/BASE_HILL_AFB.html,F-15E,Active Duty
HILL AFB,"41°06'36""N","111°58'56""W",12T VL 17530 51433,13M1,13M1 (AIRFIELD OPERATIONS),https://paladindanse111.github.io/AFSC-PDFs/13M.html,https://paladindanse111.github.io/AFSC-PDFs/BASE_HILL_AFB.html,F-16,Active Duty
HILL AFB,"41°06'36""N","111°58'56""W",12T VL 17530 51433,13M1,13M1 (AIRFIELD OPERATIONS),https://paladindanse111.github.io/AFSC-PDFs/13M.html,https://paladindanse111.github.io/AFSC-PDFs/BASE_HILL_AFB.html,F-35,Active Duty
HILL AFB,"41°06'36""N","111°58'56""W",12T VL 17530 51433,15A1,15A1 (OPERATIONS ANALYSIS OFFICER),https://paladindanse111.github.io/AFSC-PDFs/15A.html,https://paladindanse111.github.io/AFSC-PDFs/BASE_HILL_AFB.html,B-1,Active Duty
HILL AFB,"41°06'36""N","111°58'56""W",12T VL 17530 51433,15A1,15A1 (OPERATIONS ANALYSIS OFFICER),https://paladindanse111.github.io/AFSC-PDFs/15A.html,https://paladindanse111.github.io/AFSC-PDFs/BASE_HILL_AFB.html,F-15E,Active Duty
HILL AFB,"41°06'36""N","111°58'56""W",12T VL 17530 51433,15A1,15A1 (OPERATIONS ANALYSIS OFFICER),https://paladindanse111.github.io/AFSC-PDFs/15A.html,https://paladindanse111.github.io/AFSC-PDFs/BASE_HILL_AFB.html,F-16,Active Duty
HILL AFB,"41°06'36""N","111°58'56""W",12T VL 17530 51433,15A1,15A1 (OPERATIONS ANALYSIS OFFICER),https://paladindanse111.github.io/AFSC-PDFs/15A.html,https://paladindanse111.github.io/AFSC-PDFs/BASE_HILL_AFB.html,F-35,Active Duty
HILL AFB,"41°06'36""N","111°58'56""W",12T VL 17530 51433,21A1,21A1 (AIRCRAFT MAINTENANCE),https://paladindanse111.github.io/AFSC-PDFs/21A.html,https://paladindanse111.github.io/AFSC-PDFs/BASE_HILL_AFB.html,B-1,Active Duty
HILL AFB,"41°06'36""N","111°58'56""W",12T VL 17530 51433,21A1,21A1 (AIRCRAFT MAINTENANCE),https://paladindanse111.github.io/AFSC-PDFs/21A.html,https://paladindanse111.github.io/AFSC-PDFs/BASE_HILL_AFB.html,F-15E,Active Duty
HILL AFB,"41°06'36""N","111°58'56""W",12T VL 17530 51433,21A1,21A1 (AIRCRAFT MAINTENANCE),https://paladindanse111.github.io/AFSC-PDFs/21A.html,https://paladindanse111.github.io/AFSC-PDFs/BASE_HILL_AFB.html,F-16,Active Duty
HILL AFB,"41°06'36""N","111°58'56""W",12T VL 17530 51433,21A1,21A1 (AIRCRAFT MAINTENANCE),https://paladindanse111.github.io/AFSC-PDFs/21A.html,https://paladindanse111.github.io/AFSC-PDFs/BASE_HILL_AFB.html,F-35,Active Duty
HILL AFB,"41°06'36""N","111°58'56""W",12T VL 17530 51433,21M1,21M1 (MUNITIONS AND MISSILE MAINTENANCE),https://paladindanse111.github.io/AFSC-PDFs/21M.html,https://paladindanse111.github.io/AFSC-PDFs/BASE_HILL_AFB.html,B-1,Active Duty
HILL AFB,"41°06'36""N","111°58'56""W",12T VL 17530 51433,21M1,21M1 (MUNITIONS AND MISSILE MAINTENANCE),https://paladindanse111.github.io/AFSC-PDFs/21M.html,https://paladindanse111.github.io/AFSC-PDFs/BASE_HILL_AFB.html,F-15E,Active Duty
HILL AFB,"41°06'36""N","111°58'56""W",12T VL 17530 51433,21M1,21M1 (MUNITIONS AND MISSILE MAINTENANCE),https://paladindanse111.github.io/AFSC-PDFs/21M.html,https://paladindanse111.github.io/AFSC-PDFs/BASE_HILL_AFB.html,F-16,Active Duty
HILL AFB,"41°06'36""N","111°58'56""W",12T VL 17530 51433,21M1,21M1 (MUNITIONS AND MISSILE MAINTENANCE),https://paladindanse111.github.io/AFSC-PDFs/21M.html,https://paladindanse111.github.io/AFSC-PDFs/BASE_HILL_AFB.html,F-35,Active Duty
HILL AFB,"41°06'36""N","111°58'56""W",12T VL 17530 51433,21R1,21R1 (LOGISTICS READINESS),https://paladindanse111.github.io/AFSC-PDFs/21R.html,https://paladindanse111.github.io/AFSC-PDFs/BASE_HILL_AFB.html,B-1,Active Duty
HILL AFB,"41°06'36""N","111°58'56""W",12T VL 17530 51433,21R1,21R1 (LOGISTICS READINESS),https://paladindanse111.github.io/AFSC-PDFs/21R.html,https://paladindanse111.github.io/AFSC-PDFs/BASE_HILL_AFB.html,F-15E,Active Duty
HILL AFB,"41°06'36""N","111°58'56""W",12T VL 17530 51433,21R1,21R1 (LOGISTICS READINESS),https://paladindanse111.github.io/AFSC-PDFs/21R.html,https://paladindanse111.github.io/AFSC-PDFs/BASE_HILL_AFB.html,F-16,Active Duty
HILL AFB,"41°06'36""N","111°58'56""W",12T VL 17530 51433,21R1,21R1 (LOGISTICS READINESS),https://paladindanse111.github.io/AFSC-PDFs/21R.html,https://paladindanse111.github.io/AFSC-PDFs/BASE_HILL_AFB.html,F-35,Active Duty
HILL AFB,"41°06'36""N","111°58'56""W",12T VL 17530 51433,35P1,35P1 (PUBLIC AFFAIRS),https://paladindanse111.github.io/AFSC-PDFs/35P.html,https://paladindanse111.github.io/AFSC-PDFs/BASE_HILL_AFB.html,B-1,Active Duty
HILL AFB,"41°06'36""N","111°58'56""W",12T VL 17530 51433,35P1,35P1 (PUBLIC AFFAIRS),https://paladindanse111.github.io/AFSC-PDFs/35P.html,https://paladindanse111.github.io/AFSC-PDFs/BASE_HILL_AFB.html,F-15E,Active Duty
HILL AFB,"41°06'36""N","111°58'56""W",12T VL 17530 51433,35P1,35P1 (PUBLIC AFFAIRS),https://paladindanse111.github.io/AFSC-PDFs/35P.html,https://paladindanse111.github.io/AFSC-PDFs/BASE_HILL_AFB.html,F-16,Active Duty
HILL AFB,"41°06'36""N","111°58'56""W",12T VL 17530 51433,35P1,35P1 (PUBLIC AFFAIRS),https://paladindanse111.github.io/AFSC-PDFs/35P.html,https://paladindanse111.github.io/AFSC-PDFs/BASE_HILL_AFB.html,F-35,Active Duty
HILL AFB,"41°06'36""N","111°58'56""W",12T VL 17530 51433,61D1,61D1 (PHYSICIST/NUCLEAR ENGINEER),https://paladindanse111.github.io/AFSC-PDFs/61D.html,https://paladindanse111.github.io/AFSC-PDFs/BASE_HILL_AFB.html,B-1,Active Duty
HILL AFB,"41°06'36""N","111°58'56""W",12T VL 17530 51433,61D1,61D1 (PHYSICIST/NUCLEAR ENGINEER),https://paladindanse111.github.io/AFSC-PDFs/61D.html,https://paladindanse111.github.io/AFSC-PDFs/BASE_HILL_AFB.html,F-15E,Active Duty
HILL AFB,"41°06'36""N","111°58'56""W",12T VL 17530 51433,61D1,61D1 (PHYSICIST/NUCLEAR ENGINEER),https://paladindanse111.github.io/AFSC-PDFs/61D.html,https://paladindanse111.github.io/AFSC-PDFs/BASE_HILL_AFB.html,F-16,Active Duty
HILL AFB,"41°06'36""N","111°58'56""W",12T VL 17530 51433,61D1,61D1 (PHYSICIST/NUCLEAR ENGINEER),https://paladindanse111.github.io/AFSC-PDFs/61D.html,https://paladindanse111.github.io/AFSC-PDFs/BASE_HILL_AFB.html,F-35,Active Duty
HILL AFB,"41°06'36""N","111°58'56""W",12T VL 17530 51433,62E1A,62E1A (DEVELOPMENTAL ENGINEER),https://paladindanse111.github.io/AFSC-PDFs/62E.html,https://paladindanse111.github.io/AFSC-PDFs/BASE_HILL_AFB.html,B-1,Active Duty
HILL AFB,"41°06'36""N","111°58'56""W",12T VL 17530 51433,62E1A,62E1A (DEVELOPMENTAL ENGINEER),https://paladindanse111.github.io/AFSC-PDFs/62E.html,https://paladindanse111.github.io/AFSC-PDFs/BASE_HILL_AFB.html,F-15E,Active Duty
HILL AFB,"41°06'36""N","111°58'56""W",12T VL 17530 51433,62E1A,62E1A (DEVELOPMENTAL ENGINEER),https://paladindanse111.github.io/AFSC-PDFs/62E.html,https://paladindanse111.github.io/AFSC-PDFs/BASE_HILL_AFB.html,F-16,Active Duty
HILL AFB,"41°06'36""N","111°58'56""W",12T VL 17530 51433,62E1A,62E1A (DEVELOPMENTAL ENGINEER),https://paladindanse111.github.io/AFSC-PDFs/62E.html,https://paladindanse111.github.io/AFSC-PDFs/BASE_HILL_AFB.html,F-35,Active Duty
HILL AFB,"41°06'36""N","111°58'56""W",12T VL 17530 51433,62E1B,62E1B (DEVELOPMENTAL ENGINEER),https://paladindanse111.github.io/AFSC-PDFs/62E.html,https://paladindanse111.github.io/AFSC-PDFs/BASE_HILL_AFB.html,B-1,Active Duty
HILL AFB,"41°06'36""N","111°58'56""W",12T VL 17530 51433,62E1B,62E1B (DEVELOPMENTAL ENGINEER),https://paladindanse111.github.io/AFSC-PDFs/62E.html,https://paladindanse111.github.io/AFSC-PDFs/BASE_HILL_AFB.html,F-15E,Active Duty
HILL AFB,"41°06'36""N","111°58'56""W",12T VL 17530 51433,62E1B,62E1B (DEVELOPMENTAL ENGINEER),https://paladindanse111.github.io/AFSC-PDFs/62E.html,https://paladindanse111.github.io/AFSC-PDFs/BASE_HILL_AFB.html,F-16,Active Duty
HILL AFB,"41°06'36""N","111°58'56""W",12T VL 17530 51433,62E1B,62E1B (DEVELOPMENTAL ENGINEER),https://paladindanse111.github.io/AFSC-PDFs/62E.html,https://paladindanse111.github.io/AFSC-PDFs/BASE_HILL_AFB.html,F-35,Active Duty
HILL AFB,"41°06'36""N","111°58'56""W",12T VL 17530 51433,62E1C,62E1C (DEVELOPMENTAL ENGINEER),https://paladindanse111.github.io/AFSC-PDFs/62E.html,https://paladindanse111.github.io/AFSC-PDFs/BASE_HILL_AFB.html,B-1,Active Duty
HILL AFB,"41°06'36""N","111°58'56""W",12T VL 17530 51433,62E1C,62E1C (DEVELOPMENTAL ENGINEER),https://paladindanse111.github.io/AFSC-PDFs/62E.html,https://paladindanse111.github.io/AFSC-PDFs/BASE_HILL_AFB.html,F-15E,Active Duty
HILL AFB,"41°06'36""N","111°58'56""W",12T VL 17530 51433,62E1C,62E1C (DEVELOPMENTAL ENGINEER),https://paladindanse111.github.io/AFSC-PDFs/62E.html,https://paladindanse111.github.io/AFSC-PDFs/BASE_HILL_AFB.html,F-16,Active Duty
HILL AFB,"41°06'36""N","111°58'56""W",12T VL 17530 51433,62E1C,62E1C (DEVELOPMENTAL ENGINEER),https://paladindanse111.github.io/AFSC-PDFs/62E.html,https://paladindanse111.github.io/AFSC-PDFs/BASE_HILL_AFB.html,F-35,Active Duty
HILL AFB,"41°06'36""N","111°58'56""W",12T VL 17530 51433,62E1E,62E1E (DEVELOPMENTAL ENGINEER),https://paladindanse111.github.io/AFSC-PDFs/62E.html,https://paladindanse111.github.io/AFSC-PDFs/BASE_HILL_AFB.html,B-1,Active Duty
HILL AFB,"41°06'36""N","111°58'56""W",12T VL 17530 51433,62E1E,62E1E (DEVELOPMENTAL ENGINEER),https://paladindanse111.github.io/AFSC-PDFs/62E.html,https://paladindanse111.github.io/AFSC-PDFs/BASE_HILL_AFB.html,F-15E,Active Duty
HILL AFB,"41°06'36""N","111°58'56""W",12T VL 17530 51433,62E1E,62E1E (DEVELOPMENTAL ENGINEER),https://paladindanse111.github.io/AFSC-PDFs/62E.html,https://paladindanse111.github.io/AFSC-PDFs/BASE_HILL_AFB.html,F-16,Active Duty
HILL AFB,"41°06'36""N","111°58'56""W",12T VL 17530 51433,62E1E,62E1E (DEVELOPMENTAL ENGINEER),https://paladindanse111.github.io/AFSC-PDFs/62E.html,https://paladindanse111.github.io/AFSC-PDFs/BASE_HILL_AFB.html,F-35,Active Duty
HILL AFB,"41°06'36""N","111°58'56""W",12T VL 17530 51433,62E1G,62E1G (DEVELOPMENTAL ENGINEER),https://paladindanse111.github.io/AFSC-PDFs/62E.html,https://paladindanse111.github.io/AFSC-PDFs/BASE_HILL_AFB.html,B-1,Active Duty
HILL AFB,"41°06'36""N","111°58'56""W",12T VL 17530 51433,62E1G,62E1G (DEVELOPMENTAL ENGINEER),https://paladindanse111.github.io/AFSC-PDFs/62E.html,https://paladindanse111.github.io/AFSC-PDFs/BASE_HILL_AFB.html,F-15E,Active Duty
HILL AFB,"41°06'36""N","111°58'56""W",12T VL 17530 51433,62E1G,62E1G (DEVELOPMENTAL ENGINEER),https://paladindanse111.github.io/AFSC-PDFs/62E.html,https://paladindanse111.github.io/AFSC-PDFs/BASE_HILL_AFB.html,F-16,Active Duty
HILL AFB,"41°06'36""N","111°58'56""W",12T VL 17530 51433,62E1G,62E1G (DEVELOPMENTAL ENGINEER),https://paladindanse111.github.io/AFSC-PDFs/62E.html,https://paladindanse111.github.io/AFSC-PDFs/BASE_HILL_AFB.html,F-35,Active Duty
HILL AFB,"41°06'36""N","111°58'56""W",12T VL 17530 51433,62E1H,62E1H (DEVELOPMENTAL ENGINEER),https://paladindanse111.github.io/AFSC-PDFs/62E.html,https://paladindanse111.github.io/AFSC-PDFs/BASE_HILL_AFB.html,B-1,Active Duty
HILL AFB,"41°06'36""N","111°58'56""W",12T VL 17530 51433,62E1H,62E1H (DEVELOPMENTAL ENGINEER),https://paladindanse111.github.io/AFSC-PDFs/62E.html,https://paladindanse111.github.io/AFSC-PDFs/BASE_HILL_AFB.html,F-15E,Active Duty
HILL AFB,"41°06'36""N","111°58'56""W",12T VL 17530 51433,62E1H,62E1H (DEVELOPMENTAL ENGINEER),https://paladindanse111.github.io/AFSC-PDFs/62E.html,https://paladindanse111.github.io/AFSC-PDFs/BASE_HILL_AFB.html,F-16,Active Duty
HILL AFB,"41°06'36""N","111°58'56""W",12T VL 17530 51433,62E1H,62E1H (DEVELOPMENTAL ENGINEER),https://paladindanse111.github.io/AFSC-PDFs/62E.html,https://paladindanse111.github.io/AFSC-PDFs/BASE_HILL_AFB.html,F-35,Active Duty
HILL AFB,"41°06'36""N","111°58'56""W",12T VL 17530 51433,62E1I,62E1I (DEVELOPMENTAL ENGINEER),https://paladindanse111.github.io/AFSC-PDFs/62E.html,https://paladindanse111.github.io/AFSC-PDFs/BASE_HILL_AFB.html,B-1,Active Duty
HILL AFB,"41°06'36""N","111°58'56""W",12T VL 17530 51433,62E1I,62E1I (DEVELOPMENTAL ENGINEER),https://paladindanse111.github.io/AFSC-PDFs/62E.html,https://paladindanse111.github.io/AFSC-PDFs/BASE_HILL_AFB.html,F-15E,Active Duty
HILL AFB,"41°06'36""N","111°58'56""W",12T VL 17530 51433,62E1I,62E1I (DEVELOPMENTAL ENGINEER),https://paladindanse111.github.io/AFSC-PDFs/62E.html,https://paladindanse111.github.io/AFSC-PDFs/BASE_HILL_AFB.html,F-16,Active Duty
HILL AFB,"41°06'36""N","111°58'56""W",12T VL 17530 51433,62E1I,62E1I (DEVELOPMENTAL ENGINEER),https://paladindanse111.github.io/AFSC-PDFs/62E.html,https://paladindanse111.github.io/AFSC-PDFs/BASE_HILL_AFB.html,F-35,Active Duty
HILL AFB,"41°06'36""N","111°58'56""W",12T VL 17530 51433,63A1,63A1 (AQUISITION MANAGER),https://paladindanse111.github.io/AFSC-PDFs/63A.html,https://paladindanse111.github.io/AFSC-PDFs/BASE_HILL_AFB.html,B-1,Active Duty
HILL AFB,"41°06'36""N","111°58'56""W",12T VL 17530 51433,63A1,63A1 (AQUISITION MANAGER),https://paladindanse111.github.io/AFSC-PDFs/63A.html,https://paladindanse111.github.io/AFSC-PDFs/BASE_HILL_AFB.html,F-15E,Active Duty
HILL AFB,"41°06'36""N","111°58'56""W",12T VL 17530 51433,63A1,63A1 (AQUISITION MANAGER),https://paladindanse111.github.io/AFSC-PDFs/63A.html,https://paladindanse111.github.io/AFSC-PDFs/BASE_HILL_AFB.html,F-16,Active Duty
HILL AFB,"41°06'36""N","111°58'56""W",12T VL 17530 51433,63A1,63A1 (AQUISITION MANAGER),https://paladindanse111.github.io/AFSC-PDFs/63A.html,https://paladindanse111.github.io/AFSC-PDFs/BASE_HILL_AFB.html,F-35,Active Duty
HILL AFB,"41°06'36""N","111°58'56""W",12T VL 17530 51433,64P1,64P1 (CONTRACTING),https://paladindanse111.github.io/AFSC-PDFs/64P.html,https://paladindanse111.github.io/AFSC-PDFs/BASE_HILL_AFB.html,B-1,Active Duty
HILL AFB,"41°06'36""N","111°58'56""W",12T VL 17530 51433,64P1,64P1 (CONTRACTING),https://paladindanse111.github.io/AFSC-PDFs/64P.html,https://paladindanse111.github.io/AFSC-PDFs/BASE_HILL_AFB.html,F-15E,Active Duty
HILL AFB,"41°06'36""N","111°58'56""W",12T VL 17530 51433,64P1,64P1 (CONTRACTING),https://paladindanse111.github.io/AFSC-PDFs/64P.html,https://paladindanse111.github.io/AFSC-PDFs/BASE_HILL_AFB.html,F-16,Active Duty
HILL AFB,"41°06'36""N","111°58'56""W",12T VL 17530 51433,64P1,64P1 (CONTRACTING),https://paladindanse111.github.io/AFSC-PDFs/64P.html,https://paladindanse111.github.io/AFSC-PDFs/BASE_HILL_AFB.html,F-35,Active Duty
HILL AFB,"41°06'36""N","111°58'56""W",12T VL 17530 51433,65F1,65F1 (FINANCIAL MANAGEMENT),https://paladindanse111.github.io/AFSC-PDFs/65F.html,https://paladindanse111.github.io/AFSC-PDFs/BASE_HILL_AFB.html,B-1,Active Duty
HILL AFB,"41°06'36""N","111°58'56""W",12T VL 17530 51433,65F1,65F1 (FINANCIAL MANAGEMENT),https://paladindanse111.github.io/AFSC-PDFs/65F.html,https://paladindanse111.github.io/AFSC-PDFs/BASE_HILL_AFB.html,F-15E,Active Duty
HILL AFB,"41°06'36""N","111°58'56""W",12T VL 17530 51433,65F1,65F1 (FINANCIAL MANAGEMENT),https://paladindanse111.github.io/AFSC-PDFs/65F.html,https://paladindanse111.github.io/AFSC-PDFs/BASE_HILL_AFB.html,F-16,Active Duty
HILL AFB,"41°06'36""N","111°58'56""W",12T VL 17530 51433,65F1,65F1 (FINANCIAL MANAGEMENT),https://paladindanse111.github.io/AFSC-PDFs/65F.html,https://paladindanse111.github.io/AFSC-PDFs/BASE_HILL_AFB.html,F-35,Active Duty
HILL AFB,"41°06'36""N","111°58'56""W",12T VL 17530 51433,71S1,71S1 (SPECIAL INVESTIGATIONS),https://paladindanse111.github.io/AFSC-PDFs/71S.html,https://paladindanse111.github.io/AFSC-PDFs/BASE_HILL_AFB.html,B-1,Active Duty
HILL AFB,"41°06'36""N","111°58'56""W",12T VL 17530 51433,71S1,71S1 (SPECIAL INVESTIGATIONS),https://paladindanse111.github.io/AFSC-PDFs/71S.html,https://paladindanse111.github.io/AFSC-PDFs/BASE_HILL_AFB.html,F-15E,Active Duty
HILL AFB,"41°06'36""N","111°58'56""W",12T VL 17530 51433,71S1,71S1 (SPECIAL INVESTIGATIONS),https://paladindanse111.github.io/AFSC-PDFs/71S.html,https://paladindanse111.github.io/AFSC-PDFs/BASE_HILL_AFB.html,F-16,Active Duty
HILL AFB,"41°06'36""N","111°58'56""W",12T VL 17530 51433,71S1,71S1 (SPECIAL INVESTIGATIONS),https://paladindanse111.github.io/AFSC-PDFs/71S.html,https://paladindanse111.github.io/AFSC-PDFs/BASE_HILL_AFB.html,F-35,Active Duty
HOLLOMAN AFB,"32°50'33""N","106°05'55""W",13S CS 97187 34361,15W1,15W1 (WEATHER AND ENVIRONMENTAL SCIENCES),https://paladindanse111.github.io/AFSC-PDFs/15W.html,https://paladindanse111.github.io/AFSC-PDFs/BASE_HOLLOMAN_AFB.html,F-16,Active Duty
HOLLOMAN AFB,"32°50'33""N","106°05'55""W",13S CS 97187 34361,21A1,21A1 (AIRCRAFT MAINTENANCE),https://paladindanse111.github.io/AFSC-PDFs/21A.html,https://paladindanse111.github.io/AFSC-PDFs/BASE_HOLLOMAN_AFB.html,F-16,Active Duty
HOLLOMAN AFB,"32°50'33""N","106°05'55""W",13S CS 97187 34361,21M1,21M1 (MUNITIONS AND MISSILE MAINTENANCE),https://paladindanse111.github.io/AFSC-PDFs/21M.html,https://paladindanse111.github.io/AFSC-PDFs/BASE_HOLLOMAN_AFB.html,F-16,Active Duty
HOLLOMAN AFB,"32°50'33""N","106°05'55""W",13S CS 97187 34361,21R1,21R1 (LOGISTICS READINESS),https://paladindanse111.github.io/AFSC-PDFs/21R.html,https://paladindanse111.github.io/AFSC-PDFs/BASE_HOLLOMAN_AFB.html,F-16,Active Duty
HOLLOMAN AFB,"32°50'33""N","106°05'55""W",13S CS 97187 34361,32E1A,32E1A (CIVIL ENGINEER),https://paladindanse111.github.io/AFSC-PDFs/32E.html,https://paladindanse111.github.io/AFSC-PDFs/BASE_HOLLOMAN_AFB.html,F-16,Active Duty
HOLLOMAN AFB,"32°50'33""N","106°05'55""W",13S CS 97187 34361,32E1C,32E1C (CIVIL ENGINEER),https://paladindanse111.github.io/AFSC-PDFs/32E.html,https://paladindanse111.github.io/AFSC-PDFs/BASE_HOLLOMAN_AFB.html,F-16,Active Duty
HOLLOMAN AFB,"32°50'33""N","106°05'55""W",13S CS 97187 34361,32E1E,32E1E (CIVIL ENGINEER),https://paladindanse111.github.io/AFSC-PDFs/32E.html,https://paladindanse111.github.io/AFSC-PDFs/BASE_HOLLOMAN_AFB.html,F-16,Active Duty
HOLLOMAN AFB,"32°50'33""N","106°05'55""W",13S CS 97187 34361,32E1F,32E1F (CIVIL ENGINEER),https://paladindanse111.github.io/AFSC-PDFs/32E.html,https://paladindanse111.github.io/AFSC-PDFs/BASE_HOLLOMAN_AFB.html,F-16,Active Duty
HOLLOMAN AFB,"32°50'33""N","106°05'55""W",13S CS 97187 34361,32E1G,32E1G (CIVIL ENGINEER),https://paladindanse111.github.io/AFSC-PDFs/32E.html,https://paladindanse111.github.io/AFSC-PDFs/BASE_HOLLOMAN_AFB.html,F-16,Active Duty
HOLLOMAN AFB,"32°50'33""N","106°05'55""W",13S CS 97187 34361,32E1J,32E1J (CIVIL ENGINEER),https://paladindanse111.github.io/AFSC-PDFs/32E.html,https://paladindanse111.github.io/AFSC-PDFs/BASE_HOLLOMAN_AFB.html,F-16,Active Duty
HOLLOMAN AFB,"32°50'33""N","106°05'55""W",13S CS 97187 34361,35P1,35P1 (PUBLIC AFFAIRS),https://paladindanse111.github.io/AFSC-PDFs/35P.html,https://paladindanse111.github.io/AFSC-PDFs/BASE_HOLLOMAN_AFB.html,F-16,Active Duty
HOLLOMAN AFB,"32°50'33""N","106°05'55""W",13S CS 97187 34361,38F1,38F1 (FORCE SUPPORT),https://paladindanse111.github.io/AFSC-PDFs/38F.html,https://paladindanse111.github.io/AFSC-PDFs/BASE_HOLLOMAN_AFB.html,F-16,Active Duty
HOLLOMAN AFB,"32°50'33""N","106°05'55""W",13S CS 97187 34361,62E1A,62E1A (DEVELOPMENTAL ENGINEER),https://paladindanse111.github.io/AFSC-PDFs/62E.html,https://paladindanse111.github.io/AFSC-PDFs/BASE_HOLLOMAN_AFB.html,F-16,Active Duty
HOLLOMAN AFB,"32°50'33""N","106°05'55""W",13S CS 97187 34361,62E1B,62E1B (DEVELOPMENTAL ENGINEER),https://paladindanse111.github.io/AFSC-PDFs/62E.html,https://paladindanse111.github.io/AFSC-PDFs/BASE_HOLLOMAN_AFB.html,F-16,Active Duty
HOLLOMAN AFB,"32°50'33""N","106°05'55""W",13S CS 97187 34361,62E1C,62E1C (DEVELOPMENTAL ENGINEER),https://paladindanse111.github.io/AFSC-PDFs/62E.html,https://paladindanse111.github.io/AFSC-PDFs/BASE_HOLLOMAN_AFB.html,F-16,Active Duty
HOLLOMAN AFB,"32°50'33""N","106°05'55""W",13S CS 97187 34361,62E1E,62E1E (DEVELOPMENTAL ENGINEER),https://paladindanse111.github.io/AFSC-PDFs/62E.html,https://paladindanse111.github.io/AFSC-PDFs/BASE_HOLLOMAN_AFB.html,F-16,Active Duty
HOLLOMAN AFB,"32°50'33""N","106°05'55""W",13S CS 97187 34361,62E1G,62E1G (DEVELOPMENTAL ENGINEER),https://paladindanse111.github.io/AFSC-PDFs/62E.html,https://paladindanse111.github.io/AFSC-PDFs/BASE_HOLLOMAN_AFB.html,F-16,Active Duty
HOLLOMAN AFB,"32°50'33""N","106°05'55""W",13S CS 97187 34361,62E1H,62E1H (DEVELOPMENTAL ENGINEER),https://paladindanse111.github.io/AFSC-PDFs/62E.html,https://paladindanse111.github.io/AFSC-PDFs/BASE_HOLLOMAN_AFB.html,F-16,Active Duty
HOLLOMAN AFB,"32°50'33""N","106°05'55""W",13S CS 97187 34361,62E1I,62E1I (DEVELOPMENTAL ENGINEER),https://paladindanse111.github.io/AFSC-PDFs/62E.html,https://paladindanse111.github.io/AFSC-PDFs/BASE_HOLLOMAN_AFB.html,F-16,Active Duty
HOLLOMAN AFB,"32°50'33""N","106°05'55""W",13S CS 97187 34361,63A1,63A1 (AQUISITION MANAGER),https://paladindanse111.github.io/AFSC-PDFs/63A.html,https://paladindanse111.github.io/AFSC-PDFs/BASE_HOLLOMAN_AFB.html,F-16,Active Duty
HOLLOMAN AFB,"32°50'33""N","106°05'55""W",13S CS 97187 34361,64P1,64P1 (CONTRACTING),https://paladindanse111.github.io/AFSC-PDFs/64P.html,https://paladindanse111.github.io/AFSC-PDFs/BASE_HOLLOMAN_AFB.html,F-16,Active Duty
HOLLOMAN AFB,"32°50'33""N","106°05'55""W",13S CS 97187 34361,65F1,65F1 (FINANCIAL MANAGEMENT),https://paladindanse111.github.io/AFSC-PDFs/65F.html,https://paladindanse111.github.io/AFSC-PDFs/BASE_HOLLOMAN_AFB.html,F-16,Active Duty
HURLBURT FIELD,"30°25'23""N","86°41'41""W",16R EU 29317 65704,14F1,14F1 (INFORMATION OPERATIONS),https://paladindanse111.github.io/AFSC-PDFs/14F.html,https://paladindanse111.github.io/AFSC-PDFs/BASE_HURLBURT_FIELD.html,AC-130J,Active Duty
HURLBURT FIELD,"30°25'23""N","86°41'41""W",16R EU 29317 65704,14F1,14F1 (INFORMATION OPERATIONS),https://paladindanse111.github.io/AFSC-PDFs/14F.html,https://paladindanse111.github.io/AFSC-PDFs/BASE_HURLBURT_FIELD.html,CV-22,Active Duty
HURLBURT FIELD,"30°25'23""N","86°41'41""W",16R EU 29317 65704,14F1,14F1 (INFORMATION OPERATIONS),https://paladindanse111.github.io/AFSC-PDFs/14F.html,https://paladindanse111.github.io/AFSC-PDFs/BASE_HURLBURT_FIELD.html,MC-130H,Active Duty
HURLBURT FIELD,"30°25'23""N","86°41'41""W",16R EU 29317 65704,14F1,14F1 (INFORMATION OPERATIONS),https://paladindanse111.github.io/AFSC-PDFs/14F.html,https://paladindanse111.github.io/AFSC-PDFs/BASE_HURLBURT_FIELD.html,MC-130J,Active Duty
HURLBURT FIELD,"30°25'23""N","86°41'41""W",16R EU 29317 65704,14F1,14F1 (INFORMATION OPERATIONS),https://paladindanse111.github.io/AFSC-PDFs/14F.html,https://paladindanse111.github.io/AFSC-PDFs/BASE_HURLBURT_FIELD.html,U-28,Active Duty
HURLBURT FIELD,"30°25'23""N","86°41'41""W",16R EU 29317 65704,21A1,21A1 (AIRCRAFT MAINTENANCE),https://paladindanse111.github.io/AFSC-PDFs/21A.html,https://paladindanse111.github.io/AFSC-PDFs/BASE_HURLBURT_FIELD.html,AC-130J,Active Duty
HURLBURT FIELD,"30°25'23""N","86°41'41""W",16R EU 29317 65704,21A1,21A1 (AIRCRAFT MAINTENANCE),https://paladindanse111.github.io/AFSC-PDFs/21A.html,https://paladindanse111.github.io/AFSC-PDFs/BASE_HURLBURT_FIELD.html,CV-22,Active Duty
HURLBURT FIELD,"30°25'23""N","86°41'41""W",16R EU 29317 65704,21A1,21A1 (AIRCRAFT MAINTENANCE),https://paladindanse111.github.io/AFSC-PDFs/21A.html,https://paladindanse111.github.io/AFSC-PDFs/BASE_HURLBURT_FIELD.html,MC-130H,Active Duty
HURLBURT FIELD,"30°25'23""N","86°41'41""W",16R EU 29317 65704,21A1,21A1 (AIRCRAFT MAINTENANCE),https://paladindanse111.github.io/AFSC-PDFs/21A.html,https://paladindanse111.github.io/AFSC-PDFs/BASE_HURLBURT_FIELD.html,MC-130J,Active Duty
HURLBURT FIELD,"30°25'23""N","86°41'41""W",16R EU 29317 65704,21A1,21A1 (AIRCRAFT MAINTENANCE),https://paladindanse111.github.io/AFSC-PDFs/21A.html,https://paladindanse111.github.io/AFSC-PDFs/BASE_HURLBURT_FIELD.html,U-28,Active Duty
HURLBURT FIELD,"30°25'23""N","86°41'41""W",16R EU 29317 65704,21M1,21M1 (MUNITIONS AND MISSILE MAINTENANCE),https://paladindanse111.github.io/AFSC-PDFs/21M.html,https://paladindanse111.github.io/AFSC-PDFs/BASE_HURLBURT_FIELD.html,AC-130J,Active Duty
HURLBURT FIELD,"30°25'23""N","86°41'41""W",16R EU 29317 65704,21M1,21M1 (MUNITIONS AND MISSILE MAINTENANCE),https://paladindanse111.github.io/AFSC-PDFs/21M.html,https://paladindanse111.github.io/AFSC-PDFs/BASE_HURLBURT_FIELD.html,CV-22,Active Duty
HURLBURT FIELD,"30°25'23""N","86°41'41""W",16R EU 29317 65704,21M1,21M1 (MUNITIONS AND MISSILE MAINTENANCE),https://paladindanse111.github.io/AFSC-PDFs/21M.html,https://paladindanse111.github.io/AFSC-PDFs/BASE_HURLBURT_FIELD.html,MC-130H,Active Duty
HURLBURT FIELD,"30°25'23""N","86°41'41""W",16R EU 29317 65704,21M1,21M1 (MUNITIONS AND MISSILE MAINTENANCE),https://paladindanse111.github.io/AFSC-PDFs/21M.html,https://paladindanse111.github.io/AFSC-PDFs/BASE_HURLBURT_FIELD.html,MC-130J,Active Duty
HURLBURT FIELD,"30°25'23""N","86°41'41""W",16R EU 29317 65704,21M1,21M1 (MUNITIONS AND MISSILE MAINTENANCE),https://paladindanse111.github.io/AFSC-PDFs/21M.html,https://paladindanse111.github.io/AFSC-PDFs/BASE_HURLBURT_FIELD.html,U-28,Active Duty
HURLBURT FIELD,"30°25'23""N","86°41'41""W",16R EU 29317 65704,21R1,21R1 (LOGISTICS READINESS),https://paladindanse111.github.io/AFSC-PDFs/21R.html,https://paladindanse111.github.io/AFSC-PDFs/BASE_HURLBURT_FIELD.html,AC-130J,Active Duty
HURLBURT FIELD,"30°25'23""N","86°41'41""W",16R EU 29317 65704,21R1,21R1 (LOGISTICS READINESS),https://paladindanse111.github.io/AFSC-PDFs/21R.html,https://paladindanse111.github.io/AFSC-PDFs/BASE_HURLBURT_FIELD.html,CV-22,Active Duty
HURLBURT FIELD,"30°25'23""N","86°41'41""W",16R EU 29317 65704,21R1,21R1 (LOGISTICS READINESS),https://paladindanse111.github.io/AFSC-PDFs/21R.html,https://paladindanse111.github.io/AFSC-PDFs/BASE_HURLBURT_FIELD.html,MC-130H,Active Duty
HURLBURT FIELD,"30°25'23""N","86°41'41""W",16R EU 29317 65704,21R1,21R1 (LOGISTICS READINESS),https://paladindanse111.github.io/AFSC-PDFs/21R.html,https://paladindanse111.github.io/AFSC-PDFs/BASE_HURLBURT_FIELD.html,MC-130J,Active Duty
HURLBURT FIELD,"30°25'23""N","86°41'41""W",16R EU 29317 65704,21R1,21R1 (LOGISTICS READINESS),https://paladindanse111.github.io/AFSC-PDFs/21R.html,https://paladindanse111.github.io/AFSC-PDFs/BASE_HURLBURT_FIELD.html,U-28,Active Duty
HURLBURT FIELD,"30°25'23""N","86°41'41""W",16R EU 29317 65704,32E1A,32E1A (CIVIL ENGINEER),https://paladindanse111.github.io/AFSC-PDFs/32E.html,https://paladindanse111.github.io/AFSC-PDFs/BASE_HURLBURT_FIELD.html,AC-130J,Active Duty
HURLBURT FIELD,"30°25'23""N","86°41'41""W",16R EU 29317 65704,32E1A,32E1A (CIVIL ENGINEER),https://paladindanse111.github.io/AFSC-PDFs/32E.html,https://paladindanse111.github.io/AFSC-PDFs/BASE_HURLBURT_FIELD.html,CV-22,Active Duty
HURLBURT FIELD,"30°25'23""N","86°41'41""W",16R EU 29317 65704,32E1A,32E1A (CIVIL ENGINEER),https://paladindanse111.github.io/AFSC-PDFs/32E.html,https://paladindanse111.github.io/AFSC-PDFs/BASE_HURLBURT_FIELD.html,MC-130H,Active Duty
HURLBURT FIELD,"30°25'23""N","86°41'41""W",16R EU 29317 65704,32E1A,32E1A (CIVIL ENGINEER),https://paladindanse111.github.io/AFSC-PDFs/32E.html,https://paladindanse111.github.io/AFSC-PDFs/BASE_HURLBURT_FIELD.html,MC-130J,Active Duty
HURLBURT FIELD,"30°25'23""N","86°41'41""W",16R EU 29317 65704,32E1A,32E1A (CIVIL ENGINEER),https://paladindanse111.github.io/AFSC-PDFs/32E.html,https://paladindanse111.github.io/AFSC-PDFs/BASE_HURLBURT_FIELD.html,U-28,Active Duty
HURLBURT FIELD,"30°25'23""N","86°41'41""W",16R EU 29317 65704,32E1C,32E1C (CIVIL ENGINEER),https://paladindanse111.github.io/AFSC-PDFs/32E.html,https://paladindanse111.github.io/AFSC-PDFs/BASE_HURLBURT_FIELD.html,AC-130J,Active Duty
HURLBURT FIELD,"30°25'23""N","86°41'41""W",16R EU 29317 65704,32E1C,32E1C (CIVIL ENGINEER),https://paladindanse111.github.io/AFSC-PDFs/32E.html,https://paladindanse111.github.io/AFSC-PDFs/BASE_HURLBURT_FIELD.html,CV-22,Active Duty
HURLBURT FIELD,"30°25'23""N","86°41'41""W",16R EU 29317 65704,32E1C,32E1C (CIVIL ENGINEER),https://paladindanse111.github.io/AFSC-PDFs/32E.html,https://paladindanse111.github.io/AFSC-PDFs/BASE_HURLBURT_FIELD.html,MC-130H,Active Duty
HURLBURT FIELD,"30°25'23""N","86°41'41""W",16R EU 29317 65704,32E1C,32E1C (CIVIL ENGINEER),https://paladindanse111.github.io/AFSC-PDFs/32E.html,https://paladindanse111.github.io/AFSC-PDFs/BASE_HURLBURT_FIELD.html,MC-130J,Active Duty
HURLBURT FIELD,"30°25'23""N","86°41'41""W",16R EU 29317 65704,32E1C,32E1C (CIVIL ENGINEER),https://paladindanse111.github.io/AFSC-PDFs/32E.html,https://paladindanse111.github.io/AFSC-PDFs/BASE_HURLBURT_FIELD.html,U-28,Active Duty
HURLBURT FIELD,"30°25'23""N","86°41'41""W",16R EU 29317 65704,32E1E,32E1E (CIVIL ENGINEER),https://paladindanse111.github.io/AFSC-PDFs/32E.html,https://paladindanse111.github.io/AFSC-PDFs/BASE_HURLBURT_FIELD.html,AC-130J,Active Duty
HURLBURT FIELD,"30°25'23""N","86°41'41""W",16R EU 29317 65704,32E1E,32E1E (CIVIL ENGINEER),https://paladindanse111.github.io/AFSC-PDFs/32E.html,https://paladindanse111.github.io/AFSC-PDFs/BASE_HURLBURT_FIELD.html,CV-22,Active Duty
HURLBURT FIELD,"30°25'23""N","86°41'41""W",16R EU 29317 65704,32E1E,32E1E (CIVIL ENGINEER),https://paladindanse111.github.io/AFSC-PDFs/32E.html,https://paladindanse111.github.io/AFSC-PDFs/BASE_HURLBURT_FIELD.html,MC-130H,Active Duty
HURLBURT FIELD,"30°25'23""N","86°41'41""W",16R EU 29317 65704,32E1E,32E1E (CIVIL ENGINEER),https://paladindanse111.github.io/AFSC-PDFs/32E.html,https://paladindanse111.github.io/AFSC-PDFs/BASE_HURLBURT_FIELD.html,MC-130J,Active Duty
HURLBURT FIELD,"30°25'23""N","86°41'41""W",16R EU 29317 65704,32E1E,32E1E (CIVIL ENGINEER),https://paladindanse111.github.io/AFSC-PDFs/32E.html,https://paladindanse111.github.io/AFSC-PDFs/BASE_HURLBURT_FIELD.html,U-28,Active Duty
HURLBURT FIELD,"30°25'23""N","86°41'41""W",16R EU 29317 65704,32E1F,32E1F (CIVIL ENGINEER),https://paladindanse111.github.io/AFSC-PDFs/32E.html,https://paladindanse111.github.io/AFSC-PDFs/BASE_HURLBURT_FIELD.html,AC-130J,Active Duty
HURLBURT FIELD,"30°25'23""N","86°41'41""W",16R EU 29317 65704,32E1F,32E1F (CIVIL ENGINEER),https://paladindanse111.github.io/AFSC-PDFs/32E.html,https://paladindanse111.github.io/AFSC-PDFs/BASE_HURLBURT_FIELD.html,CV-22,Active Duty
HURLBURT FIELD,"30°25'23""N","86°41'41""W",16R EU 29317 65704,32E1F,32E1F (CIVIL ENGINEER),https://paladindanse111.github.io/AFSC-PDFs/32E.html,https://paladindanse111.github.io/AFSC-PDFs/BASE_HURLBURT_FIELD.html,MC-130H,Active Duty
HURLBURT FIELD,"30°25'23""N","86°41'41""W",16R EU 29317 65704,32E1F,32E1F (CIVIL ENGINEER),https://paladindanse111.github.io/AFSC-PDFs/32E.html,https://paladindanse111.github.io/AFSC-PDFs/BASE_HURLBURT_FIELD.html,MC-130J,Active Duty
HURLBURT FIELD,"30°25'23""N","86°41'41""W",16R EU 29317 65704,32E1F,32E1F (CIVIL ENGINEER),https://paladindanse111.github.io/AFSC-PDFs/32E.html,https://paladindanse111.github.io/AFSC-PDFs/BASE_HURLBURT_FIELD.html,U-28,Active Duty
HURLBURT FIELD,"30°25'23""N","86°41'41""W",16R EU 29317 65704,32E1G,32E1G (CIVIL ENGINEER),https://paladindanse111.github.io/AFSC-PDFs/32E.html,https://paladindanse111.github.io/AFSC-PDFs/BASE_HURLBURT_FIELD.html,AC-130J,Active Duty
HURLBURT FIELD,"30°25'23""N","86°41'41""W",16R EU 29317 65704,32E1G,32E1G (CIVIL ENGINEER),https://paladindanse111.github.io/AFSC-PDFs/32E.html,https://paladindanse111.github.io/AFSC-PDFs/BASE_HURLBURT_FIELD.html,CV-22,Active Duty
HURLBURT FIELD,"30°25'23""N","86°41'41""W",16R EU 29317 65704,32E1G,32E1G (CIVIL ENGINEER),https://paladindanse111.github.io/AFSC-PDFs/32E.html,https://paladindanse111.github.io/AFSC-PDFs/BASE_HURLBURT_FIELD.html,MC-130H,Active Duty
HURLBURT FIELD,"30°25'23""N","86°41'41""W",16R EU 29317 65704,32E1G,32E1G (CIVIL ENGINEER),https://paladindanse111.github.io/AFSC-PDFs/32E.html,https://paladindanse111.github.io/AFSC-PDFs/BASE_HURLBURT_FIELD.html,MC-130J,Active Duty
HURLBURT FIELD,"30°25'23""N","86°41'41""W",16R EU 29317 65704,32E1G,32E1G (CIVIL ENGINEER),https://paladindanse111.github.io/AFSC-PDFs/32E.html,https://paladindanse111.github.io/AFSC-PDFs/BASE_HURLBURT_FIELD.html,U-28,Active Duty
HURLBURT FIELD,"30°25'23""N","86°41'41""W",16R EU 29317 65704,32E1J,32E1J (CIVIL ENGINEER),https://paladindanse111.github.io/AFSC-PDFs/32E.html,https://paladindanse111.github.io/AFSC-PDFs/BASE_HURLBURT_FIELD.html,AC-130J,Active Duty
HURLBURT FIELD,"30°25'23""N","86°41'41""W",16R EU 29317 65704,32E1J,32E1J (CIVIL ENGINEER),https://paladindanse111.github.io/AFSC-PDFs/32E.html,https://paladindanse111.github.io/AFSC-PDFs/BASE_HURLBURT_FIELD.html,CV-22,Active Duty
HURLBURT FIELD,"30°25'23""N","86°41'41""W",16R EU 29317 65704,32E1J,32E1J (CIVIL ENGINEER),https://paladindanse111.github.io/AFSC-PDFs/32E.html,https://paladindanse111.github.io/AFSC-PDFs/BASE_HURLBURT_FIELD.html,MC-130H,Active Duty
HURLBURT FIELD,"30°25'23""N","86°41'41""W",16R EU 29317 65704,32E1J,32E1J (CIVIL ENGINEER),https://paladindanse111.github.io/AFSC-PDFs/32E.html,https://paladindanse111.github.io/AFSC-PDFs/BASE_HURLBURT_FIELD.html,MC-130J,Active Duty
HURLBURT FIELD,"30°25'23""N","86°41'41""W",16R EU 29317 65704,32E1J,32E1J (CIVIL ENGINEER),https://paladindanse111.github.io/AFSC-PDFs/32E.html,https://paladindanse111.github.io/AFSC-PDFs/BASE_HURLBURT_FIELD.html,U-28,Active Duty
HURLBURT FIELD,"30°25'23""N","86°41'41""W",16R EU 29317 65704,35P1,35P1 (PUBLIC AFFAIRS),https://paladindanse111.github.io/AFSC-PDFs/35P.html,https://paladindanse111.github.io/AFSC-PDFs/BASE_HURLBURT_FIELD.html,AC-130J,Active Duty
HURLBURT FIELD,"30°25'23""N","86°41'41""W",16R EU 29317 65704,35P1,35P1 (PUBLIC AFFAIRS),https://paladindanse111.github.io/AFSC-PDFs/35P.html,https://paladindanse111.github.io/AFSC-PDFs/BASE_HURLBURT_FIELD.html,CV-22,Active Duty
HURLBURT FIELD,"30°25'23""N","86°41'41""W",16R EU 29317 65704,35P1,35P1 (PUBLIC AFFAIRS),https://paladindanse111.github.io/AFSC-PDFs/35P.html,https://paladindanse111.github.io/AFSC-PDFs/BASE_HURLBURT_FIELD.html,MC-130H,Active Duty
HURLBURT FIELD,"30°25'23""N","86°41'41""W",16R EU 29317 65704,35P1,35P1 (PUBLIC AFFAIRS),https://paladindanse111.github.io/AFSC-PDFs/35P.html,https://paladindanse111.github.io/AFSC-PDFs/BASE_HURLBURT_FIELD.html,MC-130J,Active Duty
HURLBURT FIELD,"30°25'23""N","86°41'41""W",16R EU 29317 65704,35P1,35P1 (PUBLIC AFFAIRS),https://paladindanse111.github.io/AFSC-PDFs/35P.html,https://paladindanse111.github.io/AFSC-PDFs/BASE_HURLBURT_FIELD.html,U-28,Active Duty
HURLBURT FIELD,"30°25'23""N","86°41'41""W",16R EU 29317 65704,38F1,38F1 (FORCE SUPPORT),https://paladindanse111.github.io/AFSC-PDFs/38F.html,https://paladindanse111.github.io/AFSC-PDFs/BASE_HURLBURT_FIELD.html,AC-130J,Active Duty
HURLBURT FIELD,"30°25'23""N","86°41'41""W",16R EU 29317 65704,38F1,38F1 (FORCE SUPPORT),https://paladindanse111.github.io/AFSC-PDFs/38F.html,https://paladindanse111.github.io/AFSC-PDFs/BASE_HURLBURT_FIELD.html,CV-22,Active Duty
HURLBURT FIELD,"30°25'23""N","86°41'41""W",16R EU 29317 65704,38F1,38F1 (FORCE SUPPORT),https://paladindanse111.github.io/AFSC-PDFs/38F.html,https://paladindanse111.github.io/AFSC-PDFs/BASE_HURLBURT_FIELD.html,MC-130H,Active Duty
HURLBURT FIELD,"30°25'23""N","86°41'41""W",16R EU 29317 65704,38F1,38F1 (FORCE SUPPORT),https://paladindanse111.github.io/AFSC-PDFs/38F.html,https://paladindanse111.github.io/AFSC-PDFs/BASE_HURLBURT_FIELD.html,MC-130J,Active Duty
HURLBURT FIELD,"30°25'23""N","86°41'41""W",16R EU 29317 65704,38F1,38F1 (FORCE SUPPORT),https://paladindanse111.github.io/AFSC-PDFs/38F.html,https://paladindanse111.github.io/AFSC-PDFs/BASE_HURLBURT_FIELD.html,U-28,Active Duty
HURLBURT FIELD,"30°25'23""N","86°41'41""W",16R EU 29317 65704,62E1A,62E1A (DEVELOPMENTAL ENGINEER),https://paladindanse111.github.io/AFSC-PDFs/62E.html,https://paladindanse111.github.io/AFSC-PDFs/BASE_HURLBURT_FIELD.html,AC-130J,Active Duty
HURLBURT FIELD,"30°25'23""N","86°41'41""W",16R EU 29317 65704,62E1A,62E1A (DEVELOPMENTAL ENGINEER),https://paladindanse111.github.io/AFSC-PDFs/62E.html,https://paladindanse111.github.io/AFSC-PDFs/BASE_HURLBURT_FIELD.html,CV-22,Active Duty
HURLBURT FIELD,"30°25'23""N","86°41'41""W",16R EU 29317 65704,62E1A,62E1A (DEVELOPMENTAL ENGINEER),https://paladindanse111.github.io/AFSC-PDFs/62E.html,https://paladindanse111.github.io/AFSC-PDFs/BASE_HURLBURT_FIELD.html,MC-130H,Active Duty
HURLBURT FIELD,"30°25'23""N","86°41'41""W",16R EU 29317 65704,62E1A,62E1A (DEVELOPMENTAL ENGINEER),https://paladindanse111.github.io/AFSC-PDFs/62E.html,https://paladindanse111.github.io/AFSC-PDFs/BASE_HURLBURT_FIELD.html,MC-130J,Active Duty
HURLBURT FIELD,"30°25'23""N","86°41'41""W",16R EU 29317 65704,62E1A,62E1A (DEVELOPMENTAL ENGINEER),https://paladindanse111.github.io/AFSC-PDFs/62E.html,https://paladindanse111.github.io/AFSC-PDFs/BASE_HURLBURT_FIELD.html,U-28,Active Duty
HURLBURT FIELD,"30°25'23""N","86°41'41""W",16R EU 29317 65704,62E1B,62E1B (DEVELOPMENTAL ENGINEER),https://paladindanse111.github.io/AFSC-PDFs/62E.html,https://paladindanse111.github.io/AFSC-PDFs/BASE_HURLBURT_FIELD.html,AC-130J,Active Duty
HURLBURT FIELD,"30°25'23""N","86°41'41""W",16R EU 29317 65704,62E1B,62E1B (DEVELOPMENTAL ENGINEER),https://paladindanse111.github.io/AFSC-PDFs/62E.html,https://paladindanse111.github.io/AFSC-PDFs/BASE_HURLBURT_FIELD.html,CV-22,Active Duty
HURLBURT FIELD,"30°25'23""N","86°41'41""W",16R EU 29317 65704,62E1B,62E1B (DEVELOPMENTAL ENGINEER),https://paladindanse111.github.io/AFSC-PDFs/62E.html,https://paladindanse111.github.io/AFSC-PDFs/BASE_HURLBURT_FIELD.html,MC-130H,Active Duty
HURLBURT FIELD,"30°25'23""N","86°41'41""W",16R EU 29317 65704,62E1B,62E1B (DEVELOPMENTAL ENGINEER),https://paladindanse111.github.io/AFSC-PDFs/62E.html,https://paladindanse111.github.io/AFSC-PDFs/BASE_HURLBURT_FIELD.html,MC-130J,Active Duty
HURLBURT FIELD,"30°25'23""N","86°41'41""W",16R EU 29317 65704,62E1B,62E1B (DEVELOPMENTAL ENGINEER),https://paladindanse111.github.io/AFSC-PDFs/62E.html,https://paladindanse111.github.io/AFSC-PDFs/BASE_HURLBURT_FIELD.html,U-28,Active Duty
HURLBURT FIELD,"30°25'23""N","86°41'41""W",16R EU 29317 65704,62E1C,62E1C (DEVELOPMENTAL ENGINEER),https://paladindanse111.github.io/AFSC-PDFs/62E.html,https://paladindanse111.github.io/AFSC-PDFs/BASE_HURLBURT_FIELD.html,AC-130J,Active Duty
HURLBURT FIELD,"30°25'23""N","86°41'41""W",16R EU 29317 65704,62E1C,62E1C (DEVELOPMENTAL ENGINEER),https://paladindanse111.github.io/AFSC-PDFs/62E.html,https://paladindanse111.github.io/AFSC-PDFs/BASE_HURLBURT_FIELD.html,CV-22,Active Duty
HURLBURT FIELD,"30°25'23""N","86°41'41""W",16R EU 29317 65704,62E1C,62E1C (DEVELOPMENTAL ENGINEER),https://paladindanse111.github.io/AFSC-PDFs/62E.html,https://paladindanse111.github.io/AFSC-PDFs/BASE_HURLBURT_FIELD.html,MC-130H,Active Duty
HURLBURT FIELD,"30°25'23""N","86°41'41""W",16R EU 29317 65704,62E1C,62E1C (DEVELOPMENTAL ENGINEER),https://paladindanse111.github.io/AFSC-PDFs/62E.html,https://paladindanse111.github.io/AFSC-PDFs/BASE_HURLBURT_FIELD.html,MC-130J,Active Duty
HURLBURT FIELD,"30°25'23""N","86°41'41""W",16R EU 29317 65704,62E1C,62E1C (DEVELOPMENTAL ENGINEER),https://paladindanse111.github.io/AFSC-PDFs/62E.html,https://paladindanse111.github.io/AFSC-PDFs/BASE_HURLBURT_FIELD.html,U-28,Active Duty
HURLBURT FIELD,"30°25'23""N","86°41'41""W",16R EU 29317 65704,62E1E,62E1E (DEVELOPMENTAL ENGINEER),https://paladindanse111.github.io/AFSC-PDFs/62E.html,https://paladindanse111.github.io/AFSC-PDFs/BASE_HURLBURT_FIELD.html,AC-130J,Active Duty
HURLBURT FIELD,"30°25'23""N","86°41'41""W",16R EU 29317 65704,62E1E,62E1E (DEVELOPMENTAL ENGINEER),https://paladindanse111.github.io/AFSC-PDFs/62E.html,https://paladindanse111.github.io/AFSC-PDFs/BASE_HURLBURT_FIELD.html,CV-22,Active Duty
HURLBURT FIELD,"30°25'23""N","86°41'41""W",16R EU 29317 65704,62E1E,62E1E (DEVELOPMENTAL ENGINEER),https://paladindanse111.github.io/AFSC-PDFs/62E.html,https://paladindanse111.github.io/AFSC-PDFs/BASE_HURLBURT_FIELD.html,MC-130H,Active Duty
HURLBURT FIELD,"30°25'23""N","86°41'41""W",16R EU 29317 65704,62E1E,62E1E (DEVELOPMENTAL ENGINEER),https://paladindanse111.github.io/AFSC-PDFs/62E.html,https://paladindanse111.github.io/AFSC-PDFs/BASE_HURLBURT_FIELD.html,MC-130J,Active Duty
HURLBURT FIELD,"30°25'23""N","86°41'41""W",16R EU 29317 65704,62E1E,62E1E (DEVELOPMENTAL ENGINEER),https://paladindanse111.github.io/AFSC-PDFs/62E.html,https://paladindanse111.github.io/AFSC-PDFs/BASE_HURLBURT_FIELD.html,U-28,Active Duty
HURLBURT FIELD,"30°25'23""N","86°41'41""W",16R EU 29317 65704,62E1G,62E1G (DEVELOPMENTAL ENGINEER),https://paladindanse111.github.io/AFSC-PDFs/62E.html,https://paladindanse111.github.io/AFSC-PDFs/BASE_HURLBURT_FIELD.html,AC-130J,Active Duty
HURLBURT FIELD,"30°25'23""N","86°41'41""W",16R EU 29317 65704,62E1G,62E1G (DEVELOPMENTAL ENGINEER),https://paladindanse111.github.io/AFSC-PDFs/62E.html,https://paladindanse111.github.io/AFSC-PDFs/BASE_HURLBURT_FIELD.html,CV-22,Active Duty
HURLBURT FIELD,"30°25'23""N","86°41'41""W",16R EU 29317 65704,62E1G,62E1G (DEVELOPMENTAL ENGINEER),https://paladindanse111.github.io/AFSC-PDFs/62E.html,https://paladindanse111.github.io/AFSC-PDFs/BASE_HURLBURT_FIELD.html,MC-130H,Active Duty
HURLBURT FIELD,"30°25'23""N","86°41'41""W",16R EU 29317 65704,62E1G,62E1G (DEVELOPMENTAL ENGINEER),https://paladindanse111.github.io/AFSC-PDFs/62E.html,https://paladindanse111.github.io/AFSC-PDFs/BASE_HURLBURT_FIELD.html,MC-130J,Active Duty
HURLBURT FIELD,"30°25'23""N","86°41'41""W",16R EU 29317 65704,62E1G,62E1G (DEVELOPMENTAL ENGINEER),https://paladindanse111.github.io/AFSC-PDFs/62E.html,https://paladindanse111.github.io/AFSC-PDFs/BASE_HURLBURT_FIELD.html,U-28,Active Duty
HURLBURT FIELD,"30°25'23""N","86°41'41""W",16R EU 29317 65704,62E1H,62E1H (DEVELOPMENTAL ENGINEER),https://paladindanse111.github.io/AFSC-PDFs/62E.html,https://paladindanse111.github.io/AFSC-PDFs/BASE_HURLBURT_FIELD.html,AC-130J,Active Duty
HURLBURT FIELD,"30°25'23""N","86°41'41""W",16R EU 29317 65704,62E1H,62E1H (DEVELOPMENTAL ENGINEER),https://paladindanse111.github.io/AFSC-PDFs/62E.html,https://paladindanse111.github.io/AFSC-PDFs/BASE_HURLBURT_FIELD.html,CV-22,Active Duty
HURLBURT FIELD,"30°25'23""N","86°41'41""W",16R EU 29317 65704,62E1H,62E1H (DEVELOPMENTAL ENGINEER),https://paladindanse111.github.io/AFSC-PDFs/62E.html,https://paladindanse111.github.io/AFSC-PDFs/BASE_HURLBURT_FIELD.html,MC-130H,Active Duty
HURLBURT FIELD,"30°25'23""N","86°41'41""W",16R EU 29317 65704,62E1H,62E1H (DEVELOPMENTAL ENGINEER),https://paladindanse111.github.io/AFSC-PDFs/62E.html,https://paladindanse111.github.io/AFSC-PDFs/BASE_HURLBURT_FIELD.html,MC-130J,Active Duty
HURLBURT FIELD,"30°25'23""N","86°41'41""W",16R EU 29317 65704,62E1H,62E1H (DEVELOPMENTAL ENGINEER),https://paladindanse111.github.io/AFSC-PDFs/62E.html,https://paladindanse111.github.io/AFSC-PDFs/BASE_HURLBURT_FIELD.html,U-28,Active Duty
HURLBURT FIELD,"30°25'23""N","86°41'41""W",16R EU 29317 65704,62E1I,62E1I (DEVELOPMENTAL ENGINEER),https://paladindanse111.github.io/AFSC-PDFs/62E.html,https://paladindanse111.github.io/AFSC-PDFs/BASE_HURLBURT_FIELD.html,AC-130J,Active Duty
HURLBURT FIELD,"30°25'23""N","86°41'41""W",16R EU 29317 65704,62E1I,62E1I (DEVELOPMENTAL ENGINEER),https://paladindanse111.github.io/AFSC-PDFs/62E.html,https://paladindanse111.github.io/AFSC-PDFs/BASE_HURLBURT_FIELD.html,CV-22,Active Duty
HURLBURT FIELD,"30°25'23""N","86°41'41""W",16R EU 29317 65704,62E1I,62E1I (DEVELOPMENTAL ENGINEER),https://paladindanse111.github.io/AFSC-PDFs/62E.html,https://paladindanse111.github.io/AFSC-PDFs/BASE_HURLBURT_FIELD.html,MC-130H,Active Duty
HURLBURT FIELD,"30°25'23""N","86°41'41""W",16R EU 29317 65704,62E1I,62E1I (DEVELOPMENTAL ENGINEER),https://paladindanse111.github.io/AFSC-PDFs/62E.html,https://paladindanse111.github.io/AFSC-PDFs/BASE_HURLBURT_FIELD.html,MC-130J,Active Duty
HURLBURT FIELD,"30°25'23""N","86°41'41""W",16R EU 29317 65704,62E1I,62E1I (DEVELOPMENTAL ENGINEER),https://paladindanse111.github.io/AFSC-PDFs/62E.html,https://paladindanse111.github.io/AFSC-PDFs/BASE_HURLBURT_FIELD.html,U-28,Active Duty
HURLBURT FIELD,"30°25'23""N","86°41'41""W",16R EU 29317 65704,63A1,63A1 (AQUISITION MANAGER),https://paladindanse111.github.io/AFSC-PDFs/63A.html,https://paladindanse111.github.io/AFSC-PDFs/BASE_HURLBURT_FIELD.html,AC-130J,Active Duty
HURLBURT FIELD,"30°25'23""N","86°41'41""W",16R EU 29317 65704,63A1,63A1 (AQUISITION MANAGER),https://paladindanse111.github.io/AFSC-PDFs/63A.html,https://paladindanse111.github.io/AFSC-PDFs/BASE_HURLBURT_FIELD.html,CV-22,Active Duty
HURLBURT FIELD,"30°25'23""N","86°41'41""W",16R EU 29317 65704,63A1,63A1 (AQUISITION MANAGER),https://paladindanse111.github.io/AFSC-PDFs/63A.html,https://paladindanse111.github.io/AFSC-PDFs/BASE_HURLBURT_FIELD.html,MC-130H,Active Duty
HURLBURT FIELD,"30°25'23""N","86°41'41""W",16R EU 29317 65704,63A1,63A1 (AQUISITION MANAGER),https://paladindanse111.github.io/AFSC-PDFs/63A.html,https://paladindanse111.github.io/AFSC-PDFs/BASE_HURLBURT_FIELD.html,MC-130J,Active Duty
HURLBURT FIELD,"30°25'23""N","86°41'41""W",16R EU 29317 65704,63A1,63A1 (AQUISITION MANAGER),https://paladindanse111.github.io/AFSC-PDFs/63A.html,https://paladindanse111.github.io/AFSC-PDFs/BASE_HURLBURT_FIELD.html,U-28,Active Duty
HURLBURT FIELD,"30°25'23""N","86°41'41""W",16R EU 29317 65704,64P1,64P1 (CONTRACTING),https://paladindanse111.github.io/AFSC-PDFs/64P.html,https://paladindanse111.github.io/AFSC-PDFs/BASE_HURLBURT_FIELD.html,AC-130J,Active Duty
HURLBURT FIELD,"30°25'23""N","86°41'41""W",16R EU 29317 65704,64P1,64P1 (CONTRACTING),https://paladindanse111.github.io/AFSC-PDFs/64P.html,https://paladindanse111.github.io/AFSC-PDFs/BASE_HURLBURT_FIELD.html,CV-22,Active Duty
HURLBURT FIELD,"30°25'23""N","86°41'41""W",16R EU 29317 65704,64P1,64P1 (CONTRACTING),https://paladindanse111.github.io/AFSC-PDFs/64P.html,https://paladindanse111.github.io/AFSC-PDFs/BASE_HURLBURT_FIELD.html,MC-130H,Active Duty
HURLBURT FIELD,"30°25'23""N","86°41'41""W",16R EU 29317 65704,64P1,64P1 (CONTRACTING),https://paladindanse111.github.io/AFSC-PDFs/64P.html,https://paladindanse111.github.io/AFSC-PDFs/BASE_HURLBURT_FIELD.html,MC-130J,Active Duty
HURLBURT FIELD,"30°25'23""N","86°41'41""W",16R EU 29317 65704,64P1,64P1 (CONTRACTING),https://paladindanse111.github.io/AFSC-PDFs/64P.html,https://paladindanse111.github.io/AFSC-PDFs/BASE_HURLBURT_FIELD.html,U-28,Active Duty
HURLBURT FIELD,"30°25'23""N","86°41'41""W",16R EU 29317 65704,65F1,65F1 (FINANCIAL MANAGEMENT),https://paladindanse111.github.io/AFSC-PDFs/65F.html,https://paladindanse111.github.io/AFSC-PDFs/BASE_HURLBURT_FIELD.html,AC-130J,Active Duty
HURLBURT FIELD,"30°25'23""N","86°41'41""W",16R EU 29317 65704,65F1,65F1 (FINANCIAL MANAGEMENT),https://paladindanse111.github.io/AFSC-PDFs/65F.html,https://paladindanse111.github.io/AFSC-PDFs/BASE_HURLBURT_FIELD.html,CV-22,Active Duty
HURLBURT FIELD,"30°25'23""N","86°41'41""W",16R EU 29317 65704,65F1,65F1 (FINANCIAL MANAGEMENT),https://paladindanse111.github.io/AFSC-PDFs/65F.html,https://paladindanse111.github.io/AFSC-PDFs/BASE_HURLBURT_FIELD.html,MC-130H,Active Duty
HURLBURT FIELD,"30°25'23""N","86°41'41""W",16R EU 29317 65704,65F1,65F1 (FINANCIAL MANAGEMENT),https://paladindanse111.github.io/AFSC-PDFs/65F.html,https://paladindanse111.github.io/AFSC-PDFs/BASE_HURLBURT_FIELD.html,MC-130J,Active Duty
HURLBURT FIELD,"30°25'23""N","86°41'41""W",16R EU 29317 65704,65F1,65F1 (FINANCIAL MANAGEMENT),https://paladindanse111.github.io/AFSC-PDFs/65F.html,https://paladindanse111.github.io/AFSC-PDFs/BASE_HURLBURT_FIELD.html,U-28,Active Duty
HURLBURT FIELD,"30°25'23""N","86°41'41""W",16R EU 29317 65704,71S1,71S1 (SPECIAL INVESTIGATIONS),https://paladindanse111.github.io/AFSC-PDFs/71S.html,https://paladindanse111.github.io/AFSC-PDFs/BASE_HURLBURT_FIELD.html,AC-130J,Active Duty
HURLBURT FIELD,"30°25'23""N","86°41'41""W",16R EU 29317 65704,71S1,71S1 (SPECIAL INVESTIGATIONS),https://paladindanse111.github.io/AFSC-PDFs/71S.html,https://paladindanse111.github.io/AFSC-PDFs/BASE_HURLBURT_FIELD.html,CV-22,Active Duty
HURLBURT FIELD,"30°25'23""N","86°41'41""W",16R EU 29317 65704,71S1,71S1 (SPECIAL INVESTIGATIONS),https://paladindanse111.github.io/AFSC-PDFs/71S.html,https://paladindanse111.github.io/AFSC-PDFs/BASE_HURLBURT_FIELD.html,MC-130H,Active Duty
HURLBURT FIELD,"30°25'23""N","86°41'41""W",16R EU 29317 65704,71S1,71S1 (SPECIAL INVESTIGATIONS),https://paladindanse111.github.io/AFSC-PDFs/71S.html,https://paladindanse111.github.io/AFSC-PDFs/BASE_HURLBURT_FIELD.html,MC-130J,Active Duty
HURLBURT FIELD,"30°25'23""N","86°41'41""W",16R EU 29317 65704,71S1,71S1 (SPECIAL INVESTIGATIONS),https://paladindanse111.github.io/AFSC-PDFs/71S.html,https://paladindanse111.github.io/AFSC-PDFs/BASE_HURLBURT_FIELD.html,U-28,Active Duty
INCIRLIK AB,"37°00'12""N","35°26'02""E",36S YF 16566 98011,64P1,64P1 (CONTRACTING),https://paladindanse111.github.io/AFSC-PDFs/64P.html,https://paladindanse111.github.io/AFSC-PDFs/BASE_INCIRLIK_AB.html,,Active Duty
JB ANACOSTIA-BOLLING,"38°50'29""N","77°01'05""W",18S UJ 24855 01110,32E1A,32E1A (CIVIL ENGINEER),https://paladindanse111.github.io/AFSC-PDFs/32E.html,https://paladindanse111.github.io/AFSC-PDFs/BASE_JB_ANACOSTIA-BOLLING.html,B-1,Active Duty
JB ANACOSTIA-BOLLING,"38°50'29""N","77°01'05""W",18S UJ 24855 01110,32E1A,32E1A (CIVIL ENGINEER),https://paladindanse111.github.io/AFSC-PDFs/32E.html,https://paladindanse111.github.io/AFSC-PDFs/BASE_JB_ANACOSTIA-BOLLING.html,B-52,Active Duty
JB ANACOSTIA-BOLLING,"38°50'29""N","77°01'05""W",18S UJ 24855 01110,32E1C,32E1C (CIVIL ENGINEER),https://paladindanse111.github.io/AFSC-PDFs/32E.html,https://paladindanse111.github.io/AFSC-PDFs/BASE_JB_ANACOSTIA-BOLLING.html,B-1,Active Duty
JB ANACOSTIA-BOLLING,"38°50'29""N","77°01'05""W",18S UJ 24855 01110,32E1C,32E1C (CIVIL ENGINEER),https://paladindanse111.github.io/AFSC-PDFs/32E.html,https://paladindanse111.github.io/AFSC-PDFs/BASE_JB_ANACOSTIA-BOLLING.html,B-52,Active Duty
JB ANACOSTIA-BOLLING,"38°50'29""N","77°01'05""W",18S UJ 24855 01110,32E1E,32E1E (CIVIL ENGINEER),https://paladindanse111.github.io/AFSC-PDFs/32E.html,https://paladindanse111.github.io/AFSC-PDFs/BASE_JB_ANACOSTIA-BOLLING.html,B-1,Active Duty
JB ANACOSTIA-BOLLING,"38°50'29""N","77°01'05""W",18S UJ 24855 01110,32E1E,32E1E (CIVIL ENGINEER),https://paladindanse111.github.io/AFSC-PDFs/32E.html,https://paladindanse111.github.io/AFSC-PDFs/BASE_JB_ANACOSTIA-BOLLING.html,B-52,Active Duty
JB ANACOSTIA-BOLLING,"38°50'29""N","77°01'05""W",18S UJ 24855 01110,32E1F,32E1F (CIVIL ENGINEER),https://paladindanse111.github.io/AFSC-PDFs/32E.html,https://paladindanse111.github.io/AFSC-PDFs/BASE_JB_ANACOSTIA-BOLLING.html,B-1,Active Duty
JB ANACOSTIA-BOLLING,"38°50'29""N","77°01'05""W",18S UJ 24855 01110,32E1F,32E1F (CIVIL ENGINEER),https://paladindanse111.github.io/AFSC-PDFs/32E.html,https://paladindanse111.github.io/AFSC-PDFs/BASE_JB_ANACOSTIA-BOLLING.html,B-52,Active Duty
JB ANACOSTIA-BOLLING,"38°50'29""N","77°01'05""W",18S UJ 24855 01110,32E1G,32E1G (CIVIL ENGINEER),https://paladindanse111.github.io/AFSC-PDFs/32E.html,https://paladindanse111.github.io/AFSC-PDFs/BASE_JB_ANACOSTIA-BOLLING.html,B-1,Active Duty
JB ANACOSTIA-BOLLING,"38°50'29""N","77°01'05""W",18S UJ 24855 01110,32E1G,32E1G (CIVIL ENGINEER),https://paladindanse111.github.io/AFSC-PDFs/32E.html,https://paladindanse111.github.io/AFSC-PDFs/BASE_JB_ANACOSTIA-BOLLING.html,B-52,Active Duty
JB ANACOSTIA-BOLLING,"38°50'29""N","77°01'05""W",18S UJ 24855 01110,32E1J,32E1J (CIVIL ENGINEER),https://paladindanse111.github.io/AFSC-PDFs/32E.html,https://paladindanse111.github.io/AFSC-PDFs/BASE_JB_ANACOSTIA-BOLLING.html,B-1,Active Duty
JB ANACOSTIA-BOLLING,"38°50'29""N","77°01'05""W",18S UJ 24855 01110,32E1J,32E1J (CIVIL ENGINEER),https://paladindanse111.github.io/AFSC-PDFs/32E.html,https://paladindanse111.github.io/AFSC-PDFs/BASE_JB_ANACOSTIA-BOLLING.html,B-52,Active Duty
JB ANACOSTIA-BOLLING,"38°50'29""N","77°01'05""W",18S UJ 24855 01110,63A1,63A1 (AQUISITION MANAGER),https://paladindanse111.github.io/AFSC-PDFs/63A.html,https://paladindanse111.github.io/AFSC-PDFs/BASE_JB_ANACOSTIA-BOLLING.html,B-1,Active Duty
JB ANACOSTIA-BOLLING,"38°50'29""N","77°01'05""W",18S UJ 24855 01110,63A1,63A1 (AQUISITION MANAGER),https://paladindanse111.github.io/AFSC-PDFs/63A.html,https://paladindanse111.github.io/AFSC-PDFs/BASE_JB_ANACOSTIA-BOLLING.html,B-52,Active Duty
JB ANACOSTIA-BOLLING,"38°50'29""N","77°01'05""W",18S UJ 24855 01110,64P1,64P1 (CONTRACTING),https://paladindanse111.github.io/AFSC-PDFs/64P.html,https://paladindanse111.github.io/AFSC-PDFs/BASE_JB_ANACOSTIA-BOLLING.html,B-1,Active Duty
JB ANACOSTIA-BOLLING,"38°50'29""N","77°01'05""W",18S UJ 24855 01110,64P1,64P1 (CONTRACTING),https://paladindanse111.github.io/AFSC-PDFs/64P.html,https://paladindanse111.github.io/AFSC-PDFs/BASE_JB_ANACOSTIA-BOLLING.html,B-52,Active Duty
JB ANACOSTIA-BOLLING,"38°50'29""N","77°01'05""W",18S UJ 24855 01110,65F1,65F1 (FINANCIAL MANAGEMENT),https://paladindanse111.github.io/AFSC-PDFs/65F.html,https://paladindanse111.github.io/AFSC-PDFs/BASE_JB_ANACOSTIA-BOLLING.html,B-1,Active Duty
JB ANACOSTIA-BOLLING,"38°50'29""N","77°01'05""W",18S UJ 24855 01110,65F1,65F1 (FINANCIAL MANAGEMENT),https://paladindanse111.github.io/AFSC-PDFs/65F.html,https://paladindanse111.github.io/AFSC-PDFs/BASE_JB_ANACOSTIA-BOLLING.html,B-52,Active Duty
JB ANACOSTIA-BOLLING,"38°50'29""N","77°01'05""W",18S UJ 24855 01110,71S1,71S1 (SPECIAL INVESTIGATIONS),https://paladindanse111.github.io/AFSC-PDFs/71S.html,https://paladindanse111.github.io/AFSC-PDFs/BASE_JB_ANACOSTIA-BOLLING.html,B-1,Active Duty
JB ANACOSTIA-BOLLING,"38°50'29""N","77°01'05""W",18S UJ 24855 01110,71S1,71S1 (SPECIAL INVESTIGATIONS),https://paladindanse111.github.io/AFSC-PDFs/71S.html,https://paladindanse111.github.io/AFSC-PDFs/BASE_JB_ANACOSTIA-BOLLING.html,B-52,Active Duty
JB CHARLESTON,"32°53'29""N","80°04'03""W",17S NS 87218 39631,21A1,21A1 (AIRCRAFT MAINTENANCE),https://paladindanse111.github.io/AFSC-PDFs/21A.html,https://paladindanse111.github.io/AFSC-PDFs/BASE_JB_CHARLESTON.html,C-17,Active Duty
JB CHARLESTON,"32°53'29""N","80°04'03""W",17S NS 87218 39631,21R1,21R1 (LOGISTICS READINESS),https://paladindanse111.github.io/AFSC-PDFs/21R.html,https://paladindanse111.github.io/AFSC-PDFs/BASE_JB_CHARLESTON.html,C-17,Active Duty
JB CHARLESTON,"32°53'29""N","80°04'03""W",17S NS 87218 39631,32E1A,32E1A (CIVIL ENGINEER),https://paladindanse111.github.io/AFSC-PDFs/32E.html,https://paladindanse111.github.io/AFSC-PDFs/BASE_JB_CHARLESTON.html,C-17,Active Duty
JB CHARLESTON,"32°53'29""N","80°04'03""W",17S NS 87218 39631,32E1C,32E1C (CIVIL ENGINEER),https://paladindanse111.github.io/AFSC-PDFs/32E.html,https://paladindanse111.github.io/AFSC-PDFs/BASE_JB_CHARLESTON.html,C-17,Active Duty
JB CHARLESTON,"32°53'29""N","80°04'03""W",17S NS 87218 39631,32E1E,32E1E (CIVIL ENGINEER),https://paladindanse111.github.io/AFSC-PDFs/32E.html,https://paladindanse111.github.io/AFSC-PDFs/BASE_JB_CHARLESTON.html,C-17,Active Duty
JB CHARLESTON,"32°53'29""N","80°04'03""W",17S NS 87218 39631,32E1F,32E1F (CIVIL ENGINEER),https://paladindanse111.github.io/AFSC-PDFs/32E.html,https://paladindanse111.github.io/AFSC-PDFs/BASE_JB_CHARLESTON.html,C-17,Active Duty
JB CHARLESTON,"32°53'29""N","80°04'03""W",17S NS 87218 39631,32E1G,32E1G (CIVIL ENGINEER),https://paladindanse111.github.io/AFSC-PDFs/32E.html,https://paladindanse111.github.io/AFSC-PDFs/BASE_JB_CHARLESTON.html,C-17,Active Duty
JB CHARLESTON,"32°53'29""N","80°04'03""W",17S NS 87218 39631,32E1J,32E1J (CIVIL ENGINEER),https://paladindanse111.github.io/AFSC-PDFs/32E.html,https://paladindanse111.github.io/AFSC-PDFs/BASE_JB_CHARLESTON.html,C-17,Active Duty
JB CHARLESTON,"32°53'29""N","80°04'03""W",17S NS 87218 39631,35P1,35P1 (PUBLIC AFFAIRS),https://paladindanse111.github.io/AFSC-PDFs/35P.html,https://paladindanse111.github.io/AFSC-PDFs/BASE_JB_CHARLESTON.html,C-17,Active Duty
JB CHARLESTON,"32°53'29""N","80°04'03""W",17S NS 87218 39631,38F1,38F1 (FORCE SUPPORT),https://paladindanse111.github.io/AFSC-PDFs/38F.html,https://paladindanse111.github.io/AFSC-PDFs/BASE_JB_CHARLESTON.html,C-17,Active Duty
JB CHARLESTON,"32°53'29""N","80°04'03""W",17S NS 87218 39631,64P1,64P1 (CONTRACTING),https://paladindanse111.github.io/AFSC-PDFs/64P.html,https://paladindanse111.github.io/AFSC-PDFs/BASE_JB_CHARLESTON.html,C-17,Active Duty
JB CHARLESTON,"32°53'29""N","80°04'03""W",17S NS 87218 39631,65F1,65F1 (FINANCIAL MANAGEMENT),https://paladindanse111.github.io/AFSC-PDFs/65F.html,https://paladindanse111.github.io/AFSC-PDFs/BASE_JB_CHARLESTON.html,C-17,Active Duty
JB ELMENDORF-RICHARDSON,"61°15'44""N","149°41'53""W",6V UN 55306 94983,21A1,21A1 (AIRCRAFT MAINTENANCE),https://paladindanse111.github.io/AFSC-PDFs/21A.html,https://paladindanse111.github.io/AFSC-PDFs/BASE_JB_ELMENDORF-RICHARDSON.html,C-12,Active Duty
JB ELMENDORF-RICHARDSON,"61°15'44""N","149°41'53""W",6V UN 55306 94983,21A1,21A1 (AIRCRAFT MAINTENANCE),https://paladindanse111.github.io/AFSC-PDFs/21A.html,https://paladindanse111.github.io/AFSC-PDFs/BASE_JB_ELMENDORF-RICHARDSON.html,C-17,Active Duty
JB ELMENDORF-RICHARDSON,"61°15'44""N","149°41'53""W",6V UN 55306 94983,21A1,21A1 (AIRCRAFT MAINTENANCE),https://paladindanse111.github.io/AFSC-PDFs/21A.html,https://paladindanse111.github.io/AFSC-PDFs/BASE_JB_ELMENDORF-RICHARDSON.html,E-3,Active Duty
JB ELMENDORF-RICHARDSON,"61°15'44""N","149°41'53""W",6V UN 55306 94983,21A1,21A1 (AIRCRAFT MAINTENANCE),https://paladindanse111.github.io/AFSC-PDFs/21A.html,https://paladindanse111.github.io/AFSC-PDFs/BASE_JB_ELMENDORF-RICHARDSON.html,F-22,Active Duty
JB ELMENDORF-RICHARDSON,"61°15'44""N","149°41'53""W",6V UN 55306 94983,21A1,21A1 (AIRCRAFT MAINTENANCE),https://paladindanse111.github.io/AFSC-PDFs/21A.html,https://paladindanse111.github.io/AFSC-PDFs/BASE_JB_ELMENDORF-RICHARDSON.html,F-35,Active Duty
JB ELMENDORF-RICHARDSON,"61°15'44""N","149°41'53""W",6V UN 55306 94983,21A1,21A1 (AIRCRAFT MAINTENANCE),https://paladindanse111.github.io/AFSC-PDFs/21A.html,https://paladindanse111.github.io/AFSC-PDFs/BASE_JB_ELMENDORF-RICHARDSON.html,RC-135,Active Duty
JB ELMENDORF-RICHARDSON,"61°15'44""N","149°41'53""W",6V UN 55306 94983,21M1,21M1 (MUNITIONS AND MISSILE MAINTENANCE),https://paladindanse111.github.io/AFSC-PDFs/21M.html,https://paladindanse111.github.io/AFSC-PDFs/BASE_JB_ELMENDORF-RICHARDSON.html,C-12,Active Duty
JB ELMENDORF-RICHARDSON,"61°15'44""N","149°41'53""W",6V UN 55306 94983,21M1,21M1 (MUNITIONS AND MISSILE MAINTENANCE),https://paladindanse111.github.io/AFSC-PDFs/21M.html,https://paladindanse111.github.io/AFSC-PDFs/BASE_JB_ELMENDORF-RICHARDSON.html,C-17,Active Duty
JB ELMENDORF-RICHARDSON,"61°15'44""N","149°41'53""W",6V UN 55306 94983,21M1,21M1 (MUNITIONS AND MISSILE MAINTENANCE),https://paladindanse111.github.io/AFSC-PDFs/21M.html,https://paladindanse111.github.io/AFSC-PDFs/BASE_JB_ELMENDORF-RICHARDSON.html,E-3,Active Duty
JB ELMENDORF-RICHARDSON,"61°15'44""N","149°41'53""W",6V UN 55306 94983,21M1,21M1 (MUNITIONS AND MISSILE MAINTENANCE),https://paladindanse111.github.io/AFSC-PDFs/21M.html,https://paladindanse111.github.io/AFSC-PDFs/BASE_JB_ELMENDORF-RICHARDSON.html,F-22,Active Duty
JB ELMENDORF-RICHARDSON,"61°15'44""N","149°41'53""W",6V UN 55306 94983,21M1,21M1 (MUNITIONS AND MISSILE MAINTENANCE),https://paladindanse111.github.io/AFSC-PDFs/21M.html,https://paladindanse111.github.io/AFSC-PDFs/BASE_JB_ELMENDORF-RICHARDSON.html,F-35,Active Duty
JB ELMENDORF-RICHARDSON,"61°15'44""N","149°41'53""W",6V UN 55306 94983,21M1,21M1 (MUNITIONS AND MISSILE MAINTENANCE),https://paladindanse111.github.io/AFSC-PDFs/21M.html,https://paladindanse111.github.io/AFSC-PDFs/BASE_JB_ELMENDORF-RICHARDSON.html,RC-135,Active Duty
JB ELMENDORF-RICHARDSON,"61°15'44""N","149°41'53""W",6V UN 55306 94983,21R1,21R1 (LOGISTICS READINESS),https://paladindanse111.github.io/AFSC-PDFs/21R.html,https://paladindanse111.github.io/AFSC-PDFs/BASE_JB_ELMENDORF-RICHARDSON.html,C-12,Active Duty
JB ELMENDORF-RICHARDSON,"61°15'44""N","149°41'53""W",6V UN 55306 94983,21R1,21R1 (LOGISTICS READINESS),https://paladindanse111.github.io/AFSC-PDFs/21R.html,https://paladindanse111.github.io/AFSC-PDFs/BASE_JB_ELMENDORF-RICHARDSON.html,C-17,Active Duty
JB ELMENDORF-RICHARDSON,"61°15'44""N","149°41'53""W",6V UN 55306 94983,21R1,21R1 (LOGISTICS READINESS),https://paladindanse111.github.io/AFSC-PDFs/21R.html,https://paladindanse111.github.io/AFSC-PDFs/BASE_JB_ELMENDORF-RICHARDSON.html,E-3,Active Duty
JB ELMENDORF-RICHARDSON,"61°15'44""N","149°41'53""W",6V UN 55306 94983,21R1,21R1 (LOGISTICS READINESS),https://paladindanse111.github.io/AFSC-PDFs/21R.html,https://paladindanse111.github.io/AFSC-PDFs/BASE_JB_ELMENDORF-RICHARDSON.html,F-22,Active Duty
JB ELMENDORF-RICHARDSON,"61°15'44""N","149°41'53""W",6V UN 55306 94983,21R1,21R1 (LOGISTICS READINESS),https://paladindanse111.github.io/AFSC-PDFs/21R.html,https://paladindanse111.github.io/AFSC-PDFs/BASE_JB_ELMENDORF-RICHARDSON.html,F-35,Active Duty
JB ELMENDORF-RICHARDSON,"61°15'44""N","149°41'53""W",6V UN 55306 94983,21R1,21R1 (LOGISTICS READINESS),https://paladindanse111.github.io/AFSC-PDFs/21R.html,https://paladindanse111.github.io/AFSC-PDFs/BASE_JB_ELMENDORF-RICHARDSON.html,RC-135,Active Duty
JB ELMENDORF-RICHARDSON,"61°15'44""N","149°41'53""W",6V UN 55306 94983,32E1A,32E1A (CIVIL ENGINEER),https://paladindanse111.github.io/AFSC-PDFs/32E.html,https://paladindanse111.github.io/AFSC-PDFs/BASE_JB_ELMENDORF-RICHARDSON.html,C-12,Active Duty
JB ELMENDORF-RICHARDSON,"61°15'44""N","149°41'53""W",6V UN 55306 94983,32E1A,32E1A (CIVIL ENGINEER),https://paladindanse111.github.io/AFSC-PDFs/32E.html,https://paladindanse111.github.io/AFSC-PDFs/BASE_JB_ELMENDORF-RICHARDSON.html,C-17,Active Duty
JB ELMENDORF-RICHARDSON,"61°15'44""N","149°41'53""W",6V UN 55306 94983,32E1A,32E1A (CIVIL ENGINEER),https://paladindanse111.github.io/AFSC-PDFs/32E.html,https://paladindanse111.github.io/AFSC-PDFs/BASE_JB_ELMENDORF-RICHARDSON.html,E-3,Active Duty
JB ELMENDORF-RICHARDSON,"61°15'44""N","149°41'53""W",6V UN 55306 94983,32E1A,32E1A (CIVIL ENGINEER),https://paladindanse111.github.io/AFSC-PDFs/32E.html,https://paladindanse111.github.io/AFSC-PDFs/BASE_JB_ELMENDORF-RICHARDSON.html,F-22,Active Duty
JB ELMENDORF-RICHARDSON,"61°15'44""N","149°41'53""W",6V UN 55306 94983,32E1A,32E1A (CIVIL ENGINEER),https://paladindanse111.github.io/AFSC-PDFs/32E.html,https://paladindanse111.github.io/AFSC-PDFs/BASE_JB_ELMENDORF-RICHARDSON.html,F-35,Active Duty
JB ELMENDORF-RICHARDSON,"61°15'44""N","149°41'53""W",6V UN 55306 94983,32E1A,32E1A (CIVIL ENGINEER),https://paladindanse111.github.io/AFSC-PDFs/32E.html,https://paladindanse111.github.io/AFSC-PDFs/BASE_JB_ELMENDORF-RICHARDSON.html,RC-135,Active Duty
JB ELMENDORF-RICHARDSON,"61°15'44""N","149°41'53""W",6V UN 55306 94983,32E1C,32E1C (CIVIL ENGINEER),https://paladindanse111.github.io/AFSC-PDFs/32E.html,https://paladindanse111.github.io/AFSC-PDFs/BASE_JB_ELMENDORF-RICHARDSON.html,C-12,Active Duty
JB ELMENDORF-RICHARDSON,"61°15'44""N","149°41'53""W",6V UN 55306 94983,32E1C,32E1C (CIVIL ENGINEER),https://paladindanse111.github.io/AFSC-PDFs/32E.html,https://paladindanse111.github.io/AFSC-PDFs/BASE_JB_ELMENDORF-RICHARDSON.html,C-17,Active Duty
JB ELMENDORF-RICHARDSON,"61°15'44""N","149°41'53""W",6V UN 55306 94983,32E1C,32E1C (CIVIL ENGINEER),https://paladindanse111.github.io/AFSC-PDFs/32E.html,https://paladindanse111.github.io/AFSC-PDFs/BASE_JB_ELMENDORF-RICHARDSON.html,E-3,Active Duty
JB ELMENDORF-RICHARDSON,"61°15'44""N","149°41'53""W",6V UN 55306 94983,32E1C,32E1C (CIVIL ENGINEER),https://paladindanse111.github.io/AFSC-PDFs/32E.html,https://paladindanse111.github.io/AFSC-PDFs/BASE_JB_ELMENDORF-RICHARDSON.html,F-22,Active Duty
JB ELMENDORF-RICHARDSON,"61°15'44""N","149°41'53""W",6V UN 55306 94983,32E1C,32E1C (CIVIL ENGINEER),https://paladindanse111.github.io/AFSC-PDFs/32E.html,https://paladindanse111.github.io/AFSC-PDFs/BASE_JB_ELMENDORF-RICHARDSON.html,F-35,Active Duty
JB ELMENDORF-RICHARDSON,"61°15'44""N","149°41'53""W",6V UN 55306 94983,32E1C,32E1C (CIVIL ENGINEER),https://paladindanse111.github.io/AFSC-PDFs/32E.html,https://paladindanse111.github.io/AFSC-PDFs/BASE_JB_ELMENDORF-RICHARDSON.html,RC-135,Active Duty
JB ELMENDORF-RICHARDSON,"61°15'44""N","149°41'53""W",6V UN 55306 94983,32E1E,32E1E (CIVIL ENGINEER),https://paladindanse111.github.io/AFSC-PDFs/32E.html,https://paladindanse111.github.io/AFSC-PDFs/BASE_JB_ELMENDORF-RICHARDSON.html,C-12,Active Duty
JB ELMENDORF-RICHARDSON,"61°15'44""N","149°41'53""W",6V UN 55306 94983,32E1E,32E1E (CIVIL ENGINEER),https://paladindanse111.github.io/AFSC-PDFs/32E.html,https://paladindanse111.github.io/AFSC-PDFs/BASE_JB_ELMENDORF-RICHARDSON.html,C-17,Active Duty
JB ELMENDORF-RICHARDSON,"61°15'44""N","149°41'53""W",6V UN 55306 94983,32E1E,32E1E (CIVIL ENGINEER),https://paladindanse111.github.io/AFSC-PDFs/32E.html,https://paladindanse111.github.io/AFSC-PDFs/BASE_JB_ELMENDORF-RICHARDSON.html,E-3,Active Duty
JB ELMENDORF-RICHARDSON,"61°15'44""N","149°41'53""W",6V UN 55306 94983,32E1E,32E1E (CIVIL ENGINEER),https://paladindanse111.github.io/AFSC-PDFs/32E.html,https://paladindanse111.github.io/AFSC-PDFs/BASE_JB_ELMENDORF-RICHARDSON.html,F-22,Active Duty
JB ELMENDORF-RICHARDSON,"61°15'44""N","149°41'53""W",6V UN 55306 94983,32E1E,32E1E (CIVIL ENGINEER),https://paladindanse111.github.io/AFSC-PDFs/32E.html,https://paladindanse111.github.io/AFSC-PDFs/BASE_JB_ELMENDORF-RICHARDSON.html,F-35,Active Duty
JB ELMENDORF-RICHARDSON,"61°15'44""N","149°41'53""W",6V UN 55306 94983,32E1E,32E1E (CIVIL ENGINEER),https://paladindanse111.github.io/AFSC-PDFs/32E.html,https://paladindanse111.github.io/AFSC-PDFs/BASE_JB_ELMENDORF-RICHARDSON.html,RC-135,Active Duty
JB ELMENDORF-RICHARDSON,"61°15'44""N","149°41'53""W",6V UN 55306 94983,32E1F,32E1F (CIVIL ENGINEER),https://paladindanse111.github.io/AFSC-PDFs/32E.html,https://paladindanse111.github.io/AFSC-PDFs/BASE_JB_ELMENDORF-RICHARDSON.html,C-12,Active Duty
JB ELMENDORF-RICHARDSON,"61°15'44""N","149°41'53""W",6V UN 55306 94983,32E1F,32E1F (CIVIL ENGINEER),https://paladindanse111.github.io/AFSC-PDFs/32E.html,https://paladindanse111.github.io/AFSC-PDFs/BASE_JB_ELMENDORF-RICHARDSON.html,C-17,Active Duty
JB ELMENDORF-RICHARDSON,"61°15'44""N","149°41'53""W",6V UN 55306 94983,32E1F,32E1F (CIVIL ENGINEER),https://paladindanse111.github.io/AFSC-PDFs/32E.html,https://paladindanse111.github.io/AFSC-PDFs/BASE_JB_ELMENDORF-RICHARDSON.html,E-3,Active Duty
JB ELMENDORF-RICHARDSON,"61°15'44""N","149°41'53""W",6V UN 55306 94983,32E1F,32E1F (CIVIL ENGINEER),https://paladindanse111.github.io/AFSC-PDFs/32E.html,https://paladindanse111.github.io/AFSC-PDFs/BASE_JB_ELMENDORF-RICHARDSON.html,F-22,Active Duty
JB ELMENDORF-RICHARDSON,"61°15'44""N","149°41'53""W",6V UN 55306 94983,32E1F,32E1F (CIVIL ENGINEER),https://paladindanse111.github.io/AFSC-PDFs/32E.html,https://paladindanse111.github.io/AFSC-PDFs/BASE_JB_ELMENDORF-RICHARDSON.html,F-35,Active Duty
JB ELMENDORF-RICHARDSON,"61°15'44""N","149°41'53""W",6V UN 55306 94983,32E1F,32E1F (CIVIL ENGINEER),https://paladindanse111.github.io/AFSC-PDFs/32E.html,https://paladindanse111.github.io/AFSC-PDFs/BASE_JB_ELMENDORF-RICHARDSON.html,RC-135,Active Duty
JB ELMENDORF-RICHARDSON,"61°15'44""N","149°41'53""W",6V UN 55306 94983,32E1G,32E1G (CIVIL ENGINEER),https://paladindanse111.github.io/AFSC-PDFs/32E.html,https://paladindanse111.github.io/AFSC-PDFs/BASE_JB_ELMENDORF-RICHARDSON.html,C-12,Active Duty
JB ELMENDORF-RICHARDSON,"61°15'44""N","149°41'53""W",6V UN 55306 94983,32E1G,32E1G (CIVIL ENGINEER),https://paladindanse111.github.io/AFSC-PDFs/32E.html,https://paladindanse111.github.io/AFSC-PDFs/BASE_JB_ELMENDORF-RICHARDSON.html,C-17,Active Duty
JB ELMENDORF-RICHARDSON,"61°15'44""N","149°41'53""W",6V UN 55306 94983,32E1G,32E1G (CIVIL ENGINEER),https://paladindanse111.github.io/AFSC-PDFs/32E.html,https://paladindanse111.github.io/AFSC-PDFs/BASE_JB_ELMENDORF-RICHARDSON.html,E-3,Active Duty
JB ELMENDORF-RICHARDSON,"61°15'44""N","149°41'53""W",6V UN 55306 94983,32E1G,32E1G (CIVIL ENGINEER),https://paladindanse111.github.io/AFSC-PDFs/32E.html,https://paladindanse111.github.io/AFSC-PDFs/BASE_JB_ELMENDORF-RICHARDSON.html,F-22,Active Duty
JB ELMENDORF-RICHARDSON,"61°15'44""N","149°41'53""W",6V UN 55306 94983,32E1G,32E1G (CIVIL ENGINEER),https://paladindanse111.github.io/AFSC-PDFs/32E.html,https://paladindanse111.github.io/AFSC-PDFs/BASE_JB_ELMENDORF-RICHARDSON.html,F-35,Active Duty
JB ELMENDORF-RICHARDSON,"61°15'44""N","149°41'53""W",6V UN 55306 94983,32E1G,32E1G (CIVIL ENGINEER),https://paladindanse111.github.io/AFSC-PDFs/32E.html,https://paladindanse111.github.io/AFSC-PDFs/BASE_JB_ELMENDORF-RICHARDSON.html,RC-135,Active Duty
JB ELMENDORF-RICHARDSON,"61°15'44""N","149°41'53""W",6V UN 55306 94983,32E1J,32E1J (CIVIL ENGINEER),https://paladindanse111.github.io/AFSC-PDFs/32E.html,https://paladindanse111.github.io/AFSC-PDFs/BASE_JB_ELMENDORF-RICHARDSON.html,C-12,Active Duty
JB ELMENDORF-RICHARDSON,"61°15'44""N","149°41'53""W",6V UN 55306 94983,32E1J,32E1J (CIVIL ENGINEER),https://paladindanse111.github.io/AFSC-PDFs/32E.html,https://paladindanse111.github.io/AFSC-PDFs/BASE_JB_ELMENDORF-RICHARDSON.html,C-17,Active Duty
JB ELMENDORF-RICHARDSON,"61°15'44""N","149°41'53""W",6V UN 55306 94983,32E1J,32E1J (CIVIL ENGINEER),https://paladindanse111.github.io/AFSC-PDFs/32E.html,https://paladindanse111.github.io/AFSC-PDFs/BASE_JB_ELMENDORF-RICHARDSON.html,E-3,Active Duty
JB ELMENDORF-RICHARDSON,"61°15'44""N","149°41'53""W",6V UN 55306 94983,32E1J,32E1J (CIVIL ENGINEER),https://paladindanse111.github.io/AFSC-PDFs/32E.html,https://paladindanse111.github.io/AFSC-PDFs/BASE_JB_ELMENDORF-RICHARDSON.html,F-22,Active Duty
JB ELMENDORF-RICHARDSON,"61°15'44""N","149°41'53""W",6V UN 55306 94983,32E1J,32E1J (CIVIL ENGINEER),https://paladindanse111.github.io/AFSC-PDFs/32E.html,https://paladindanse111.github.io/AFSC-PDFs/BASE_JB_ELMENDORF-RICHARDSON.html,F-35,Active Duty
JB ELMENDORF-RICHARDSON,"61°15'44""N","149°41'53""W",6V UN 55306 94983,32E1J,32E1J (CIVIL ENGINEER),https://paladindanse111.github.io/AFSC-PDFs/32E.html,https://paladindanse111.github.io/AFSC-PDFs/BASE_JB_ELMENDORF-RICHARDSON.html,RC-135,Active Duty
JB ELMENDORF-RICHARDSON,"61°15'44""N","149°41'53""W",6V UN 55306 94983,35P1,35P1 (PUBLIC AFFAIRS),https://paladindanse111.github.io/AFSC-PDFs/35P.html,https://paladindanse111.github.io/AFSC-PDFs/BASE_JB_ELMENDORF-RICHARDSON.html,C-12,Active Duty
JB ELMENDORF-RICHARDSON,"61°15'44""N","149°41'53""W",6V UN 55306 94983,35P1,35P1 (PUBLIC AFFAIRS),https://paladindanse111.github.io/AFSC-PDFs/35P.html,https://paladindanse111.github.io/AFSC-PDFs/BASE_JB_ELMENDORF-RICHARDSON.html,C-17,Active Duty
JB ELMENDORF-RICHARDSON,"61°15'44""N","149°41'53""W",6V UN 55306 94983,35P1,35P1 (PUBLIC AFFAIRS),https://paladindanse111.github.io/AFSC-PDFs/35P.html,https://paladindanse111.github.io/AFSC-PDFs/BASE_JB_ELMENDORF-RICHARDSON.html,E-3,Active Duty
JB ELMENDORF-RICHARDSON,"61°15'44""N","149°41'53""W",6V UN 55306 94983,35P1,35P1 (PUBLIC AFFAIRS),https://paladindanse111.github.io/AFSC-PDFs/35P.html,https://paladindanse111.github.io/AFSC-PDFs/BASE_JB_ELMENDORF-RICHARDSON.html,F-22,Active Duty
JB ELMENDORF-RICHARDSON,"61°15'44""N","149°41'53""W",6V UN 55306 94983,35P1,35P1 (PUBLIC AFFAIRS),https://paladindanse111.github.io/AFSC-PDFs/35P.html,https://paladindanse111.github.io/AFSC-PDFs/BASE_JB_ELMENDORF-RICHARDSON.html,F-35,Active Duty
JB ELMENDORF-RICHARDSON,"61°15'44""N","149°41'53""W",6V UN 55306 94983,35P1,35P1 (PUBLIC AFFAIRS),https://paladindanse111.github.io/AFSC-PDFs/35P.html,https://paladindanse111.github.io/AFSC-PDFs/BASE_JB_ELMENDORF-RICHARDSON.html,RC-135,Active Duty
JB ELMENDORF-RICHARDSON,"61°15'44""N","149°41'53""W",6V UN 55306 94983,38F1,38F1 (FORCE SUPPORT),https://paladindanse111.github.io/AFSC-PDFs/38F.html,https://paladindanse111.github.io/AFSC-PDFs/BASE_JB_ELMENDORF-RICHARDSON.html,C-12,Active Duty
JB ELMENDORF-RICHARDSON,"61°15'44""N","149°41'53""W",6V UN 55306 94983,38F1,38F1 (FORCE SUPPORT),https://paladindanse111.github.io/AFSC-PDFs/38F.html,https://paladindanse111.github.io/AFSC-PDFs/BASE_JB_ELMENDORF-RICHARDSON.html,C-17,Active Duty
JB ELMENDORF-RICHARDSON,"61°15'44""N","149°41'53""W",6V UN 55306 94983,38F1,38F1 (FORCE SUPPORT),https://paladindanse111.github.io/AFSC-PDFs/38F.html,https://paladindanse111.github.io/AFSC-PDFs/BASE_JB_ELMENDORF-RICHARDSON.html,E-3,Active Duty
JB ELMENDORF-RICHARDSON,"61°15'44""N","149°41'53""W",6V UN 55306 94983,38F1,38F1 (FORCE SUPPORT),https://paladindanse111.github.io/AFSC-PDFs/38F.html,https://paladindanse111.github.io/AFSC-PDFs/BASE_JB_ELMENDORF-RICHARDSON.html,F-22,Active Duty
JB ELMENDORF-RICHARDSON,"61°15'44""N","149°41'53""W",6V UN 55306 94983,38F1,38F1 (FORCE SUPPORT),https://paladindanse111.github.io/AFSC-PDFs/38F.html,https://paladindanse111.github.io/AFSC-PDFs/BASE_JB_ELMENDORF-RICHARDSON.html,F-35,Active Duty
JB ELMENDORF-RICHARDSON,"61°15'44""N","149°41'53""W",6V UN 55306 94983,38F1,38F1 (FORCE SUPPORT),https://paladindanse111.github.io/AFSC-PDFs/38F.html,https://paladindanse111.github.io/AFSC-PDFs/BASE_JB_ELMENDORF-RICHARDSON.html,RC-135,Active Duty
JB ELMENDORF-RICHARDSON,"61°15'44""N","149°41'53""W",6V UN 55306 94983,63A1,63A1 (AQUISITION MANAGER),https://paladindanse111.github.io/AFSC-PDFs/63A.html,https://paladindanse111.github.io/AFSC-PDFs/BASE_JB_ELMENDORF-RICHARDSON.html,C-12,Active Duty
JB ELMENDORF-RICHARDSON,"61°15'44""N","149°41'53""W",6V UN 55306 94983,63A1,63A1 (AQUISITION MANAGER),https://paladindanse111.github.io/AFSC-PDFs/63A.html,https://paladindanse111.github.io/AFSC-PDFs/BASE_JB_ELMENDORF-RICHARDSON.html,C-17,Active Duty
JB ELMENDORF-RICHARDSON,"61°15'44""N","149°41'53""W",6V UN 55306 94983,63A1,63A1 (AQUISITION MANAGER),https://paladindanse111.github.io/AFSC-PDFs/63A.html,https://paladindanse111.github.io/AFSC-PDFs/BASE_JB_ELMENDORF-RICHARDSON.html,E-3,Active Duty
JB ELMENDORF-RICHARDSON,"61°15'44""N","149°41'53""W",6V UN 55306 94983,63A1,63A1 (AQUISITION MANAGER),https://paladindanse111.github.io/AFSC-PDFs/63A.html,https://paladindanse111.github.io/AFSC-PDFs/BASE_JB_ELMENDORF-RICHARDSON.html,F-22,Active Duty
JB ELMENDORF-RICHARDSON,"61°15'44""N","149°41'53""W",6V UN 55306 94983,63A1,63A1 (AQUISITION MANAGER),https://paladindanse111.github.io/AFSC-PDFs/63A.html,https://paladindanse111.github.io/AFSC-PDFs/BASE_JB_ELMENDORF-RICHARDSON.html,F-35,Active Duty
JB ELMENDORF-RICHARDSON,"61°15'44""N","149°41'53""W",6V UN 55306 94983,63A1,63A1 (AQUISITION MANAGER),https://paladindanse111.github.io/AFSC-PDFs/63A.html,https://paladindanse111.github.io/AFSC-PDFs/BASE_JB_ELMENDORF-RICHARDSON.html,RC-135,Active Duty
JB ELMENDORF-RICHARDSON,"61°15'44""N","149°41'53""W",6V UN 55306 94983,64P1,64P1 (CONTRACTING),https://paladindanse111.github.io/AFSC-PDFs/64P.html,https://paladindanse111.github.io/AFSC-PDFs/BASE_JB_ELMENDORF-RICHARDSON.html,C-12,Active Duty
JB ELMENDORF-RICHARDSON,"61°15'44""N","149°41'53""W",6V UN 55306 94983,64P1,64P1 (CONTRACTING),https://paladindanse111.github.io/AFSC-PDFs/64P.html,https://paladindanse111.github.io/AFSC-PDFs/BASE_JB_ELMENDORF-RICHARDSON.html,C-17,Active Duty
JB ELMENDORF-RICHARDSON,"61°15'44""N","149°41'53""W",6V UN 55306 94983,64P1,64P1 (CONTRACTING),https://paladindanse111.github.io/AFSC-PDFs/64P.html,https://paladindanse111.github.io/AFSC-PDFs/BASE_JB_ELMENDORF-RICHARDSON.html,E-3,Active Duty
JB ELMENDORF-RICHARDSON,"61°15'44""N","149°41'53""W",6V UN 55306 94983,64P1,64P1 (CONTRACTING),https://paladindanse111.github.io/AFSC-PDFs/64P.html,https://paladindanse111.github.io/AFSC-PDFs/BASE_JB_ELMENDORF-RICHARDSON.html,F-22,Active Duty
JB ELMENDORF-RICHARDSON,"61°15'44""N","149°41'53""W",6V UN 55306 94983,64P1,64P1 (CONTRACTING),https://paladindanse111.github.io/AFSC-PDFs/64P.html,https://paladindanse111.github.io/AFSC-PDFs/BASE_JB_ELMENDORF-RICHARDSON.html,F-35,Active Duty
JB ELMENDORF-RICHARDSON,"61°15'44""N","149°41'53""W",6V UN 55306 94983,64P1,64P1 (CONTRACTING),https://paladindanse111.github.io/AFSC-PDFs/64P.html,https://paladindanse111.github.io/AFSC-PDFs/BASE_JB_ELMENDORF-RICHARDSON.html,RC-135,Active Duty
JB ELMENDORF-RICHARDSON,"61°15'44""N","149°41'53""W",6V UN 55306 94983,65F1,65F1 (FINANCIAL MANAGEMENT),https://paladindanse111.github.io/AFSC-PDFs/65F.html,https://paladindanse111.github.io/AFSC-PDFs/BASE_JB_ELMENDORF-RICHARDSON.html,C-12,Active Duty
JB ELMENDORF-RICHARDSON,"61°15'44""N","149°41'53""W",6V UN 55306 94983,65F1,65F1 (FINANCIAL MANAGEMENT),https://paladindanse111.github.io/AFSC-PDFs/65F.html,https://paladindanse111.github.io/AFSC-PDFs/BASE_JB_ELMENDORF-RICHARDSON.html,C-17,Active Duty
JB ELMENDORF-RICHARDSON,"61°15'44""N","149°41'53""W",6V UN 55306 94983,65F1,65F1 (FINANCIAL MANAGEMENT),https://paladindanse111.github.io/AFSC-PDFs/65F.html,https://paladindanse111.github.io/AFSC-PDFs/BASE_JB_ELMENDORF-RICHARDSON.html,E-3,Active Duty
JB ELMENDORF-RICHARDSON,"61°15'44""N","149°41'53""W",6V UN 55306 94983,65F1,65F1 (FINANCIAL MANAGEMENT),https://paladindanse111.github.io/AFSC-PDFs/65F.html,https://paladindanse111.github.io/AFSC-PDFs/BASE_JB_ELMENDORF-RICHARDSON.html,F-22,Active Duty
JB ELMENDORF-RICHARDSON,"61°15'44""N","149°41'53""W",6V UN 55306 94983,65F1,65F1 (FINANCIAL MANAGEMENT),https://paladindanse111.github.io/AFSC-PDFs/65F.html,https://paladindanse111.github.io/AFSC-PDFs/BASE_JB_ELMENDORF-RICHARDSON.html,F-35,Active Duty
JB ELMENDORF-RICHARDSON,"61°15'44""N","149°41'53""W",6V UN 55306 94983,65F1,65F1 (FINANCIAL MANAGEMENT),https://paladindanse111.github.io/AFSC-PDFs/65F.html,https://paladindanse111.github.io/AFSC-PDFs/BASE_JB_ELMENDORF-RICHARDSON.html,RC-135,Active Duty
JB LANGLEY-EUSTIS,"37°05'00""N","76°21'33""W",18S UG 79195 04980,13H1,13H1 (AEROSPACE PHYSIOLOGIST),https://paladindanse111.github.io/AFSC-PDFs/13H.html,https://paladindanse111.github.io/AFSC-PDFs/BASE_JB_LANGLEY-EUSTIS.html,,Active Duty
JB LANGLEY-EUSTIS,"37°05'00""N","76°21'33""W",18S UG 79195 04980,14F1,14F1 (INFORMATION OPERATIONS),https://paladindanse111.github.io/AFSC-PDFs/14F.html,https://paladindanse111.github.io/AFSC-PDFs/BASE_JB_LANGLEY-EUSTIS.html,,Active Duty
JB LANGLEY-EUSTIS,"37°05'00""N","76°21'33""W",18S UG 79195 04980,15A1,15A1 (OPERATIONS ANALYSIS OFFICER),https://paladindanse111.github.io/AFSC-PDFs/15A.html,https://paladindanse111.github.io/AFSC-PDFs/BASE_JB_LANGLEY-EUSTIS.html,,Active Duty
JB LANGLEY-EUSTIS,"37°05'00""N","76°21'33""W",18S UG 79195 04980,21A1,21A1 (AIRCRAFT MAINTENANCE),https://paladindanse111.github.io/AFSC-PDFs/21A.html,https://paladindanse111.github.io/AFSC-PDFs/BASE_JB_LANGLEY-EUSTIS.html,,Active Duty
JB LANGLEY-EUSTIS,"37°05'00""N","76°21'33""W",18S UG 79195 04980,21M1,21M1 (MUNITIONS AND MISSILE MAINTENANCE),https://paladindanse111.github.io/AFSC-PDFs/21M.html,https://paladindanse111.github.io/AFSC-PDFs/BASE_JB_LANGLEY-EUSTIS.html,,Active Duty
JB LANGLEY-EUSTIS,"37°05'00""N","76°21'33""W",18S UG 79195 04980,21R1,21R1 (LOGISTICS READINESS),https://paladindanse111.github.io/AFSC-PDFs/21R.html,https://paladindanse111.github.io/AFSC-PDFs/BASE_JB_LANGLEY-EUSTIS.html,,Active Duty
JB LANGLEY-EUSTIS,"37°05'00""N","76°21'33""W",18S UG 79195 04980,32E1A,32E1A (CIVIL ENGINEER),https://paladindanse111.github.io/AFSC-PDFs/32E.html,https://paladindanse111.github.io/AFSC-PDFs/BASE_JB_LANGLEY-EUSTIS.html,,Active Duty
JB LANGLEY-EUSTIS,"37°05'00""N","76°21'33""W",18S UG 79195 04980,32E1C,32E1C (CIVIL ENGINEER),https://paladindanse111.github.io/AFSC-PDFs/32E.html,https://paladindanse111.github.io/AFSC-PDFs/BASE_JB_LANGLEY-EUSTIS.html,,Active Duty
JB LANGLEY-EUSTIS,"37°05'00""N","76°21'33""W",18S UG 79195 04980,32E1E,32E1E (CIVIL ENGINEER),https://paladindanse111.github.io/AFSC-PDFs/32E.html,https://paladindanse111.github.io/AFSC-PDFs/BASE_JB_LANGLEY-EUSTIS.html,,Active Duty
JB LANGLEY-EUSTIS,"37°05'00""N","76°21'33""W",18S UG 79195 04980,32E1F,32E1F (CIVIL ENGINEER),https://paladindanse111.github.io/AFSC-PDFs/32E.html,https://paladindanse111.github.io/AFSC-PDFs/BASE_JB_LANGLEY-EUSTIS.html,,Active Duty
JB LANGLEY-EUSTIS,"37°05'00""N","76°21'33""W",18S UG 79195 04980,32E1G,32E1G (CIVIL ENGINEER),https://paladindanse111.github.io/AFSC-PDFs/32E.html,https://paladindanse111.github.io/AFSC-PDFs/BASE_JB_LANGLEY-EUSTIS.html,,Active Duty
JB LANGLEY-EUSTIS,"37°05'00""N","76°21'33""W",18S UG 79195 04980,32E1J,32E1J (CIVIL ENGINEER),https://paladindanse111.github.io/AFSC-PDFs/32E.html,https://paladindanse111.github.io/AFSC-PDFs/BASE_JB_LANGLEY-EUSTIS.html,,Active Duty
JB LANGLEY-EUSTIS,"37°05'00""N","76°21'33""W",18S UG 79195 04980,35P1,35P1 (PUBLIC AFFAIRS),https://paladindanse111.github.io/AFSC-PDFs/35P.html,https://paladindanse111.github.io/AFSC-PDFs/BASE_JB_LANGLEY-EUSTIS.html,,Active Duty
JB LANGLEY-EUSTIS,"37°05'00""N","76°21'33""W",18S UG 79195 04980,38F1,38F1 (FORCE SUPPORT),https://paladindanse111.github.io/AFSC-PDFs/38F.html,https://paladindanse111.github.io/AFSC-PDFs/BASE_JB_LANGLEY-EUSTIS.html,,Active Duty
JB LANGLEY-EUSTIS,"37°05'00""N","76°21'33""W",18S UG 79195 04980,63A1,63A1 (AQUISITION MANAGER),https://paladindanse111.github.io/AFSC-PDFs/63A.html,https://paladindanse111.github.io/AFSC-PDFs/BASE_JB_LANGLEY-EUSTIS.html,,Active Duty
JB LANGLEY-EUSTIS,"37°05'00""N","76°21'33""W",18S UG 79195 04980,64P1,64P1 (CONTRACTING),https://paladindanse111.github.io/AFSC-PDFs/64P.html,https://paladindanse111.github.io/AFSC-PDFs/BASE_JB_LANGLEY-EUSTIS.html,,Active Duty
JB LANGLEY-EUSTIS,"37°05'00""N","76°21'33""W",18S UG 79195 04980,65F1,65F1 (FINANCIAL MANAGEMENT),https://paladindanse111.github.io/AFSC-PDFs/65F.html,https://paladindanse111.github.io/AFSC-PDFs/BASE_JB_LANGLEY-EUSTIS.html,,Active Duty
JB LANGLEY-EUSTIS,"37°05'00""N","76°21'33""W",18S UG 79195 04980,71S1,71S1 (SPECIAL INVESTIGATIONS),https://paladindanse111.github.io/AFSC-PDFs/71S.html,https://paladindanse111.github.io/AFSC-PDFs/BASE_JB_LANGLEY-EUSTIS.html,,Active Duty
JB LEWIS-MCCHORD,"47°05'30""N","122°36'53""W",10T ET 29240 15422,15W1,15W1 (WEATHER AND ENVIRONMENTAL SCIENCES),https://paladindanse111.github.io/AFSC-PDFs/15W.html,https://paladindanse111.github.io/AFSC-PDFs/BASE_JB_LEWIS-MCCHORD.html,C-17,Active Duty
JB LEWIS-MCCHORD,"47°05'30""N","122°36'53""W",10T ET 29240 15422,21A1,21A1 (AIRCRAFT MAINTENANCE),https://paladindanse111.github.io/AFSC-PDFs/21A.html,https://paladindanse111.github.io/AFSC-PDFs/BASE_JB_LEWIS-MCCHORD.html,C-17,Active Duty
JB LEWIS-MCCHORD,"47°05'30""N","122°36'53""W",10T ET 29240 15422,21R1,21R1 (LOGISTICS READINESS),https://paladindanse111.github.io/AFSC-PDFs/21R.html,https://paladindanse111.github.io/AFSC-PDFs/BASE_JB_LEWIS-MCCHORD.html,C-17,Active Duty
JB LEWIS-MCCHORD,"47°05'30""N","122°36'53""W",10T ET 29240 15422,32E1A,32E1A (CIVIL ENGINEER),https://paladindanse111.github.io/AFSC-PDFs/32E.html,https://paladindanse111.github.io/AFSC-PDFs/BASE_JB_LEWIS-MCCHORD.html,C-17,Active Duty
JB LEWIS-MCCHORD,"47°05'30""N","122°36'53""W",10T ET 29240 15422,32E1C,32E1C (CIVIL ENGINEER),https://paladindanse111.github.io/AFSC-PDFs/32E.html,https://paladindanse111.github.io/AFSC-PDFs/BASE_JB_LEWIS-MCCHORD.html,C-17,Active Duty
JB LEWIS-MCCHORD,"47°05'30""N","122°36'53""W",10T ET 29240 15422,32E1E,32E1E (CIVIL ENGINEER),https://paladindanse111.github.io/AFSC-PDFs/32E.html,https://paladindanse111.github.io/AFSC-PDFs/BASE_JB_LEWIS-MCCHORD.html,C-17,Active Duty
JB LEWIS-MCCHORD,"47°05'30""N","122°36'53""W",10T ET 29240 15422,32E1F,32E1F (CIVIL ENGINEER),https://paladindanse111.github.io/AFSC-PDFs/32E.html,https://paladindanse111.github.io/AFSC-PDFs/BASE_JB_LEWIS-MCCHORD.html,C-17,Active Duty
JB LEWIS-MCCHORD,"47°05'30""N","122°36'53""W",10T ET 29240 15422,32E1G,32E1G (CIVIL ENGINEER),https://paladindanse111.github.io/AFSC-PDFs/32E.html,https://paladindanse111.github.io/AFSC-PDFs/BASE_JB_LEWIS-MCCHORD.html,C-17,Active Duty
JB LEWIS-MCCHORD,"47°05'30""N","122°36'53""W",10T ET 29240 15422,32E1J,32E1J (CIVIL ENGINEER),https://paladindanse111.github.io/AFSC-PDFs/32E.html,https://paladindanse111.github.io/AFSC-PDFs/BASE_JB_LEWIS-MCCHORD.html,C-17,Active Duty
JB LEWIS-MCCHORD,"47°05'30""N","122°36'53""W",10T ET 29240 15422,65F1,65F1 (FINANCIAL MANAGEMENT),https://paladindanse111.github.io/AFSC-PDFs/65F.html,https://paladindanse111.github.io/AFSC-PDFs/BASE_JB_LEWIS-MCCHORD.html,C-17,Active Duty
JB LEWIS-MCCHORD,"47°05'30""N","122°36'53""W",10T ET 29240 15422,71S1,71S1 (SPECIAL INVESTIGATIONS),https://paladindanse111.github.io/AFSC-PDFs/71S.html,https://paladindanse111.github.io/AFSC-PDFs/BASE_JB_LEWIS-MCCHORD.html,C-17,Active Duty
JB MCGUIRE-DIX-LAKEHURST,"40°02'15""N","74°35'18""W",18T WK 35120 32000,21A1,21A1 (AIRCRAFT MAINTENANCE),https://paladindanse111.github.io/AFSC-PDFs/21A.html,https://paladindanse111.github.io/AFSC-PDFs/BASE_JB_MCGUIRE-DIX-LAKEHURST.html,C-130J,Active Duty
JB MCGUIRE-DIX-LAKEHURST,"40°02'15""N","74°35'18""W",18T WK 35120 32000,21A1,21A1 (AIRCRAFT MAINTENANCE),https://paladindanse111.github.io/AFSC-PDFs/21A.html,https://paladindanse111.github.io/AFSC-PDFs/BASE_JB_MCGUIRE-DIX-LAKEHURST.html,C-17,Active Duty
JB MCGUIRE-DIX-LAKEHURST,"40°02'15""N","74°35'18""W",18T WK 35120 32000,21A1,21A1 (AIRCRAFT MAINTENANCE),https://paladindanse111.github.io/AFSC-PDFs/21A.html,https://paladindanse111.github.io/AFSC-PDFs/BASE_JB_MCGUIRE-DIX-LAKEHURST.html,C-5,Active Duty
JB MCGUIRE-DIX-LAKEHURST,"40°02'15""N","74°35'18""W",18T WK 35120 32000,21A1,21A1 (AIRCRAFT MAINTENANCE),https://paladindanse111.github.io/AFSC-PDFs/21A.html,https://paladindanse111.github.io/AFSC-PDFs/BASE_JB_MCGUIRE-DIX-LAKEHURST.html,KC-135,Active Duty
JB MCGUIRE-DIX-LAKEHURST,"40°02'15""N","74°35'18""W",18T WK 35120 32000,21A1,21A1 (AIRCRAFT MAINTENANCE),https://paladindanse111.github.io/AFSC-PDFs/21A.html,https://paladindanse111.github.io/AFSC-PDFs/BASE_JB_MCGUIRE-DIX-LAKEHURST.html,KC-46,Active Duty
JB MCGUIRE-DIX-LAKEHURST,"40°02'15""N","74°35'18""W",18T WK 35120 32000,21A1,21A1 (AIRCRAFT MAINTENANCE),https://paladindanse111.github.io/AFSC-PDFs/21A.html,https://paladindanse111.github.io/AFSC-PDFs/BASE_JB_MCGUIRE-DIX-LAKEHURST.html,KC-46 (KC-X),Active Duty
JB MCGUIRE-DIX-LAKEHURST,"40°02'15""N","74°35'18""W",18T WK 35120 32000,21R1,21R1 (LOGISTICS READINESS),https://paladindanse111.github.io/AFSC-PDFs/21R.html,https://paladindanse111.github.io/AFSC-PDFs/BASE_JB_MCGUIRE-DIX-LAKEHURST.html,C-130J,Active Duty
JB MCGUIRE-DIX-LAKEHURST,"40°02'15""N","74°35'18""W",18T WK 35120 32000,21R1,21R1 (LOGISTICS READINESS),https://paladindanse111.github.io/AFSC-PDFs/21R.html,https://paladindanse111.github.io/AFSC-PDFs/BASE_JB_MCGUIRE-DIX-LAKEHURST.html,C-17,Active Duty
JB MCGUIRE-DIX-LAKEHURST,"40°02'15""N","74°35'18""W",18T WK 35120 32000,21R1,21R1 (LOGISTICS READINESS),https://paladindanse111.github.io/AFSC-PDFs/21R.html,https://paladindanse111.github.io/AFSC-PDFs/BASE_JB_MCGUIRE-DIX-LAKEHURST.html,C-5,Active Duty
JB MCGUIRE-DIX-LAKEHURST,"40°02'15""N","74°35'18""W",18T WK 35120 32000,21R1,21R1 (LOGISTICS READINESS),https://paladindanse111.github.io/AFSC-PDFs/21R.html,https://paladindanse111.github.io/AFSC-PDFs/BASE_JB_MCGUIRE-DIX-LAKEHURST.html,KC-135,Active Duty
JB MCGUIRE-DIX-LAKEHURST,"40°02'15""N","74°35'18""W",18T WK 35120 32000,21R1,21R1 (LOGISTICS READINESS),https://paladindanse111.github.io/AFSC-PDFs/21R.html,https://paladindanse111.github.io/AFSC-PDFs/BASE_JB_MCGUIRE-DIX-LAKEHURST.html,KC-46,Active Duty
JB MCGUIRE-DIX-LAKEHURST,"40°02'15""N","74°35'18""W",18T WK 35120 32000,21R1,21R1 (LOGISTICS READINESS),https://paladindanse111.github.io/AFSC-PDFs/21R.html,https://paladindanse111.github.io/AFSC-PDFs/BASE_JB_MCGUIRE-DIX-LAKEHURST.html,KC-46 (KC-X),Active Duty
JB MCGUIRE-DIX-LAKEHURST,"40°02'15""N","74°35'18""W",18T WK 35120 32000,32E1A,32E1A (CIVIL ENGINEER),https://paladindanse111.github.io/AFSC-PDFs/32E.html,https://paladindanse111.github.io/AFSC-PDFs/BASE_JB_MCGUIRE-DIX-LAKEHURST.html,C-130J,Active Duty
JB MCGUIRE-DIX-LAKEHURST,"40°02'15""N","74°35'18""W",18T WK 35120 32000,32E1A,32E1A (CIVIL ENGINEER),https://paladindanse111.github.io/AFSC-PDFs/32E.html,https://paladindanse111.github.io/AFSC-PDFs/BASE_JB_MCGUIRE-DIX-LAKEHURST.html,C-17,Active Duty
JB MCGUIRE-DIX-LAKEHURST,"40°02'15""N","74°35'18""W",18T WK 35120 32000,32E1A,32E1A (CIVIL ENGINEER),https://paladindanse111.github.io/AFSC-PDFs/32E.html,https://paladindanse111.github.io/AFSC-PDFs/BASE_JB_MCGUIRE-DIX-LAKEHURST.html,C-5,Active Duty
JB MCGUIRE-DIX-LAKEHURST,"40°02'15""N","74°35'18""W",18T WK 35120 32000,32E1A,32E1A (CIVIL ENGINEER),https://paladindanse111.github.io/AFSC-PDFs/32E.html,https://paladindanse111.github.io/AFSC-PDFs/BASE_JB_MCGUIRE-DIX-LAKEHURST.html,KC-135,Active Duty
JB MCGUIRE-DIX-LAKEHURST,"40°02'15""N","74°35'18""W",18T WK 35120 32000,32E1A,32E1A (CIVIL ENGINEER),https://paladindanse111.github.io/AFSC-PDFs/32E.html,https://paladindanse111.github.io/AFSC-PDFs/BASE_JB_MCGUIRE-DIX-LAKEHURST.html,KC-46,Active Duty
JB MCGUIRE-DIX-LAKEHURST,"40°02'15""N","74°35'18""W",18T WK 35120 32000,32E1A,32E1A (CIVIL ENGINEER),https://paladindanse111.github.io/AFSC-PDFs/32E.html,https://paladindanse111.github.io/AFSC-PDFs/BASE_JB_MCGUIRE-DIX-LAKEHURST.html,KC-46 (KC-X),Active Duty
JB MCGUIRE-DIX-LAKEHURST,"40°02'15""N","74°35'18""W",18T WK 35120 32000,32E1C,32E1C (CIVIL ENGINEER),https://paladindanse111.github.io/AFSC-PDFs/32E.html,https://paladindanse111.github.io/AFSC-PDFs/BASE_JB_MCGUIRE-DIX-LAKEHURST.html,C-130J,Active Duty
JB MCGUIRE-DIX-LAKEHURST,"40°02'15""N","74°35'18""W",18T WK 35120 32000,32E1C,32E1C (CIVIL ENGINEER),https://paladindanse111.github.io/AFSC-PDFs/32E.html,https://paladindanse111.github.io/AFSC-PDFs/BASE_JB_MCGUIRE-DIX-LAKEHURST.html,C-17,Active Duty
JB MCGUIRE-DIX-LAKEHURST,"40°02'15""N","74°35'18""W",18T WK 35120 32000,32E1C,32E1C (CIVIL ENGINEER),https://paladindanse111.github.io/AFSC-PDFs/32E.html,https://paladindanse111.github.io/AFSC-PDFs/BASE_JB_MCGUIRE-DIX-LAKEHURST.html,C-5,Active Duty
JB MCGUIRE-DIX-LAKEHURST,"40°02'15""N","74°35'18""W",18T WK 35120 32000,32E1C,32E1C (CIVIL ENGINEER),https://paladindanse111.github.io/AFSC-PDFs/32E.html,https://paladindanse111.github.io/AFSC-PDFs/BASE_JB_MCGUIRE-DIX-LAKEHURST.html,KC-135,Active Duty
JB MCGUIRE-DIX-LAKEHURST,"40°02'15""N","74°35'18""W",18T WK 35120 32000,32E1C,32E1C (CIVIL ENGINEER),https://paladindanse111.github.io/AFSC-PDFs/32E.html,https://paladindanse111.github.io/AFSC-PDFs/BASE_JB_MCGUIRE-DIX-LAKEHURST.html,KC-46,Active Duty
JB MCGUIRE-DIX-LAKEHURST,"40°02'15""N","74°35'18""W",18T WK 35120 32000,32E1C,32E1C (CIVIL ENGINEER),https://paladindanse111.github.io/AFSC-PDFs/32E.html,https://paladindanse111.github.io/AFSC-PDFs/BASE_JB_MCGUIRE-DIX-LAKEHURST.html,KC-46 (KC-X),Active Duty
JB MCGUIRE-DIX-LAKEHURST,"40°02'15""N","74°35'18""W",18T WK 35120 32000,32E1E,32E1E (CIVIL ENGINEER),https://paladindanse111.github.io/AFSC-PDFs/32E.html,https://paladindanse111.github.io/AFSC-PDFs/BASE_JB_MCGUIRE-DIX-LAKEHURST.html,C-130J,Active Duty
JB MCGUIRE-DIX-LAKEHURST,"40°02'15""N","74°35'18""W",18T WK 35120 32000,32E1E,32E1E (CIVIL ENGINEER),https://paladindanse111.github.io/AFSC-PDFs/32E.html,https://paladindanse111.github.io/AFSC-PDFs/BASE_JB_MCGUIRE-DIX-LAKEHURST.html,C-17,Active Duty
JB MCGUIRE-DIX-LAKEHURST,"40°02'15""N","74°35'18""W",18T WK 35120 32000,32E1E,32E1E (CIVIL ENGINEER),https://paladindanse111.github.io/AFSC-PDFs/32E.html,https://paladindanse111.github.io/AFSC-PDFs/BASE_JB_MCGUIRE-DIX-LAKEHURST.html,C-5,Active Duty
JB MCGUIRE-DIX-LAKEHURST,"40°02'15""N","74°35'18""W",18T WK 35120 32000,32E1E,32E1E (CIVIL ENGINEER),https://paladindanse111.github.io/AFSC-PDFs/32E.html,https://paladindanse111.github.io/AFSC-PDFs/BASE_JB_MCGUIRE-DIX-LAKEHURST.html,KC-135,Active Duty
JB MCGUIRE-DIX-LAKEHURST,"40°02'15""N","74°35'18""W",18T WK 35120 32000,32E1E,32E1E (CIVIL ENGINEER),https://paladindanse111.github.io/AFSC-PDFs/32E.html,https://paladindanse111.github.io/AFSC-PDFs/BASE_JB_MCGUIRE-DIX-LAKEHURST.html,KC-46,Active Duty
JB MCGUIRE-DIX-LAKEHURST,"40°02'15""N","74°35'18""W",18T WK 35120 32000,32E1E,32E1E (CIVIL ENGINEER),https://paladindanse111.github.io/AFSC-PDFs/32E.html,https://paladindanse111.github.io/AFSC-PDFs/BASE_JB_MCGUIRE-DIX-LAKEHURST.html,KC-46 (KC-X),Active Duty
JB MCGUIRE-DIX-LAKEHURST,"40°02'15""N","74°35'18""W",18T WK 35120 32000,32E1F,32E1F (CIVIL ENGINEER),https://paladindanse111.github.io/AFSC-PDFs/32E.html,https://paladindanse111.github.io/AFSC-PDFs/BASE_JB_MCGUIRE-DIX-LAKEHURST.html,C-130J,Active Duty
JB MCGUIRE-DIX-LAKEHURST,"40°02'15""N","74°35'18""W",18T WK 35120 32000,32E1F,32E1F (CIVIL ENGINEER),https://paladindanse111.github.io/AFSC-PDFs/32E.html,https://paladindanse111.github.io/AFSC-PDFs/BASE_JB_MCGUIRE-DIX-LAKEHURST.html,C-17,Active Duty
JB MCGUIRE-DIX-LAKEHURST,"40°02'15""N","74°35'18""W",18T WK 35120 32000,32E1F,32E1F (CIVIL ENGINEER),https://paladindanse111.github.io/AFSC-PDFs/32E.html,https://paladindanse111.github.io/AFSC-PDFs/BASE_JB_MCGUIRE-DIX-LAKEHURST.html,C-5,Active Duty
JB MCGUIRE-DIX-LAKEHURST,"40°02'15""N","74°35'18""W",18T WK 35120 32000,32E1F,32E1F (CIVIL ENGINEER),https://paladindanse111.github.io/AFSC-PDFs/32E.html,https://paladindanse111.github.io/AFSC-PDFs/BASE_JB_MCGUIRE-DIX-LAKEHURST.html,KC-135,Active Duty
JB MCGUIRE-DIX-LAKEHURST,"40°02'15""N","74°35'18""W",18T WK 35120 32000,32E1F,32E1F (CIVIL ENGINEER),https://paladindanse111.github.io/AFSC-PDFs/32E.html,https://paladindanse111.github.io/AFSC-PDFs/BASE_JB_MCGUIRE-DIX-LAKEHURST.html,KC-46,Active Duty
JB MCGUIRE-DIX-LAKEHURST,"40°02'15""N","74°35'18""W",18T WK 35120 32000,32E1F,32E1F (CIVIL ENGINEER),https://paladindanse111.github.io/AFSC-PDFs/32E.html,https://paladindanse111.github.io/AFSC-PDFs/BASE_JB_MCGUIRE-DIX-LAKEHURST.html,KC-46 (KC-X),Active Duty
JB MCGUIRE-DIX-LAKEHURST,"40°02'15""N","74°35'18""W",18T WK 35120 32000,32E1G,32E1G (CIVIL ENGINEER),https://paladindanse111.github.io/AFSC-PDFs/32E.html,https://paladindanse111.github.io/AFSC-PDFs/BASE_JB_MCGUIRE-DIX-LAKEHURST.html,C-130J,Active Duty
JB MCGUIRE-DIX-LAKEHURST,"40°02'15""N","74°35'18""W",18T WK 35120 32000,32E1G,32E1G (CIVIL ENGINEER),https://paladindanse111.github.io/AFSC-PDFs/32E.html,https://paladindanse111.github.io/AFSC-PDFs/BASE_JB_MCGUIRE-DIX-LAKEHURST.html,C-17,Active Duty
JB MCGUIRE-DIX-LAKEHURST,"40°02'15""N","74°35'18""W",18T WK 35120 32000,32E1G,32E1G (CIVIL ENGINEER),https://paladindanse111.github.io/AFSC-PDFs/32E.html,https://paladindanse111.github.io/AFSC-PDFs/BASE_JB_MCGUIRE-DIX-LAKEHURST.html,C-5,Active Duty
JB MCGUIRE-DIX-LAKEHURST,"40°02'15""N","74°35'18""W",18T WK 35120 32000,32E1G,32E1G (CIVIL ENGINEER),https://paladindanse111.github.io/AFSC-PDFs/32E.html,https://paladindanse111.github.io/AFSC-PDFs/BASE_JB_MCGUIRE-DIX-LAKEHURST.html,KC-135,Active Duty
JB MCGUIRE-DIX-LAKEHURST,"40°02'15""N","74°35'18""W",18T WK 35120 32000,32E1G,32E1G (CIVIL ENGINEER),https://paladindanse111.github.io/AFSC-PDFs/32E.html,https://paladindanse111.github.io/AFSC-PDFs/BASE_JB_MCGUIRE-DIX-LAKEHURST.html,KC-46,Active Duty
JB MCGUIRE-DIX-LAKEHURST,"40°02'15""N","74°35'18""W",18T WK 35120 32000,32E1G,32E1G (CIVIL ENGINEER),https://paladindanse111.github.io/AFSC-PDFs/32E.html,https://paladindanse111.github.io/AFSC-PDFs/BASE_JB_MCGUIRE-DIX-LAKEHURST.html,KC-46 (KC-X),Active Duty
JB MCGUIRE-DIX-LAKEHURST,"40°02'15""N","74°35'18""W",18T WK 35120 32000,32E1J,32E1J (CIVIL ENGINEER),https://paladindanse111.github.io/AFSC-PDFs/32E.html,https://paladindanse111.github.io/AFSC-PDFs/BASE_JB_MCGUIRE-DIX-LAKEHURST.html,C-130J,Active Duty
JB MCGUIRE-DIX-LAKEHURST,"40°02'15""N","74°35'18""W",18T WK 35120 32000,32E1J,32E1J (CIVIL ENGINEER),https://paladindanse111.github.io/AFSC-PDFs/32E.html,https://paladindanse111.github.io/AFSC-PDFs/BASE_JB_MCGUIRE-DIX-LAKEHURST.html,C-17,Active Duty
JB MCGUIRE-DIX-LAKEHURST,"40°02'15""N","74°35'18""W",18T WK 35120 32000,32E1J,32E1J (CIVIL ENGINEER),https://paladindanse111.github.io/AFSC-PDFs/32E.html,https://paladindanse111.github.io/AFSC-PDFs/BASE_JB_MCGUIRE-DIX-LAKEHURST.html,C-5,Active Duty
JB MCGUIRE-DIX-LAKEHURST,"40°02'15""N","74°35'18""W",18T WK 35120 32000,32E1J,32E1J (CIVIL ENGINEER),https://paladindanse111.github.io/AFSC-PDFs/32E.html,https://paladindanse111.github.io/AFSC-PDFs/BASE_JB_MCGUIRE-DIX-LAKEHURST.html,KC-135,Active Duty
JB MCGUIRE-DIX-LAKEHURST,"40°02'15""N","74°35'18""W",18T WK 35120 32000,32E1J,32E1J (CIVIL ENGINEER),https://paladindanse111.github.io/AFSC-PDFs/32E.html,https://paladindanse111.github.io/AFSC-PDFs/BASE_JB_MCGUIRE-DIX-LAKEHURST.html,KC-46,Active Duty
JB MCGUIRE-DIX-LAKEHURST,"40°02'15""N","74°35'18""W",18T WK 35120 32000,32E1J,32E1J (CIVIL ENGINEER),https://paladindanse111.github.io/AFSC-PDFs/32E.html,https://paladindanse111.github.io/AFSC-PDFs/BASE_JB_MCGUIRE-DIX-LAKEHURST.html,KC-46 (KC-X),Active Duty
JB MCGUIRE-DIX-LAKEHURST,"40°02'15""N","74°35'18""W",18T WK 35120 32000,35P1,35P1 (PUBLIC AFFAIRS),https://paladindanse111.github.io/AFSC-PDFs/35P.html,https://paladindanse111.github.io/AFSC-PDFs/BASE_JB_MCGUIRE-DIX-LAKEHURST.html,C-130J,Active Duty
JB MCGUIRE-DIX-LAKEHURST,"40°02'15""N","74°35'18""W",18T WK 35120 32000,35P1,35P1 (PUBLIC AFFAIRS),https://paladindanse111.github.io/AFSC-PDFs/35P.html,https://paladindanse111.github.io/AFSC-PDFs/BASE_JB_MCGUIRE-DIX-LAKEHURST.html,C-17,Active Duty
JB MCGUIRE-DIX-LAKEHURST,"40°02'15""N","74°35'18""W",18T WK 35120 32000,35P1,35P1 (PUBLIC AFFAIRS),https://paladindanse111.github.io/AFSC-PDFs/35P.html,https://paladindanse111.github.io/AFSC-PDFs/BASE_JB_MCGUIRE-DIX-LAKEHURST.html,C-5,Active Duty
JB MCGUIRE-DIX-LAKEHURST,"40°02'15""N","74°35'18""W",18T WK 35120 32000,35P1,35P1 (PUBLIC AFFAIRS),https://paladindanse111.github.io/AFSC-PDFs/35P.html,https://paladindanse111.github.io/AFSC-PDFs/BASE_JB_MCGUIRE-DIX-LAKEHURST.html,KC-135,Active Duty
JB MCGUIRE-DIX-LAKEHURST,"40°02'15""N","74°35'18""W",18T WK 35120 32000,35P1,35P1 (PUBLIC AFFAIRS),https://paladindanse111.github.io/AFSC-PDFs/35P.html,https://paladindanse111.github.io/AFSC-PDFs/BASE_JB_MCGUIRE-DIX-LAKEHURST.html,KC-46,Active Duty
JB MCGUIRE-DIX-LAKEHURST,"40°02'15""N","74°35'18""W",18T WK 35120 32000,35P1,35P1 (PUBLIC AFFAIRS),https://paladindanse111.github.io/AFSC-PDFs/35P.html,https://paladindanse111.github.io/AFSC-PDFs/BASE_JB_MCGUIRE-DIX-LAKEHURST.html,KC-46 (KC-X),Active Duty
JB MCGUIRE-DIX-LAKEHURST,"40°02'15""N","74°35'18""W",18T WK 35120 32000,38F1,38F1 (FORCE SUPPORT),https://paladindanse111.github.io/AFSC-PDFs/38F.html,https://paladindanse111.github.io/AFSC-PDFs/BASE_JB_MCGUIRE-DIX-LAKEHURST.html,C-130J,Active Duty
JB MCGUIRE-DIX-LAKEHURST,"40°02'15""N","74°35'18""W",18T WK 35120 32000,38F1,38F1 (FORCE SUPPORT),https://paladindanse111.github.io/AFSC-PDFs/38F.html,https://paladindanse111.github.io/AFSC-PDFs/BASE_JB_MCGUIRE-DIX-LAKEHURST.html,C-17,Active Duty
JB MCGUIRE-DIX-LAKEHURST,"40°02'15""N","74°35'18""W",18T WK 35120 32000,38F1,38F1 (FORCE SUPPORT),https://paladindanse111.github.io/AFSC-PDFs/38F.html,https://paladindanse111.github.io/AFSC-PDFs/BASE_JB_MCGUIRE-DIX-LAKEHURST.html,C-5,Active Duty
JB MCGUIRE-DIX-LAKEHURST,"40°02'15""N","74°35'18""W",18T WK 35120 32000,38F1,38F1 (FORCE SUPPORT),https://paladindanse111.github.io/AFSC-PDFs/38F.html,https://paladindanse111.github.io/AFSC-PDFs/BASE_JB_MCGUIRE-DIX-LAKEHURST.html,KC-135,Active Duty
JB MCGUIRE-DIX-LAKEHURST,"40°02'15""N","74°35'18""W",18T WK 35120 32000,38F1,38F1 (FORCE SUPPORT),https://paladindanse111.github.io/AFSC-PDFs/38F.html,https://paladindanse111.github.io/AFSC-PDFs/BASE_JB_MCGUIRE-DIX-LAKEHURST.html,KC-46,Active Duty
JB MCGUIRE-DIX-LAKEHURST,"40°02'15""N","74°35'18""W",18T WK 35120 32000,38F1,38F1 (FORCE SUPPORT),https://paladindanse111.github.io/AFSC-PDFs/38F.html,https://paladindanse111.github.io/AFSC-PDFs/BASE_JB_MCGUIRE-DIX-LAKEHURST.html,KC-46 (KC-X),Active Duty
JB MCGUIRE-DIX-LAKEHURST,"40°02'15""N","74°35'18""W",18T WK 35120 32000,64P1,64P1 (CONTRACTING),https://paladindanse111.github.io/AFSC-PDFs/64P.html,https://paladindanse111.github.io/AFSC-PDFs/BASE_JB_MCGUIRE-DIX-LAKEHURST.html,C-130J,Active Duty
JB MCGUIRE-DIX-LAKEHURST,"40°02'15""N","74°35'18""W",18T WK 35120 32000,64P1,64P1 (CONTRACTING),https://paladindanse111.github.io/AFSC-PDFs/64P.html,https://paladindanse111.github.io/AFSC-PDFs/BASE_JB_MCGUIRE-DIX-LAKEHURST.html,C-17,Active Duty
JB MCGUIRE-DIX-LAKEHURST,"40°02'15""N","74°35'18""W",18T WK 35120 32000,64P1,64P1 (CONTRACTING),https://paladindanse111.github.io/AFSC-PDFs/64P.html,https://paladindanse111.github.io/AFSC-PDFs/BASE_JB_MCGUIRE-DIX-LAKEHURST.html,C-5,Active Duty
JB MCGUIRE-DIX-LAKEHURST,"40°02'15""N","74°35'18""W",18T WK 35120 32000,64P1,64P1 (CONTRACTING),https://paladindanse111.github.io/AFSC-PDFs/64P.html,https://paladindanse111.github.io/AFSC-PDFs/BASE_JB_MCGUIRE-DIX-LAKEHURST.html,KC-135,Active Duty
JB MCGUIRE-DIX-LAKEHURST,"40°02'15""N","74°35'18""W",18T WK 35120 32000,64P1,64P1 (CONTRACTING),https://paladindanse111.github.io/AFSC-PDFs/64P.html,https://paladindanse111.github.io/AFSC-PDFs/BASE_JB_MCGUIRE-DIX-LAKEHURST.html,KC-46,Active Duty
JB MCGUIRE-DIX-LAKEHURST,"40°02'15""N","74°35'18""W",18T WK 35120 32000,64P1,64P1 (CONTRACTING),https://paladindanse111.github.io/AFSC-PDFs/64P.html,https://paladindanse111.github.io/AFSC-PDFs/BASE_JB_MCGUIRE-DIX-LAKEHURST.html,KC-46 (KC-X),Active Duty
JB MCGUIRE-DIX-LAKEHURST,"40°02'15""N","74°35'18""W",18T WK 35120 32000,65F1,65F1 (FINANCIAL MANAGEMENT),https://paladindanse111.github.io/AFSC-PDFs/65F.html,https://paladindanse111.github.io/AFSC-PDFs/BASE_JB_MCGUIRE-DIX-LAKEHURST.html,C-130J,Active Duty
JB MCGUIRE-DIX-LAKEHURST,"40°02'15""N","74°35'18""W",18T WK 35120 32000,65F1,65F1 (FINANCIAL MANAGEMENT),https://paladindanse111.github.io/AFSC-PDFs/65F.html,https://paladindanse111.github.io/AFSC-PDFs/BASE_JB_MCGUIRE-DIX-LAKEHURST.html,C-17,Active Duty
JB MCGUIRE-DIX-LAKEHURST,"40°02'15""N","74°35'18""W",18T WK 35120 32000,65F1,65F1 (FINANCIAL MANAGEMENT),https://paladindanse111.github.io/AFSC-PDFs/65F.html,https://paladindanse111.github.io/AFSC-PDFs/BASE_JB_MCGUIRE-DIX-LAKEHURST.html,C-5,Active Duty
JB MCGUIRE-DIX-LAKEHURST,"40°02'15""N","74°35'18""W",18T WK 35120 32000,65F1,65F1 (FINANCIAL MANAGEMENT),https://paladindanse111.github.io/AFSC-PDFs/65F.html,https://paladindanse111.github.io/AFSC-PDFs/BASE_JB_MCGUIRE-DIX-LAKEHURST.html,KC-135,Active Duty
JB MCGUIRE-DIX-LAKEHURST,"40°02'15""N","74°35'18""W",18T WK 35120 32000,65F1,65F1 (FINANCIAL MANAGEMENT),https://paladindanse111.github.io/AFSC-PDFs/65F.html,https://paladindanse111.github.io/AFSC-PDFs/BASE_JB_MCGUIRE-DIX-LAKEHURST.html,KC-46,Active Duty
JB MCGUIRE-DIX-LAKEHURST,"40°02'15""N","74°35'18""W",18T WK 35120 32000,65F1,65F1 (FINANCIAL MANAGEMENT),https://paladindanse111.github.io/AFSC-PDFs/65F.html,https://paladindanse111.github.io/AFSC-PDFs/BASE_JB_MCGUIRE-DIX-LAKEHURST.html,KC-46 (KC-X),Active Duty
JB MCGUIRE-DIX-LAKEHURST,"40°02'15""N","74°35'18""W",18T WK 35120 32000,71S1,71S1 (SPECIAL INVESTIGATIONS),https://paladindanse111.github.io/AFSC-PDFs/71S.html,https://paladindanse111.github.io/AFSC-PDFs/BASE_JB_MCGUIRE-DIX-LAKEHURST.html,C-130J,Active Duty
JB MCGUIRE-DIX-LAKEHURST,"40°02'15""N","74°35'18""W",18T WK 35120 32000,71S1,71S1 (SPECIAL INVESTIGATIONS),https://paladindanse111.github.io/AFSC-PDFs/71S.html,https://paladindanse111.github.io/AFSC-PDFs/BASE_JB_MCGUIRE-DIX-LAKEHURST.html,C-17,Active Duty
JB MCGUIRE-DIX-LAKEHURST,"40°02'15""N","74°35'18""W",18T WK 35120 32000,71S1,71S1 (SPECIAL INVESTIGATIONS),https://paladindanse111.github.io/AFSC-PDFs/71S.html,https://paladindanse111.github.io/AFSC-PDFs/BASE_JB_MCGUIRE-DIX-LAKEHURST.html,C-5,Active Duty
JB MCGUIRE-DIX-LAKEHURST,"40°02'15""N","74°35'18""W",18T WK 35120 32000,71S1,71S1 (SPECIAL INVESTIGATIONS),https://paladindanse111.github.io/AFSC-PDFs/71S.html,https://paladindanse111.github.io/AFSC-PDFs/BASE_JB_MCGUIRE-DIX-LAKEHURST.html,KC-135,Active Duty
JB MCGUIRE-DIX-LAKEHURST,"40°02'15""N","74°35'18""W",18T WK 35120 32000,71S1,71S1 (SPECIAL INVESTIGATIONS),https://paladindanse111.github.io/AFSC-PDFs/71S.html,https://paladindanse111.github.io/AFSC-PDFs/BASE_JB_MCGUIRE-DIX-LAKEHURST.html,KC-46,Active Duty
JB MCGUIRE-DIX-LAKEHURST,"40°02'15""N","74°35'18""W",18T WK 35120 32000,71S1,71S1 (SPECIAL INVESTIGATIONS),https://paladindanse111.github.io/AFSC-PDFs/71S.html,https://paladindanse111.github.io/AFSC-PDFs/BASE_JB_MCGUIRE-DIX-LAKEHURST.html,KC-46 (KC-X),Active Duty
JB PEARL HARBOR-HICKAM,"21°20'15""N","157°57'43""W",4Q FJ 07643 59855,15W1,15W1 (WEATHER AND ENVIRONMENTAL SCIENCES),https://paladindanse111.github.io/AFSC-PDFs/15W.html,https://paladindanse111.github.io/AFSC-PDFs/BASE_JB_PEARL_HARBOR-HICKAM.html,A-10,Active Duty
JB PEARL HARBOR-HICKAM,"21°20'15""N","157°57'43""W",4Q FJ 07643 59855,15W1,15W1 (WEATHER AND ENVIRONMENTAL SCIENCES),https://paladindanse111.github.io/AFSC-PDFs/15W.html,https://paladindanse111.github.io/AFSC-PDFs/BASE_JB_PEARL_HARBOR-HICKAM.html,B-52,Active Duty
JB PEARL HARBOR-HICKAM,"21°20'15""N","157°57'43""W",4Q FJ 07643 59855,15W1,15W1 (WEATHER AND ENVIRONMENTAL SCIENCES),https://paladindanse111.github.io/AFSC-PDFs/15W.html,https://paladindanse111.github.io/AFSC-PDFs/BASE_JB_PEARL_HARBOR-HICKAM.html,C-130J,Active Duty
JB PEARL HARBOR-HICKAM,"21°20'15""N","157°57'43""W",4Q FJ 07643 59855,15W1,15W1 (WEATHER AND ENVIRONMENTAL SCIENCES),https://paladindanse111.github.io/AFSC-PDFs/15W.html,https://paladindanse111.github.io/AFSC-PDFs/BASE_JB_PEARL_HARBOR-HICKAM.html,C-17,Active Duty
JB PEARL HARBOR-HICKAM,"21°20'15""N","157°57'43""W",4Q FJ 07643 59855,15W1,15W1 (WEATHER AND ENVIRONMENTAL SCIENCES),https://paladindanse111.github.io/AFSC-PDFs/15W.html,https://paladindanse111.github.io/AFSC-PDFs/BASE_JB_PEARL_HARBOR-HICKAM.html,C-20/C-37,Active Duty
JB PEARL HARBOR-HICKAM,"21°20'15""N","157°57'43""W",4Q FJ 07643 59855,15W1,15W1 (WEATHER AND ENVIRONMENTAL SCIENCES),https://paladindanse111.github.io/AFSC-PDFs/15W.html,https://paladindanse111.github.io/AFSC-PDFs/BASE_JB_PEARL_HARBOR-HICKAM.html,C-40,Active Duty
JB PEARL HARBOR-HICKAM,"21°20'15""N","157°57'43""W",4Q FJ 07643 59855,15W1,15W1 (WEATHER AND ENVIRONMENTAL SCIENCES),https://paladindanse111.github.io/AFSC-PDFs/15W.html,https://paladindanse111.github.io/AFSC-PDFs/BASE_JB_PEARL_HARBOR-HICKAM.html,E-3,Active Duty
JB PEARL HARBOR-HICKAM,"21°20'15""N","157°57'43""W",4Q FJ 07643 59855,15W1,15W1 (WEATHER AND ENVIRONMENTAL SCIENCES),https://paladindanse111.github.io/AFSC-PDFs/15W.html,https://paladindanse111.github.io/AFSC-PDFs/BASE_JB_PEARL_HARBOR-HICKAM.html,F-15,Active Duty
JB PEARL HARBOR-HICKAM,"21°20'15""N","157°57'43""W",4Q FJ 07643 59855,15W1,15W1 (WEATHER AND ENVIRONMENTAL SCIENCES),https://paladindanse111.github.io/AFSC-PDFs/15W.html,https://paladindanse111.github.io/AFSC-PDFs/BASE_JB_PEARL_HARBOR-HICKAM.html,F-15E,Active Duty
JB PEARL HARBOR-HICKAM,"21°20'15""N","157°57'43""W",4Q FJ 07643 59855,15W1,15W1 (WEATHER AND ENVIRONMENTAL SCIENCES),https://paladindanse111.github.io/AFSC-PDFs/15W.html,https://paladindanse111.github.io/AFSC-PDFs/BASE_JB_PEARL_HARBOR-HICKAM.html,F-16,Active Duty
JB PEARL HARBOR-HICKAM,"21°20'15""N","157°57'43""W",4Q FJ 07643 59855,15W1,15W1 (WEATHER AND ENVIRONMENTAL SCIENCES),https://paladindanse111.github.io/AFSC-PDFs/15W.html,https://paladindanse111.github.io/AFSC-PDFs/BASE_JB_PEARL_HARBOR-HICKAM.html,F-22,Active Duty
JB PEARL HARBOR-HICKAM,"21°20'15""N","157°57'43""W",4Q FJ 07643 59855,15W1,15W1 (WEATHER AND ENVIRONMENTAL SCIENCES),https://paladindanse111.github.io/AFSC-PDFs/15W.html,https://paladindanse111.github.io/AFSC-PDFs/BASE_JB_PEARL_HARBOR-HICKAM.html,F-35,Active Duty
JB PEARL HARBOR-HICKAM,"21°20'15""N","157°57'43""W",4Q FJ 07643 59855,15W1,15W1 (WEATHER AND ENVIRONMENTAL SCIENCES),https://paladindanse111.github.io/AFSC-PDFs/15W.html,https://paladindanse111.github.io/AFSC-PDFs/BASE_JB_PEARL_HARBOR-HICKAM.html,HH-60,Active Duty
JB PEARL HARBOR-HICKAM,"21°20'15""N","157°57'43""W",4Q FJ 07643 59855,15W1,15W1 (WEATHER AND ENVIRONMENTAL SCIENCES),https://paladindanse111.github.io/AFSC-PDFs/15W.html,https://paladindanse111.github.io/AFSC-PDFs/BASE_JB_PEARL_HARBOR-HICKAM.html,KC-135,Active Duty
JB PEARL HARBOR-HICKAM,"21°20'15""N","157°57'43""W",4Q FJ 07643 59855,15W1,15W1 (WEATHER AND ENVIRONMENTAL SCIENCES),https://paladindanse111.github.io/AFSC-PDFs/15W.html,https://paladindanse111.github.io/AFSC-PDFs/BASE_JB_PEARL_HARBOR-HICKAM.html,RC-135,Active Duty
JB PEARL HARBOR-HICKAM,"21°20'15""N","157°57'43""W",4Q FJ 07643 59855,21A1,21A1 (AIRCRAFT MAINTENANCE),https://paladindanse111.github.io/AFSC-PDFs/21A.html,https://paladindanse111.github.io/AFSC-PDFs/BASE_JB_PEARL_HARBOR-HICKAM.html,A-10,Active Duty
JB PEARL HARBOR-HICKAM,"21°20'15""N","157°57'43""W",4Q FJ 07643 59855,21A1,21A1 (AIRCRAFT MAINTENANCE),https://paladindanse111.github.io/AFSC-PDFs/21A.html,https://paladindanse111.github.io/AFSC-PDFs/BASE_JB_PEARL_HARBOR-HICKAM.html,B-52,Active Duty
JB PEARL HARBOR-HICKAM,"21°20'15""N","157°57'43""W",4Q FJ 07643 59855,21A1,21A1 (AIRCRAFT MAINTENANCE),https://paladindanse111.github.io/AFSC-PDFs/21A.html,https://paladindanse111.github.io/AFSC-PDFs/BASE_JB_PEARL_HARBOR-HICKAM.html,C-130J,Active Duty
JB PEARL HARBOR-HICKAM,"21°20'15""N","157°57'43""W",4Q FJ 07643 59855,21A1,21A1 (AIRCRAFT MAINTENANCE),https://paladindanse111.github.io/AFSC-PDFs/21A.html,https://paladindanse111.github.io/AFSC-PDFs/BASE_JB_PEARL_HARBOR-HICKAM.html,C-17,Active Duty
JB PEARL HARBOR-HICKAM,"21°20'15""N","157°57'43""W",4Q FJ 07643 59855,21A1,21A1 (AIRCRAFT MAINTENANCE),https://paladindanse111.github.io/AFSC-PDFs/21A.html,https://paladindanse111.github.io/AFSC-PDFs/BASE_JB_PEARL_HARBOR-HICKAM.html,C-20/C-37,Active Duty
JB PEARL HARBOR-HICKAM,"21°20'15""N","157°57'43""W",4Q FJ 07643 59855,21A1,21A1 (AIRCRAFT MAINTENANCE),https://paladindanse111.github.io/AFSC-PDFs/21A.html,https://paladindanse111.github.io/AFSC-PDFs/BASE_JB_PEARL_HARBOR-HICKAM.html,C-40,Active Duty
JB PEARL HARBOR-HICKAM,"21°20'15""N","157°57'43""W",4Q FJ 07643 59855,21A1,21A1 (AIRCRAFT MAINTENANCE),https://paladindanse111.github.io/AFSC-PDFs/21A.html,https://paladindanse111.github.io/AFSC-PDFs/BASE_JB_PEARL_HARBOR-HICKAM.html,E-3,Active Duty
JB PEARL HARBOR-HICKAM,"21°20'15""N","157°57'43""W",4Q FJ 07643 59855,21A1,21A1 (AIRCRAFT MAINTENANCE),https://paladindanse111.github.io/AFSC-PDFs/21A.html,https://paladindanse111.github.io/AFSC-PDFs/BASE_JB_PEARL_HARBOR-HICKAM.html,F-15,Active Duty
JB PEARL HARBOR-HICKAM,"21°20'15""N","157°57'43""W",4Q FJ 07643 59855,21A1,21A1 (AIRCRAFT MAINTENANCE),https://paladindanse111.github.io/AFSC-PDFs/21A.html,https://paladindanse111.github.io/AFSC-PDFs/BASE_JB_PEARL_HARBOR-HICKAM.html,F-15E,Active Duty
JB PEARL HARBOR-HICKAM,"21°20'15""N","157°57'43""W",4Q FJ 07643 59855,21A1,21A1 (AIRCRAFT MAINTENANCE),https://paladindanse111.github.io/AFSC-PDFs/21A.html,https://paladindanse111.github.io/AFSC-PDFs/BASE_JB_PEARL_HARBOR-HICKAM.html,F-16,Active Duty
JB PEARL HARBOR-HICKAM,"21°20'15""N","157°57'43""W",4Q FJ 07643 59855,21A1,21A1 (AIRCRAFT MAINTENANCE),https://paladindanse111.github.io/AFSC-PDFs/21A.html,https://paladindanse111.github.io/AFSC-PDFs/BASE_JB_PEARL_HARBOR-HICKAM.html,F-22,Active Duty
JB PEARL HARBOR-HICKAM,"21°20'15""N","157°57'43""W",4Q FJ 07643 59855,21A1,21A1 (AIRCRAFT MAINTENANCE),https://paladindanse111.github.io/AFSC-PDFs/21A.html,https://paladindanse111.github.io/AFSC-PDFs/BASE_JB_PEARL_HARBOR-HICKAM.html,F-35,Active Duty
JB PEARL HARBOR-HICKAM,"21°20'15""N","157°57'43""W",4Q FJ 07643 59855,21A1,21A1 (AIRCRAFT MAINTENANCE),https://paladindanse111.github.io/AFSC-PDFs/21A.html,https://paladindanse111.github.io/AFSC-PDFs/BASE_JB_PEARL_HARBOR-HICKAM.html,HH-60,Active Duty
JB PEARL HARBOR-HICKAM,"21°20'15""N","157°57'43""W",4Q FJ 07643 59855,21A1,21A1 (AIRCRAFT MAINTENANCE),https://paladindanse111.github.io/AFSC-PDFs/21A.html,https://paladindanse111.github.io/AFSC-PDFs/BASE_JB_PEARL_HARBOR-HICKAM.html,KC-135,Active Duty
JB PEARL HARBOR-HICKAM,"21°20'15""N","157°57'43""W",4Q FJ 07643 59855,21A1,21A1 (AIRCRAFT MAINTENANCE),https://paladindanse111.github.io/AFSC-PDFs/21A.html,https://paladindanse111.github.io/AFSC-PDFs/BASE_JB_PEARL_HARBOR-HICKAM.html,RC-135,Active Duty
JB PEARL HARBOR-HICKAM,"21°20'15""N","157°57'43""W",4Q FJ 07643 59855,21R1,21R1 (LOGISTICS READINESS),https://paladindanse111.github.io/AFSC-PDFs/21R.html,https://paladindanse111.github.io/AFSC-PDFs/BASE_JB_PEARL_HARBOR-HICKAM.html,A-10,Active Duty
JB PEARL HARBOR-HICKAM,"21°20'15""N","157°57'43""W",4Q FJ 07643 59855,21R1,21R1 (LOGISTICS READINESS),https://paladindanse111.github.io/AFSC-PDFs/21R.html,https://paladindanse111.github.io/AFSC-PDFs/BASE_JB_PEARL_HARBOR-HICKAM.html,B-52,Active Duty
JB PEARL HARBOR-HICKAM,"21°20'15""N","157°57'43""W",4Q FJ 07643 59855,21R1,21R1 (LOGISTICS READINESS),https://paladindanse111.github.io/AFSC-PDFs/21R.html,https://paladindanse111.github.io/AFSC-PDFs/BASE_JB_PEARL_HARBOR-HICKAM.html,C-130J,Active Duty
JB PEARL HARBOR-HICKAM,"21°20'15""N","157°57'43""W",4Q FJ 07643 59855,21R1,21R1 (LOGISTICS READINESS),https://paladindanse111.github.io/AFSC-PDFs/21R.html,https://paladindanse111.github.io/AFSC-PDFs/BASE_JB_PEARL_HARBOR-HICKAM.html,C-17,Active Duty
JB PEARL HARBOR-HICKAM,"21°20'15""N","157°57'43""W",4Q FJ 07643 59855,21R1,21R1 (LOGISTICS READINESS),https://paladindanse111.github.io/AFSC-PDFs/21R.html,https://paladindanse111.github.io/AFSC-PDFs/BASE_JB_PEARL_HARBOR-HICKAM.html,C-20/C-37,Active Duty
JB PEARL HARBOR-HICKAM,"21°20'15""N","157°57'43""W",4Q FJ 07643 59855,21R1,21R1 (LOGISTICS READINESS),https://paladindanse111.github.io/AFSC-PDFs/21R.html,https://paladindanse111.github.io/AFSC-PDFs/BASE_JB_PEARL_HARBOR-HICKAM.html,C-40,Active Duty
JB PEARL HARBOR-HICKAM,"21°20'15""N","157°57'43""W",4Q FJ 07643 59855,21R1,21R1 (LOGISTICS READINESS),https://paladindanse111.github.io/AFSC-PDFs/21R.html,https://paladindanse111.github.io/AFSC-PDFs/BASE_JB_PEARL_HARBOR-HICKAM.html,E-3,Active Duty
JB PEARL HARBOR-HICKAM,"21°20'15""N","157°57'43""W",4Q FJ 07643 59855,21R1,21R1 (LOGISTICS READINESS),https://paladindanse111.github.io/AFSC-PDFs/21R.html,https://paladindanse111.github.io/AFSC-PDFs/BASE_JB_PEARL_HARBOR-HICKAM.html,F-15,Active Duty
JB PEARL HARBOR-HICKAM,"21°20'15""N","157°57'43""W",4Q FJ 07643 59855,21R1,21R1 (LOGISTICS READINESS),https://paladindanse111.github.io/AFSC-PDFs/21R.html,https://paladindanse111.github.io/AFSC-PDFs/BASE_JB_PEARL_HARBOR-HICKAM.html,F-15E,Active Duty
JB PEARL HARBOR-HICKAM,"21°20'15""N","157°57'43""W",4Q FJ 07643 59855,21R1,21R1 (LOGISTICS READINESS),https://paladindanse111.github.io/AFSC-PDFs/21R.html,https://paladindanse111.github.io/AFSC-PDFs/BASE_JB_PEARL_HARBOR-HICKAM.html,F-16,Active Duty
JB PEARL HARBOR-HICKAM,"21°20'15""N","157°57'43""W",4Q FJ 07643 59855,21R1,21R1 (LOGISTICS READINESS),https://paladindanse111.github.io/AFSC-PDFs/21R.html,https://paladindanse111.github.io/AFSC-PDFs/BASE_JB_PEARL_HARBOR-HICKAM.html,F-22,Active Duty
JB PEARL HARBOR-HICKAM,"21°20'15""N","157°57'43""W",4Q FJ 07643 59855,21R1,21R1 (LOGISTICS READINESS),https://paladindanse111.github.io/AFSC-PDFs/21R.html,https://paladindanse111.github.io/AFSC-PDFs/BASE_JB_PEARL_HARBOR-HICKAM.html,F-35,Active Duty
JB PEARL HARBOR-HICKAM,"21°20'15""N","157°57'43""W",4Q FJ 07643 59855,21R1,21R1 (LOGISTICS READINESS),https://paladindanse111.github.io/AFSC-PDFs/21R.html,https://paladindanse111.github.io/AFSC-PDFs/BASE_JB_PEARL_HARBOR-HICKAM.html,HH-60,Active Duty
JB PEARL HARBOR-HICKAM,"21°20'15""N","157°57'43""W",4Q FJ 07643 59855,21R1,21R1 (LOGISTICS READINESS),https://paladindanse111.github.io/AFSC-PDFs/21R.html,https://paladindanse111.github.io/AFSC-PDFs/BASE_JB_PEARL_HARBOR-HICKAM.html,KC-135,Active Duty
JB PEARL HARBOR-HICKAM,"21°20'15""N","157°57'43""W",4Q FJ 07643 59855,21R1,21R1 (LOGISTICS READINESS),https://paladindanse111.github.io/AFSC-PDFs/21R.html,https://paladindanse111.github.io/AFSC-PDFs/BASE_JB_PEARL_HARBOR-HICKAM.html,RC-135,Active Duty
JB PEARL HARBOR-HICKAM,"21°20'15""N","157°57'43""W",4Q FJ 07643 59855,32E1A,32E1A (CIVIL ENGINEER),https://paladindanse111.github.io/AFSC-PDFs/32E.html,https://paladindanse111.github.io/AFSC-PDFs/BASE_JB_PEARL_HARBOR-HICKAM.html,A-10,Active Duty
JB PEARL HARBOR-HICKAM,"21°20'15""N","157°57'43""W",4Q FJ 07643 59855,32E1A,32E1A (CIVIL ENGINEER),https://paladindanse111.github.io/AFSC-PDFs/32E.html,https://paladindanse111.github.io/AFSC-PDFs/BASE_JB_PEARL_HARBOR-HICKAM.html,B-52,Active Duty
JB PEARL HARBOR-HICKAM,"21°20'15""N","157°57'43""W",4Q FJ 07643 59855,32E1A,32E1A (CIVIL ENGINEER),https://paladindanse111.github.io/AFSC-PDFs/32E.html,https://paladindanse111.github.io/AFSC-PDFs/BASE_JB_PEARL_HARBOR-HICKAM.html,C-130J,Active Duty
JB PEARL HARBOR-HICKAM,"21°20'15""N","157°57'43""W",4Q FJ 07643 59855,32E1A,32E1A (CIVIL ENGINEER),https://paladindanse111.github.io/AFSC-PDFs/32E.html,https://paladindanse111.github.io/AFSC-PDFs/BASE_JB_PEARL_HARBOR-HICKAM.html,C-17,Active Duty
JB PEARL HARBOR-HICKAM,"21°20'15""N","157°57'43""W",4Q FJ 07643 59855,32E1A,32E1A (CIVIL ENGINEER),https://paladindanse111.github.io/AFSC-PDFs/32E.html,https://paladindanse111.github.io/AFSC-PDFs/BASE_JB_PEARL_HARBOR-HICKAM.html,C-20/C-37,Active Duty
JB PEARL HARBOR-HICKAM,"21°20'15""N","157°57'43""W",4Q FJ 07643 59855,32E1A,32E1A (CIVIL ENGINEER),https://paladindanse111.github.io/AFSC-PDFs/32E.html,https://paladindanse111.github.io/AFSC-PDFs/BASE_JB_PEARL_HARBOR-HICKAM.html,C-40,Active Duty
JB PEARL HARBOR-HICKAM,"21°20'15""N","157°57'43""W",4Q FJ 07643 59855,32E1A,32E1A (CIVIL ENGINEER),https://paladindanse111.github.io/AFSC-PDFs/32E.html,https://paladindanse111.github.io/AFSC-PDFs/BASE_JB_PEARL_HARBOR-HICKAM.html,E-3,Active Duty
JB PEARL HARBOR-HICKAM,"21°20'15""N","157°57'43""W",4Q FJ 07643 59855,32E1A,32E1A (CIVIL ENGINEER),https://paladindanse111.github.io/AFSC-PDFs/32E.html,https://paladindanse111.github.io/AFSC-PDFs/BASE_JB_PEARL_HARBOR-HICKAM.html,F-15,Active Duty
JB PEARL HARBOR-HICKAM,"21°20'15""N","157°57'43""W",4Q FJ 07643 59855,32E1A,32E1A (CIVIL ENGINEER),https://paladindanse111.github.io/AFSC-PDFs/32E.html,https://paladindanse111.github.io/AFSC-PDFs/BASE_JB_PEARL_HARBOR-HICKAM.html,F-15E,Active Duty
JB PEARL HARBOR-HICKAM,"21°20'15""N","157°57'43""W",4Q FJ 07643 59855,32E1A,32E1A (CIVIL ENGINEER),https://paladindanse111.github.io/AFSC-PDFs/32E.html,https://paladindanse111.github.io/AFSC-PDFs/BASE_JB_PEARL_HARBOR-HICKAM.html,F-16,Active Duty
JB PEARL HARBOR-HICKAM,"21°20'15""N","157°57'43""W",4Q FJ 07643 59855,32E1A,32E1A (CIVIL ENGINEER),https://paladindanse111.github.io/AFSC-PDFs/32E.html,https://paladindanse111.github.io/AFSC-PDFs/BASE_JB_PEARL_HARBOR-HICKAM.html,F-22,Active Duty
JB PEARL HARBOR-HICKAM,"21°20'15""N","157°57'43""W",4Q FJ 07643 59855,32E1A,32E1A (CIVIL ENGINEER),https://paladindanse111.github.io/AFSC-PDFs/32E.html,https://paladindanse111.github.io/AFSC-PDFs/BASE_JB_PEARL_HARBOR-HICKAM.html,F-35,Active Duty
JB PEARL HARBOR-HICKAM,"21°20'15""N","157°57'43""W",4Q FJ 07643 59855,32E1A,32E1A (CIVIL ENGINEER),https://paladindanse111.github.io/AFSC-PDFs/32E.html,https://paladindanse111.github.io/AFSC-PDFs/BASE_JB_PEARL_HARBOR-HICKAM.html,HH-60,Active Duty
JB PEARL HARBOR-HICKAM,"21°20'15""N","157°57'43""W",4Q FJ 07643 59855,32E1A,32E1A (CIVIL ENGINEER),https://paladindanse111.github.io/AFSC-PDFs/32E.html,https://paladindanse111.github.io/AFSC-PDFs/BASE_JB_PEARL_HARBOR-HICKAM.html,KC-135,Active Duty
JB PEARL HARBOR-HICKAM,"21°20'15""N","157°57'43""W",4Q FJ 07643 59855,32E1A,32E1A (CIVIL ENGINEER),https://paladindanse111.github.io/AFSC-PDFs/32E.html,https://paladindanse111.github.io/AFSC-PDFs/BASE_JB_PEARL_HARBOR-HICKAM.html,RC-135,Active Duty
JB PEARL HARBOR-HICKAM,"21°20'15""N","157°57'43""W",4Q FJ 07643 59855,32E1C,32E1C (CIVIL ENGINEER),https://paladindanse111.github.io/AFSC-PDFs/32E.html,https://paladindanse111.github.io/AFSC-PDFs/BASE_JB_PEARL_HARBOR-HICKAM.html,A-10,Active Duty
JB PEARL HARBOR-HICKAM,"21°20'15""N","157°57'43""W",4Q FJ 07643 59855,32E1C,32E1C (CIVIL ENGINEER),https://paladindanse111.github.io/AFSC-PDFs/32E.html,https://paladindanse111.github.io/AFSC-PDFs/BASE_JB_PEARL_HARBOR-HICKAM.html,B-52,Active Duty
JB PEARL HARBOR-HICKAM,"21°20'15""N","157°57'43""W",4Q FJ 07643 59855,32E1C,32E1C (CIVIL ENGINEER),https://paladindanse111.github.io/AFSC-PDFs/32E.html,https://paladindanse111.github.io/AFSC-PDFs/BASE_JB_PEARL_HARBOR-HICKAM.html,C-130J,Active Duty
JB PEARL HARBOR-HICKAM,"21°20'15""N","157°57'43""W",4Q FJ 07643 59855,32E1C,32E1C (CIVIL ENGINEER),https://paladindanse111.github.io/AFSC-PDFs/32E.html,https://paladindanse111.github.io/AFSC-PDFs/BASE_JB_PEARL_HARBOR-HICKAM.html,C-17,Active Duty
JB PEARL HARBOR-HICKAM,"21°20'15""N","157°57'43""W",4Q FJ 07643 59855,32E1C,32E1C (CIVIL ENGINEER),https://paladindanse111.github.io/AFSC-PDFs/32E.html,https://paladindanse111.github.io/AFSC-PDFs/BASE_JB_PEARL_HARBOR-HICKAM.html,C-20/C-37,Active Duty
JB PEARL HARBOR-HICKAM,"21°20'15""N","157°57'43""W",4Q FJ 07643 59855,32E1C,32E1C (CIVIL ENGINEER),https://paladindanse111.github.io/AFSC-PDFs/32E.html,https://paladindanse111.github.io/AFSC-PDFs/BASE_JB_PEARL_HARBOR-HICKAM.html,C-40,Active Duty
JB PEARL HARBOR-HICKAM,"21°20'15""N","157°57'43""W",4Q FJ 07643 59855,32E1C,32E1C (CIVIL ENGINEER),https://paladindanse111.github.io/AFSC-PDFs/32E.html,https://paladindanse111.github.io/AFSC-PDFs/BASE_JB_PEARL_HARBOR-HICKAM.html,E-3,Active Duty
JB PEARL HARBOR-HICKAM,"21°20'15""N","157°57'43""W",4Q FJ 07643 59855,32E1C,32E1C (CIVIL ENGINEER),https://paladindanse111.github.io/AFSC-PDFs/32E.html,https://paladindanse111.github.io/AFSC-PDFs/BASE_JB_PEARL_HARBOR-HICKAM.html,F-15,Active Duty
JB PEARL HARBOR-HICKAM,"21°20'15""N","157°57'43""W",4Q FJ 07643 59855,32E1C,32E1C (CIVIL ENGINEER),https://paladindanse111.github.io/AFSC-PDFs/32E.html,https://paladindanse111.github.io/AFSC-PDFs/BASE_JB_PEARL_HARBOR-HICKAM.html,F-15E,Active Duty
JB PEARL HARBOR-HICKAM,"21°20'15""N","157°57'43""W",4Q FJ 07643 59855,32E1C,32E1C (CIVIL ENGINEER),https://paladindanse111.github.io/AFSC-PDFs/32E.html,https://paladindanse111.github.io/AFSC-PDFs/BASE_JB_PEARL_HARBOR-HICKAM.html,F-16,Active Duty
JB PEARL HARBOR-HICKAM,"21°20'15""N","157°57'43""W",4Q FJ 07643 59855,32E1C,32E1C (CIVIL ENGINEER),https://paladindanse111.github.io/AFSC-PDFs/32E.html,https://paladindanse111.github.io/AFSC-PDFs/BASE_JB_PEARL_HARBOR-HICKAM.html,F-22,Active Duty
JB PEARL HARBOR-HICKAM,"21°20'15""N","157°57'43""W",4Q FJ 07643 59855,32E1C,32E1C (CIVIL ENGINEER),https://paladindanse111.github.io/AFSC-PDFs/32E.html,https://paladindanse111.github.io/AFSC-PDFs/BASE_JB_PEARL_HARBOR-HICKAM.html,F-35,Active Duty
JB PEARL HARBOR-HICKAM,"21°20'15""N","157°57'43""W",4Q FJ 07643 59855,32E1C,32E1C (CIVIL ENGINEER),https://paladindanse111.github.io/AFSC-PDFs/32E.html,https://paladindanse111.github.io/AFSC-PDFs/BASE_JB_PEARL_HARBOR-HICKAM.html,HH-60,Active Duty
JB PEARL HARBOR-HICKAM,"21°20'15""N","157°57'43""W",4Q FJ 07643 59855,32E1C,32E1C (CIVIL ENGINEER),https://paladindanse111.github.io/AFSC-PDFs/32E.html,https://paladindanse111.github.io/AFSC-PDFs/BASE_JB_PEARL_HARBOR-HICKAM.html,KC-135,Active Duty
JB PEARL HARBOR-HICKAM,"21°20'15""N","157°57'43""W",4Q FJ 07643 59855,32E1C,32E1C (CIVIL ENGINEER),https://paladindanse111.github.io/AFSC-PDFs/32E.html,https://paladindanse111.github.io/AFSC-PDFs/BASE_JB_PEARL_HARBOR-HICKAM.html,RC-135,Active Duty
JB PEARL HARBOR-HICKAM,"21°20'15""N","157°57'43""W",4Q FJ 07643 59855,32E1E,32E1E (CIVIL ENGINEER),https://paladindanse111.github.io/AFSC-PDFs/32E.html,https://paladindanse111.github.io/AFSC-PDFs/BASE_JB_PEARL_HARBOR-HICKAM.html,A-10,Active Duty
JB PEARL HARBOR-HICKAM,"21°20'15""N","157°57'43""W",4Q FJ 07643 59855,32E1E,32E1E (CIVIL ENGINEER),https://paladindanse111.github.io/AFSC-PDFs/32E.html,https://paladindanse111.github.io/AFSC-PDFs/BASE_JB_PEARL_HARBOR-HICKAM.html,B-52,Active Duty
JB PEARL HARBOR-HICKAM,"21°20'15""N","157°57'43""W",4Q FJ 07643 59855,32E1E,32E1E (CIVIL ENGINEER),https://paladindanse111.github.io/AFSC-PDFs/32E.html,https://paladindanse111.github.io/AFSC-PDFs/BASE_JB_PEARL_HARBOR-HICKAM.html,C-130J,Active Duty
JB PEARL HARBOR-HICKAM,"21°20'15""N","157°57'43""W",4Q FJ 07643 59855,32E1E,32E1E (CIVIL ENGINEER),https://paladindanse111.github.io/AFSC-PDFs/32E.html,https://paladindanse111.github.io/AFSC-PDFs/BASE_JB_PEARL_HARBOR-HICKAM.html,C-17,Active Duty
JB PEARL HARBOR-HICKAM,"21°20'15""N","157°57'43""W",4Q FJ 07643 59855,32E1E,32E1E (CIVIL ENGINEER),https://paladindanse111.github.io/AFSC-PDFs/32E.html,https://paladindanse111.github.io/AFSC-PDFs/BASE_JB_PEARL_HARBOR-HICKAM.html,C-20/C-37,Active Duty
JB PEARL HARBOR-HICKAM,"21°20'15""N","157°57'43""W",4Q FJ 07643 59855,32E1E,32E1E (CIVIL ENGINEER),https://paladindanse111.github.io/AFSC-PDFs/32E.html,https://paladindanse111.github.io/AFSC-PDFs/BASE_JB_PEARL_HARBOR-HICKAM.html,C-40,Active Duty
JB PEARL HARBOR-HICKAM,"21°20'15""N","157°57'43""W",4Q FJ 07643 59855,32E1E,32E1E (CIVIL ENGINEER),https://paladindanse111.github.io/AFSC-PDFs/32E.html,https://paladindanse111.github.io/AFSC-PDFs/BASE_JB_PEARL_HARBOR-HICKAM.html,E-3,Active Duty
JB PEARL HARBOR-HICKAM,"21°20'15""N","157°57'43""W",4Q FJ 07643 59855,32E1E,32E1E (CIVIL ENGINEER),https://paladindanse111.github.io/AFSC-PDFs/32E.html,https://paladindanse111.github.io/AFSC-PDFs/BASE_JB_PEARL_HARBOR-HICKAM.html,F-15,Active Duty
JB PEARL HARBOR-HICKAM,"21°20'15""N","157°57'43""W",4Q FJ 07643 59855,32E1E,32E1E (CIVIL ENGINEER),https://paladindanse111.github.io/AFSC-PDFs/32E.html,https://paladindanse111.github.io/AFSC-PDFs/BASE_JB_PEARL_HARBOR-HICKAM.html,F-15E,Active Duty
JB PEARL HARBOR-HICKAM,"21°20'15""N","157°57'43""W",4Q FJ 07643 59855,32E1E,32E1E (CIVIL ENGINEER),https://paladindanse111.github.io/AFSC-PDFs/32E.html,https://paladindanse111.github.io/AFSC-PDFs/BASE_JB_PEARL_HARBOR-HICKAM.html,F-16,Active Duty
JB PEARL HARBOR-HICKAM,"21°20'15""N","157°57'43""W",4Q FJ 07643 59855,32E1E,32E1E (CIVIL ENGINEER),https://paladindanse111.github.io/AFSC-PDFs/32E.html,https://paladindanse111.github.io/AFSC-PDFs/BASE_JB_PEARL_HARBOR-HICKAM.html,F-22,Active Duty
JB PEARL HARBOR-HICKAM,"21°20'15""N","157°57'43""W",4Q FJ 07643 59855,32E1E,32E1E (CIVIL ENGINEER),https://paladindanse111.github.io/AFSC-PDFs/32E.html,https://paladindanse111.github.io/AFSC-PDFs/BASE_JB_PEARL_HARBOR-HICKAM.html,F-35,Active Duty
JB PEARL HARBOR-HICKAM,"21°20'15""N","157°57'43""W",4Q FJ 07643 59855,32E1E,32E1E (CIVIL ENGINEER),https://paladindanse111.github.io/AFSC-PDFs/32E.html,https://paladindanse111.github.io/AFSC-PDFs/BASE_JB_PEARL_HARBOR-HICKAM.html,HH-60,Active Duty
JB PEARL HARBOR-HICKAM,"21°20'15""N","157°57'43""W",4Q FJ 07643 59855,32E1E,32E1E (CIVIL ENGINEER),https://paladindanse111.github.io/AFSC-PDFs/32E.html,https://paladindanse111.github.io/AFSC-PDFs/BASE_JB_PEARL_HARBOR-HICKAM.html,KC-135,Active Duty
JB PEARL HARBOR-HICKAM,"21°20'15""N","157°57'43""W",4Q FJ 07643 59855,32E1E,32E1E (CIVIL ENGINEER),https://paladindanse111.github.io/AFSC-PDFs/32E.html,https://paladindanse111.github.io/AFSC-PDFs/BASE_JB_PEARL_HARBOR-HICKAM.html,RC-135,Active Duty
JB PEARL HARBOR-HICKAM,"21°20'15""N","157°57'43""W",4Q FJ 07643 59855,32E1F,32E1F (CIVIL ENGINEER),https://paladindanse111.github.io/AFSC-PDFs/32E.html,https://paladindanse111.github.io/AFSC-PDFs/BASE_JB_PEARL_HARBOR-HICKAM.html,A-10,Active Duty
JB PEARL HARBOR-HICKAM,"21°20'15""N","157°57'43""W",4Q FJ 07643 59855,32E1F,32E1F (CIVIL ENGINEER),https://paladindanse111.github.io/AFSC-PDFs/32E.html,https://paladindanse111.github.io/AFSC-PDFs/BASE_JB_PEARL_HARBOR-HICKAM.html,B-52,Active Duty
JB PEARL HARBOR-HICKAM,"21°20'15""N","157°57'43""W",4Q FJ 07643 59855,32E1F,32E1F (CIVIL ENGINEER),https://paladindanse111.github.io/AFSC-PDFs/32E.html,https://paladindanse111.github.io/AFSC-PDFs/BASE_JB_PEARL_HARBOR-HICKAM.html,C-130J,Active Duty
JB PEARL HARBOR-HICKAM,"21°20'15""N","157°57'43""W",4Q FJ 07643 59855,32E1F,32E1F (CIVIL ENGINEER),https://paladindanse111.github.io/AFSC-PDFs/32E.html,https://paladindanse111.github.io/AFSC-PDFs/BASE_JB_PEARL_HARBOR-HICKAM.html,C-17,Active Duty
JB PEARL HARBOR-HICKAM,"21°20'15""N","157°57'43""W",4Q FJ 07643 59855,32E1F,32E1F (CIVIL ENGINEER),https://paladindanse111.github.io/AFSC-PDFs/32E.html,https://paladindanse111.github.io/AFSC-PDFs/BASE_JB_PEARL_HARBOR-HICKAM.html,C-20/C-37,Active Duty
JB PEARL HARBOR-HICKAM,"21°20'15""N","157°57'43""W",4Q FJ 07643 59855,32E1F,32E1F (CIVIL ENGINEER),https://paladindanse111.github.io/AFSC-PDFs/32E.html,https://paladindanse111.github.io/AFSC-PDFs/BASE_JB_PEARL_HARBOR-HICKAM.html,C-40,Active Duty
JB PEARL HARBOR-HICKAM,"21°20'15""N","157°57'43""W",4Q FJ 07643 59855,32E1F,32E1F (CIVIL ENGINEER),https://paladindanse111.github.io/AFSC-PDFs/32E.html,https://paladindanse111.github.io/AFSC-PDFs/BASE_JB_PEARL_HARBOR-HICKAM.html,E-3,Active Duty
JB PEARL HARBOR-HICKAM,"21°20'15""N","157°57'43""W",4Q FJ 07643 59855,32E1F,32E1F (CIVIL ENGINEER),https://paladindanse111.github.io/AFSC-PDFs/32E.html,https://paladindanse111.github.io/AFSC-PDFs/BASE_JB_PEARL_HARBOR-HICKAM.html,F-15,Active Duty
JB PEARL HARBOR-HICKAM,"21°20'15""N","157°57'43""W",4Q FJ 07643 59855,32E1F,32E1F (CIVIL ENGINEER),https://paladindanse111.github.io/AFSC-PDFs/32E.html,https://paladindanse111.github.io/AFSC-PDFs/BASE_JB_PEARL_HARBOR-HICKAM.html,F-15E,Active Duty
JB PEARL HARBOR-HICKAM,"21°20'15""N","157°57'43""W",4Q FJ 07643 59855,32E1F,32E1F (CIVIL ENGINEER),https://paladindanse111.github.io/AFSC-PDFs/32E.html,https://paladindanse111.github.io/AFSC-PDFs/BASE_JB_PEARL_HARBOR-HICKAM.html,F-16,Active Duty
JB PEARL HARBOR-HICKAM,"21°20'15""N","157°57'43""W",4Q FJ 07643 59855,32E1F,32E1F (CIVIL ENGINEER),https://paladindanse111.github.io/AFSC-PDFs/32E.html,https://paladindanse111.github.io/AFSC-PDFs/BASE_JB_PEARL_HARBOR-HICKAM.html,F-22,Active Duty
JB PEARL HARBOR-HICKAM,"21°20'15""N","157°57'43""W",4Q FJ 07643 59855,32E1F,32E1F (CIVIL ENGINEER),https://paladindanse111.github.io/AFSC-PDFs/32E.html,https://paladindanse111.github.io/AFSC-PDFs/BASE_JB_PEARL_HARBOR-HICKAM.html,F-35,Active Duty
JB PEARL HARBOR-HICKAM,"21°20'15""N","157°57'43""W",4Q FJ 07643 59855,32E1F,32E1F (CIVIL ENGINEER),https://paladindanse111.github.io/AFSC-PDFs/32E.html,https://paladindanse111.github.io/AFSC-PDFs/BASE_JB_PEARL_HARBOR-HICKAM.html,HH-60,Active Duty
JB PEARL HARBOR-HICKAM,"21°20'15""N","157°57'43""W",4Q FJ 07643 59855,32E1F,32E1F (CIVIL ENGINEER),https://paladindanse111.github.io/AFSC-PDFs/32E.html,https://paladindanse111.github.io/AFSC-PDFs/BASE_JB_PEARL_HARBOR-HICKAM.html,KC-135,Active Duty
JB PEARL HARBOR-HICKAM,"21°20'15""N","157°57'43""W",4Q FJ 07643 59855,32E1F,32E1F (CIVIL ENGINEER),https://paladindanse111.github.io/AFSC-PDFs/32E.html,https://paladindanse111.github.io/AFSC-PDFs/BASE_JB_PEARL_HARBOR-HICKAM.html,RC-135,Active Duty
JB PEARL HARBOR-HICKAM,"21°20'15""N","157°57'43""W",4Q FJ 07643 59855,32E1G,32E1G (CIVIL ENGINEER),https://paladindanse111.github.io/AFSC-PDFs/32E.html,https://paladindanse111.github.io/AFSC-PDFs/BASE_JB_PEARL_HARBOR-HICKAM.html,A-10,Active Duty
JB PEARL HARBOR-HICKAM,"21°20'15""N","157°57'43""W",4Q FJ 07643 59855,32E1G,32E1G (CIVIL ENGINEER),https://paladindanse111.github.io/AFSC-PDFs/32E.html,https://paladindanse111.github.io/AFSC-PDFs/BASE_JB_PEARL_HARBOR-HICKAM.html,B-52,Active Duty
JB PEARL HARBOR-HICKAM,"21°20'15""N","157°57'43""W",4Q FJ 07643 59855,32E1G,32E1G (CIVIL ENGINEER),https://paladindanse111.github.io/AFSC-PDFs/32E.html,https://paladindanse111.github.io/AFSC-PDFs/BASE_JB_PEARL_HARBOR-HICKAM.html,C-130J,Active Duty
JB PEARL HARBOR-HICKAM,"21°20'15""N","157°57'43""W",4Q FJ 07643 59855,32E1G,32E1G (CIVIL ENGINEER),https://paladindanse111.github.io/AFSC-PDFs/32E.html,https://paladindanse111.github.io/AFSC-PDFs/BASE_JB_PEARL_HARBOR-HICKAM.html,C-17,Active Duty
JB PEARL HARBOR-HICKAM,"21°20'15""N","157°57'43""W",4Q FJ 07643 59855,32E1G,32E1G (CIVIL ENGINEER),https://paladindanse111.github.io/AFSC-PDFs/32E.html,https://paladindanse111.github.io/AFSC-PDFs/BASE_JB_PEARL_HARBOR-HICKAM.html,C-20/C-37,Active Duty
JB PEARL HARBOR-HICKAM,"21°20'15""N","157°57'43""W",4Q FJ 07643 59855,32E1G,32E1G (CIVIL ENGINEER),https://paladindanse111.github.io/AFSC-PDFs/32E.html,https://paladindanse111.github.io/AFSC-PDFs/BASE_JB_PEARL_HARBOR-HICKAM.html,C-40,Active Duty
JB PEARL HARBOR-HICKAM,"21°20'15""N","157°57'43""W",4Q FJ 07643 59855,32E1G,32E1G (CIVIL ENGINEER),https://paladindanse111.github.io/AFSC-PDFs/32E.html,https://paladindanse111.github.io/AFSC-PDFs/BASE_JB_PEARL_HARBOR-HICKAM.html,E-3,Active Duty
JB PEARL HARBOR-HICKAM,"21°20'15""N","157°57'43""W",4Q FJ 07643 59855,32E1G,32E1G (CIVIL ENGINEER),https://paladindanse111.github.io/AFSC-PDFs/32E.html,https://paladindanse111.github.io/AFSC-PDFs/BASE_JB_PEARL_HARBOR-HICKAM.html,F-15,Active Duty
JB PEARL HARBOR-HICKAM,"21°20'15""N","157°57'43""W",4Q FJ 07643 59855,32E1G,32E1G (CIVIL ENGINEER),https://paladindanse111.github.io/AFSC-PDFs/32E.html,https://paladindanse111.github.io/AFSC-PDFs/BASE_JB_PEARL_HARBOR-HICKAM.html,F-15E,Active Duty
JB PEARL HARBOR-HICKAM,"21°20'15""N","157°57'43""W",4Q FJ 07643 59855,32E1G,32E1G (CIVIL ENGINEER),https://paladindanse111.github.io/AFSC-PDFs/32E.html,https://paladindanse111.github.io/AFSC-PDFs/BASE_JB_PEARL_HARBOR-HICKAM.html,F-16,Active Duty
JB PEARL HARBOR-HICKAM,"21°20'15""N","157°57'43""W",4Q FJ 07643 59855,32E1G,32E1G (CIVIL ENGINEER),https://paladindanse111.github.io/AFSC-PDFs/32E.html,https://paladindanse111.github.io/AFSC-PDFs/BASE_JB_PEARL_HARBOR-HICKAM.html,F-22,Active Duty
JB PEARL HARBOR-HICKAM,"21°20'15""N","157°57'43""W",4Q FJ 07643 59855,32E1G,32E1G (CIVIL ENGINEER),https://paladindanse111.github.io/AFSC-PDFs/32E.html,https://paladindanse111.github.io/AFSC-PDFs/BASE_JB_PEARL_HARBOR-HICKAM.html,F-35,Active Duty
JB PEARL HARBOR-HICKAM,"21°20'15""N","157°57'43""W",4Q FJ 07643 59855,32E1G,32E1G (CIVIL ENGINEER),https://paladindanse111.github.io/AFSC-PDFs/32E.html,https://paladindanse111.github.io/AFSC-PDFs/BASE_JB_PEARL_HARBOR-HICKAM.html,HH-60,Active Duty
JB PEARL HARBOR-HICKAM,"21°20'15""N","157°57'43""W",4Q FJ 07643 59855,32E1G,32E1G (CIVIL ENGINEER),https://paladindanse111.github.io/AFSC-PDFs/32E.html,https://paladindanse111.github.io/AFSC-PDFs/BASE_JB_PEARL_HARBOR-HICKAM.html,KC-135,Active Duty
JB PEARL HARBOR-HICKAM,"21°20'15""N","157°57'43""W",4Q FJ 07643 59855,32E1G,32E1G (CIVIL ENGINEER),https://paladindanse111.github.io/AFSC-PDFs/32E.html,https://paladindanse111.github.io/AFSC-PDFs/BASE_JB_PEARL_HARBOR-HICKAM.html,RC-135,Active Duty
JB PEARL HARBOR-HICKAM,"21°20'15""N","157°57'43""W",4Q FJ 07643 59855,32E1J,32E1J (CIVIL ENGINEER),https://paladindanse111.github.io/AFSC-PDFs/32E.html,https://paladindanse111.github.io/AFSC-PDFs/BASE_JB_PEARL_HARBOR-HICKAM.html,A-10,Active Duty
JB PEARL HARBOR-HICKAM,"21°20'15""N","157°57'43""W",4Q FJ 07643 59855,32E1J,32E1J (CIVIL ENGINEER),https://paladindanse111.github.io/AFSC-PDFs/32E.html,https://paladindanse111.github.io/AFSC-PDFs/BASE_JB_PEARL_HARBOR-HICKAM.html,B-52,Active Duty
JB PEARL HARBOR-HICKAM,"21°20'15""N","157°57'43""W",4Q FJ 07643 59855,32E1J,32E1J (CIVIL ENGINEER),https://paladindanse111.github.io/AFSC-PDFs/32E.html,https://paladindanse111.github.io/AFSC-PDFs/BASE_JB_PEARL_HARBOR-HICKAM.html,C-130J,Active Duty
JB PEARL HARBOR-HICKAM,"21°20'15""N","157°57'43""W",4Q FJ 07643 59855,32E1J,32E1J (CIVIL ENGINEER),https://paladindanse111.github.io/AFSC-PDFs/32E.html,https://paladindanse111.github.io/AFSC-PDFs/BASE_JB_PEARL_HARBOR-HICKAM.html,C-17,Active Duty
JB PEARL HARBOR-HICKAM,"21°20'15""N","157°57'43""W",4Q FJ 07643 59855,32E1J,32E1J (CIVIL ENGINEER),https://paladindanse111.github.io/AFSC-PDFs/32E.html,https://paladindanse111.github.io/AFSC-PDFs/BASE_JB_PEARL_HARBOR-HICKAM.html,C-20/C-37,Active Duty
JB PEARL HARBOR-HICKAM,"21°20'15""N","157°57'43""W",4Q FJ 07643 59855,32E1J,32E1J (CIVIL ENGINEER),https://paladindanse111.github.io/AFSC-PDFs/32E.html,https://paladindanse111.github.io/AFSC-PDFs/BASE_JB_PEARL_HARBOR-HICKAM.html,C-40,Active Duty
JB PEARL HARBOR-HICKAM,"21°20'15""N","157°57'43""W",4Q FJ 07643 59855,32E1J,32E1J (CIVIL ENGINEER),https://paladindanse111.github.io/AFSC-PDFs/32E.html,https://paladindanse111.github.io/AFSC-PDFs/BASE_JB_PEARL_HARBOR-HICKAM.html,E-3,Active Duty
JB PEARL HARBOR-HICKAM,"21°20'15""N","157°57'43""W",4Q FJ 07643 59855,32E1J,32E1J (CIVIL ENGINEER),https://paladindanse111.github.io/AFSC-PDFs/32E.html,https://paladindanse111.github.io/AFSC-PDFs/BASE_JB_PEARL_HARBOR-HICKAM.html,F-15,Active Duty
JB PEARL HARBOR-HICKAM,"21°20'15""N","157°57'43""W",4Q FJ 07643 59855,32E1J,32E1J (CIVIL ENGINEER),https://paladindanse111.github.io/AFSC-PDFs/32E.html,https://paladindanse111.github.io/AFSC-PDFs/BASE_JB_PEARL_HARBOR-HICKAM.html,F-15E,Active Duty
JB PEARL HARBOR-HICKAM,"21°20'15""N","157°57'43""W",4Q FJ 07643 59855,32E1J,32E1J (CIVIL ENGINEER),https://paladindanse111.github.io/AFSC-PDFs/32E.html,https://paladindanse111.github.io/AFSC-PDFs/BASE_JB_PEARL_HARBOR-HICKAM.html,F-16,Active Duty
JB PEARL HARBOR-HICKAM,"21°20'15""N","157°57'43""W",4Q FJ 07643 59855,32E1J,32E1J (CIVIL ENGINEER),https://paladindanse111.github.io/AFSC-PDFs/32E.html,https://paladindanse111.github.io/AFSC-PDFs/BASE_JB_PEARL_HARBOR-HICKAM.html,F-22,Active Duty
JB PEARL HARBOR-HICKAM,"21°20'15""N","157°57'43""W",4Q FJ 07643 59855,32E1J,32E1J (CIVIL ENGINEER),https://paladindanse111.github.io/AFSC-PDFs/32E.html,https://paladindanse111.github.io/AFSC-PDFs/BASE_JB_PEARL_HARBOR-HICKAM.html,F-35,Active Duty
JB PEARL HARBOR-HICKAM,"21°20'15""N","157°57'43""W",4Q FJ 07643 59855,32E1J,32E1J (CIVIL ENGINEER),https://paladindanse111.github.io/AFSC-PDFs/32E.html,https://paladindanse111.github.io/AFSC-PDFs/BASE_JB_PEARL_HARBOR-HICKAM.html,HH-60,Active Duty
JB PEARL HARBOR-HICKAM,"21°20'15""N","157°57'43""W",4Q FJ 07643 59855,32E1J,32E1J (CIVIL ENGINEER),https://paladindanse111.github.io/AFSC-PDFs/32E.html,https://paladindanse111.github.io/AFSC-PDFs/BASE_JB_PEARL_HARBOR-HICKAM.html,KC-135,Active Duty
JB PEARL HARBOR-HICKAM,"21°20'15""N","157°57'43""W",4Q FJ 07643 59855,32E1J,32E1J (CIVIL ENGINEER),https://paladindanse111.github.io/AFSC-PDFs/32E.html,https://paladindanse111.github.io/AFSC-PDFs/BASE_JB_PEARL_HARBOR-HICKAM.html,RC-135,Active Duty
JB PEARL HARBOR-HICKAM,"21°20'15""N","157°57'43""W",4Q FJ 07643 59855,38F1,38F1 (FORCE SUPPORT),https://paladindanse111.github.io/AFSC-PDFs/38F.html,https://paladindanse111.github.io/AFSC-PDFs/BASE_JB_PEARL_HARBOR-HICKAM.html,A-10,Active Duty
JB PEARL HARBOR-HICKAM,"21°20'15""N","157°57'43""W",4Q FJ 07643 59855,38F1,38F1 (FORCE SUPPORT),https://paladindanse111.github.io/AFSC-PDFs/38F.html,https://paladindanse111.github.io/AFSC-PDFs/BASE_JB_PEARL_HARBOR-HICKAM.html,B-52,Active Duty
JB PEARL HARBOR-HICKAM,"21°20'15""N","157°57'43""W",4Q FJ 07643 59855,38F1,38F1 (FORCE SUPPORT),https://paladindanse111.github.io/AFSC-PDFs/38F.html,https://paladindanse111.github.io/AFSC-PDFs/BASE_JB_PEARL_HARBOR-HICKAM.html,C-130J,Active Duty
JB PEARL HARBOR-HICKAM,"21°20'15""N","157°57'43""W",4Q FJ 07643 59855,38F1,38F1 (FORCE SUPPORT),https://paladindanse111.github.io/AFSC-PDFs/38F.html,https://paladindanse111.github.io/AFSC-PDFs/BASE_JB_PEARL_HARBOR-HICKAM.html,C-17,Active Duty
JB PEARL HARBOR-HICKAM,"21°20'15""N","157°57'43""W",4Q FJ 07643 59855,38F1,38F1 (FORCE SUPPORT),https://paladindanse111.github.io/AFSC-PDFs/38F.html,https://paladindanse111.github.io/AFSC-PDFs/BASE_JB_PEARL_HARBOR-HICKAM.html,C-20/C-37,Active Duty
JB PEARL HARBOR-HICKAM,"21°20'15""N","157°57'43""W",4Q FJ 07643 59855,38F1,38F1 (FORCE SUPPORT),https://paladindanse111.github.io/AFSC-PDFs/38F.html,https://paladindanse111.github.io/AFSC-PDFs/BASE_JB_PEARL_HARBOR-HICKAM.html,C-40,Active Duty
JB PEARL HARBOR-HICKAM,"21°20'15""N","157°57'43""W",4Q FJ 07643 59855,38F1,38F1 (FORCE SUPPORT),https://paladindanse111.github.io/AFSC-PDFs/38F.html,https://paladindanse111.github.io/AFSC-PDFs/BASE_JB_PEARL_HARBOR-HICKAM.html,E-3,Active Duty
JB PEARL HARBOR-HICKAM,"21°20'15""N","157°57'43""W",4Q FJ 07643 59855,38F1,38F1 (FORCE SUPPORT),https://paladindanse111.github.io/AFSC-PDFs/38F.html,https://paladindanse111.github.io/AFSC-PDFs/BASE_JB_PEARL_HARBOR-HICKAM.html,F-15,Active Duty
JB PEARL HARBOR-HICKAM,"21°20'15""N","157°57'43""W",4Q FJ 07643 59855,38F1,38F1 (FORCE SUPPORT),https://paladindanse111.github.io/AFSC-PDFs/38F.html,https://paladindanse111.github.io/AFSC-PDFs/BASE_JB_PEARL_HARBOR-HICKAM.html,F-15E,Active Duty
JB PEARL HARBOR-HICKAM,"21°20'15""N","157°57'43""W",4Q FJ 07643 59855,38F1,38F1 (FORCE SUPPORT),https://paladindanse111.github.io/AFSC-PDFs/38F.html,https://paladindanse111.github.io/AFSC-PDFs/BASE_JB_PEARL_HARBOR-HICKAM.html,F-16,Active Duty
JB PEARL HARBOR-HICKAM,"21°20'15""N","157°57'43""W",4Q FJ 07643 59855,38F1,38F1 (FORCE SUPPORT),https://paladindanse111.github.io/AFSC-PDFs/38F.html,https://paladindanse111.github.io/AFSC-PDFs/BASE_JB_PEARL_HARBOR-HICKAM.html,F-22,Active Duty
JB PEARL HARBOR-HICKAM,"21°20'15""N","157°57'43""W",4Q FJ 07643 59855,38F1,38F1 (FORCE SUPPORT),https://paladindanse111.github.io/AFSC-PDFs/38F.html,https://paladindanse111.github.io/AFSC-PDFs/BASE_JB_PEARL_HARBOR-HICKAM.html,F-35,Active Duty
JB PEARL HARBOR-HICKAM,"21°20'15""N","157°57'43""W",4Q FJ 07643 59855,38F1,38F1 (FORCE SUPPORT),https://paladindanse111.github.io/AFSC-PDFs/38F.html,https://paladindanse111.github.io/AFSC-PDFs/BASE_JB_PEARL_HARBOR-HICKAM.html,HH-60,Active Duty
JB PEARL HARBOR-HICKAM,"21°20'15""N","157°57'43""W",4Q FJ 07643 59855,38F1,38F1 (FORCE SUPPORT),https://paladindanse111.github.io/AFSC-PDFs/38F.html,https://paladindanse111.github.io/AFSC-PDFs/BASE_JB_PEARL_HARBOR-HICKAM.html,KC-135,Active Duty
JB PEARL HARBOR-HICKAM,"21°20'15""N","157°57'43""W",4Q FJ 07643 59855,38F1,38F1 (FORCE SUPPORT),https://paladindanse111.github.io/AFSC-PDFs/38F.html,https://paladindanse111.github.io/AFSC-PDFs/BASE_JB_PEARL_HARBOR-HICKAM.html,RC-135,Active Duty
JB PEARL HARBOR-HICKAM,"21°20'15""N","157°57'43""W",4Q FJ 07643 59855,64P1,64P1 (CONTRACTING),https://paladindanse111.github.io/AFSC-PDFs/64P.html,https://paladindanse111.github.io/AFSC-PDFs/BASE_JB_PEARL_HARBOR-HICKAM.html,A-10,Active Duty
JB PEARL HARBOR-HICKAM,"21°20'15""N","157°57'43""W",4Q FJ 07643 59855,64P1,64P1 (CONTRACTING),https://paladindanse111.github.io/AFSC-PDFs/64P.html,https://paladindanse111.github.io/AFSC-PDFs/BASE_JB_PEARL_HARBOR-HICKAM.html,B-52,Active Duty
JB PEARL HARBOR-HICKAM,"21°20'15""N","157°57'43""W",4Q FJ 07643 59855,64P1,64P1 (CONTRACTING),https://paladindanse111.github.io/AFSC-PDFs/64P.html,https://paladindanse111.github.io/AFSC-PDFs/BASE_JB_PEARL_HARBOR-HICKAM.html,C-130J,Active Duty
JB PEARL HARBOR-HICKAM,"21°20'15""N","157°57'43""W",4Q FJ 07643 59855,64P1,64P1 (CONTRACTING),https://paladindanse111.github.io/AFSC-PDFs/64P.html,https://paladindanse111.github.io/AFSC-PDFs/BASE_JB_PEARL_HARBOR-HICKAM.html,C-17,Active Duty
JB PEARL HARBOR-HICKAM,"21°20'15""N","157°57'43""W",4Q FJ 07643 59855,64P1,64P1 (CONTRACTING),https://paladindanse111.github.io/AFSC-PDFs/64P.html,https://paladindanse111.github.io/AFSC-PDFs/BASE_JB_PEARL_HARBOR-HICKAM.html,C-20/C-37,Active Duty
JB PEARL HARBOR-HICKAM,"21°20'15""N","157°57'43""W",4Q FJ 07643 59855,64P1,64P1 (CONTRACTING),https://paladindanse111.github.io/AFSC-PDFs/64P.html,https://paladindanse111.github.io/AFSC-PDFs/BASE_JB_PEARL_HARBOR-HICKAM.html,C-40,Active Duty
JB PEARL HARBOR-HICKAM,"21°20'15""N","157°57'43""W",4Q FJ 07643 59855,64P1,64P1 (CONTRACTING),https://paladindanse111.github.io/AFSC-PDFs/64P.html,https://paladindanse111.github.io/AFSC-PDFs/BASE_JB_PEARL_HARBOR-HICKAM.html,E-3,Active Duty
JB PEARL HARBOR-HICKAM,"21°20'15""N","157°57'43""W",4Q FJ 07643 59855,64P1,64P1 (CONTRACTING),https://paladindanse111.github.io/AFSC-PDFs/64P.html,https://paladindanse111.github.io/AFSC-PDFs/BASE_JB_PEARL_HARBOR-HICKAM.html,F-15,Active Duty
JB PEARL HARBOR-HICKAM,"21°20'15""N","157°57'43""W",4Q FJ 07643 59855,64P1,64P1 (CONTRACTING),https://paladindanse111.github.io/AFSC-PDFs/64P.html,https://paladindanse111.github.io/AFSC-PDFs/BASE_JB_PEARL_HARBOR-HICKAM.html,F-15E,Active Duty
JB PEARL HARBOR-HICKAM,"21°20'15""N","157°57'43""W",4Q FJ 07643 59855,64P1,64P1 (CONTRACTING),https://paladindanse111.github.io/AFSC-PDFs/64P.html,https://paladindanse111.github.io/AFSC-PDFs/BASE_JB_PEARL_HARBOR-HICKAM.html,F-16,Active Duty
JB PEARL HARBOR-HICKAM,"21°20'15""N","157°57'43""W",4Q FJ 07643 59855,64P1,64P1 (CONTRACTING),https://paladindanse111.github.io/AFSC-PDFs/64P.html,https://paladindanse111.github.io/AFSC-PDFs/BASE_JB_PEARL_HARBOR-HICKAM.html,F-22,Active Duty
JB PEARL HARBOR-HICKAM,"21°20'15""N","157°57'43""W",4Q FJ 07643 59855,64P1,64P1 (CONTRACTING),https://paladindanse111.github.io/AFSC-PDFs/64P.html,https://paladindanse111.github.io/AFSC-PDFs/BASE_JB_PEARL_HARBOR-HICKAM.html,F-35,Active Duty
JB PEARL HARBOR-HICKAM,"21°20'15""N","157°57'43""W",4Q FJ 07643 59855,64P1,64P1 (CONTRACTING),https://paladindanse111.github.io/AFSC-PDFs/64P.html,https://paladindanse111.github.io/AFSC-PDFs/BASE_JB_PEARL_HARBOR-HICKAM.html,HH-60,Active Duty
JB PEARL HARBOR-HICKAM,"21°20'15""N","157°57'43""W",4Q FJ 07643 59855,64P1,64P1 (CONTRACTING),https://paladindanse111.github.io/AFSC-PDFs/64P.html,https://paladindanse111.github.io/AFSC-PDFs/BASE_JB_PEARL_HARBOR-HICKAM.html,KC-135,Active Duty
JB PEARL HARBOR-HICKAM,"21°20'15""N","157°57'43""W",4Q FJ 07643 59855,64P1,64P1 (CONTRACTING),https://paladindanse111.github.io/AFSC-PDFs/64P.html,https://paladindanse111.github.io/AFSC-PDFs/BASE_JB_PEARL_HARBOR-HICKAM.html,RC-135,Active Duty
JB PEARL HARBOR-HICKAM,"21°20'15""N","157°57'43""W",4Q FJ 07643 59855,65F1,65F1 (FINANCIAL MANAGEMENT),https://paladindanse111.github.io/AFSC-PDFs/65F.html,https://paladindanse111.github.io/AFSC-PDFs/BASE_JB_PEARL_HARBOR-HICKAM.html,A-10,Active Duty
JB PEARL HARBOR-HICKAM,"21°20'15""N","157°57'43""W",4Q FJ 07643 59855,65F1,65F1 (FINANCIAL MANAGEMENT),https://paladindanse111.github.io/AFSC-PDFs/65F.html,https://paladindanse111.github.io/AFSC-PDFs/BASE_JB_PEARL_HARBOR-HICKAM.html,B-52,Active Duty
JB PEARL HARBOR-HICKAM,"21°20'15""N","157°57'43""W",4Q FJ 07643 59855,65F1,65F1 (FINANCIAL MANAGEMENT),https://paladindanse111.github.io/AFSC-PDFs/65F.html,https://paladindanse111.github.io/AFSC-PDFs/BASE_JB_PEARL_HARBOR-HICKAM.html,C-130J,Active Duty
JB PEARL HARBOR-HICKAM,"21°20'15""N","157°57'43""W",4Q FJ 07643 59855,65F1,65F1 (FINANCIAL MANAGEMENT),https://paladindanse111.github.io/AFSC-PDFs/65F.html,https://paladindanse111.github.io/AFSC-PDFs/BASE_JB_PEARL_HARBOR-HICKAM.html,C-17,Active Duty
JB PEARL HARBOR-HICKAM,"21°20'15""N","157°57'43""W",4Q FJ 07643 59855,65F1,65F1 (FINANCIAL MANAGEMENT),https://paladindanse111.github.io/AFSC-PDFs/65F.html,https://paladindanse111.github.io/AFSC-PDFs/BASE_JB_PEARL_HARBOR-HICKAM.html,C-20/C-37,Active Duty
JB PEARL HARBOR-HICKAM,"21°20'15""N","157°57'43""W",4Q FJ 07643 59855,65F1,65F1 (FINANCIAL MANAGEMENT),https://paladindanse111.github.io/AFSC-PDFs/65F.html,https://paladindanse111.github.io/AFSC-PDFs/BASE_JB_PEARL_HARBOR-HICKAM.html,C-40,Active Duty
JB PEARL HARBOR-HICKAM,"21°20'15""N","157°57'43""W",4Q FJ 07643 59855,65F1,65F1 (FINANCIAL MANAGEMENT),https://paladindanse111.github.io/AFSC-PDFs/65F.html,https://paladindanse111.github.io/AFSC-PDFs/BASE_JB_PEARL_HARBOR-HICKAM.html,E-3,Active Duty
JB PEARL HARBOR-HICKAM,"21°20'15""N","157°57'43""W",4Q FJ 07643 59855,65F1,65F1 (FINANCIAL MANAGEMENT),https://paladindanse111.github.io/AFSC-PDFs/65F.html,https://paladindanse111.github.io/AFSC-PDFs/BASE_JB_PEARL_HARBOR-HICKAM.html,F-15,Active Duty
JB PEARL HARBOR-HICKAM,"21°20'15""N","157°57'43""W",4Q FJ 07643 59855,65F1,65F1 (FINANCIAL MANAGEMENT),https://paladindanse111.github.io/AFSC-PDFs/65F.html,https://paladindanse111.github.io/AFSC-PDFs/BASE_JB_PEARL_HARBOR-HICKAM.html,F-15E,Active Duty
JB PEARL HARBOR-HICKAM,"21°20'15""N","157°57'43""W",4Q FJ 07643 59855,65F1,65F1 (FINANCIAL MANAGEMENT),https://paladindanse111.github.io/AFSC-PDFs/65F.html,https://paladindanse111.github.io/AFSC-PDFs/BASE_JB_PEARL_HARBOR-HICKAM.html,F-16,Active Duty
JB PEARL HARBOR-HICKAM,"21°20'15""N","157°57'43""W",4Q FJ 07643 59855,65F1,65F1 (FINANCIAL MANAGEMENT),https://paladindanse111.github.io/AFSC-PDFs/65F.html,https://paladindanse111.github.io/AFSC-PDFs/BASE_JB_PEARL_HARBOR-HICKAM.html,F-22,Active Duty
JB PEARL HARBOR-HICKAM,"21°20'15""N","157°57'43""W",4Q FJ 07643 59855,65F1,65F1 (FINANCIAL MANAGEMENT),https://paladindanse111.github.io/AFSC-PDFs/65F.html,https://paladindanse111.github.io/AFSC-PDFs/BASE_JB_PEARL_HARBOR-HICKAM.html,F-35,Active Duty
JB PEARL HARBOR-HICKAM,"21°20'15""N","157°57'43""W",4Q FJ 07643 59855,65F1,65F1 (FINANCIAL MANAGEMENT),https://paladindanse111.github.io/AFSC-PDFs/65F.html,https://paladindanse111.github.io/AFSC-PDFs/BASE_JB_PEARL_HARBOR-HICKAM.html,HH-60,Active Duty
JB PEARL HARBOR-HICKAM,"21°20'15""N","157°57'43""W",4Q FJ 07643 59855,65F1,65F1 (FINANCIAL MANAGEMENT),https://paladindanse111.github.io/AFSC-PDFs/65F.html,https://paladindanse111.github.io/AFSC-PDFs/BASE_JB_PEARL_HARBOR-HICKAM.html,KC-135,Active Duty
JB PEARL HARBOR-HICKAM,"21°20'15""N","157°57'43""W",4Q FJ 07643 59855,65F1,65F1 (FINANCIAL MANAGEMENT),https://paladindanse111.github.io/AFSC-PDFs/65F.html,https://paladindanse111.github.io/AFSC-PDFs/BASE_JB_PEARL_HARBOR-HICKAM.html,RC-135,Active Duty
JBSA FT SAM HOUSTON,"29°26'59""N","98°27'02""W",14R NT 53282 57938,35P1,35P1 (PUBLIC AFFAIRS),https://paladindanse111.github.io/AFSC-PDFs/35P.html,https://paladindanse111.github.io/AFSC-PDFs/BASE_JBSA_FT_SAM_HOUSTON.html,,Active Duty
JBSA FT SAM HOUSTON,"29°26'59""N","98°27'02""W",14R NT 53282 57938,61C1,61C1 (CHEMIST/NUCLEAR CHEMIST),https://paladindanse111.github.io/AFSC-PDFs/61C.html,https://paladindanse111.github.io/AFSC-PDFs/BASE_JBSA_FT_SAM_HOUSTON.html,,Active Duty
JBSA FT SAM HOUSTON,"29°26'59""N","98°27'02""W",14R NT 53282 57938,61D1,61D1 (PHYSICIST/NUCLEAR ENGINEER),https://paladindanse111.github.io/AFSC-PDFs/61D.html,https://paladindanse111.github.io/AFSC-PDFs/BASE_JBSA_FT_SAM_HOUSTON.html,,Active Duty
JBSA FT SAM HOUSTON,"29°26'59""N","98°27'02""W",14R NT 53282 57938,63A1,63A1 (AQUISITION MANAGER),https://paladindanse111.github.io/AFSC-PDFs/63A.html,https://paladindanse111.github.io/AFSC-PDFs/BASE_JBSA_FT_SAM_HOUSTON.html,,Active Duty
JBSA FT SAM HOUSTON,"29°26'59""N","98°27'02""W",14R NT 53282 57938,65F1,65F1 (FINANCIAL MANAGEMENT),https://paladindanse111.github.io/AFSC-PDFs/65F.html,https://paladindanse111.github.io/AFSC-PDFs/BASE_JBSA_FT_SAM_HOUSTON.html,,Active Duty
JBSA FT SAM HOUSTON,"29°26'59""N","98°27'02""W",14R NT 53282 57938,71S1,71S1 (SPECIAL INVESTIGATIONS),https://paladindanse111.github.io/AFSC-PDFs/71S.html,https://paladindanse111.github.io/AFSC-PDFs/BASE_JBSA_FT_SAM_HOUSTON.html,,Active Duty
JBSA LACKLAND,"29°23'14""N","98°37'16""W",14R NT 36765 50947,13H1,13H1 (AEROSPACE PHYSIOLOGIST),https://paladindanse111.github.io/AFSC-PDFs/13H.html,https://paladindanse111.github.io/AFSC-PDFs/BASE_JBSA_LACKLAND.html,C-5,Active Duty
JBSA LACKLAND,"29°23'14""N","98°37'16""W",14R NT 36765 50947,13H1,13H1 (AEROSPACE PHYSIOLOGIST),https://paladindanse111.github.io/AFSC-PDFs/13H.html,https://paladindanse111.github.io/AFSC-PDFs/BASE_JBSA_LACKLAND.html,EC-130,Active Duty
JBSA LACKLAND,"29°23'14""N","98°37'16""W",14R NT 36765 50947,13H1,13H1 (AEROSPACE PHYSIOLOGIST),https://paladindanse111.github.io/AFSC-PDFs/13H.html,https://paladindanse111.github.io/AFSC-PDFs/BASE_JBSA_LACKLAND.html,TR-1/U-2,Active Duty
JBSA LACKLAND,"29°23'14""N","98°37'16""W",14R NT 36765 50947,14F1,14F1 (INFORMATION OPERATIONS),https://paladindanse111.github.io/AFSC-PDFs/14F.html,https://paladindanse111.github.io/AFSC-PDFs/BASE_JBSA_LACKLAND.html,C-5,Active Duty
JBSA LACKLAND,"29°23'14""N","98°37'16""W",14R NT 36765 50947,14F1,14F1 (INFORMATION OPERATIONS),https://paladindanse111.github.io/AFSC-PDFs/14F.html,https://paladindanse111.github.io/AFSC-PDFs/BASE_JBSA_LACKLAND.html,EC-130,Active Duty
JBSA LACKLAND,"29°23'14""N","98°37'16""W",14R NT 36765 50947,14F1,14F1 (INFORMATION OPERATIONS),https://paladindanse111.github.io/AFSC-PDFs/14F.html,https://paladindanse111.github.io/AFSC-PDFs/BASE_JBSA_LACKLAND.html,TR-1/U-2,Active Duty
JBSA LACKLAND,"29°23'14""N","98°37'16""W",14R NT 36765 50947,19Z1A,19Z1A (SPECIAL WARFARE),https://paladindanse111.github.io/AFSC-PDFs/19Z.html,https://paladindanse111.github.io/AFSC-PDFs/BASE_JBSA_LACKLAND.html,C-5,Active Duty
JBSA LACKLAND,"29°23'14""N","98°37'16""W",14R NT 36765 50947,19Z1A,19Z1A (SPECIAL WARFARE),https://paladindanse111.github.io/AFSC-PDFs/19Z.html,https://paladindanse111.github.io/AFSC-PDFs/BASE_JBSA_LACKLAND.html,EC-130,Active Duty
JBSA LACKLAND,"29°23'14""N","98°37'16""W",14R NT 36765 50947,19Z1A,19Z1A (SPECIAL WARFARE),https://paladindanse111.github.io/AFSC-PDFs/19Z.html,https://paladindanse111.github.io/AFSC-PDFs/BASE_JBSA_LACKLAND.html,TR-1/U-2,Active Duty
JBSA LACKLAND,"29°23'14""N","98°37'16""W",14R NT 36765 50947,19Z1B,19Z1B (SPECIAL WARFARE),https://paladindanse111.github.io/AFSC-PDFs/19Z.html,https://paladindanse111.github.io/AFSC-PDFs/BASE_JBSA_LACKLAND.html,C-5,Active Duty
JBSA LACKLAND,"29°23'14""N","98°37'16""W",14R NT 36765 50947,19Z1B,19Z1B (SPECIAL WARFARE),https://paladindanse111.github.io/AFSC-PDFs/19Z.html,https://paladindanse111.github.io/AFSC-PDFs/BASE_JBSA_LACKLAND.html,EC-130,Active Duty
JBSA LACKLAND,"29°23'14""N","98°37'16""W",14R NT 36765 50947,19Z1B,19Z1B (SPECIAL WARFARE),https://paladindanse111.github.io/AFSC-PDFs/19Z.html,https://paladindanse111.github.io/AFSC-PDFs/BASE_JBSA_LACKLAND.html,TR-1/U-2,Active Duty
JBSA LACKLAND,"29°23'14""N","98°37'16""W",14R NT 36765 50947,21R1,21R1 (LOGISTICS READINESS),https://paladindanse111.github.io/AFSC-PDFs/21R.html,https://paladindanse111.github.io/AFSC-PDFs/BASE_JBSA_LACKLAND.html,C-5,Active Duty
JBSA LACKLAND,"29°23'14""N","98°37'16""W",14R NT 36765 50947,21R1,21R1 (LOGISTICS READINESS),https://paladindanse111.github.io/AFSC-PDFs/21R.html,https://paladindanse111.github.io/AFSC-PDFs/BASE_JBSA_LACKLAND.html,EC-130,Active Duty
JBSA LACKLAND,"29°23'14""N","98°37'16""W",14R NT 36765 50947,21R1,21R1 (LOGISTICS READINESS),https://paladindanse111.github.io/AFSC-PDFs/21R.html,https://paladindanse111.github.io/AFSC-PDFs/BASE_JBSA_LACKLAND.html,TR-1/U-2,Active Duty
JBSA LACKLAND,"29°23'14""N","98°37'16""W",14R NT 36765 50947,31P1,31P1 (SECURITY FORCES),https://paladindanse111.github.io/AFSC-PDFs/31P.html,https://paladindanse111.github.io/AFSC-PDFs/BASE_JBSA_LACKLAND.html,C-5,Active Duty
JBSA LACKLAND,"29°23'14""N","98°37'16""W",14R NT 36765 50947,31P1,31P1 (SECURITY FORCES),https://paladindanse111.github.io/AFSC-PDFs/31P.html,https://paladindanse111.github.io/AFSC-PDFs/BASE_JBSA_LACKLAND.html,EC-130,Active Duty
JBSA LACKLAND,"29°23'14""N","98°37'16""W",14R NT 36765 50947,31P1,31P1 (SECURITY FORCES),https://paladindanse111.github.io/AFSC-PDFs/31P.html,https://paladindanse111.github.io/AFSC-PDFs/BASE_JBSA_LACKLAND.html,TR-1/U-2,Active Duty
JBSA LACKLAND,"29°23'14""N","98°37'16""W",14R NT 36765 50947,35P1,35P1 (PUBLIC AFFAIRS),https://paladindanse111.github.io/AFSC-PDFs/35P.html,https://paladindanse111.github.io/AFSC-PDFs/BASE_JBSA_LACKLAND.html,C-5,Active Duty
JBSA LACKLAND,"29°23'14""N","98°37'16""W",14R NT 36765 50947,35P1,35P1 (PUBLIC AFFAIRS),https://paladindanse111.github.io/AFSC-PDFs/35P.html,https://paladindanse111.github.io/AFSC-PDFs/BASE_JBSA_LACKLAND.html,EC-130,Active Duty
JBSA LACKLAND,"29°23'14""N","98°37'16""W",14R NT 36765 50947,35P1,35P1 (PUBLIC AFFAIRS),https://paladindanse111.github.io/AFSC-PDFs/35P.html,https://paladindanse111.github.io/AFSC-PDFs/BASE_JBSA_LACKLAND.html,TR-1/U-2,Active Duty
JBSA LACKLAND,"29°23'14""N","98°37'16""W",14R NT 36765 50947,38F1,38F1 (FORCE SUPPORT),https://paladindanse111.github.io/AFSC-PDFs/38F.html,https://paladindanse111.github.io/AFSC-PDFs/BASE_JBSA_LACKLAND.html,C-5,Active Duty
JBSA LACKLAND,"29°23'14""N","98°37'16""W",14R NT 36765 50947,38F1,38F1 (FORCE SUPPORT),https://paladindanse111.github.io/AFSC-PDFs/38F.html,https://paladindanse111.github.io/AFSC-PDFs/BASE_JBSA_LACKLAND.html,EC-130,Active Duty
JBSA LACKLAND,"29°23'14""N","98°37'16""W",14R NT 36765 50947,38F1,38F1 (FORCE SUPPORT),https://paladindanse111.github.io/AFSC-PDFs/38F.html,https://paladindanse111.github.io/AFSC-PDFs/BASE_JBSA_LACKLAND.html,TR-1/U-2,Active Duty
JBSA LACKLAND,"29°23'14""N","98°37'16""W",14R NT 36765 50947,61C1,61C1 (CHEMIST/NUCLEAR CHEMIST),https://paladindanse111.github.io/AFSC-PDFs/61C.html,https://paladindanse111.github.io/AFSC-PDFs/BASE_JBSA_LACKLAND.html,C-5,Active Duty
JBSA LACKLAND,"29°23'14""N","98°37'16""W",14R NT 36765 50947,61C1,61C1 (CHEMIST/NUCLEAR CHEMIST),https://paladindanse111.github.io/AFSC-PDFs/61C.html,https://paladindanse111.github.io/AFSC-PDFs/BASE_JBSA_LACKLAND.html,EC-130,Active Duty
JBSA LACKLAND,"29°23'14""N","98°37'16""W",14R NT 36765 50947,61C1,61C1 (CHEMIST/NUCLEAR CHEMIST),https://paladindanse111.github.io/AFSC-PDFs/61C.html,https://paladindanse111.github.io/AFSC-PDFs/BASE_JBSA_LACKLAND.html,TR-1/U-2,Active Duty
JBSA LACKLAND,"29°23'14""N","98°37'16""W",14R NT 36765 50947,62E1A,62E1A (DEVELOPMENTAL ENGINEER),https://paladindanse111.github.io/AFSC-PDFs/62E.html,https://paladindanse111.github.io/AFSC-PDFs/BASE_JBSA_LACKLAND.html,C-5,Active Duty
JBSA LACKLAND,"29°23'14""N","98°37'16""W",14R NT 36765 50947,62E1A,62E1A (DEVELOPMENTAL ENGINEER),https://paladindanse111.github.io/AFSC-PDFs/62E.html,https://paladindanse111.github.io/AFSC-PDFs/BASE_JBSA_LACKLAND.html,EC-130,Active Duty
JBSA LACKLAND,"29°23'14""N","98°37'16""W",14R NT 36765 50947,62E1A,62E1A (DEVELOPMENTAL ENGINEER),https://paladindanse111.github.io/AFSC-PDFs/62E.html,https://paladindanse111.github.io/AFSC-PDFs/BASE_JBSA_LACKLAND.html,TR-1/U-2,Active Duty
JBSA LACKLAND,"29°23'14""N","98°37'16""W",14R NT 36765 50947,62E1B,62E1B (DEVELOPMENTAL ENGINEER),https://paladindanse111.github.io/AFSC-PDFs/62E.html,https://paladindanse111.github.io/AFSC-PDFs/BASE_JBSA_LACKLAND.html,C-5,Active Duty
JBSA LACKLAND,"29°23'14""N","98°37'16""W",14R NT 36765 50947,62E1B,62E1B (DEVELOPMENTAL ENGINEER),https://paladindanse111.github.io/AFSC-PDFs/62E.html,https://paladindanse111.github.io/AFSC-PDFs/BASE_JBSA_LACKLAND.html,EC-130,Active Duty
JBSA LACKLAND,"29°23'14""N","98°37'16""W",14R NT 36765 50947,62E1B,62E1B (DEVELOPMENTAL ENGINEER),https://paladindanse111.github.io/AFSC-PDFs/62E.html,https://paladindanse111.github.io/AFSC-PDFs/BASE_JBSA_LACKLAND.html,TR-1/U-2,Active Duty
JBSA LACKLAND,"29°23'14""N","98°37'16""W",14R NT 36765 50947,62E1C,62E1C (DEVELOPMENTAL ENGINEER),https://paladindanse111.github.io/AFSC-PDFs/62E.html,https://paladindanse111.github.io/AFSC-PDFs/BASE_JBSA_LACKLAND.html,C-5,Active Duty
JBSA LACKLAND,"29°23'14""N","98°37'16""W",14R NT 36765 50947,62E1C,62E1C (DEVELOPMENTAL ENGINEER),https://paladindanse111.github.io/AFSC-PDFs/62E.html,https://paladindanse111.github.io/AFSC-PDFs/BASE_JBSA_LACKLAND.html,EC-130,Active Duty
JBSA LACKLAND,"29°23'14""N","98°37'16""W",14R NT 36765 50947,62E1C,62E1C (DEVELOPMENTAL ENGINEER),https://paladindanse111.github.io/AFSC-PDFs/62E.html,https://paladindanse111.github.io/AFSC-PDFs/BASE_JBSA_LACKLAND.html,TR-1/U-2,Active Duty
JBSA LACKLAND,"29°23'14""N","98°37'16""W",14R NT 36765 50947,62E1E,62E1E (DEVELOPMENTAL ENGINEER),https://paladindanse111.github.io/AFSC-PDFs/62E.html,https://paladindanse111.github.io/AFSC-PDFs/BASE_JBSA_LACKLAND.html,C-5,Active Duty
JBSA LACKLAND,"29°23'14""N","98°37'16""W",14R NT 36765 50947,62E1E,62E1E (DEVELOPMENTAL ENGINEER),https://paladindanse111.github.io/AFSC-PDFs/62E.html,https://paladindanse111.github.io/AFSC-PDFs/BASE_JBSA_LACKLAND.html,EC-130,Active Duty
JBSA LACKLAND,"29°23'14""N","98°37'16""W",14R NT 36765 50947,62E1E,62E1E (DEVELOPMENTAL ENGINEER),https://paladindanse111.github.io/AFSC-PDFs/62E.html,https://paladindanse111.github.io/AFSC-PDFs/BASE_JBSA_LACKLAND.html,TR-1/U-2,Active Duty
JBSA LACKLAND,"29°23'14""N","98°37'16""W",14R NT 36765 50947,62E1G,62E1G (DEVELOPMENTAL ENGINEER),https://paladindanse111.github.io/AFSC-PDFs/62E.html,https://paladindanse111.github.io/AFSC-PDFs/BASE_JBSA_LACKLAND.html,C-5,Active Duty
JBSA LACKLAND,"29°23'14""N","98°37'16""W",14R NT 36765 50947,62E1G,62E1G (DEVELOPMENTAL ENGINEER),https://paladindanse111.github.io/AFSC-PDFs/62E.html,https://paladindanse111.github.io/AFSC-PDFs/BASE_JBSA_LACKLAND.html,EC-130,Active Duty
JBSA LACKLAND,"29°23'14""N","98°37'16""W",14R NT 36765 50947,62E1G,62E1G (DEVELOPMENTAL ENGINEER),https://paladindanse111.github.io/AFSC-PDFs/62E.html,https://paladindanse111.github.io/AFSC-PDFs/BASE_JBSA_LACKLAND.html,TR-1/U-2,Active Duty
JBSA LACKLAND,"29°23'14""N","98°37'16""W",14R NT 36765 50947,62E1H,62E1H (DEVELOPMENTAL ENGINEER),https://paladindanse111.github.io/AFSC-PDFs/62E.html,https://paladindanse111.github.io/AFSC-PDFs/BASE_JBSA_LACKLAND.html,C-5,Active Duty
JBSA LACKLAND,"29°23'14""N","98°37'16""W",14R NT 36765 50947,62E1H,62E1H (DEVELOPMENTAL ENGINEER),https://paladindanse111.github.io/AFSC-PDFs/62E.html,https://paladindanse111.github.io/AFSC-PDFs/BASE_JBSA_LACKLAND.html,EC-130,Active Duty
JBSA LACKLAND,"29°23'14""N","98°37'16""W",14R NT 36765 50947,62E1H,62E1H (DEVELOPMENTAL ENGINEER),https://paladindanse111.github.io/AFSC-PDFs/62E.html,https://paladindanse111.github.io/AFSC-PDFs/BASE_JBSA_LACKLAND.html,TR-1/U-2,Active Duty
JBSA LACKLAND,"29°23'14""N","98°37'16""W",14R NT 36765 50947,62E1I,62E1I (DEVELOPMENTAL ENGINEER),https://paladindanse111.github.io/AFSC-PDFs/62E.html,https://paladindanse111.github.io/AFSC-PDFs/BASE_JBSA_LACKLAND.html,C-5,Active Duty
JBSA LACKLAND,"29°23'14""N","98°37'16""W",14R NT 36765 50947,62E1I,62E1I (DEVELOPMENTAL ENGINEER),https://paladindanse111.github.io/AFSC-PDFs/62E.html,https://paladindanse111.github.io/AFSC-PDFs/BASE_JBSA_LACKLAND.html,EC-130,Active Duty
JBSA LACKLAND,"29°23'14""N","98°37'16""W",14R NT 36765 50947,62E1I,62E1I (DEVELOPMENTAL ENGINEER),https://paladindanse111.github.io/AFSC-PDFs/62E.html,https://paladindanse111.github.io/AFSC-PDFs/BASE_JBSA_LACKLAND.html,TR-1/U-2,Active Duty
JBSA LACKLAND,"29°23'14""N","98°37'16""W",14R NT 36765 50947,63A1,63A1 (AQUISITION MANAGER),https://paladindanse111.github.io/AFSC-PDFs/63A.html,https://paladindanse111.github.io/AFSC-PDFs/BASE_JBSA_LACKLAND.html,C-5,Active Duty
JBSA LACKLAND,"29°23'14""N","98°37'16""W",14R NT 36765 50947,63A1,63A1 (AQUISITION MANAGER),https://paladindanse111.github.io/AFSC-PDFs/63A.html,https://paladindanse111.github.io/AFSC-PDFs/BASE_JBSA_LACKLAND.html,EC-130,Active Duty
JBSA LACKLAND,"29°23'14""N","98°37'16""W",14R NT 36765 50947,63A1,63A1 (AQUISITION MANAGER),https://paladindanse111.github.io/AFSC-PDFs/63A.html,https://paladindanse111.github.io/AFSC-PDFs/BASE_JBSA_LACKLAND.html,TR-1/U-2,Active Duty
JBSA LACKLAND,"29°23'14""N","98°37'16""W",14R NT 36765 50947,64P1,64P1 (CONTRACTING),https://paladindanse111.github.io/AFSC-PDFs/64P.html,https://paladindanse111.github.io/AFSC-PDFs/BASE_JBSA_LACKLAND.html,C-5,Active Duty
JBSA LACKLAND,"29°23'14""N","98°37'16""W",14R NT 36765 50947,64P1,64P1 (CONTRACTING),https://paladindanse111.github.io/AFSC-PDFs/64P.html,https://paladindanse111.github.io/AFSC-PDFs/BASE_JBSA_LACKLAND.html,EC-130,Active Duty
JBSA LACKLAND,"29°23'14""N","98°37'16""W",14R NT 36765 50947,64P1,64P1 (CONTRACTING),https://paladindanse111.github.io/AFSC-PDFs/64P.html,https://paladindanse111.github.io/AFSC-PDFs/BASE_JBSA_LACKLAND.html,TR-1/U-2,Active Duty
JBSA LACKLAND,"29°23'14""N","98°37'16""W",14R NT 36765 50947,65F1,65F1 (FINANCIAL MANAGEMENT),https://paladindanse111.github.io/AFSC-PDFs/65F.html,https://paladindanse111.github.io/AFSC-PDFs/BASE_JBSA_LACKLAND.html,C-5,Active Duty
JBSA LACKLAND,"29°23'14""N","98°37'16""W",14R NT 36765 50947,65F1,65F1 (FINANCIAL MANAGEMENT),https://paladindanse111.github.io/AFSC-PDFs/65F.html,https://paladindanse111.github.io/AFSC-PDFs/BASE_JBSA_LACKLAND.html,EC-130,Active Duty
JBSA LACKLAND,"29°23'14""N","98°37'16""W",14R NT 36765 50947,65F1,65F1 (FINANCIAL MANAGEMENT),https://paladindanse111.github.io/AFSC-PDFs/65F.html,https://paladindanse111.github.io/AFSC-PDFs/BASE_JBSA_LACKLAND.html,TR-1/U-2,Active Duty
JBSA LACKLAND,"29°23'14""N","98°37'16""W",14R NT 36765 50947,71S1,71S1 (SPECIAL INVESTIGATIONS),https://paladindanse111.github.io/AFSC-PDFs/71S.html,https://paladindanse111.github.io/AFSC-PDFs/BASE_JBSA_LACKLAND.html,C-5,Active Duty
JBSA LACKLAND,"29°23'14""N","98°37'16""W",14R NT 36765 50947,71S1,71S1 (SPECIAL INVESTIGATIONS),https://paladindanse111.github.io/AFSC-PDFs/71S.html,https://paladindanse111.github.io/AFSC-PDFs/BASE_JBSA_LACKLAND.html,EC-130,Active Duty
JBSA LACKLAND,"29°23'14""N","98°37'16""W",14R NT 36765 50947,71S1,71S1 (SPECIAL INVESTIGATIONS),https://paladindanse111.github.io/AFSC-PDFs/71S.html,https://paladindanse111.github.io/AFSC-PDFs/BASE_JBSA_LACKLAND.html,TR-1/U-2,Active Duty
JBSA RANDOLPH,"29°31'57""N","98°16'45""W",14R NT 69847 67200,13H1,13H1 (AEROSPACE PHYSIOLOGIST),https://paladindanse111.github.io/AFSC-PDFs/13H.html,https://paladindanse111.github.io/AFSC-PDFs/BASE_JBSA_RANDOLPH.html,B-1,Active Duty
JBSA RANDOLPH,"29°31'57""N","98°16'45""W",14R NT 69847 67200,13H1,13H1 (AEROSPACE PHYSIOLOGIST),https://paladindanse111.github.io/AFSC-PDFs/13H.html,https://paladindanse111.github.io/AFSC-PDFs/BASE_JBSA_RANDOLPH.html,B-2,Active Duty
JBSA RANDOLPH,"29°31'57""N","98°16'45""W",14R NT 69847 67200,13H1,13H1 (AEROSPACE PHYSIOLOGIST),https://paladindanse111.github.io/AFSC-PDFs/13H.html,https://paladindanse111.github.io/AFSC-PDFs/BASE_JBSA_RANDOLPH.html,B-52,Active Duty
JBSA RANDOLPH,"29°31'57""N","98°16'45""W",14R NT 69847 67200,13H1,13H1 (AEROSPACE PHYSIOLOGIST),https://paladindanse111.github.io/AFSC-PDFs/13H.html,https://paladindanse111.github.io/AFSC-PDFs/BASE_JBSA_RANDOLPH.html,C-130J,Active Duty
JBSA RANDOLPH,"29°31'57""N","98°16'45""W",14R NT 69847 67200,13H1,13H1 (AEROSPACE PHYSIOLOGIST),https://paladindanse111.github.io/AFSC-PDFs/13H.html,https://paladindanse111.github.io/AFSC-PDFs/BASE_JBSA_RANDOLPH.html,C-17,Active Duty
JBSA RANDOLPH,"29°31'57""N","98°16'45""W",14R NT 69847 67200,13H1,13H1 (AEROSPACE PHYSIOLOGIST),https://paladindanse111.github.io/AFSC-PDFs/13H.html,https://paladindanse111.github.io/AFSC-PDFs/BASE_JBSA_RANDOLPH.html,F-16,Active Duty
JBSA RANDOLPH,"29°31'57""N","98°16'45""W",14R NT 69847 67200,13H1,13H1 (AEROSPACE PHYSIOLOGIST),https://paladindanse111.github.io/AFSC-PDFs/13H.html,https://paladindanse111.github.io/AFSC-PDFs/BASE_JBSA_RANDOLPH.html,KC-10,Active Duty
JBSA RANDOLPH,"29°31'57""N","98°16'45""W",14R NT 69847 67200,13H1,13H1 (AEROSPACE PHYSIOLOGIST),https://paladindanse111.github.io/AFSC-PDFs/13H.html,https://paladindanse111.github.io/AFSC-PDFs/BASE_JBSA_RANDOLPH.html,KC-46 (KC-X),Active Duty
JBSA RANDOLPH,"29°31'57""N","98°16'45""W",14R NT 69847 67200,13H1,13H1 (AEROSPACE PHYSIOLOGIST),https://paladindanse111.github.io/AFSC-PDFs/13H.html,https://paladindanse111.github.io/AFSC-PDFs/BASE_JBSA_RANDOLPH.html,T-1,Active Duty
JBSA RANDOLPH,"29°31'57""N","98°16'45""W",14R NT 69847 67200,13H1,13H1 (AEROSPACE PHYSIOLOGIST),https://paladindanse111.github.io/AFSC-PDFs/13H.html,https://paladindanse111.github.io/AFSC-PDFs/BASE_JBSA_RANDOLPH.html,T-38,Active Duty
JBSA RANDOLPH,"29°31'57""N","98°16'45""W",14R NT 69847 67200,13H1,13H1 (AEROSPACE PHYSIOLOGIST),https://paladindanse111.github.io/AFSC-PDFs/13H.html,https://paladindanse111.github.io/AFSC-PDFs/BASE_JBSA_RANDOLPH.html,T-6,Active Duty
JBSA RANDOLPH,"29°31'57""N","98°16'45""W",14R NT 69847 67200,13H1,13H1 (AEROSPACE PHYSIOLOGIST),https://paladindanse111.github.io/AFSC-PDFs/13H.html,https://paladindanse111.github.io/AFSC-PDFs/BASE_JBSA_RANDOLPH.html,T-7,Active Duty
JBSA RANDOLPH,"29°31'57""N","98°16'45""W",14R NT 69847 67200,15A1,15A1 (OPERATIONS ANALYSIS OFFICER),https://paladindanse111.github.io/AFSC-PDFs/15A.html,https://paladindanse111.github.io/AFSC-PDFs/BASE_JBSA_RANDOLPH.html,B-1,Active Duty
JBSA RANDOLPH,"29°31'57""N","98°16'45""W",14R NT 69847 67200,15A1,15A1 (OPERATIONS ANALYSIS OFFICER),https://paladindanse111.github.io/AFSC-PDFs/15A.html,https://paladindanse111.github.io/AFSC-PDFs/BASE_JBSA_RANDOLPH.html,B-2,Active Duty
JBSA RANDOLPH,"29°31'57""N","98°16'45""W",14R NT 69847 67200,15A1,15A1 (OPERATIONS ANALYSIS OFFICER),https://paladindanse111.github.io/AFSC-PDFs/15A.html,https://paladindanse111.github.io/AFSC-PDFs/BASE_JBSA_RANDOLPH.html,B-52,Active Duty
JBSA RANDOLPH,"29°31'57""N","98°16'45""W",14R NT 69847 67200,15A1,15A1 (OPERATIONS ANALYSIS OFFICER),https://paladindanse111.github.io/AFSC-PDFs/15A.html,https://paladindanse111.github.io/AFSC-PDFs/BASE_JBSA_RANDOLPH.html,C-130J,Active Duty
JBSA RANDOLPH,"29°31'57""N","98°16'45""W",14R NT 69847 67200,15A1,15A1 (OPERATIONS ANALYSIS OFFICER),https://paladindanse111.github.io/AFSC-PDFs/15A.html,https://paladindanse111.github.io/AFSC-PDFs/BASE_JBSA_RANDOLPH.html,C-17,Active Duty
JBSA RANDOLPH,"29°31'57""N","98°16'45""W",14R NT 69847 67200,15A1,15A1 (OPERATIONS ANALYSIS OFFICER),https://paladindanse111.github.io/AFSC-PDFs/15A.html,https://paladindanse111.github.io/AFSC-PDFs/BASE_JBSA_RANDOLPH.html,F-16,Active Duty
JBSA RANDOLPH,"29°31'57""N","98°16'45""W",14R NT 69847 67200,15A1,15A1 (OPERATIONS ANALYSIS OFFICER),https://paladindanse111.github.io/AFSC-PDFs/15A.html,https://paladindanse111.github.io/AFSC-PDFs/BASE_JBSA_RANDOLPH.html,KC-10,Active Duty
JBSA RANDOLPH,"29°31'57""N","98°16'45""W",14R NT 69847 67200,15A1,15A1 (OPERATIONS ANALYSIS OFFICER),https://paladindanse111.github.io/AFSC-PDFs/15A.html,https://paladindanse111.github.io/AFSC-PDFs/BASE_JBSA_RANDOLPH.html,KC-46 (KC-X),Active Duty
JBSA RANDOLPH,"29°31'57""N","98°16'45""W",14R NT 69847 67200,15A1,15A1 (OPERATIONS ANALYSIS OFFICER),https://paladindanse111.github.io/AFSC-PDFs/15A.html,https://paladindanse111.github.io/AFSC-PDFs/BASE_JBSA_RANDOLPH.html,T-1,Active Duty
JBSA RANDOLPH,"29°31'57""N","98°16'45""W",14R NT 69847 67200,15A1,15A1 (OPERATIONS ANALYSIS OFFICER),https://paladindanse111.github.io/AFSC-PDFs/15A.html,https://paladindanse111.github.io/AFSC-PDFs/BASE_JBSA_RANDOLPH.html,T-38,Active Duty
JBSA RANDOLPH,"29°31'57""N","98°16'45""W",14R NT 69847 67200,15A1,15A1 (OPERATIONS ANALYSIS OFFICER),https://paladindanse111.github.io/AFSC-PDFs/15A.html,https://paladindanse111.github.io/AFSC-PDFs/BASE_JBSA_RANDOLPH.html,T-6,Active Duty
JBSA RANDOLPH,"29°31'57""N","98°16'45""W",14R NT 69847 67200,15A1,15A1 (OPERATIONS ANALYSIS OFFICER),https://paladindanse111.github.io/AFSC-PDFs/15A.html,https://paladindanse111.github.io/AFSC-PDFs/BASE_JBSA_RANDOLPH.html,T-7,Active Duty
JBSA RANDOLPH,"29°31'57""N","98°16'45""W",14R NT 69847 67200,35P1,35P1 (PUBLIC AFFAIRS),https://paladindanse111.github.io/AFSC-PDFs/35P.html,https://paladindanse111.github.io/AFSC-PDFs/BASE_JBSA_RANDOLPH.html,B-1,Active Duty
JBSA RANDOLPH,"29°31'57""N","98°16'45""W",14R NT 69847 67200,35P1,35P1 (PUBLIC AFFAIRS),https://paladindanse111.github.io/AFSC-PDFs/35P.html,https://paladindanse111.github.io/AFSC-PDFs/BASE_JBSA_RANDOLPH.html,B-2,Active Duty
JBSA RANDOLPH,"29°31'57""N","98°16'45""W",14R NT 69847 67200,35P1,35P1 (PUBLIC AFFAIRS),https://paladindanse111.github.io/AFSC-PDFs/35P.html,https://paladindanse111.github.io/AFSC-PDFs/BASE_JBSA_RANDOLPH.html,B-52,Active Duty
JBSA RANDOLPH,"29°31'57""N","98°16'45""W",14R NT 69847 67200,35P1,35P1 (PUBLIC AFFAIRS),https://paladindanse111.github.io/AFSC-PDFs/35P.html,https://paladindanse111.github.io/AFSC-PDFs/BASE_JBSA_RANDOLPH.html,C-130J,Active Duty
JBSA RANDOLPH,"29°31'57""N","98°16'45""W",14R NT 69847 67200,35P1,35P1 (PUBLIC AFFAIRS),https://paladindanse111.github.io/AFSC-PDFs/35P.html,https://paladindanse111.github.io/AFSC-PDFs/BASE_JBSA_RANDOLPH.html,C-17,Active Duty
JBSA RANDOLPH,"29°31'57""N","98°16'45""W",14R NT 69847 67200,35P1,35P1 (PUBLIC AFFAIRS),https://paladindanse111.github.io/AFSC-PDFs/35P.html,https://paladindanse111.github.io/AFSC-PDFs/BASE_JBSA_RANDOLPH.html,F-16,Active Duty
JBSA RANDOLPH,"29°31'57""N","98°16'45""W",14R NT 69847 67200,35P1,35P1 (PUBLIC AFFAIRS),https://paladindanse111.github.io/AFSC-PDFs/35P.html,https://paladindanse111.github.io/AFSC-PDFs/BASE_JBSA_RANDOLPH.html,KC-10,Active Duty
JBSA RANDOLPH,"29°31'57""N","98°16'45""W",14R NT 69847 67200,35P1,35P1 (PUBLIC AFFAIRS),https://paladindanse111.github.io/AFSC-PDFs/35P.html,https://paladindanse111.github.io/AFSC-PDFs/BASE_JBSA_RANDOLPH.html,KC-46 (KC-X),Active Duty
JBSA RANDOLPH,"29°31'57""N","98°16'45""W",14R NT 69847 67200,35P1,35P1 (PUBLIC AFFAIRS),https://paladindanse111.github.io/AFSC-PDFs/35P.html,https://paladindanse111.github.io/AFSC-PDFs/BASE_JBSA_RANDOLPH.html,T-1,Active Duty
JBSA RANDOLPH,"29°31'57""N","98°16'45""W",14R NT 69847 67200,35P1,35P1 (PUBLIC AFFAIRS),https://paladindanse111.github.io/AFSC-PDFs/35P.html,https://paladindanse111.github.io/AFSC-PDFs/BASE_JBSA_RANDOLPH.html,T-38,Active Duty
JBSA RANDOLPH,"29°31'57""N","98°16'45""W",14R NT 69847 67200,35P1,35P1 (PUBLIC AFFAIRS),https://paladindanse111.github.io/AFSC-PDFs/35P.html,https://paladindanse111.github.io/AFSC-PDFs/BASE_JBSA_RANDOLPH.html,T-6,Active Duty
JBSA RANDOLPH,"29°31'57""N","98°16'45""W",14R NT 69847 67200,35P1,35P1 (PUBLIC AFFAIRS),https://paladindanse111.github.io/AFSC-PDFs/35P.html,https://paladindanse111.github.io/AFSC-PDFs/BASE_JBSA_RANDOLPH.html,T-7,Active Duty
JBSA RANDOLPH,"29°31'57""N","98°16'45""W",14R NT 69847 67200,38F1,38F1 (FORCE SUPPORT),https://paladindanse111.github.io/AFSC-PDFs/38F.html,https://paladindanse111.github.io/AFSC-PDFs/BASE_JBSA_RANDOLPH.html,B-1,Active Duty
JBSA RANDOLPH,"29°31'57""N","98°16'45""W",14R NT 69847 67200,38F1,38F1 (FORCE SUPPORT),https://paladindanse111.github.io/AFSC-PDFs/38F.html,https://paladindanse111.github.io/AFSC-PDFs/BASE_JBSA_RANDOLPH.html,B-2,Active Duty
JBSA RANDOLPH,"29°31'57""N","98°16'45""W",14R NT 69847 67200,38F1,38F1 (FORCE SUPPORT),https://paladindanse111.github.io/AFSC-PDFs/38F.html,https://paladindanse111.github.io/AFSC-PDFs/BASE_JBSA_RANDOLPH.html,B-52,Active Duty
JBSA RANDOLPH,"29°31'57""N","98°16'45""W",14R NT 69847 67200,38F1,38F1 (FORCE SUPPORT),https://paladindanse111.github.io/AFSC-PDFs/38F.html,https://paladindanse111.github.io/AFSC-PDFs/BASE_JBSA_RANDOLPH.html,C-130J,Active Duty
JBSA RANDOLPH,"29°31'57""N","98°16'45""W",14R NT 69847 67200,38F1,38F1 (FORCE SUPPORT),https://paladindanse111.github.io/AFSC-PDFs/38F.html,https://paladindanse111.github.io/AFSC-PDFs/BASE_JBSA_RANDOLPH.html,C-17,Active Duty
JBSA RANDOLPH,"29°31'57""N","98°16'45""W",14R NT 69847 67200,38F1,38F1 (FORCE SUPPORT),https://paladindanse111.github.io/AFSC-PDFs/38F.html,https://paladindanse111.github.io/AFSC-PDFs/BASE_JBSA_RANDOLPH.html,F-16,Active Duty
JBSA RANDOLPH,"29°31'57""N","98°16'45""W",14R NT 69847 67200,38F1,38F1 (FORCE SUPPORT),https://paladindanse111.github.io/AFSC-PDFs/38F.html,https://paladindanse111.github.io/AFSC-PDFs/BASE_JBSA_RANDOLPH.html,KC-10,Active Duty
JBSA RANDOLPH,"29°31'57""N","98°16'45""W",14R NT 69847 67200,38F1,38F1 (FORCE SUPPORT),https://paladindanse111.github.io/AFSC-PDFs/38F.html,https://paladindanse111.github.io/AFSC-PDFs/BASE_JBSA_RANDOLPH.html,KC-46 (KC-X),Active Duty
JBSA RANDOLPH,"29°31'57""N","98°16'45""W",14R NT 69847 67200,38F1,38F1 (FORCE SUPPORT),https://paladindanse111.github.io/AFSC-PDFs/38F.html,https://paladindanse111.github.io/AFSC-PDFs/BASE_JBSA_RANDOLPH.html,T-1,Active Duty
JBSA RANDOLPH,"29°31'57""N","98°16'45""W",14R NT 69847 67200,38F1,38F1 (FORCE SUPPORT),https://paladindanse111.github.io/AFSC-PDFs/38F.html,https://paladindanse111.github.io/AFSC-PDFs/BASE_JBSA_RANDOLPH.html,T-38,Active Duty
JBSA RANDOLPH,"29°31'57""N","98°16'45""W",14R NT 69847 67200,38F1,38F1 (FORCE SUPPORT),https://paladindanse111.github.io/AFSC-PDFs/38F.html,https://paladindanse111.github.io/AFSC-PDFs/BASE_JBSA_RANDOLPH.html,T-6,Active Duty
JBSA RANDOLPH,"29°31'57""N","98°16'45""W",14R NT 69847 67200,38F1,38F1 (FORCE SUPPORT),https://paladindanse111.github.io/AFSC-PDFs/38F.html,https://paladindanse111.github.io/AFSC-PDFs/BASE_JBSA_RANDOLPH.html,T-7,Active Duty
JBSA RANDOLPH,"29°31'57""N","98°16'45""W",14R NT 69847 67200,62E1A,62E1A (DEVELOPMENTAL ENGINEER),https://paladindanse111.github.io/AFSC-PDFs/62E.html,https://paladindanse111.github.io/AFSC-PDFs/BASE_JBSA_RANDOLPH.html,B-1,Active Duty
JBSA RANDOLPH,"29°31'57""N","98°16'45""W",14R NT 69847 67200,62E1A,62E1A (DEVELOPMENTAL ENGINEER),https://paladindanse111.github.io/AFSC-PDFs/62E.html,https://paladindanse111.github.io/AFSC-PDFs/BASE_JBSA_RANDOLPH.html,B-2,Active Duty
JBSA RANDOLPH,"29°31'57""N","98°16'45""W",14R NT 69847 67200,62E1A,62E1A (DEVELOPMENTAL ENGINEER),https://paladindanse111.github.io/AFSC-PDFs/62E.html,https://paladindanse111.github.io/AFSC-PDFs/BASE_JBSA_RANDOLPH.html,B-52,Active Duty
JBSA RANDOLPH,"29°31'57""N","98°16'45""W",14R NT 69847 67200,62E1A,62E1A (DEVELOPMENTAL ENGINEER),https://paladindanse111.github.io/AFSC-PDFs/62E.html,https://paladindanse111.github.io/AFSC-PDFs/BASE_JBSA_RANDOLPH.html,C-130J,Active Duty
JBSA RANDOLPH,"29°31'57""N","98°16'45""W",14R NT 69847 67200,62E1A,62E1A (DEVELOPMENTAL ENGINEER),https://paladindanse111.github.io/AFSC-PDFs/62E.html,https://paladindanse111.github.io/AFSC-PDFs/BASE_JBSA_RANDOLPH.html,C-17,Active Duty
JBSA RANDOLPH,"29°31'57""N","98°16'45""W",14R NT 69847 67200,62E1A,62E1A (DEVELOPMENTAL ENGINEER),https://paladindanse111.github.io/AFSC-PDFs/62E.html,https://paladindanse111.github.io/AFSC-PDFs/BASE_JBSA_RANDOLPH.html,F-16,Active Duty
JBSA RANDOLPH,"29°31'57""N","98°16'45""W",14R NT 69847 67200,62E1A,62E1A (DEVELOPMENTAL ENGINEER),https://paladindanse111.github.io/AFSC-PDFs/62E.html,https://paladindanse111.github.io/AFSC-PDFs/BASE_JBSA_RANDOLPH.html,KC-10,Active Duty
JBSA RANDOLPH,"29°31'57""N","98°16'45""W",14R NT 69847 67200,62E1A,62E1A (DEVELOPMENTAL ENGINEER),https://paladindanse111.github.io/AFSC-PDFs/62E.html,https://paladindanse111.github.io/AFSC-PDFs/BASE_JBSA_RANDOLPH.html,KC-46 (KC-X),Active Duty
JBSA RANDOLPH,"29°31'57""N","98°16'45""W",14R NT 69847 67200,62E1A,62E1A (DEVELOPMENTAL ENGINEER),https://paladindanse111.github.io/AFSC-PDFs/62E.html,https://paladindanse111.github.io/AFSC-PDFs/BASE_JBSA_RANDOLPH.html,T-1,Active Duty
JBSA RANDOLPH,"29°31'57""N","98°16'45""W",14R NT 69847 67200,62E1A,62E1A (DEVELOPMENTAL ENGINEER),https://paladindanse111.github.io/AFSC-PDFs/62E.html,https://paladindanse111.github.io/AFSC-PDFs/BASE_JBSA_RANDOLPH.html,T-38,Active Duty
JBSA RANDOLPH,"29°31'57""N","98°16'45""W",14R NT 69847 67200,62E1A,62E1A (DEVELOPMENTAL ENGINEER),https://paladindanse111.github.io/AFSC-PDFs/62E.html,https://paladindanse111.github.io/AFSC-PDFs/BASE_JBSA_RANDOLPH.html,T-6,Active Duty
JBSA RANDOLPH,"29°31'57""N","98°16'45""W",14R NT 69847 67200,62E1A,62E1A (DEVELOPMENTAL ENGINEER),https://paladindanse111.github.io/AFSC-PDFs/62E.html,https://paladindanse111.github.io/AFSC-PDFs/BASE_JBSA_RANDOLPH.html,T-7,Active Duty
JBSA RANDOLPH,"29°31'57""N","98°16'45""W",14R NT 69847 67200,62E1B,62E1B (DEVELOPMENTAL ENGINEER),https://paladindanse111.github.io/AFSC-PDFs/62E.html,https://paladindanse111.github.io/AFSC-PDFs/BASE_JBSA_RANDOLPH.html,B-1,Active Duty
JBSA RANDOLPH,"29°31'57""N","98°16'45""W",14R NT 69847 67200,62E1B,62E1B (DEVELOPMENTAL ENGINEER),https://paladindanse111.github.io/AFSC-PDFs/62E.html,https://paladindanse111.github.io/AFSC-PDFs/BASE_JBSA_RANDOLPH.html,B-2,Active Duty
JBSA RANDOLPH,"29°31'57""N","98°16'45""W",14R NT 69847 67200,62E1B,62E1B (DEVELOPMENTAL ENGINEER),https://paladindanse111.github.io/AFSC-PDFs/62E.html,https://paladindanse111.github.io/AFSC-PDFs/BASE_JBSA_RANDOLPH.html,B-52,Active Duty
JBSA RANDOLPH,"29°31'57""N","98°16'45""W",14R NT 69847 67200,62E1B,62E1B (DEVELOPMENTAL ENGINEER),https://paladindanse111.github.io/AFSC-PDFs/62E.html,https://paladindanse111.github.io/AFSC-PDFs/BASE_JBSA_RANDOLPH.html,C-130J,Active Duty
JBSA RANDOLPH,"29°31'57""N","98°16'45""W",14R NT 69847 67200,62E1B,62E1B (DEVELOPMENTAL ENGINEER),https://paladindanse111.github.io/AFSC-PDFs/62E.html,https://paladindanse111.github.io/AFSC-PDFs/BASE_JBSA_RANDOLPH.html,C-17,Active Duty
JBSA RANDOLPH,"29°31'57""N","98°16'45""W",14R NT 69847 67200,62E1B,62E1B (DEVELOPMENTAL ENGINEER),https://paladindanse111.github.io/AFSC-PDFs/62E.html,https://paladindanse111.github.io/AFSC-PDFs/BASE_JBSA_RANDOLPH.html,F-16,Active Duty
JBSA RANDOLPH,"29°31'57""N","98°16'45""W",14R NT 69847 67200,62E1B,62E1B (DEVELOPMENTAL ENGINEER),https://paladindanse111.github.io/AFSC-PDFs/62E.html,https://paladindanse111.github.io/AFSC-PDFs/BASE_JBSA_RANDOLPH.html,KC-10,Active Duty
JBSA RANDOLPH,"29°31'57""N","98°16'45""W",14R NT 69847 67200,62E1B,62E1B (DEVELOPMENTAL ENGINEER),https://paladindanse111.github.io/AFSC-PDFs/62E.html,https://paladindanse111.github.io/AFSC-PDFs/BASE_JBSA_RANDOLPH.html,KC-46 (KC-X),Active Duty
JBSA RANDOLPH,"29°31'57""N","98°16'45""W",14R NT 69847 67200,62E1B,62E1B (DEVELOPMENTAL ENGINEER),https://paladindanse111.github.io/AFSC-PDFs/62E.html,https://paladindanse111.github.io/AFSC-PDFs/BASE_JBSA_RANDOLPH.html,T-1,Active Duty
JBSA RANDOLPH,"29°31'57""N","98°16'45""W",14R NT 69847 67200,62E1B,62E1B (DEVELOPMENTAL ENGINEER),https://paladindanse111.github.io/AFSC-PDFs/62E.html,https://paladindanse111.github.io/AFSC-PDFs/BASE_JBSA_RANDOLPH.html,T-38,Active Duty
JBSA RANDOLPH,"29°31'57""N","98°16'45""W",14R NT 69847 67200,62E1B,62E1B (DEVELOPMENTAL ENGINEER),https://paladindanse111.github.io/AFSC-PDFs/62E.html,https://paladindanse111.github.io/AFSC-PDFs/BASE_JBSA_RANDOLPH.html,T-6,Active Duty
JBSA RANDOLPH,"29°31'57""N","98°16'45""W",14R NT 69847 67200,62E1B,62E1B (DEVELOPMENTAL ENGINEER),https://paladindanse111.github.io/AFSC-PDFs/62E.html,https://paladindanse111.github.io/AFSC-PDFs/BASE_JBSA_RANDOLPH.html,T-7,Active Duty
JBSA RANDOLPH,"29°31'57""N","98°16'45""W",14R NT 69847 67200,62E1C,62E1C (DEVELOPMENTAL ENGINEER),https://paladindanse111.github.io/AFSC-PDFs/62E.html,https://paladindanse111.github.io/AFSC-PDFs/BASE_JBSA_RANDOLPH.html,B-1,Active Duty
JBSA RANDOLPH,"29°31'57""N","98°16'45""W",14R NT 69847 67200,62E1C,62E1C (DEVELOPMENTAL ENGINEER),https://paladindanse111.github.io/AFSC-PDFs/62E.html,https://paladindanse111.github.io/AFSC-PDFs/BASE_JBSA_RANDOLPH.html,B-2,Active Duty
JBSA RANDOLPH,"29°31'57""N","98°16'45""W",14R NT 69847 67200,62E1C,62E1C (DEVELOPMENTAL ENGINEER),https://paladindanse111.github.io/AFSC-PDFs/62E.html,https://paladindanse111.github.io/AFSC-PDFs/BASE_JBSA_RANDOLPH.html,B-52,Active Duty
JBSA RANDOLPH,"29°31'57""N","98°16'45""W",14R NT 69847 67200,62E1C,62E1C (DEVELOPMENTAL ENGINEER),https://paladindanse111.github.io/AFSC-PDFs/62E.html,https://paladindanse111.github.io/AFSC-PDFs/BASE_JBSA_RANDOLPH.html,C-130J,Active Duty
JBSA RANDOLPH,"29°31'57""N","98°16'45""W",14R NT 69847 67200,62E1C,62E1C (DEVELOPMENTAL ENGINEER),https://paladindanse111.github.io/AFSC-PDFs/62E.html,https://paladindanse111.github.io/AFSC-PDFs/BASE_JBSA_RANDOLPH.html,C-17,Active Duty
JBSA RANDOLPH,"29°31'57""N","98°16'45""W",14R NT 69847 67200,62E1C,62E1C (DEVELOPMENTAL ENGINEER),https://paladindanse111.github.io/AFSC-PDFs/62E.html,https://paladindanse111.github.io/AFSC-PDFs/BASE_JBSA_RANDOLPH.html,F-16,Active Duty
JBSA RANDOLPH,"29°31'57""N","98°16'45""W",14R NT 69847 67200,62E1C,62E1C (DEVELOPMENTAL ENGINEER),https://paladindanse111.github.io/AFSC-PDFs/62E.html,https://paladindanse111.github.io/AFSC-PDFs/BASE_JBSA_RANDOLPH.html,KC-10,Active Duty
JBSA RANDOLPH,"29°31'57""N","98°16'45""W",14R NT 69847 67200,62E1C,62E1C (DEVELOPMENTAL ENGINEER),https://paladindanse111.github.io/AFSC-PDFs/62E.html,https://paladindanse111.github.io/AFSC-PDFs/BASE_JBSA_RANDOLPH.html,KC-46 (KC-X),Active Duty
JBSA RANDOLPH,"29°31'57""N","98°16'45""W",14R NT 69847 67200,62E1C,62E1C (DEVELOPMENTAL ENGINEER),https://paladindanse111.github.io/AFSC-PDFs/62E.html,https://paladindanse111.github.io/AFSC-PDFs/BASE_JBSA_RANDOLPH.html,T-1,Active Duty
JBSA RANDOLPH,"29°31'57""N","98°16'45""W",14R NT 69847 67200,62E1C,62E1C (DEVELOPMENTAL ENGINEER),https://paladindanse111.github.io/AFSC-PDFs/62E.html,https://paladindanse111.github.io/AFSC-PDFs/BASE_JBSA_RANDOLPH.html,T-38,Active Duty
JBSA RANDOLPH,"29°31'57""N","98°16'45""W",14R NT 69847 67200,62E1C,62E1C (DEVELOPMENTAL ENGINEER),https://paladindanse111.github.io/AFSC-PDFs/62E.html,https://paladindanse111.github.io/AFSC-PDFs/BASE_JBSA_RANDOLPH.html,T-6,Active Duty
JBSA RANDOLPH,"29°31'57""N","98°16'45""W",14R NT 69847 67200,62E1C,62E1C (DEVELOPMENTAL ENGINEER),https://paladindanse111.github.io/AFSC-PDFs/62E.html,https://paladindanse111.github.io/AFSC-PDFs/BASE_JBSA_RANDOLPH.html,T-7,Active Duty
JBSA RANDOLPH,"29°31'57""N","98°16'45""W",14R NT 69847 67200,62E1E,62E1E (DEVELOPMENTAL ENGINEER),https://paladindanse111.github.io/AFSC-PDFs/62E.html,https://paladindanse111.github.io/AFSC-PDFs/BASE_JBSA_RANDOLPH.html,B-1,Active Duty
JBSA RANDOLPH,"29°31'57""N","98°16'45""W",14R NT 69847 67200,62E1E,62E1E (DEVELOPMENTAL ENGINEER),https://paladindanse111.github.io/AFSC-PDFs/62E.html,https://paladindanse111.github.io/AFSC-PDFs/BASE_JBSA_RANDOLPH.html,B-2,Active Duty
JBSA RANDOLPH,"29°31'57""N","98°16'45""W",14R NT 69847 67200,62E1E,62E1E (DEVELOPMENTAL ENGINEER),https://paladindanse111.github.io/AFSC-PDFs/62E.html,https://paladindanse111.github.io/AFSC-PDFs/BASE_JBSA_RANDOLPH.html,B-52,Active Duty
JBSA RANDOLPH,"29°31'57""N","98°16'45""W",14R NT 69847 67200,62E1E,62E1E (DEVELOPMENTAL ENGINEER),https://paladindanse111.github.io/AFSC-PDFs/62E.html,https://paladindanse111.github.io/AFSC-PDFs/BASE_JBSA_RANDOLPH.html,C-130J,Active Duty
JBSA RANDOLPH,"29°31'57""N","98°16'45""W",14R NT 69847 67200,62E1E,62E1E (DEVELOPMENTAL ENGINEER),https://paladindanse111.github.io/AFSC-PDFs/62E.html,https://paladindanse111.github.io/AFSC-PDFs/BASE_JBSA_RANDOLPH.html,C-17,Active Duty
JBSA RANDOLPH,"29°31'57""N","98°16'45""W",14R NT 69847 67200,62E1E,62E1E (DEVELOPMENTAL ENGINEER),https://paladindanse111.github.io/AFSC-PDFs/62E.html,https://paladindanse111.github.io/AFSC-PDFs/BASE_JBSA_RANDOLPH.html,F-16,Active Duty
JBSA RANDOLPH,"29°31'57""N","98°16'45""W",14R NT 69847 67200,62E1E,62E1E (DEVELOPMENTAL ENGINEER),https://paladindanse111.github.io/AFSC-PDFs/62E.html,https://paladindanse111.github.io/AFSC-PDFs/BASE_JBSA_RANDOLPH.html,KC-10,Active Duty
JBSA RANDOLPH,"29°31'57""N","98°16'45""W",14R NT 69847 67200,62E1E,62E1E (DEVELOPMENTAL ENGINEER),https://paladindanse111.github.io/AFSC-PDFs/62E.html,https://paladindanse111.github.io/AFSC-PDFs/BASE_JBSA_RANDOLPH.html,KC-46 (KC-X),Active Duty
JBSA RANDOLPH,"29°31'57""N","98°16'45""W",14R NT 69847 67200,62E1E,62E1E (DEVELOPMENTAL ENGINEER),https://paladindanse111.github.io/AFSC-PDFs/62E.html,https://paladindanse111.github.io/AFSC-PDFs/BASE_JBSA_RANDOLPH.html,T-1,Active Duty
JBSA RANDOLPH,"29°31'57""N","98°16'45""W",14R NT 69847 67200,62E1E,62E1E (DEVELOPMENTAL ENGINEER),https://paladindanse111.github.io/AFSC-PDFs/62E.html,https://paladindanse111.github.io/AFSC-PDFs/BASE_JBSA_RANDOLPH.html,T-38,Active Duty
JBSA RANDOLPH,"29°31'57""N","98°16'45""W",14R NT 69847 67200,62E1E,62E1E (DEVELOPMENTAL ENGINEER),https://paladindanse111.github.io/AFSC-PDFs/62E.html,https://paladindanse111.github.io/AFSC-PDFs/BASE_JBSA_RANDOLPH.html,T-6,Active Duty
JBSA RANDOLPH,"29°31'57""N","98°16'45""W",14R NT 69847 67200,62E1E,62E1E (DEVELOPMENTAL ENGINEER),https://paladindanse111.github.io/AFSC-PDFs/62E.html,https://paladindanse111.github.io/AFSC-PDFs/BASE_JBSA_RANDOLPH.html,T-7,Active Duty
JBSA RANDOLPH,"29°31'57""N","98°16'45""W",14R NT 69847 67200,62E1G,62E1G (DEVELOPMENTAL ENGINEER),https://paladindanse111.github.io/AFSC-PDFs/62E.html,https://paladindanse111.github.io/AFSC-PDFs/BASE_JBSA_RANDOLPH.html,B-1,Active Duty
JBSA RANDOLPH,"29°31'57""N","98°16'45""W",14R NT 69847 67200,62E1G,62E1G (DEVELOPMENTAL ENGINEER),https://paladindanse111.github.io/AFSC-PDFs/62E.html,https://paladindanse111.github.io/AFSC-PDFs/BASE_JBSA_RANDOLPH.html,B-2,Active Duty
JBSA RANDOLPH,"29°31'57""N","98°16'45""W",14R NT 69847 67200,62E1G,62E1G (DEVELOPMENTAL ENGINEER),https://paladindanse111.github.io/AFSC-PDFs/62E.html,https://paladindanse111.github.io/AFSC-PDFs/BASE_JBSA_RANDOLPH.html,B-52,Active Duty
JBSA RANDOLPH,"29°31'57""N","98°16'45""W",14R NT 69847 67200,62E1G,62E1G (DEVELOPMENTAL ENGINEER),https://paladindanse111.github.io/AFSC-PDFs/62E.html,https://paladindanse111.github.io/AFSC-PDFs/BASE_JBSA_RANDOLPH.html,C-130J,Active Duty
JBSA RANDOLPH,"29°31'57""N","98°16'45""W",14R NT 69847 67200,62E1G,62E1G (DEVELOPMENTAL ENGINEER),https://paladindanse111.github.io/AFSC-PDFs/62E.html,https://paladindanse111.github.io/AFSC-PDFs/BASE_JBSA_RANDOLPH.html,C-17,Active Duty
JBSA RANDOLPH,"29°31'57""N","98°16'45""W",14R NT 69847 67200,62E1G,62E1G (DEVELOPMENTAL ENGINEER),https://paladindanse111.github.io/AFSC-PDFs/62E.html,https://paladindanse111.github.io/AFSC-PDFs/BASE_JBSA_RANDOLPH.html,F-16,Active Duty
JBSA RANDOLPH,"29°31'57""N","98°16'45""W",14R NT 69847 67200,62E1G,62E1G (DEVELOPMENTAL ENGINEER),https://paladindanse111.github.io/AFSC-PDFs/62E.html,https://paladindanse111.github.io/AFSC-PDFs/BASE_JBSA_RANDOLPH.html,KC-10,Active Duty
JBSA RANDOLPH,"29°31'57""N","98°16'45""W",14R NT 69847 67200,62E1G,62E1G (DEVELOPMENTAL ENGINEER),https://paladindanse111.github.io/AFSC-PDFs/62E.html,https://paladindanse111.github.io/AFSC-PDFs/BASE_JBSA_RANDOLPH.html,KC-46 (KC-X),Active Duty
JBSA RANDOLPH,"29°31'57""N","98°16'45""W",14R NT 69847 67200,62E1G,62E1G (DEVELOPMENTAL ENGINEER),https://paladindanse111.github.io/AFSC-PDFs/62E.html,https://paladindanse111.github.io/AFSC-PDFs/BASE_JBSA_RANDOLPH.html,T-1,Active Duty
JBSA RANDOLPH,"29°31'57""N","98°16'45""W",14R NT 69847 67200,62E1G,62E1G (DEVELOPMENTAL ENGINEER),https://paladindanse111.github.io/AFSC-PDFs/62E.html,https://paladindanse111.github.io/AFSC-PDFs/BASE_JBSA_RANDOLPH.html,T-38,Active Duty
JBSA RANDOLPH,"29°31'57""N","98°16'45""W",14R NT 69847 67200,62E1G,62E1G (DEVELOPMENTAL ENGINEER),https://paladindanse111.github.io/AFSC-PDFs/62E.html,https://paladindanse111.github.io/AFSC-PDFs/BASE_JBSA_RANDOLPH.html,T-6,Active Duty
JBSA RANDOLPH,"29°31'57""N","98°16'45""W",14R NT 69847 67200,62E1G,62E1G (DEVELOPMENTAL ENGINEER),https://paladindanse111.github.io/AFSC-PDFs/62E.html,https://paladindanse111.github.io/AFSC-PDFs/BASE_JBSA_RANDOLPH.html,T-7,Active Duty
JBSA RANDOLPH,"29°31'57""N","98°16'45""W",14R NT 69847 67200,62E1H,62E1H (DEVELOPMENTAL ENGINEER),https://paladindanse111.github.io/AFSC-PDFs/62E.html,https://paladindanse111.github.io/AFSC-PDFs/BASE_JBSA_RANDOLPH.html,B-1,Active Duty
JBSA RANDOLPH,"29°31'57""N","98°16'45""W",14R NT 69847 67200,62E1H,62E1H (DEVELOPMENTAL ENGINEER),https://paladindanse111.github.io/AFSC-PDFs/62E.html,https://paladindanse111.github.io/AFSC-PDFs/BASE_JBSA_RANDOLPH.html,B-2,Active Duty
JBSA RANDOLPH,"29°31'57""N","98°16'45""W",14R NT 69847 67200,62E1H,62E1H (DEVELOPMENTAL ENGINEER),https://paladindanse111.github.io/AFSC-PDFs/62E.html,https://paladindanse111.github.io/AFSC-PDFs/BASE_JBSA_RANDOLPH.html,B-52,Active Duty
JBSA RANDOLPH,"29°31'57""N","98°16'45""W",14R NT 69847 67200,62E1H,62E1H (DEVELOPMENTAL ENGINEER),https://paladindanse111.github.io/AFSC-PDFs/62E.html,https://paladindanse111.github.io/AFSC-PDFs/BASE_JBSA_RANDOLPH.html,C-130J,Active Duty
JBSA RANDOLPH,"29°31'57""N","98°16'45""W",14R NT 69847 67200,62E1H,62E1H (DEVELOPMENTAL ENGINEER),https://paladindanse111.github.io/AFSC-PDFs/62E.html,https://paladindanse111.github.io/AFSC-PDFs/BASE_JBSA_RANDOLPH.html,C-17,Active Duty
JBSA RANDOLPH,"29°31'57""N","98°16'45""W",14R NT 69847 67200,62E1H,62E1H (DEVELOPMENTAL ENGINEER),https://paladindanse111.github.io/AFSC-PDFs/62E.html,https://paladindanse111.github.io/AFSC-PDFs/BASE_JBSA_RANDOLPH.html,F-16,Active Duty
JBSA RANDOLPH,"29°31'57""N","98°16'45""W",14R NT 69847 67200,62E1H,62E1H (DEVELOPMENTAL ENGINEER),https://paladindanse111.github.io/AFSC-PDFs/62E.html,https://paladindanse111.github.io/AFSC-PDFs/BASE_JBSA_RANDOLPH.html,KC-10,Active Duty
JBSA RANDOLPH,"29°31'57""N","98°16'45""W",14R NT 69847 67200,62E1H,62E1H (DEVELOPMENTAL ENGINEER),https://paladindanse111.github.io/AFSC-PDFs/62E.html,https://paladindanse111.github.io/AFSC-PDFs/BASE_JBSA_RANDOLPH.html,KC-46 (KC-X),Active Duty
JBSA RANDOLPH,"29°31'57""N","98°16'45""W",14R NT 69847 67200,62E1H,62E1H (DEVELOPMENTAL ENGINEER),https://paladindanse111.github.io/AFSC-PDFs/62E.html,https://paladindanse111.github.io/AFSC-PDFs/BASE_JBSA_RANDOLPH.html,T-1,Active Duty
JBSA RANDOLPH,"29°31'57""N","98°16'45""W",14R NT 69847 67200,62E1H,62E1H (DEVELOPMENTAL ENGINEER),https://paladindanse111.github.io/AFSC-PDFs/62E.html,https://paladindanse111.github.io/AFSC-PDFs/BASE_JBSA_RANDOLPH.html,T-38,Active Duty
JBSA RANDOLPH,"29°31'57""N","98°16'45""W",14R NT 69847 67200,62E1H,62E1H (DEVELOPMENTAL ENGINEER),https://paladindanse111.github.io/AFSC-PDFs/62E.html,https://paladindanse111.github.io/AFSC-PDFs/BASE_JBSA_RANDOLPH.html,T-6,Active Duty
JBSA RANDOLPH,"29°31'57""N","98°16'45""W",14R NT 69847 67200,62E1H,62E1H (DEVELOPMENTAL ENGINEER),https://paladindanse111.github.io/AFSC-PDFs/62E.html,https://paladindanse111.github.io/AFSC-PDFs/BASE_JBSA_RANDOLPH.html,T-7,Active Duty
JBSA RANDOLPH,"29°31'57""N","98°16'45""W",14R NT 69847 67200,62E1I,62E1I (DEVELOPMENTAL ENGINEER),https://paladindanse111.github.io/AFSC-PDFs/62E.html,https://paladindanse111.github.io/AFSC-PDFs/BASE_JBSA_RANDOLPH.html,B-1,Active Duty
JBSA RANDOLPH,"29°31'57""N","98°16'45""W",14R NT 69847 67200,62E1I,62E1I (DEVELOPMENTAL ENGINEER),https://paladindanse111.github.io/AFSC-PDFs/62E.html,https://paladindanse111.github.io/AFSC-PDFs/BASE_JBSA_RANDOLPH.html,B-2,Active Duty
JBSA RANDOLPH,"29°31'57""N","98°16'45""W",14R NT 69847 67200,62E1I,62E1I (DEVELOPMENTAL ENGINEER),https://paladindanse111.github.io/AFSC-PDFs/62E.html,https://paladindanse111.github.io/AFSC-PDFs/BASE_JBSA_RANDOLPH.html,B-52,Active Duty
JBSA RANDOLPH,"29°31'57""N","98°16'45""W",14R NT 69847 67200,62E1I,62E1I (DEVELOPMENTAL ENGINEER),https://paladindanse111.github.io/AFSC-PDFs/62E.html,https://paladindanse111.github.io/AFSC-PDFs/BASE_JBSA_RANDOLPH.html,C-130J,Active Duty
JBSA RANDOLPH,"29°31'57""N","98°16'45""W",14R NT 69847 67200,62E1I,62E1I (DEVELOPMENTAL ENGINEER),https://paladindanse111.github.io/AFSC-PDFs/62E.html,https://paladindanse111.github.io/AFSC-PDFs/BASE_JBSA_RANDOLPH.html,C-17,Active Duty
JBSA RANDOLPH,"29°31'57""N","98°16'45""W",14R NT 69847 67200,62E1I,62E1I (DEVELOPMENTAL ENGINEER),https://paladindanse111.github.io/AFSC-PDFs/62E.html,https://paladindanse111.github.io/AFSC-PDFs/BASE_JBSA_RANDOLPH.html,F-16,Active Duty
JBSA RANDOLPH,"29°31'57""N","98°16'45""W",14R NT 69847 67200,62E1I,62E1I (DEVELOPMENTAL ENGINEER),https://paladindanse111.github.io/AFSC-PDFs/62E.html,https://paladindanse111.github.io/AFSC-PDFs/BASE_JBSA_RANDOLPH.html,KC-10,Active Duty
JBSA RANDOLPH,"29°31'57""N","98°16'45""W",14R NT 69847 67200,62E1I,62E1I (DEVELOPMENTAL ENGINEER),https://paladindanse111.github.io/AFSC-PDFs/62E.html,https://paladindanse111.github.io/AFSC-PDFs/BASE_JBSA_RANDOLPH.html,KC-46 (KC-X),Active Duty
JBSA RANDOLPH,"29°31'57""N","98°16'45""W",14R NT 69847 67200,62E1I,62E1I (DEVELOPMENTAL ENGINEER),https://paladindanse111.github.io/AFSC-PDFs/62E.html,https://paladindanse111.github.io/AFSC-PDFs/BASE_JBSA_RANDOLPH.html,T-1,Active Duty
JBSA RANDOLPH,"29°31'57""N","98°16'45""W",14R NT 69847 67200,62E1I,62E1I (DEVELOPMENTAL ENGINEER),https://paladindanse111.github.io/AFSC-PDFs/62E.html,https://paladindanse111.github.io/AFSC-PDFs/BASE_JBSA_RANDOLPH.html,T-38,Active Duty
JBSA RANDOLPH,"29°31'57""N","98°16'45""W",14R NT 69847 67200,62E1I,62E1I (DEVELOPMENTAL ENGINEER),https://paladindanse111.github.io/AFSC-PDFs/62E.html,https://paladindanse111.github.io/AFSC-PDFs/BASE_JBSA_RANDOLPH.html,T-6,Active Duty
JBSA RANDOLPH,"29°31'57""N","98°16'45""W",14R NT 69847 67200,62E1I,62E1I (DEVELOPMENTAL ENGINEER),https://paladindanse111.github.io/AFSC-PDFs/62E.html,https://paladindanse111.github.io/AFSC-PDFs/BASE_JBSA_RANDOLPH.html,T-7,Active Duty
JBSA RANDOLPH,"29°31'57""N","98°16'45""W",14R NT 69847 67200,63A1,63A1 (AQUISITION MANAGER),https://paladindanse111.github.io/AFSC-PDFs/63A.html,https://paladindanse111.github.io/AFSC-PDFs/BASE_JBSA_RANDOLPH.html,B-1,Active Duty
JBSA RANDOLPH,"29°31'57""N","98°16'45""W",14R NT 69847 67200,63A1,63A1 (AQUISITION MANAGER),https://paladindanse111.github.io/AFSC-PDFs/63A.html,https://paladindanse111.github.io/AFSC-PDFs/BASE_JBSA_RANDOLPH.html,B-2,Active Duty
JBSA RANDOLPH,"29°31'57""N","98°16'45""W",14R NT 69847 67200,63A1,63A1 (AQUISITION MANAGER),https://paladindanse111.github.io/AFSC-PDFs/63A.html,https://paladindanse111.github.io/AFSC-PDFs/BASE_JBSA_RANDOLPH.html,B-52,Active Duty
JBSA RANDOLPH,"29°31'57""N","98°16'45""W",14R NT 69847 67200,63A1,63A1 (AQUISITION MANAGER),https://paladindanse111.github.io/AFSC-PDFs/63A.html,https://paladindanse111.github.io/AFSC-PDFs/BASE_JBSA_RANDOLPH.html,C-130J,Active Duty
JBSA RANDOLPH,"29°31'57""N","98°16'45""W",14R NT 69847 67200,63A1,63A1 (AQUISITION MANAGER),https://paladindanse111.github.io/AFSC-PDFs/63A.html,https://paladindanse111.github.io/AFSC-PDFs/BASE_JBSA_RANDOLPH.html,C-17,Active Duty
JBSA RANDOLPH,"29°31'57""N","98°16'45""W",14R NT 69847 67200,63A1,63A1 (AQUISITION MANAGER),https://paladindanse111.github.io/AFSC-PDFs/63A.html,https://paladindanse111.github.io/AFSC-PDFs/BASE_JBSA_RANDOLPH.html,F-16,Active Duty
JBSA RANDOLPH,"29°31'57""N","98°16'45""W",14R NT 69847 67200,63A1,63A1 (AQUISITION MANAGER),https://paladindanse111.github.io/AFSC-PDFs/63A.html,https://paladindanse111.github.io/AFSC-PDFs/BASE_JBSA_RANDOLPH.html,KC-10,Active Duty
JBSA RANDOLPH,"29°31'57""N","98°16'45""W",14R NT 69847 67200,63A1,63A1 (AQUISITION MANAGER),https://paladindanse111.github.io/AFSC-PDFs/63A.html,https://paladindanse111.github.io/AFSC-PDFs/BASE_JBSA_RANDOLPH.html,KC-46 (KC-X),Active Duty
JBSA RANDOLPH,"29°31'57""N","98°16'45""W",14R NT 69847 67200,63A1,63A1 (AQUISITION MANAGER),https://paladindanse111.github.io/AFSC-PDFs/63A.html,https://paladindanse111.github.io/AFSC-PDFs/BASE_JBSA_RANDOLPH.html,T-1,Active Duty
JBSA RANDOLPH,"29°31'57""N","98°16'45""W",14R NT 69847 67200,63A1,63A1 (AQUISITION MANAGER),https://paladindanse111.github.io/AFSC-PDFs/63A.html,https://paladindanse111.github.io/AFSC-PDFs/BASE_JBSA_RANDOLPH.html,T-38,Active Duty
JBSA RANDOLPH,"29°31'57""N","98°16'45""W",14R NT 69847 67200,63A1,63A1 (AQUISITION MANAGER),https://paladindanse111.github.io/AFSC-PDFs/63A.html,https://paladindanse111.github.io/AFSC-PDFs/BASE_JBSA_RANDOLPH.html,T-6,Active Duty
JBSA RANDOLPH,"29°31'57""N","98°16'45""W",14R NT 69847 67200,63A1,63A1 (AQUISITION MANAGER),https://paladindanse111.github.io/AFSC-PDFs/63A.html,https://paladindanse111.github.io/AFSC-PDFs/BASE_JBSA_RANDOLPH.html,T-7,Active Duty
JBSA RANDOLPH,"29°31'57""N","98°16'45""W",14R NT 69847 67200,92T3,92T3 (REMOTELY PILOTED AIRCRAFT PILOT TRAINEE),,https://paladindanse111.github.io/AFSC-PDFs/BASE_JBSA_RANDOLPH.html,B-1,Active Duty
JBSA RANDOLPH,"29°31'57""N","98°16'45""W",14R NT 69847 67200,92T3,92T3 (REMOTELY PILOTED AIRCRAFT PILOT TRAINEE),,https://paladindanse111.github.io/AFSC-PDFs/BASE_JBSA_RANDOLPH.html,B-2,Active Duty
JBSA RANDOLPH,"29°31'57""N","98°16'45""W",14R NT 69847 67200,92T3,92T3 (REMOTELY PILOTED AIRCRAFT PILOT TRAINEE),,https://paladindanse111.github.io/AFSC-PDFs/BASE_JBSA_RANDOLPH.html,B-52,Active Duty
JBSA RANDOLPH,"29°31'57""N","98°16'45""W",14R NT 69847 67200,92T3,92T3 (REMOTELY PILOTED AIRCRAFT PILOT TRAINEE),,https://paladindanse111.github.io/AFSC-PDFs/BASE_JBSA_RANDOLPH.html,C-130J,Active Duty
JBSA RANDOLPH,"29°31'57""N","98°16'45""W",14R NT 69847 67200,92T3,92T3 (REMOTELY PILOTED AIRCRAFT PILOT TRAINEE),,https://paladindanse111.github.io/AFSC-PDFs/BASE_JBSA_RANDOLPH.html,C-17,Active Duty
JBSA RANDOLPH,"29°31'57""N","98°16'45""W",14R NT 69847 67200,92T3,92T3 (REMOTELY PILOTED AIRCRAFT PILOT TRAINEE),,https://paladindanse111.github.io/AFSC-PDFs/BASE_JBSA_RANDOLPH.html,F-16,Active Duty
JBSA RANDOLPH,"29°31'57""N","98°16'45""W",14R NT 69847 67200,92T3,92T3 (REMOTELY PILOTED AIRCRAFT PILOT TRAINEE),,https://paladindanse111.github.io/AFSC-PDFs/BASE_JBSA_RANDOLPH.html,KC-10,Active Duty
JBSA RANDOLPH,"29°31'57""N","98°16'45""W",14R NT 69847 67200,92T3,92T3 (REMOTELY PILOTED AIRCRAFT PILOT TRAINEE),,https://paladindanse111.github.io/AFSC-PDFs/BASE_JBSA_RANDOLPH.html,KC-46 (KC-X),Active Duty
JBSA RANDOLPH,"29°31'57""N","98°16'45""W",14R NT 69847 67200,92T3,92T3 (REMOTELY PILOTED AIRCRAFT PILOT TRAINEE),,https://paladindanse111.github.io/AFSC-PDFs/BASE_JBSA_RANDOLPH.html,T-1,Active Duty
JBSA RANDOLPH,"29°31'57""N","98°16'45""W",14R NT 69847 67200,92T3,92T3 (REMOTELY PILOTED AIRCRAFT PILOT TRAINEE),,https://paladindanse111.github.io/AFSC-PDFs/BASE_JBSA_RANDOLPH.html,T-38,Active Duty
JBSA RANDOLPH,"29°31'57""N","98°16'45""W",14R NT 69847 67200,92T3,92T3 (REMOTELY PILOTED AIRCRAFT PILOT TRAINEE),,https://paladindanse111.github.io/AFSC-PDFs/BASE_JBSA_RANDOLPH.html,T-6,Active Duty
JBSA RANDOLPH,"29°31'57""N","98°16'45""W",14R NT 69847 67200,92T3,92T3 (REMOTELY PILOTED AIRCRAFT PILOT TRAINEE),,https://paladindanse111.github.io/AFSC-PDFs/BASE_JBSA_RANDOLPH.html,T-7,Active Duty
KADENA AB,"26°21'30""N","127°46'20""E",52R CQ 77496 15950,21A1,21A1 (AIRCRAFT MAINTENANCE),https://paladindanse111.github.io/AFSC-PDFs/21A.html,https://paladindanse111.github.io/AFSC-PDFs/BASE_KADENA_AB.html,E-3,Active Duty
KADENA AB,"26°21'30""N","127°46'20""E",52R CQ 77496 15950,21A1,21A1 (AIRCRAFT MAINTENANCE),https://paladindanse111.github.io/AFSC-PDFs/21A.html,https://paladindanse111.github.io/AFSC-PDFs/BASE_KADENA_AB.html,F-15,Active Duty
KADENA AB,"26°21'30""N","127°46'20""E",52R CQ 77496 15950,21A1,21A1 (AIRCRAFT MAINTENANCE),https://paladindanse111.github.io/AFSC-PDFs/21A.html,https://paladindanse111.github.io/AFSC-PDFs/BASE_KADENA_AB.html,HH-60,Active Duty
KADENA AB,"26°21'30""N","127°46'20""E",52R CQ 77496 15950,21A1,21A1 (AIRCRAFT MAINTENANCE),https://paladindanse111.github.io/AFSC-PDFs/21A.html,https://paladindanse111.github.io/AFSC-PDFs/BASE_KADENA_AB.html,KC-135,Active Duty
KADENA AB,"26°21'30""N","127°46'20""E",52R CQ 77496 15950,21A1,21A1 (AIRCRAFT MAINTENANCE),https://paladindanse111.github.io/AFSC-PDFs/21A.html,https://paladindanse111.github.io/AFSC-PDFs/BASE_KADENA_AB.html,MC-130J,Active Duty
KADENA AB,"26°21'30""N","127°46'20""E",52R CQ 77496 15950,21A1,21A1 (AIRCRAFT MAINTENANCE),https://paladindanse111.github.io/AFSC-PDFs/21A.html,https://paladindanse111.github.io/AFSC-PDFs/BASE_KADENA_AB.html,RC-135,Active Duty
KADENA AB,"26°21'30""N","127°46'20""E",52R CQ 77496 15950,21M1,21M1 (MUNITIONS AND MISSILE MAINTENANCE),https://paladindanse111.github.io/AFSC-PDFs/21M.html,https://paladindanse111.github.io/AFSC-PDFs/BASE_KADENA_AB.html,E-3,Active Duty
KADENA AB,"26°21'30""N","127°46'20""E",52R CQ 77496 15950,21M1,21M1 (MUNITIONS AND MISSILE MAINTENANCE),https://paladindanse111.github.io/AFSC-PDFs/21M.html,https://paladindanse111.github.io/AFSC-PDFs/BASE_KADENA_AB.html,F-15,Active Duty
KADENA AB,"26°21'30""N","127°46'20""E",52R CQ 77496 15950,21M1,21M1 (MUNITIONS AND MISSILE MAINTENANCE),https://paladindanse111.github.io/AFSC-PDFs/21M.html,https://paladindanse111.github.io/AFSC-PDFs/BASE_KADENA_AB.html,HH-60,Active Duty
KADENA AB,"26°21'30""N","127°46'20""E",52R CQ 77496 15950,21M1,21M1 (MUNITIONS AND MISSILE MAINTENANCE),https://paladindanse111.github.io/AFSC-PDFs/21M.html,https://paladindanse111.github.io/AFSC-PDFs/BASE_KADENA_AB.html,KC-135,Active Duty
KADENA AB,"26°21'30""N","127°46'20""E",52R CQ 77496 15950,21M1,21M1 (MUNITIONS AND MISSILE MAINTENANCE),https://paladindanse111.github.io/AFSC-PDFs/21M.html,https://paladindanse111.github.io/AFSC-PDFs/BASE_KADENA_AB.html,MC-130J,Active Duty
KADENA AB,"26°21'30""N","127°46'20""E",52R CQ 77496 15950,21M1,21M1 (MUNITIONS AND MISSILE MAINTENANCE),https://paladindanse111.github.io/AFSC-PDFs/21M.html,https://paladindanse111.github.io/AFSC-PDFs/BASE_KADENA_AB.html,RC-135,Active Duty
KADENA AB,"26°21'30""N","127°46'20""E",52R CQ 77496 15950,21R1,21R1 (LOGISTICS READINESS),https://paladindanse111.github.io/AFSC-PDFs/21R.html,https://paladindanse111.github.io/AFSC-PDFs/BASE_KADENA_AB.html,E-3,Active Duty
KADENA AB,"26°21'30""N","127°46'20""E",52R CQ 77496 15950,21R1,21R1 (LOGISTICS READINESS),https://paladindanse111.github.io/AFSC-PDFs/21R.html,https://paladindanse111.github.io/AFSC-PDFs/BASE_KADENA_AB.html,F-15,Active Duty
KADENA AB,"26°21'30""N","127°46'20""E",52R CQ 77496 15950,21R1,21R1 (LOGISTICS READINESS),https://paladindanse111.github.io/AFSC-PDFs/21R.html,https://paladindanse111.github.io/AFSC-PDFs/BASE_KADENA_AB.html,HH-60,Active Duty
KADENA AB,"26°21'30""N","127°46'20""E",52R CQ 77496 15950,21R1,21R1 (LOGISTICS READINESS),https://paladindanse111.github.io/AFSC-PDFs/21R.html,https://paladindanse111.github.io/AFSC-PDFs/BASE_KADENA_AB.html,KC-135,Active Duty
KADENA AB,"26°21'30""N","127°46'20""E",52R CQ 77496 15950,21R1,21R1 (LOGISTICS READINESS),https://paladindanse111.github.io/AFSC-PDFs/21R.html,https://paladindanse111.github.io/AFSC-PDFs/BASE_KADENA_AB.html,MC-130J,Active Duty
KADENA AB,"26°21'30""N","127°46'20""E",52R CQ 77496 15950,21R1,21R1 (LOGISTICS READINESS),https://paladindanse111.github.io/AFSC-PDFs/21R.html,https://paladindanse111.github.io/AFSC-PDFs/BASE_KADENA_AB.html,RC-135,Active Duty
KADENA AB,"26°21'30""N","127°46'20""E",52R CQ 77496 15950,32E1A,32E1A (CIVIL ENGINEER),https://paladindanse111.github.io/AFSC-PDFs/32E.html,https://paladindanse111.github.io/AFSC-PDFs/BASE_KADENA_AB.html,E-3,Active Duty
KADENA AB,"26°21'30""N","127°46'20""E",52R CQ 77496 15950,32E1A,32E1A (CIVIL ENGINEER),https://paladindanse111.github.io/AFSC-PDFs/32E.html,https://paladindanse111.github.io/AFSC-PDFs/BASE_KADENA_AB.html,F-15,Active Duty
KADENA AB,"26°21'30""N","127°46'20""E",52R CQ 77496 15950,32E1A,32E1A (CIVIL ENGINEER),https://paladindanse111.github.io/AFSC-PDFs/32E.html,https://paladindanse111.github.io/AFSC-PDFs/BASE_KADENA_AB.html,HH-60,Active Duty
KADENA AB,"26°21'30""N","127°46'20""E",52R CQ 77496 15950,32E1A,32E1A (CIVIL ENGINEER),https://paladindanse111.github.io/AFSC-PDFs/32E.html,https://paladindanse111.github.io/AFSC-PDFs/BASE_KADENA_AB.html,KC-135,Active Duty
KADENA AB,"26°21'30""N","127°46'20""E",52R CQ 77496 15950,32E1A,32E1A (CIVIL ENGINEER),https://paladindanse111.github.io/AFSC-PDFs/32E.html,https://paladindanse111.github.io/AFSC-PDFs/BASE_KADENA_AB.html,MC-130J,Active Duty
KADENA AB,"26°21'30""N","127°46'20""E",52R CQ 77496 15950,32E1A,32E1A (CIVIL ENGINEER),https://paladindanse111.github.io/AFSC-PDFs/32E.html,https://paladindanse111.github.io/AFSC-PDFs/BASE_KADENA_AB.html,RC-135,Active Duty
KADENA AB,"26°21'30""N","127°46'20""E",52R CQ 77496 15950,32E1C,32E1C (CIVIL ENGINEER),https://paladindanse111.github.io/AFSC-PDFs/32E.html,https://paladindanse111.github.io/AFSC-PDFs/BASE_KADENA_AB.html,E-3,Active Duty
KADENA AB,"26°21'30""N","127°46'20""E",52R CQ 77496 15950,32E1C,32E1C (CIVIL ENGINEER),https://paladindanse111.github.io/AFSC-PDFs/32E.html,https://paladindanse111.github.io/AFSC-PDFs/BASE_KADENA_AB.html,F-15,Active Duty
KADENA AB,"26°21'30""N","127°46'20""E",52R CQ 77496 15950,32E1C,32E1C (CIVIL ENGINEER),https://paladindanse111.github.io/AFSC-PDFs/32E.html,https://paladindanse111.github.io/AFSC-PDFs/BASE_KADENA_AB.html,HH-60,Active Duty
KADENA AB,"26°21'30""N","127°46'20""E",52R CQ 77496 15950,32E1C,32E1C (CIVIL ENGINEER),https://paladindanse111.github.io/AFSC-PDFs/32E.html,https://paladindanse111.github.io/AFSC-PDFs/BASE_KADENA_AB.html,KC-135,Active Duty
KADENA AB,"26°21'30""N","127°46'20""E",52R CQ 77496 15950,32E1C,32E1C (CIVIL ENGINEER),https://paladindanse111.github.io/AFSC-PDFs/32E.html,https://paladindanse111.github.io/AFSC-PDFs/BASE_KADENA_AB.html,MC-130J,Active Duty
KADENA AB,"26°21'30""N","127°46'20""E",52R CQ 77496 15950,32E1C,32E1C (CIVIL ENGINEER),https://paladindanse111.github.io/AFSC-PDFs/32E.html,https://paladindanse111.github.io/AFSC-PDFs/BASE_KADENA_AB.html,RC-135,Active Duty
KADENA AB,"26°21'30""N","127°46'20""E",52R CQ 77496 15950,32E1E,32E1E (CIVIL ENGINEER),https://paladindanse111.github.io/AFSC-PDFs/32E.html,https://paladindanse111.github.io/AFSC-PDFs/BASE_KADENA_AB.html,E-3,Active Duty
KADENA AB,"26°21'30""N","127°46'20""E",52R CQ 77496 15950,32E1E,32E1E (CIVIL ENGINEER),https://paladindanse111.github.io/AFSC-PDFs/32E.html,https://paladindanse111.github.io/AFSC-PDFs/BASE_KADENA_AB.html,F-15,Active Duty
KADENA AB,"26°21'30""N","127°46'20""E",52R CQ 77496 15950,32E1E,32E1E (CIVIL ENGINEER),https://paladindanse111.github.io/AFSC-PDFs/32E.html,https://paladindanse111.github.io/AFSC-PDFs/BASE_KADENA_AB.html,HH-60,Active Duty
KADENA AB,"26°21'30""N","127°46'20""E",52R CQ 77496 15950,32E1E,32E1E (CIVIL ENGINEER),https://paladindanse111.github.io/AFSC-PDFs/32E.html,https://paladindanse111.github.io/AFSC-PDFs/BASE_KADENA_AB.html,KC-135,Active Duty
KADENA AB,"26°21'30""N","127°46'20""E",52R CQ 77496 15950,32E1E,32E1E (CIVIL ENGINEER),https://paladindanse111.github.io/AFSC-PDFs/32E.html,https://paladindanse111.github.io/AFSC-PDFs/BASE_KADENA_AB.html,MC-130J,Active Duty
KADENA AB,"26°21'30""N","127°46'20""E",52R CQ 77496 15950,32E1E,32E1E (CIVIL ENGINEER),https://paladindanse111.github.io/AFSC-PDFs/32E.html,https://paladindanse111.github.io/AFSC-PDFs/BASE_KADENA_AB.html,RC-135,Active Duty
KADENA AB,"26°21'30""N","127°46'20""E",52R CQ 77496 15950,32E1F,32E1F (CIVIL ENGINEER),https://paladindanse111.github.io/AFSC-PDFs/32E.html,https://paladindanse111.github.io/AFSC-PDFs/BASE_KADENA_AB.html,E-3,Active Duty
KADENA AB,"26°21'30""N","127°46'20""E",52R CQ 77496 15950,32E1F,32E1F (CIVIL ENGINEER),https://paladindanse111.github.io/AFSC-PDFs/32E.html,https://paladindanse111.github.io/AFSC-PDFs/BASE_KADENA_AB.html,F-15,Active Duty
KADENA AB,"26°21'30""N","127°46'20""E",52R CQ 77496 15950,32E1F,32E1F (CIVIL ENGINEER),https://paladindanse111.github.io/AFSC-PDFs/32E.html,https://paladindanse111.github.io/AFSC-PDFs/BASE_KADENA_AB.html,HH-60,Active Duty
KADENA AB,"26°21'30""N","127°46'20""E",52R CQ 77496 15950,32E1F,32E1F (CIVIL ENGINEER),https://paladindanse111.github.io/AFSC-PDFs/32E.html,https://paladindanse111.github.io/AFSC-PDFs/BASE_KADENA_AB.html,KC-135,Active Duty
KADENA AB,"26°21'30""N","127°46'20""E",52R CQ 77496 15950,32E1F,32E1F (CIVIL ENGINEER),https://paladindanse111.github.io/AFSC-PDFs/32E.html,https://paladindanse111.github.io/AFSC-PDFs/BASE_KADENA_AB.html,MC-130J,Active Duty
KADENA AB,"26°21'30""N","127°46'20""E",52R CQ 77496 15950,32E1F,32E1F (CIVIL ENGINEER),https://paladindanse111.github.io/AFSC-PDFs/32E.html,https://paladindanse111.github.io/AFSC-PDFs/BASE_KADENA_AB.html,RC-135,Active Duty
KADENA AB,"26°21'30""N","127°46'20""E",52R CQ 77496 15950,32E1G,32E1G (CIVIL ENGINEER),https://paladindanse111.github.io/AFSC-PDFs/32E.html,https://paladindanse111.github.io/AFSC-PDFs/BASE_KADENA_AB.html,E-3,Active Duty
KADENA AB,"26°21'30""N","127°46'20""E",52R CQ 77496 15950,32E1G,32E1G (CIVIL ENGINEER),https://paladindanse111.github.io/AFSC-PDFs/32E.html,https://paladindanse111.github.io/AFSC-PDFs/BASE_KADENA_AB.html,F-15,Active Duty
KADENA AB,"26°21'30""N","127°46'20""E",52R CQ 77496 15950,32E1G,32E1G (CIVIL ENGINEER),https://paladindanse111.github.io/AFSC-PDFs/32E.html,https://paladindanse111.github.io/AFSC-PDFs/BASE_KADENA_AB.html,HH-60,Active Duty
KADENA AB,"26°21'30""N","127°46'20""E",52R CQ 77496 15950,32E1G,32E1G (CIVIL ENGINEER),https://paladindanse111.github.io/AFSC-PDFs/32E.html,https://paladindanse111.github.io/AFSC-PDFs/BASE_KADENA_AB.html,KC-135,Active Duty
KADENA AB,"26°21'30""N","127°46'20""E",52R CQ 77496 15950,32E1G,32E1G (CIVIL ENGINEER),https://paladindanse111.github.io/AFSC-PDFs/32E.html,https://paladindanse111.github.io/AFSC-PDFs/BASE_KADENA_AB.html,MC-130J,Active Duty
KADENA AB,"26°21'30""N","127°46'20""E",52R CQ 77496 15950,32E1G,32E1G (CIVIL ENGINEER),https://paladindanse111.github.io/AFSC-PDFs/32E.html,https://paladindanse111.github.io/AFSC-PDFs/BASE_KADENA_AB.html,RC-135,Active Duty
KADENA AB,"26°21'30""N","127°46'20""E",52R CQ 77496 15950,32E1J,32E1J (CIVIL ENGINEER),https://paladindanse111.github.io/AFSC-PDFs/32E.html,https://paladindanse111.github.io/AFSC-PDFs/BASE_KADENA_AB.html,E-3,Active Duty
KADENA AB,"26°21'30""N","127°46'20""E",52R CQ 77496 15950,32E1J,32E1J (CIVIL ENGINEER),https://paladindanse111.github.io/AFSC-PDFs/32E.html,https://paladindanse111.github.io/AFSC-PDFs/BASE_KADENA_AB.html,F-15,Active Duty
KADENA AB,"26°21'30""N","127°46'20""E",52R CQ 77496 15950,32E1J,32E1J (CIVIL ENGINEER),https://paladindanse111.github.io/AFSC-PDFs/32E.html,https://paladindanse111.github.io/AFSC-PDFs/BASE_KADENA_AB.html,HH-60,Active Duty
KADENA AB,"26°21'30""N","127°46'20""E",52R CQ 77496 15950,32E1J,32E1J (CIVIL ENGINEER),https://paladindanse111.github.io/AFSC-PDFs/32E.html,https://paladindanse111.github.io/AFSC-PDFs/BASE_KADENA_AB.html,KC-135,Active Duty
KADENA AB,"26°21'30""N","127°46'20""E",52R CQ 77496 15950,32E1J,32E1J (CIVIL ENGINEER),https://paladindanse111.github.io/AFSC-PDFs/32E.html,https://paladindanse111.github.io/AFSC-PDFs/BASE_KADENA_AB.html,MC-130J,Active Duty
KADENA AB,"26°21'30""N","127°46'20""E",52R CQ 77496 15950,32E1J,32E1J (CIVIL ENGINEER),https://paladindanse111.github.io/AFSC-PDFs/32E.html,https://paladindanse111.github.io/AFSC-PDFs/BASE_KADENA_AB.html,RC-135,Active Duty
KADENA AB,"26°21'30""N","127°46'20""E",52R CQ 77496 15950,35P1,35P1 (PUBLIC AFFAIRS),https://paladindanse111.github.io/AFSC-PDFs/35P.html,https://paladindanse111.github.io/AFSC-PDFs/BASE_KADENA_AB.html,E-3,Active Duty
KADENA AB,"26°21'30""N","127°46'20""E",52R CQ 77496 15950,35P1,35P1 (PUBLIC AFFAIRS),https://paladindanse111.github.io/AFSC-PDFs/35P.html,https://paladindanse111.github.io/AFSC-PDFs/BASE_KADENA_AB.html,F-15,Active Duty
KADENA AB,"26°21'30""N","127°46'20""E",52R CQ 77496 15950,35P1,35P1 (PUBLIC AFFAIRS),https://paladindanse111.github.io/AFSC-PDFs/35P.html,https://paladindanse111.github.io/AFSC-PDFs/BASE_KADENA_AB.html,HH-60,Active Duty
KADENA AB,"26°21'30""N","127°46'20""E",52R CQ 77496 15950,35P1,35P1 (PUBLIC AFFAIRS),https://paladindanse111.github.io/AFSC-PDFs/35P.html,https://paladindanse111.github.io/AFSC-PDFs/BASE_KADENA_AB.html,KC-135,Active Duty
KADENA AB,"26°21'30""N","127°46'20""E",52R CQ 77496 15950,35P1,35P1 (PUBLIC AFFAIRS),https://paladindanse111.github.io/AFSC-PDFs/35P.html,https://paladindanse111.github.io/AFSC-PDFs/BASE_KADENA_AB.html,MC-130J,Active Duty
KADENA AB,"26°21'30""N","127°46'20""E",52R CQ 77496 15950,35P1,35P1 (PUBLIC AFFAIRS),https://paladindanse111.github.io/AFSC-PDFs/35P.html,https://paladindanse111.github.io/AFSC-PDFs/BASE_KADENA_AB.html,RC-135,Active Duty
KADENA AB,"26°21'30""N","127°46'20""E",52R CQ 77496 15950,38F1,38F1 (FORCE SUPPORT),https://paladindanse111.github.io/AFSC-PDFs/38F.html,https://paladindanse111.github.io/AFSC-PDFs/BASE_KADENA_AB.html,E-3,Active Duty
KADENA AB,"26°21'30""N","127°46'20""E",52R CQ 77496 15950,38F1,38F1 (FORCE SUPPORT),https://paladindanse111.github.io/AFSC-PDFs/38F.html,https://paladindanse111.github.io/AFSC-PDFs/BASE_KADENA_AB.html,F-15,Active Duty
KADENA AB,"26°21'30""N","127°46'20""E",52R CQ 77496 15950,38F1,38F1 (FORCE SUPPORT),https://paladindanse111.github.io/AFSC-PDFs/38F.html,https://paladindanse111.github.io/AFSC-PDFs/BASE_KADENA_AB.html,HH-60,Active Duty
KADENA AB,"26°21'30""N","127°46'20""E",52R CQ 77496 15950,38F1,38F1 (FORCE SUPPORT),https://paladindanse111.github.io/AFSC-PDFs/38F.html,https://paladindanse111.github.io/AFSC-PDFs/BASE_KADENA_AB.html,KC-135,Active Duty
KADENA AB,"26°21'30""N","127°46'20""E",52R CQ 77496 15950,38F1,38F1 (FORCE SUPPORT),https://paladindanse111.github.io/AFSC-PDFs/38F.html,https://paladindanse111.github.io/AFSC-PDFs/BASE_KADENA_AB.html,MC-130J,Active Duty
KADENA AB,"26°21'30""N","127°46'20""E",52R CQ 77496 15950,38F1,38F1 (FORCE SUPPORT),https://paladindanse111.github.io/AFSC-PDFs/38F.html,https://paladindanse111.github.io/AFSC-PDFs/BASE_KADENA_AB.html,RC-135,Active Duty
KADENA AB,"26°21'30""N","127°46'20""E",52R CQ 77496 15950,61C1,61C1 (CHEMIST/NUCLEAR CHEMIST),https://paladindanse111.github.io/AFSC-PDFs/61C.html,https://paladindanse111.github.io/AFSC-PDFs/BASE_KADENA_AB.html,E-3,Active Duty
KADENA AB,"26°21'30""N","127°46'20""E",52R CQ 77496 15950,61C1,61C1 (CHEMIST/NUCLEAR CHEMIST),https://paladindanse111.github.io/AFSC-PDFs/61C.html,https://paladindanse111.github.io/AFSC-PDFs/BASE_KADENA_AB.html,F-15,Active Duty
KADENA AB,"26°21'30""N","127°46'20""E",52R CQ 77496 15950,61C1,61C1 (CHEMIST/NUCLEAR CHEMIST),https://paladindanse111.github.io/AFSC-PDFs/61C.html,https://paladindanse111.github.io/AFSC-PDFs/BASE_KADENA_AB.html,HH-60,Active Duty
KADENA AB,"26°21'30""N","127°46'20""E",52R CQ 77496 15950,61C1,61C1 (CHEMIST/NUCLEAR CHEMIST),https://paladindanse111.github.io/AFSC-PDFs/61C.html,https://paladindanse111.github.io/AFSC-PDFs/BASE_KADENA_AB.html,KC-135,Active Duty
KADENA AB,"26°21'30""N","127°46'20""E",52R CQ 77496 15950,61C1,61C1 (CHEMIST/NUCLEAR CHEMIST),https://paladindanse111.github.io/AFSC-PDFs/61C.html,https://paladindanse111.github.io/AFSC-PDFs/BASE_KADENA_AB.html,MC-130J,Active Duty
KADENA AB,"26°21'30""N","127°46'20""E",52R CQ 77496 15950,61C1,61C1 (CHEMIST/NUCLEAR CHEMIST),https://paladindanse111.github.io/AFSC-PDFs/61C.html,https://paladindanse111.github.io/AFSC-PDFs/BASE_KADENA_AB.html,RC-135,Active Duty
KADENA AB,"26°21'30""N","127°46'20""E",52R CQ 77496 15950,64P1,64P1 (CONTRACTING),https://paladindanse111.github.io/AFSC-PDFs/64P.html,https://paladindanse111.github.io/AFSC-PDFs/BASE_KADENA_AB.html,E-3,Active Duty
KADENA AB,"26°21'30""N","127°46'20""E",52R CQ 77496 15950,64P1,64P1 (CONTRACTING),https://paladindanse111.github.io/AFSC-PDFs/64P.html,https://paladindanse111.github.io/AFSC-PDFs/BASE_KADENA_AB.html,F-15,Active Duty
KADENA AB,"26°21'30""N","127°46'20""E",52R CQ 77496 15950,64P1,64P1 (CONTRACTING),https://paladindanse111.github.io/AFSC-PDFs/64P.html,https://paladindanse111.github.io/AFSC-PDFs/BASE_KADENA_AB.html,HH-60,Active Duty
KADENA AB,"26°21'30""N","127°46'20""E",52R CQ 77496 15950,64P1,64P1 (CONTRACTING),https://paladindanse111.github.io/AFSC-PDFs/64P.html,https://paladindanse111.github.io/AFSC-PDFs/BASE_KADENA_AB.html,KC-135,Active Duty
KADENA AB,"26°21'30""N","127°46'20""E",52R CQ 77496 15950,64P1,64P1 (CONTRACTING),https://paladindanse111.github.io/AFSC-PDFs/64P.html,https://paladindanse111.github.io/AFSC-PDFs/BASE_KADENA_AB.html,MC-130J,Active Duty
KADENA AB,"26°21'30""N","127°46'20""E",52R CQ 77496 15950,64P1,64P1 (CONTRACTING),https://paladindanse111.github.io/AFSC-PDFs/64P.html,https://paladindanse111.github.io/AFSC-PDFs/BASE_KADENA_AB.html,RC-135,Active Duty
KADENA AB,"26°21'30""N","127°46'20""E",52R CQ 77496 15950,65F1,65F1 (FINANCIAL MANAGEMENT),https://paladindanse111.github.io/AFSC-PDFs/65F.html,https://paladindanse111.github.io/AFSC-PDFs/BASE_KADENA_AB.html,E-3,Active Duty
KADENA AB,"26°21'30""N","127°46'20""E",52R CQ 77496 15950,65F1,65F1 (FINANCIAL MANAGEMENT),https://paladindanse111.github.io/AFSC-PDFs/65F.html,https://paladindanse111.github.io/AFSC-PDFs/BASE_KADENA_AB.html,F-15,Active Duty
KADENA AB,"26°21'30""N","127°46'20""E",52R CQ 77496 15950,65F1,65F1 (FINANCIAL MANAGEMENT),https://paladindanse111.github.io/AFSC-PDFs/65F.html,https://paladindanse111.github.io/AFSC-PDFs/BASE_KADENA_AB.html,HH-60,Active Duty
KADENA AB,"26°21'30""N","127°46'20""E",52R CQ 77496 15950,65F1,65F1 (FINANCIAL MANAGEMENT),https://paladindanse111.github.io/AFSC-PDFs/65F.html,https://paladindanse111.github.io/AFSC-PDFs/BASE_KADENA_AB.html,KC-135,Active Duty
KADENA AB,"26°21'30""N","127°46'20""E",52R CQ 77496 15950,65F1,65F1 (FINANCIAL MANAGEMENT),https://paladindanse111.github.io/AFSC-PDFs/65F.html,https://paladindanse111.github.io/AFSC-PDFs/BASE_KADENA_AB.html,MC-130J,Active Duty
KADENA AB,"26°21'30""N","127°46'20""E",52R CQ 77496 15950,65F1,65F1 (FINANCIAL MANAGEMENT),https://paladindanse111.github.io/AFSC-PDFs/65F.html,https://paladindanse111.github.io/AFSC-PDFs/BASE_KADENA_AB.html,RC-135,Active Duty
KAPAUN AIR STATION,"49°25'44""N","7°41'53""E",32U MV 05594 75949,15W1,15W1 (WEATHER AND ENVIRONMENTAL SCIENCES),https://paladindanse111.github.io/AFSC-PDFs/15W.html,https://paladindanse111.github.io/AFSC-PDFs/BASE_KAPAUN_AIR_STATION.html,,Active Duty
KEESLER AFB,"30°24'34""N","88°55'34""W",16R CU 14981 65731,17D1,17D1 (WARFIGHTER COMMUNICATIONS OPERATIONS),https://paladindanse111.github.io/AFSC-PDFs/17D.html,https://paladindanse111.github.io/AFSC-PDFs/BASE_KEESLER_AFB.html,,Active Duty
KEESLER AFB,"30°24'34""N","88°55'34""W",16R CU 14981 65731,21R1,21R1 (LOGISTICS READINESS),https://paladindanse111.github.io/AFSC-PDFs/21R.html,https://paladindanse111.github.io/AFSC-PDFs/BASE_KEESLER_AFB.html,,Active Duty
KEESLER AFB,"30°24'34""N","88°55'34""W",16R CU 14981 65731,35P1,35P1 (PUBLIC AFFAIRS),https://paladindanse111.github.io/AFSC-PDFs/35P.html,https://paladindanse111.github.io/AFSC-PDFs/BASE_KEESLER_AFB.html,,Active Duty
KEESLER AFB,"30°24'34""N","88°55'34""W",16R CU 14981 65731,38F1,38F1 (FORCE SUPPORT),https://paladindanse111.github.io/AFSC-PDFs/38F.html,https://paladindanse111.github.io/AFSC-PDFs/BASE_KEESLER_AFB.html,,Active Duty
KEESLER AFB,"30°24'34""N","88°55'34""W",16R CU 14981 65731,64P1,64P1 (CONTRACTING),https://paladindanse111.github.io/AFSC-PDFs/64P.html,https://paladindanse111.github.io/AFSC-PDFs/BASE_KEESLER_AFB.html,,Active Duty
KEESLER AFB,"30°24'34""N","88°55'34""W",16R CU 14981 65731,65F1,65F1 (FINANCIAL MANAGEMENT),https://paladindanse111.github.io/AFSC-PDFs/65F.html,https://paladindanse111.github.io/AFSC-PDFs/BASE_KEESLER_AFB.html,,Active Duty
KEESLER AFB,"30°24'34""N","88°55'34""W",16R CU 14981 65731,71S1,71S1 (SPECIAL INVESTIGATIONS),https://paladindanse111.github.io/AFSC-PDFs/71S.html,https://paladindanse111.github.io/AFSC-PDFs/BASE_KEESLER_AFB.html,,Active Duty
KIRTLAND AFB,"35°00'39""N","106°30'44""W",13S CU 62019 75289,15A1,15A1 (OPERATIONS ANALYSIS OFFICER),https://paladindanse111.github.io/AFSC-PDFs/15A.html,https://paladindanse111.github.io/AFSC-PDFs/BASE_KIRTLAND_AFB.html,AC-130J,Active Duty
KIRTLAND AFB,"35°00'39""N","106°30'44""W",13S CU 62019 75289,15A1,15A1 (OPERATIONS ANALYSIS OFFICER),https://paladindanse111.github.io/AFSC-PDFs/15A.html,https://paladindanse111.github.io/AFSC-PDFs/BASE_KIRTLAND_AFB.html,CV-22,Active Duty
KIRTLAND AFB,"35°00'39""N","106°30'44""W",13S CU 62019 75289,15A1,15A1 (OPERATIONS ANALYSIS OFFICER),https://paladindanse111.github.io/AFSC-PDFs/15A.html,https://paladindanse111.github.io/AFSC-PDFs/BASE_KIRTLAND_AFB.html,HC-130 P/N,Active Duty
KIRTLAND AFB,"35°00'39""N","106°30'44""W",13S CU 62019 75289,15A1,15A1 (OPERATIONS ANALYSIS OFFICER),https://paladindanse111.github.io/AFSC-PDFs/15A.html,https://paladindanse111.github.io/AFSC-PDFs/BASE_KIRTLAND_AFB.html,HC-130J,Active Duty
KIRTLAND AFB,"35°00'39""N","106°30'44""W",13S CU 62019 75289,15A1,15A1 (OPERATIONS ANALYSIS OFFICER),https://paladindanse111.github.io/AFSC-PDFs/15A.html,https://paladindanse111.github.io/AFSC-PDFs/BASE_KIRTLAND_AFB.html,HH-60,Active Duty
KIRTLAND AFB,"35°00'39""N","106°30'44""W",13S CU 62019 75289,15A1,15A1 (OPERATIONS ANALYSIS OFFICER),https://paladindanse111.github.io/AFSC-PDFs/15A.html,https://paladindanse111.github.io/AFSC-PDFs/BASE_KIRTLAND_AFB.html,MC-130J,Active Duty
KIRTLAND AFB,"35°00'39""N","106°30'44""W",13S CU 62019 75289,15A1,15A1 (OPERATIONS ANALYSIS OFFICER),https://paladindanse111.github.io/AFSC-PDFs/15A.html,https://paladindanse111.github.io/AFSC-PDFs/BASE_KIRTLAND_AFB.html,UH-1N,Active Duty
KIRTLAND AFB,"35°00'39""N","106°30'44""W",13S CU 62019 75289,19Z1C,19Z1C (SPECIAL WARFARE),https://paladindanse111.github.io/AFSC-PDFs/19Z.html,https://paladindanse111.github.io/AFSC-PDFs/BASE_KIRTLAND_AFB.html,AC-130J,Active Duty
KIRTLAND AFB,"35°00'39""N","106°30'44""W",13S CU 62019 75289,19Z1C,19Z1C (SPECIAL WARFARE),https://paladindanse111.github.io/AFSC-PDFs/19Z.html,https://paladindanse111.github.io/AFSC-PDFs/BASE_KIRTLAND_AFB.html,CV-22,Active Duty
KIRTLAND AFB,"35°00'39""N","106°30'44""W",13S CU 62019 75289,19Z1C,19Z1C (SPECIAL WARFARE),https://paladindanse111.github.io/AFSC-PDFs/19Z.html,https://paladindanse111.github.io/AFSC-PDFs/BASE_KIRTLAND_AFB.html,HC-130 P/N,Active Duty
KIRTLAND AFB,"35°00'39""N","106°30'44""W",13S CU 62019 75289,19Z1C,19Z1C (SPECIAL WARFARE),https://paladindanse111.github.io/AFSC-PDFs/19Z.html,https://paladindanse111.github.io/AFSC-PDFs/BASE_KIRTLAND_AFB.html,HC-130J,Active Duty
KIRTLAND AFB,"35°00'39""N","106°30'44""W",13S CU 62019 75289,19Z1C,19Z1C (SPECIAL WARFARE),https://paladindanse111.github.io/AFSC-PDFs/19Z.html,https://paladindanse111.github.io/AFSC-PDFs/BASE_KIRTLAND_AFB.html,HH-60,Active Duty
KIRTLAND AFB,"35°00'39""N","106°30'44""W",13S CU 62019 75289,19Z1C,19Z1C (SPECIAL WARFARE),https://paladindanse111.github.io/AFSC-PDFs/19Z.html,https://paladindanse111.github.io/AFSC-PDFs/BASE_KIRTLAND_AFB.html,MC-130J,Active Duty
KIRTLAND AFB,"35°00'39""N","106°30'44""W",13S CU 62019 75289,19Z1C,19Z1C (SPECIAL WARFARE),https://paladindanse111.github.io/AFSC-PDFs/19Z.html,https://paladindanse111.github.io/AFSC-PDFs/BASE_KIRTLAND_AFB.html,UH-1N,Active Duty
KIRTLAND AFB,"35°00'39""N","106°30'44""W",13S CU 62019 75289,21A1,21A1 (AIRCRAFT MAINTENANCE),https://paladindanse111.github.io/AFSC-PDFs/21A.html,https://paladindanse111.github.io/AFSC-PDFs/BASE_KIRTLAND_AFB.html,AC-130J,Active Duty
KIRTLAND AFB,"35°00'39""N","106°30'44""W",13S CU 62019 75289,21A1,21A1 (AIRCRAFT MAINTENANCE),https://paladindanse111.github.io/AFSC-PDFs/21A.html,https://paladindanse111.github.io/AFSC-PDFs/BASE_KIRTLAND_AFB.html,CV-22,Active Duty
KIRTLAND AFB,"35°00'39""N","106°30'44""W",13S CU 62019 75289,21A1,21A1 (AIRCRAFT MAINTENANCE),https://paladindanse111.github.io/AFSC-PDFs/21A.html,https://paladindanse111.github.io/AFSC-PDFs/BASE_KIRTLAND_AFB.html,HC-130 P/N,Active Duty
KIRTLAND AFB,"35°00'39""N","106°30'44""W",13S CU 62019 75289,21A1,21A1 (AIRCRAFT MAINTENANCE),https://paladindanse111.github.io/AFSC-PDFs/21A.html,https://paladindanse111.github.io/AFSC-PDFs/BASE_KIRTLAND_AFB.html,HC-130J,Active Duty
KIRTLAND AFB,"35°00'39""N","106°30'44""W",13S CU 62019 75289,21A1,21A1 (AIRCRAFT MAINTENANCE),https://paladindanse111.github.io/AFSC-PDFs/21A.html,https://paladindanse111.github.io/AFSC-PDFs/BASE_KIRTLAND_AFB.html,HH-60,Active Duty
KIRTLAND AFB,"35°00'39""N","106°30'44""W",13S CU 62019 75289,21A1,21A1 (AIRCRAFT MAINTENANCE),https://paladindanse111.github.io/AFSC-PDFs/21A.html,https://paladindanse111.github.io/AFSC-PDFs/BASE_KIRTLAND_AFB.html,MC-130J,Active Duty
KIRTLAND AFB,"35°00'39""N","106°30'44""W",13S CU 62019 75289,21A1,21A1 (AIRCRAFT MAINTENANCE),https://paladindanse111.github.io/AFSC-PDFs/21A.html,https://paladindanse111.github.io/AFSC-PDFs/BASE_KIRTLAND_AFB.html,UH-1N,Active Duty
KIRTLAND AFB,"35°00'39""N","106°30'44""W",13S CU 62019 75289,21M1,21M1 (MUNITIONS AND MISSILE MAINTENANCE),https://paladindanse111.github.io/AFSC-PDFs/21M.html,https://paladindanse111.github.io/AFSC-PDFs/BASE_KIRTLAND_AFB.html,AC-130J,Active Duty
KIRTLAND AFB,"35°00'39""N","106°30'44""W",13S CU 62019 75289,21M1,21M1 (MUNITIONS AND MISSILE MAINTENANCE),https://paladindanse111.github.io/AFSC-PDFs/21M.html,https://paladindanse111.github.io/AFSC-PDFs/BASE_KIRTLAND_AFB.html,CV-22,Active Duty
KIRTLAND AFB,"35°00'39""N","106°30'44""W",13S CU 62019 75289,21M1,21M1 (MUNITIONS AND MISSILE MAINTENANCE),https://paladindanse111.github.io/AFSC-PDFs/21M.html,https://paladindanse111.github.io/AFSC-PDFs/BASE_KIRTLAND_AFB.html,HC-130 P/N,Active Duty
KIRTLAND AFB,"35°00'39""N","106°30'44""W",13S CU 62019 75289,21M1,21M1 (MUNITIONS AND MISSILE MAINTENANCE),https://paladindanse111.github.io/AFSC-PDFs/21M.html,https://paladindanse111.github.io/AFSC-PDFs/BASE_KIRTLAND_AFB.html,HC-130J,Active Duty
KIRTLAND AFB,"35°00'39""N","106°30'44""W",13S CU 62019 75289,21M1,21M1 (MUNITIONS AND MISSILE MAINTENANCE),https://paladindanse111.github.io/AFSC-PDFs/21M.html,https://paladindanse111.github.io/AFSC-PDFs/BASE_KIRTLAND_AFB.html,HH-60,Active Duty
KIRTLAND AFB,"35°00'39""N","106°30'44""W",13S CU 62019 75289,21M1,21M1 (MUNITIONS AND MISSILE MAINTENANCE),https://paladindanse111.github.io/AFSC-PDFs/21M.html,https://paladindanse111.github.io/AFSC-PDFs/BASE_KIRTLAND_AFB.html,MC-130J,Active Duty
KIRTLAND AFB,"35°00'39""N","106°30'44""W",13S CU 62019 75289,21M1,21M1 (MUNITIONS AND MISSILE MAINTENANCE),https://paladindanse111.github.io/AFSC-PDFs/21M.html,https://paladindanse111.github.io/AFSC-PDFs/BASE_KIRTLAND_AFB.html,UH-1N,Active Duty
KIRTLAND AFB,"35°00'39""N","106°30'44""W",13S CU 62019 75289,21R1,21R1 (LOGISTICS READINESS),https://paladindanse111.github.io/AFSC-PDFs/21R.html,https://paladindanse111.github.io/AFSC-PDFs/BASE_KIRTLAND_AFB.html,AC-130J,Active Duty
KIRTLAND AFB,"35°00'39""N","106°30'44""W",13S CU 62019 75289,21R1,21R1 (LOGISTICS READINESS),https://paladindanse111.github.io/AFSC-PDFs/21R.html,https://paladindanse111.github.io/AFSC-PDFs/BASE_KIRTLAND_AFB.html,CV-22,Active Duty
KIRTLAND AFB,"35°00'39""N","106°30'44""W",13S CU 62019 75289,21R1,21R1 (LOGISTICS READINESS),https://paladindanse111.github.io/AFSC-PDFs/21R.html,https://paladindanse111.github.io/AFSC-PDFs/BASE_KIRTLAND_AFB.html,HC-130 P/N,Active Duty
KIRTLAND AFB,"35°00'39""N","106°30'44""W",13S CU 62019 75289,21R1,21R1 (LOGISTICS READINESS),https://paladindanse111.github.io/AFSC-PDFs/21R.html,https://paladindanse111.github.io/AFSC-PDFs/BASE_KIRTLAND_AFB.html,HC-130J,Active Duty
KIRTLAND AFB,"35°00'39""N","106°30'44""W",13S CU 62019 75289,21R1,21R1 (LOGISTICS READINESS),https://paladindanse111.github.io/AFSC-PDFs/21R.html,https://paladindanse111.github.io/AFSC-PDFs/BASE_KIRTLAND_AFB.html,HH-60,Active Duty
KIRTLAND AFB,"35°00'39""N","106°30'44""W",13S CU 62019 75289,21R1,21R1 (LOGISTICS READINESS),https://paladindanse111.github.io/AFSC-PDFs/21R.html,https://paladindanse111.github.io/AFSC-PDFs/BASE_KIRTLAND_AFB.html,MC-130J,Active Duty
KIRTLAND AFB,"35°00'39""N","106°30'44""W",13S CU 62019 75289,21R1,21R1 (LOGISTICS READINESS),https://paladindanse111.github.io/AFSC-PDFs/21R.html,https://paladindanse111.github.io/AFSC-PDFs/BASE_KIRTLAND_AFB.html,UH-1N,Active Duty
KIRTLAND AFB,"35°00'39""N","106°30'44""W",13S CU 62019 75289,31P1,31P1 (SECURITY FORCES),https://paladindanse111.github.io/AFSC-PDFs/31P.html,https://paladindanse111.github.io/AFSC-PDFs/BASE_KIRTLAND_AFB.html,AC-130J,Active Duty
KIRTLAND AFB,"35°00'39""N","106°30'44""W",13S CU 62019 75289,31P1,31P1 (SECURITY FORCES),https://paladindanse111.github.io/AFSC-PDFs/31P.html,https://paladindanse111.github.io/AFSC-PDFs/BASE_KIRTLAND_AFB.html,CV-22,Active Duty
KIRTLAND AFB,"35°00'39""N","106°30'44""W",13S CU 62019 75289,31P1,31P1 (SECURITY FORCES),https://paladindanse111.github.io/AFSC-PDFs/31P.html,https://paladindanse111.github.io/AFSC-PDFs/BASE_KIRTLAND_AFB.html,HC-130 P/N,Active Duty
KIRTLAND AFB,"35°00'39""N","106°30'44""W",13S CU 62019 75289,31P1,31P1 (SECURITY FORCES),https://paladindanse111.github.io/AFSC-PDFs/31P.html,https://paladindanse111.github.io/AFSC-PDFs/BASE_KIRTLAND_AFB.html,HC-130J,Active Duty
KIRTLAND AFB,"35°00'39""N","106°30'44""W",13S CU 62019 75289,31P1,31P1 (SECURITY FORCES),https://paladindanse111.github.io/AFSC-PDFs/31P.html,https://paladindanse111.github.io/AFSC-PDFs/BASE_KIRTLAND_AFB.html,HH-60,Active Duty
KIRTLAND AFB,"35°00'39""N","106°30'44""W",13S CU 62019 75289,31P1,31P1 (SECURITY FORCES),https://paladindanse111.github.io/AFSC-PDFs/31P.html,https://paladindanse111.github.io/AFSC-PDFs/BASE_KIRTLAND_AFB.html,MC-130J,Active Duty
KIRTLAND AFB,"35°00'39""N","106°30'44""W",13S CU 62019 75289,31P1,31P1 (SECURITY FORCES),https://paladindanse111.github.io/AFSC-PDFs/31P.html,https://paladindanse111.github.io/AFSC-PDFs/BASE_KIRTLAND_AFB.html,UH-1N,Active Duty
KIRTLAND AFB,"35°00'39""N","106°30'44""W",13S CU 62019 75289,35P1,35P1 (PUBLIC AFFAIRS),https://paladindanse111.github.io/AFSC-PDFs/35P.html,https://paladindanse111.github.io/AFSC-PDFs/BASE_KIRTLAND_AFB.html,AC-130J,Active Duty
KIRTLAND AFB,"35°00'39""N","106°30'44""W",13S CU 62019 75289,35P1,35P1 (PUBLIC AFFAIRS),https://paladindanse111.github.io/AFSC-PDFs/35P.html,https://paladindanse111.github.io/AFSC-PDFs/BASE_KIRTLAND_AFB.html,CV-22,Active Duty
KIRTLAND AFB,"35°00'39""N","106°30'44""W",13S CU 62019 75289,35P1,35P1 (PUBLIC AFFAIRS),https://paladindanse111.github.io/AFSC-PDFs/35P.html,https://paladindanse111.github.io/AFSC-PDFs/BASE_KIRTLAND_AFB.html,HC-130 P/N,Active Duty
KIRTLAND AFB,"35°00'39""N","106°30'44""W",13S CU 62019 75289,35P1,35P1 (PUBLIC AFFAIRS),https://paladindanse111.github.io/AFSC-PDFs/35P.html,https://paladindanse111.github.io/AFSC-PDFs/BASE_KIRTLAND_AFB.html,HC-130J,Active Duty
KIRTLAND AFB,"35°00'39""N","106°30'44""W",13S CU 62019 75289,35P1,35P1 (PUBLIC AFFAIRS),https://paladindanse111.github.io/AFSC-PDFs/35P.html,https://paladindanse111.github.io/AFSC-PDFs/BASE_KIRTLAND_AFB.html,HH-60,Active Duty
KIRTLAND AFB,"35°00'39""N","106°30'44""W",13S CU 62019 75289,35P1,35P1 (PUBLIC AFFAIRS),https://paladindanse111.github.io/AFSC-PDFs/35P.html,https://paladindanse111.github.io/AFSC-PDFs/BASE_KIRTLAND_AFB.html,MC-130J,Active Duty
KIRTLAND AFB,"35°00'39""N","106°30'44""W",13S CU 62019 75289,35P1,35P1 (PUBLIC AFFAIRS),https://paladindanse111.github.io/AFSC-PDFs/35P.html,https://paladindanse111.github.io/AFSC-PDFs/BASE_KIRTLAND_AFB.html,UH-1N,Active Duty
KIRTLAND AFB,"35°00'39""N","106°30'44""W",13S CU 62019 75289,38F1,38F1 (FORCE SUPPORT),https://paladindanse111.github.io/AFSC-PDFs/38F.html,https://paladindanse111.github.io/AFSC-PDFs/BASE_KIRTLAND_AFB.html,AC-130J,Active Duty
KIRTLAND AFB,"35°00'39""N","106°30'44""W",13S CU 62019 75289,38F1,38F1 (FORCE SUPPORT),https://paladindanse111.github.io/AFSC-PDFs/38F.html,https://paladindanse111.github.io/AFSC-PDFs/BASE_KIRTLAND_AFB.html,CV-22,Active Duty
KIRTLAND AFB,"35°00'39""N","106°30'44""W",13S CU 62019 75289,38F1,38F1 (FORCE SUPPORT),https://paladindanse111.github.io/AFSC-PDFs/38F.html,https://paladindanse111.github.io/AFSC-PDFs/BASE_KIRTLAND_AFB.html,HC-130 P/N,Active Duty
KIRTLAND AFB,"35°00'39""N","106°30'44""W",13S CU 62019 75289,38F1,38F1 (FORCE SUPPORT),https://paladindanse111.github.io/AFSC-PDFs/38F.html,https://paladindanse111.github.io/AFSC-PDFs/BASE_KIRTLAND_AFB.html,HC-130J,Active Duty
KIRTLAND AFB,"35°00'39""N","106°30'44""W",13S CU 62019 75289,38F1,38F1 (FORCE SUPPORT),https://paladindanse111.github.io/AFSC-PDFs/38F.html,https://paladindanse111.github.io/AFSC-PDFs/BASE_KIRTLAND_AFB.html,HH-60,Active Duty
KIRTLAND AFB,"35°00'39""N","106°30'44""W",13S CU 62019 75289,38F1,38F1 (FORCE SUPPORT),https://paladindanse111.github.io/AFSC-PDFs/38F.html,https://paladindanse111.github.io/AFSC-PDFs/BASE_KIRTLAND_AFB.html,MC-130J,Active Duty
KIRTLAND AFB,"35°00'39""N","106°30'44""W",13S CU 62019 75289,38F1,38F1 (FORCE SUPPORT),https://paladindanse111.github.io/AFSC-PDFs/38F.html,https://paladindanse111.github.io/AFSC-PDFs/BASE_KIRTLAND_AFB.html,UH-1N,Active Duty
KIRTLAND AFB,"35°00'39""N","106°30'44""W",13S CU 62019 75289,61C1,61C1 (CHEMIST/NUCLEAR CHEMIST),https://paladindanse111.github.io/AFSC-PDFs/61C.html,https://paladindanse111.github.io/AFSC-PDFs/BASE_KIRTLAND_AFB.html,AC-130J,Active Duty
KIRTLAND AFB,"35°00'39""N","106°30'44""W",13S CU 62019 75289,61C1,61C1 (CHEMIST/NUCLEAR CHEMIST),https://paladindanse111.github.io/AFSC-PDFs/61C.html,https://paladindanse111.github.io/AFSC-PDFs/BASE_KIRTLAND_AFB.html,CV-22,Active Duty
KIRTLAND AFB,"35°00'39""N","106°30'44""W",13S CU 62019 75289,61C1,61C1 (CHEMIST/NUCLEAR CHEMIST),https://paladindanse111.github.io/AFSC-PDFs/61C.html,https://paladindanse111.github.io/AFSC-PDFs/BASE_KIRTLAND_AFB.html,HC-130 P/N,Active Duty
KIRTLAND AFB,"35°00'39""N","106°30'44""W",13S CU 62019 75289,61C1,61C1 (CHEMIST/NUCLEAR CHEMIST),https://paladindanse111.github.io/AFSC-PDFs/61C.html,https://paladindanse111.github.io/AFSC-PDFs/BASE_KIRTLAND_AFB.html,HC-130J,Active Duty
KIRTLAND AFB,"35°00'39""N","106°30'44""W",13S CU 62019 75289,61C1,61C1 (CHEMIST/NUCLEAR CHEMIST),https://paladindanse111.github.io/AFSC-PDFs/61C.html,https://paladindanse111.github.io/AFSC-PDFs/BASE_KIRTLAND_AFB.html,HH-60,Active Duty
KIRTLAND AFB,"35°00'39""N","106°30'44""W",13S CU 62019 75289,61C1,61C1 (CHEMIST/NUCLEAR CHEMIST),https://paladindanse111.github.io/AFSC-PDFs/61C.html,https://paladindanse111.github.io/AFSC-PDFs/BASE_KIRTLAND_AFB.html,MC-130J,Active Duty
KIRTLAND AFB,"35°00'39""N","106°30'44""W",13S CU 62019 75289,61C1,61C1 (CHEMIST/NUCLEAR CHEMIST),https://paladindanse111.github.io/AFSC-PDFs/61C.html,https://paladindanse111.github.io/AFSC-PDFs/BASE_KIRTLAND_AFB.html,UH-1N,Active Duty
KIRTLAND AFB,"35°00'39""N","106°30'44""W",13S CU 62019 75289,61D1,61D1 (PHYSICIST/NUCLEAR ENGINEER),https://paladindanse111.github.io/AFSC-PDFs/61D.html,https://paladindanse111.github.io/AFSC-PDFs/BASE_KIRTLAND_AFB.html,AC-130J,Active Duty
KIRTLAND AFB,"35°00'39""N","106°30'44""W",13S CU 62019 75289,61D1,61D1 (PHYSICIST/NUCLEAR ENGINEER),https://paladindanse111.github.io/AFSC-PDFs/61D.html,https://paladindanse111.github.io/AFSC-PDFs/BASE_KIRTLAND_AFB.html,CV-22,Active Duty
KIRTLAND AFB,"35°00'39""N","106°30'44""W",13S CU 62019 75289,61D1,61D1 (PHYSICIST/NUCLEAR ENGINEER),https://paladindanse111.github.io/AFSC-PDFs/61D.html,https://paladindanse111.github.io/AFSC-PDFs/BASE_KIRTLAND_AFB.html,HC-130 P/N,Active Duty
KIRTLAND AFB,"35°00'39""N","106°30'44""W",13S CU 62019 75289,61D1,61D1 (PHYSICIST/NUCLEAR ENGINEER),https://paladindanse111.github.io/AFSC-PDFs/61D.html,https://paladindanse111.github.io/AFSC-PDFs/BASE_KIRTLAND_AFB.html,HC-130J,Active Duty
KIRTLAND AFB,"35°00'39""N","106°30'44""W",13S CU 62019 75289,61D1,61D1 (PHYSICIST/NUCLEAR ENGINEER),https://paladindanse111.github.io/AFSC-PDFs/61D.html,https://paladindanse111.github.io/AFSC-PDFs/BASE_KIRTLAND_AFB.html,HH-60,Active Duty
KIRTLAND AFB,"35°00'39""N","106°30'44""W",13S CU 62019 75289,61D1,61D1 (PHYSICIST/NUCLEAR ENGINEER),https://paladindanse111.github.io/AFSC-PDFs/61D.html,https://paladindanse111.github.io/AFSC-PDFs/BASE_KIRTLAND_AFB.html,MC-130J,Active Duty
KIRTLAND AFB,"35°00'39""N","106°30'44""W",13S CU 62019 75289,61D1,61D1 (PHYSICIST/NUCLEAR ENGINEER),https://paladindanse111.github.io/AFSC-PDFs/61D.html,https://paladindanse111.github.io/AFSC-PDFs/BASE_KIRTLAND_AFB.html,UH-1N,Active Duty
KIRTLAND AFB,"35°00'39""N","106°30'44""W",13S CU 62019 75289,62E1A,62E1A (DEVELOPMENTAL ENGINEER),https://paladindanse111.github.io/AFSC-PDFs/62E.html,https://paladindanse111.github.io/AFSC-PDFs/BASE_KIRTLAND_AFB.html,AC-130J,Active Duty
KIRTLAND AFB,"35°00'39""N","106°30'44""W",13S CU 62019 75289,62E1A,62E1A (DEVELOPMENTAL ENGINEER),https://paladindanse111.github.io/AFSC-PDFs/62E.html,https://paladindanse111.github.io/AFSC-PDFs/BASE_KIRTLAND_AFB.html,CV-22,Active Duty
KIRTLAND AFB,"35°00'39""N","106°30'44""W",13S CU 62019 75289,62E1A,62E1A (DEVELOPMENTAL ENGINEER),https://paladindanse111.github.io/AFSC-PDFs/62E.html,https://paladindanse111.github.io/AFSC-PDFs/BASE_KIRTLAND_AFB.html,HC-130 P/N,Active Duty
KIRTLAND AFB,"35°00'39""N","106°30'44""W",13S CU 62019 75289,62E1A,62E1A (DEVELOPMENTAL ENGINEER),https://paladindanse111.github.io/AFSC-PDFs/62E.html,https://paladindanse111.github.io/AFSC-PDFs/BASE_KIRTLAND_AFB.html,HC-130J,Active Duty
KIRTLAND AFB,"35°00'39""N","106°30'44""W",13S CU 62019 75289,62E1A,62E1A (DEVELOPMENTAL ENGINEER),https://paladindanse111.github.io/AFSC-PDFs/62E.html,https://paladindanse111.github.io/AFSC-PDFs/BASE_KIRTLAND_AFB.html,HH-60,Active Duty
KIRTLAND AFB,"35°00'39""N","106°30'44""W",13S CU 62019 75289,62E1A,62E1A (DEVELOPMENTAL ENGINEER),https://paladindanse111.github.io/AFSC-PDFs/62E.html,https://paladindanse111.github.io/AFSC-PDFs/BASE_KIRTLAND_AFB.html,MC-130J,Active Duty
KIRTLAND AFB,"35°00'39""N","106°30'44""W",13S CU 62019 75289,62E1A,62E1A (DEVELOPMENTAL ENGINEER),https://paladindanse111.github.io/AFSC-PDFs/62E.html,https://paladindanse111.github.io/AFSC-PDFs/BASE_KIRTLAND_AFB.html,UH-1N,Active Duty
KIRTLAND AFB,"35°00'39""N","106°30'44""W",13S CU 62019 75289,62E1B,62E1B (DEVELOPMENTAL ENGINEER),https://paladindanse111.github.io/AFSC-PDFs/62E.html,https://paladindanse111.github.io/AFSC-PDFs/BASE_KIRTLAND_AFB.html,AC-130J,Active Duty
KIRTLAND AFB,"35°00'39""N","106°30'44""W",13S CU 62019 75289,62E1B,62E1B (DEVELOPMENTAL ENGINEER),https://paladindanse111.github.io/AFSC-PDFs/62E.html,https://paladindanse111.github.io/AFSC-PDFs/BASE_KIRTLAND_AFB.html,CV-22,Active Duty
KIRTLAND AFB,"35°00'39""N","106°30'44""W",13S CU 62019 75289,62E1B,62E1B (DEVELOPMENTAL ENGINEER),https://paladindanse111.github.io/AFSC-PDFs/62E.html,https://paladindanse111.github.io/AFSC-PDFs/BASE_KIRTLAND_AFB.html,HC-130 P/N,Active Duty
KIRTLAND AFB,"35°00'39""N","106°30'44""W",13S CU 62019 75289,62E1B,62E1B (DEVELOPMENTAL ENGINEER),https://paladindanse111.github.io/AFSC-PDFs/62E.html,https://paladindanse111.github.io/AFSC-PDFs/BASE_KIRTLAND_AFB.html,HC-130J,Active Duty
KIRTLAND AFB,"35°00'39""N","106°30'44""W",13S CU 62019 75289,62E1B,62E1B (DEVELOPMENTAL ENGINEER),https://paladindanse111.github.io/AFSC-PDFs/62E.html,https://paladindanse111.github.io/AFSC-PDFs/BASE_KIRTLAND_AFB.html,HH-60,Active Duty
KIRTLAND AFB,"35°00'39""N","106°30'44""W",13S CU 62019 75289,62E1B,62E1B (DEVELOPMENTAL ENGINEER),https://paladindanse111.github.io/AFSC-PDFs/62E.html,https://paladindanse111.github.io/AFSC-PDFs/BASE_KIRTLAND_AFB.html,MC-130J,Active Duty
KIRTLAND AFB,"35°00'39""N","106°30'44""W",13S CU 62019 75289,62E1B,62E1B (DEVELOPMENTAL ENGINEER),https://paladindanse111.github.io/AFSC-PDFs/62E.html,https://paladindanse111.github.io/AFSC-PDFs/BASE_KIRTLAND_AFB.html,UH-1N,Active Duty
KIRTLAND AFB,"35°00'39""N","106°30'44""W",13S CU 62019 75289,62E1C,62E1C (DEVELOPMENTAL ENGINEER),https://paladindanse111.github.io/AFSC-PDFs/62E.html,https://paladindanse111.github.io/AFSC-PDFs/BASE_KIRTLAND_AFB.html,AC-130J,Active Duty
KIRTLAND AFB,"35°00'39""N","106°30'44""W",13S CU 62019 75289,62E1C,62E1C (DEVELOPMENTAL ENGINEER),https://paladindanse111.github.io/AFSC-PDFs/62E.html,https://paladindanse111.github.io/AFSC-PDFs/BASE_KIRTLAND_AFB.html,CV-22,Active Duty
KIRTLAND AFB,"35°00'39""N","106°30'44""W",13S CU 62019 75289,62E1C,62E1C (DEVELOPMENTAL ENGINEER),https://paladindanse111.github.io/AFSC-PDFs/62E.html,https://paladindanse111.github.io/AFSC-PDFs/BASE_KIRTLAND_AFB.html,HC-130 P/N,Active Duty
KIRTLAND AFB,"35°00'39""N","106°30'44""W",13S CU 62019 75289,62E1C,62E1C (DEVELOPMENTAL ENGINEER),https://paladindanse111.github.io/AFSC-PDFs/62E.html,https://paladindanse111.github.io/AFSC-PDFs/BASE_KIRTLAND_AFB.html,HC-130J,Active Duty
KIRTLAND AFB,"35°00'39""N","106°30'44""W",13S CU 62019 75289,62E1C,62E1C (DEVELOPMENTAL ENGINEER),https://paladindanse111.github.io/AFSC-PDFs/62E.html,https://paladindanse111.github.io/AFSC-PDFs/BASE_KIRTLAND_AFB.html,HH-60,Active Duty
KIRTLAND AFB,"35°00'39""N","106°30'44""W",13S CU 62019 75289,62E1C,62E1C (DEVELOPMENTAL ENGINEER),https://paladindanse111.github.io/AFSC-PDFs/62E.html,https://paladindanse111.github.io/AFSC-PDFs/BASE_KIRTLAND_AFB.html,MC-130J,Active Duty
KIRTLAND AFB,"35°00'39""N","106°30'44""W",13S CU 62019 75289,62E1C,62E1C (DEVELOPMENTAL ENGINEER),https://paladindanse111.github.io/AFSC-PDFs/62E.html,https://paladindanse111.github.io/AFSC-PDFs/BASE_KIRTLAND_AFB.html,UH-1N,Active Duty
KIRTLAND AFB,"35°00'39""N","106°30'44""W",13S CU 62019 75289,62E1E,62E1E (DEVELOPMENTAL ENGINEER),https://paladindanse111.github.io/AFSC-PDFs/62E.html,https://paladindanse111.github.io/AFSC-PDFs/BASE_KIRTLAND_AFB.html,AC-130J,Active Duty
KIRTLAND AFB,"35°00'39""N","106°30'44""W",13S CU 62019 75289,62E1E,62E1E (DEVELOPMENTAL ENGINEER),https://paladindanse111.github.io/AFSC-PDFs/62E.html,https://paladindanse111.github.io/AFSC-PDFs/BASE_KIRTLAND_AFB.html,CV-22,Active Duty
KIRTLAND AFB,"35°00'39""N","106°30'44""W",13S CU 62019 75289,62E1E,62E1E (DEVELOPMENTAL ENGINEER),https://paladindanse111.github.io/AFSC-PDFs/62E.html,https://paladindanse111.github.io/AFSC-PDFs/BASE_KIRTLAND_AFB.html,HC-130 P/N,Active Duty
KIRTLAND AFB,"35°00'39""N","106°30'44""W",13S CU 62019 75289,62E1E,62E1E (DEVELOPMENTAL ENGINEER),https://paladindanse111.github.io/AFSC-PDFs/62E.html,https://paladindanse111.github.io/AFSC-PDFs/BASE_KIRTLAND_AFB.html,HC-130J,Active Duty
KIRTLAND AFB,"35°00'39""N","106°30'44""W",13S CU 62019 75289,62E1E,62E1E (DEVELOPMENTAL ENGINEER),https://paladindanse111.github.io/AFSC-PDFs/62E.html,https://paladindanse111.github.io/AFSC-PDFs/BASE_KIRTLAND_AFB.html,HH-60,Active Duty
KIRTLAND AFB,"35°00'39""N","106°30'44""W",13S CU 62019 75289,62E1E,62E1E (DEVELOPMENTAL ENGINEER),https://paladindanse111.github.io/AFSC-PDFs/62E.html,https://paladindanse111.github.io/AFSC-PDFs/BASE_KIRTLAND_AFB.html,MC-130J,Active Duty
KIRTLAND AFB,"35°00'39""N","106°30'44""W",13S CU 62019 75289,62E1E,62E1E (DEVELOPMENTAL ENGINEER),https://paladindanse111.github.io/AFSC-PDFs/62E.html,https://paladindanse111.github.io/AFSC-PDFs/BASE_KIRTLAND_AFB.html,UH-1N,Active Duty
KIRTLAND AFB,"35°00'39""N","106°30'44""W",13S CU 62019 75289,62E1G,62E1G (DEVELOPMENTAL ENGINEER),https://paladindanse111.github.io/AFSC-PDFs/62E.html,https://paladindanse111.github.io/AFSC-PDFs/BASE_KIRTLAND_AFB.html,AC-130J,Active Duty
KIRTLAND AFB,"35°00'39""N","106°30'44""W",13S CU 62019 75289,62E1G,62E1G (DEVELOPMENTAL ENGINEER),https://paladindanse111.github.io/AFSC-PDFs/62E.html,https://paladindanse111.github.io/AFSC-PDFs/BASE_KIRTLAND_AFB.html,CV-22,Active Duty
KIRTLAND AFB,"35°00'39""N","106°30'44""W",13S CU 62019 75289,62E1G,62E1G (DEVELOPMENTAL ENGINEER),https://paladindanse111.github.io/AFSC-PDFs/62E.html,https://paladindanse111.github.io/AFSC-PDFs/BASE_KIRTLAND_AFB.html,HC-130 P/N,Active Duty
KIRTLAND AFB,"35°00'39""N","106°30'44""W",13S CU 62019 75289,62E1G,62E1G (DEVELOPMENTAL ENGINEER),https://paladindanse111.github.io/AFSC-PDFs/62E.html,https://paladindanse111.github.io/AFSC-PDFs/BASE_KIRTLAND_AFB.html,HC-130J,Active Duty
KIRTLAND AFB,"35°00'39""N","106°30'44""W",13S CU 62019 75289,62E1G,62E1G (DEVELOPMENTAL ENGINEER),https://paladindanse111.github.io/AFSC-PDFs/62E.html,https://paladindanse111.github.io/AFSC-PDFs/BASE_KIRTLAND_AFB.html,HH-60,Active Duty
KIRTLAND AFB,"35°00'39""N","106°30'44""W",13S CU 62019 75289,62E1G,62E1G (DEVELOPMENTAL ENGINEER),https://paladindanse111.github.io/AFSC-PDFs/62E.html,https://paladindanse111.github.io/AFSC-PDFs/BASE_KIRTLAND_AFB.html,MC-130J,Active Duty
KIRTLAND AFB,"35°00'39""N","106°30'44""W",13S CU 62019 75289,62E1G,62E1G (DEVELOPMENTAL ENGINEER),https://paladindanse111.github.io/AFSC-PDFs/62E.html,https://paladindanse111.github.io/AFSC-PDFs/BASE_KIRTLAND_AFB.html,UH-1N,Active Duty
KIRTLAND AFB,"35°00'39""N","106°30'44""W",13S CU 62019 75289,62E1H,62E1H (DEVELOPMENTAL ENGINEER),https://paladindanse111.github.io/AFSC-PDFs/62E.html,https://paladindanse111.github.io/AFSC-PDFs/BASE_KIRTLAND_AFB.html,AC-130J,Active Duty
KIRTLAND AFB,"35°00'39""N","106°30'44""W",13S CU 62019 75289,62E1H,62E1H (DEVELOPMENTAL ENGINEER),https://paladindanse111.github.io/AFSC-PDFs/62E.html,https://paladindanse111.github.io/AFSC-PDFs/BASE_KIRTLAND_AFB.html,CV-22,Active Duty
KIRTLAND AFB,"35°00'39""N","106°30'44""W",13S CU 62019 75289,62E1H,62E1H (DEVELOPMENTAL ENGINEER),https://paladindanse111.github.io/AFSC-PDFs/62E.html,https://paladindanse111.github.io/AFSC-PDFs/BASE_KIRTLAND_AFB.html,HC-130 P/N,Active Duty
KIRTLAND AFB,"35°00'39""N","106°30'44""W",13S CU 62019 75289,62E1H,62E1H (DEVELOPMENTAL ENGINEER),https://paladindanse111.github.io/AFSC-PDFs/62E.html,https://paladindanse111.github.io/AFSC-PDFs/BASE_KIRTLAND_AFB.html,HC-130J,Active Duty
KIRTLAND AFB,"35°00'39""N","106°30'44""W",13S CU 62019 75289,62E1H,62E1H (DEVELOPMENTAL ENGINEER),https://paladindanse111.github.io/AFSC-PDFs/62E.html,https://paladindanse111.github.io/AFSC-PDFs/BASE_KIRTLAND_AFB.html,HH-60,Active Duty
KIRTLAND AFB,"35°00'39""N","106°30'44""W",13S CU 62019 75289,62E1H,62E1H (DEVELOPMENTAL ENGINEER),https://paladindanse111.github.io/AFSC-PDFs/62E.html,https://paladindanse111.github.io/AFSC-PDFs/BASE_KIRTLAND_AFB.html,MC-130J,Active Duty
KIRTLAND AFB,"35°00'39""N","106°30'44""W",13S CU 62019 75289,62E1H,62E1H (DEVELOPMENTAL ENGINEER),https://paladindanse111.github.io/AFSC-PDFs/62E.html,https://paladindanse111.github.io/AFSC-PDFs/BASE_KIRTLAND_AFB.html,UH-1N,Active Duty
KIRTLAND AFB,"35°00'39""N","106°30'44""W",13S CU 62019 75289,62E1I,62E1I (DEVELOPMENTAL ENGINEER),https://paladindanse111.github.io/AFSC-PDFs/62E.html,https://paladindanse111.github.io/AFSC-PDFs/BASE_KIRTLAND_AFB.html,AC-130J,Active Duty
KIRTLAND AFB,"35°00'39""N","106°30'44""W",13S CU 62019 75289,62E1I,62E1I (DEVELOPMENTAL ENGINEER),https://paladindanse111.github.io/AFSC-PDFs/62E.html,https://paladindanse111.github.io/AFSC-PDFs/BASE_KIRTLAND_AFB.html,CV-22,Active Duty
KIRTLAND AFB,"35°00'39""N","106°30'44""W",13S CU 62019 75289,62E1I,62E1I (DEVELOPMENTAL ENGINEER),https://paladindanse111.github.io/AFSC-PDFs/62E.html,https://paladindanse111.github.io/AFSC-PDFs/BASE_KIRTLAND_AFB.html,HC-130 P/N,Active Duty
KIRTLAND AFB,"35°00'39""N","106°30'44""W",13S CU 62019 75289,62E1I,62E1I (DEVELOPMENTAL ENGINEER),https://paladindanse111.github.io/AFSC-PDFs/62E.html,https://paladindanse111.github.io/AFSC-PDFs/BASE_KIRTLAND_AFB.html,HC-130J,Active Duty
KIRTLAND AFB,"35°00'39""N","106°30'44""W",13S CU 62019 75289,62E1I,62E1I (DEVELOPMENTAL ENGINEER),https://paladindanse111.github.io/AFSC-PDFs/62E.html,https://paladindanse111.github.io/AFSC-PDFs/BASE_KIRTLAND_AFB.html,HH-60,Active Duty
KIRTLAND AFB,"35°00'39""N","106°30'44""W",13S CU 62019 75289,62E1I,62E1I (DEVELOPMENTAL ENGINEER),https://paladindanse111.github.io/AFSC-PDFs/62E.html,https://paladindanse111.github.io/AFSC-PDFs/BASE_KIRTLAND_AFB.html,MC-130J,Active Duty
KIRTLAND AFB,"35°00'39""N","106°30'44""W",13S CU 62019 75289,62E1I,62E1I (DEVELOPMENTAL ENGINEER),https://paladindanse111.github.io/AFSC-PDFs/62E.html,https://paladindanse111.github.io/AFSC-PDFs/BASE_KIRTLAND_AFB.html,UH-1N,Active Duty
KIRTLAND AFB,"35°00'39""N","106°30'44""W",13S CU 62019 75289,63A1,63A1 (AQUISITION MANAGER),https://paladindanse111.github.io/AFSC-PDFs/63A.html,https://paladindanse111.github.io/AFSC-PDFs/BASE_KIRTLAND_AFB.html,AC-130J,Active Duty
KIRTLAND AFB,"35°00'39""N","106°30'44""W",13S CU 62019 75289,63A1,63A1 (AQUISITION MANAGER),https://paladindanse111.github.io/AFSC-PDFs/63A.html,https://paladindanse111.github.io/AFSC-PDFs/BASE_KIRTLAND_AFB.html,CV-22,Active Duty
KIRTLAND AFB,"35°00'39""N","106°30'44""W",13S CU 62019 75289,63A1,63A1 (AQUISITION MANAGER),https://paladindanse111.github.io/AFSC-PDFs/63A.html,https://paladindanse111.github.io/AFSC-PDFs/BASE_KIRTLAND_AFB.html,HC-130 P/N,Active Duty
KIRTLAND AFB,"35°00'39""N","106°30'44""W",13S CU 62019 75289,63A1,63A1 (AQUISITION MANAGER),https://paladindanse111.github.io/AFSC-PDFs/63A.html,https://paladindanse111.github.io/AFSC-PDFs/BASE_KIRTLAND_AFB.html,HC-130J,Active Duty
KIRTLAND AFB,"35°00'39""N","106°30'44""W",13S CU 62019 75289,63A1,63A1 (AQUISITION MANAGER),https://paladindanse111.github.io/AFSC-PDFs/63A.html,https://paladindanse111.github.io/AFSC-PDFs/BASE_KIRTLAND_AFB.html,HH-60,Active Duty
KIRTLAND AFB,"35°00'39""N","106°30'44""W",13S CU 62019 75289,63A1,63A1 (AQUISITION MANAGER),https://paladindanse111.github.io/AFSC-PDFs/63A.html,https://paladindanse111.github.io/AFSC-PDFs/BASE_KIRTLAND_AFB.html,MC-130J,Active Duty
KIRTLAND AFB,"35°00'39""N","106°30'44""W",13S CU 62019 75289,63A1,63A1 (AQUISITION MANAGER),https://paladindanse111.github.io/AFSC-PDFs/63A.html,https://paladindanse111.github.io/AFSC-PDFs/BASE_KIRTLAND_AFB.html,UH-1N,Active Duty
KIRTLAND AFB,"35°00'39""N","106°30'44""W",13S CU 62019 75289,64P1,64P1 (CONTRACTING),https://paladindanse111.github.io/AFSC-PDFs/64P.html,https://paladindanse111.github.io/AFSC-PDFs/BASE_KIRTLAND_AFB.html,AC-130J,Active Duty
KIRTLAND AFB,"35°00'39""N","106°30'44""W",13S CU 62019 75289,64P1,64P1 (CONTRACTING),https://paladindanse111.github.io/AFSC-PDFs/64P.html,https://paladindanse111.github.io/AFSC-PDFs/BASE_KIRTLAND_AFB.html,CV-22,Active Duty
KIRTLAND AFB,"35°00'39""N","106°30'44""W",13S CU 62019 75289,64P1,64P1 (CONTRACTING),https://paladindanse111.github.io/AFSC-PDFs/64P.html,https://paladindanse111.github.io/AFSC-PDFs/BASE_KIRTLAND_AFB.html,HC-130 P/N,Active Duty
KIRTLAND AFB,"35°00'39""N","106°30'44""W",13S CU 62019 75289,64P1,64P1 (CONTRACTING),https://paladindanse111.github.io/AFSC-PDFs/64P.html,https://paladindanse111.github.io/AFSC-PDFs/BASE_KIRTLAND_AFB.html,HC-130J,Active Duty
KIRTLAND AFB,"35°00'39""N","106°30'44""W",13S CU 62019 75289,64P1,64P1 (CONTRACTING),https://paladindanse111.github.io/AFSC-PDFs/64P.html,https://paladindanse111.github.io/AFSC-PDFs/BASE_KIRTLAND_AFB.html,HH-60,Active Duty
KIRTLAND AFB,"35°00'39""N","106°30'44""W",13S CU 62019 75289,64P1,64P1 (CONTRACTING),https://paladindanse111.github.io/AFSC-PDFs/64P.html,https://paladindanse111.github.io/AFSC-PDFs/BASE_KIRTLAND_AFB.html,MC-130J,Active Duty
KIRTLAND AFB,"35°00'39""N","106°30'44""W",13S CU 62019 75289,64P1,64P1 (CONTRACTING),https://paladindanse111.github.io/AFSC-PDFs/64P.html,https://paladindanse111.github.io/AFSC-PDFs/BASE_KIRTLAND_AFB.html,UH-1N,Active Duty
KIRTLAND AFB,"35°00'39""N","106°30'44""W",13S CU 62019 75289,65F1,65F1 (FINANCIAL MANAGEMENT),https://paladindanse111.github.io/AFSC-PDFs/65F.html,https://paladindanse111.github.io/AFSC-PDFs/BASE_KIRTLAND_AFB.html,AC-130J,Active Duty
KIRTLAND AFB,"35°00'39""N","106°30'44""W",13S CU 62019 75289,65F1,65F1 (FINANCIAL MANAGEMENT),https://paladindanse111.github.io/AFSC-PDFs/65F.html,https://paladindanse111.github.io/AFSC-PDFs/BASE_KIRTLAND_AFB.html,CV-22,Active Duty
KIRTLAND AFB,"35°00'39""N","106°30'44""W",13S CU 62019 75289,65F1,65F1 (FINANCIAL MANAGEMENT),https://paladindanse111.github.io/AFSC-PDFs/65F.html,https://paladindanse111.github.io/AFSC-PDFs/BASE_KIRTLAND_AFB.html,HC-130 P/N,Active Duty
KIRTLAND AFB,"35°00'39""N","106°30'44""W",13S CU 62019 75289,65F1,65F1 (FINANCIAL MANAGEMENT),https://paladindanse111.github.io/AFSC-PDFs/65F.html,https://paladindanse111.github.io/AFSC-PDFs/BASE_KIRTLAND_AFB.html,HC-130J,Active Duty
KIRTLAND AFB,"35°00'39""N","106°30'44""W",13S CU 62019 75289,65F1,65F1 (FINANCIAL MANAGEMENT),https://paladindanse111.github.io/AFSC-PDFs/65F.html,https://paladindanse111.github.io/AFSC-PDFs/BASE_KIRTLAND_AFB.html,HH-60,Active Duty
KIRTLAND AFB,"35°00'39""N","106°30'44""W",13S CU 62019 75289,65F1,65F1 (FINANCIAL MANAGEMENT),https://paladindanse111.github.io/AFSC-PDFs/65F.html,https://paladindanse111.github.io/AFSC-PDFs/BASE_KIRTLAND_AFB.html,MC-130J,Active Duty
KIRTLAND AFB,"35°00'39""N","106°30'44""W",13S CU 62019 75289,65F1,65F1 (FINANCIAL MANAGEMENT),https://paladindanse111.github.io/AFSC-PDFs/65F.html,https://paladindanse111.github.io/AFSC-PDFs/BASE_KIRTLAND_AFB.html,UH-1N,Active Duty
KIRTLAND AFB,"35°00'39""N","106°30'44""W",13S CU 62019 75289,71S1,71S1 (SPECIAL INVESTIGATIONS),https://paladindanse111.github.io/AFSC-PDFs/71S.html,https://paladindanse111.github.io/AFSC-PDFs/BASE_KIRTLAND_AFB.html,AC-130J,Active Duty
KIRTLAND AFB,"35°00'39""N","106°30'44""W",13S CU 62019 75289,71S1,71S1 (SPECIAL INVESTIGATIONS),https://paladindanse111.github.io/AFSC-PDFs/71S.html,https://paladindanse111.github.io/AFSC-PDFs/BASE_KIRTLAND_AFB.html,CV-22,Active Duty
KIRTLAND AFB,"35°00'39""N","106°30'44""W",13S CU 62019 75289,71S1,71S1 (SPECIAL INVESTIGATIONS),https://paladindanse111.github.io/AFSC-PDFs/71S.html,https://paladindanse111.github.io/AFSC-PDFs/BASE_KIRTLAND_AFB.html,HC-130 P/N,Active Duty
KIRTLAND AFB,"35°00'39""N","106°30'44""W",13S CU 62019 75289,71S1,71S1 (SPECIAL INVESTIGATIONS),https://paladindanse111.github.io/AFSC-PDFs/71S.html,https://paladindanse111.github.io/AFSC-PDFs/BASE_KIRTLAND_AFB.html,HC-130J,Active Duty
KIRTLAND AFB,"35°00'39""N","106°30'44""W",13S CU 62019 75289,71S1,71S1 (SPECIAL INVESTIGATIONS),https://paladindanse111.github.io/AFSC-PDFs/71S.html,https://paladindanse111.github.io/AFSC-PDFs/BASE_KIRTLAND_AFB.html,HH-60,Active Duty
KIRTLAND AFB,"35°00'39""N","106°30'44""W",13S CU 62019 75289,71S1,71S1 (SPECIAL INVESTIGATIONS),https://paladindanse111.github.io/AFSC-PDFs/71S.html,https://paladindanse111.github.io/AFSC-PDFs/BASE_KIRTLAND_AFB.html,MC-130J,Active Duty
KIRTLAND AFB,"35°00'39""N","106°30'44""W",13S CU 62019 75289,71S1,71S1 (SPECIAL INVESTIGATIONS),https://paladindanse111.github.io/AFSC-PDFs/71S.html,https://paladindanse111.github.io/AFSC-PDFs/BASE_KIRTLAND_AFB.html,UH-1N,Active Duty
KUNSAN AB,"35°55'09""N","126°37'54""E",52S BE 86310 77574,21A1,21A1 (AIRCRAFT MAINTENANCE),https://paladindanse111.github.io/AFSC-PDFs/21A.html,https://paladindanse111.github.io/AFSC-PDFs/BASE_KUNSAN_AB.html,F-16,Active Duty
LAKENHEATH RAF,"52°23'23""N","0°32'14""E",31U CU 32414 07239,21A1,21A1 (AIRCRAFT MAINTENANCE),https://paladindanse111.github.io/AFSC-PDFs/21A.html,https://paladindanse111.github.io/AFSC-PDFs/BASE_LAKENHEATH_RAF.html,F-15,Active Duty
LAKENHEATH RAF,"52°23'23""N","0°32'14""E",31U CU 32414 07239,21A1,21A1 (AIRCRAFT MAINTENANCE),https://paladindanse111.github.io/AFSC-PDFs/21A.html,https://paladindanse111.github.io/AFSC-PDFs/BASE_LAKENHEATH_RAF.html,F-15E,Active Duty
LAKENHEATH RAF,"52°23'23""N","0°32'14""E",31U CU 32414 07239,21A1,21A1 (AIRCRAFT MAINTENANCE),https://paladindanse111.github.io/AFSC-PDFs/21A.html,https://paladindanse111.github.io/AFSC-PDFs/BASE_LAKENHEATH_RAF.html,F-35,Active Duty
LAKENHEATH RAF,"52°23'23""N","0°32'14""E",31U CU 32414 07239,21M1,21M1 (MUNITIONS AND MISSILE MAINTENANCE),https://paladindanse111.github.io/AFSC-PDFs/21M.html,https://paladindanse111.github.io/AFSC-PDFs/BASE_LAKENHEATH_RAF.html,F-15,Active Duty
LAKENHEATH RAF,"52°23'23""N","0°32'14""E",31U CU 32414 07239,21M1,21M1 (MUNITIONS AND MISSILE MAINTENANCE),https://paladindanse111.github.io/AFSC-PDFs/21M.html,https://paladindanse111.github.io/AFSC-PDFs/BASE_LAKENHEATH_RAF.html,F-15E,Active Duty
LAKENHEATH RAF,"52°23'23""N","0°32'14""E",31U CU 32414 07239,21M1,21M1 (MUNITIONS AND MISSILE MAINTENANCE),https://paladindanse111.github.io/AFSC-PDFs/21M.html,https://paladindanse111.github.io/AFSC-PDFs/BASE_LAKENHEATH_RAF.html,F-35,Active Duty
LAKENHEATH RAF,"52°23'23""N","0°32'14""E",31U CU 32414 07239,21R1,21R1 (LOGISTICS READINESS),https://paladindanse111.github.io/AFSC-PDFs/21R.html,https://paladindanse111.github.io/AFSC-PDFs/BASE_LAKENHEATH_RAF.html,F-15,Active Duty
LAKENHEATH RAF,"52°23'23""N","0°32'14""E",31U CU 32414 07239,21R1,21R1 (LOGISTICS READINESS),https://paladindanse111.github.io/AFSC-PDFs/21R.html,https://paladindanse111.github.io/AFSC-PDFs/BASE_LAKENHEATH_RAF.html,F-15E,Active Duty
LAKENHEATH RAF,"52°23'23""N","0°32'14""E",31U CU 32414 07239,21R1,21R1 (LOGISTICS READINESS),https://paladindanse111.github.io/AFSC-PDFs/21R.html,https://paladindanse111.github.io/AFSC-PDFs/BASE_LAKENHEATH_RAF.html,F-35,Active Duty
LAKENHEATH RAF,"52°23'23""N","0°32'14""E",31U CU 32414 07239,31P1,31P1 (SECURITY FORCES),https://paladindanse111.github.io/AFSC-PDFs/31P.html,https://paladindanse111.github.io/AFSC-PDFs/BASE_LAKENHEATH_RAF.html,F-15,Active Duty
LAKENHEATH RAF,"52°23'23""N","0°32'14""E",31U CU 32414 07239,31P1,31P1 (SECURITY FORCES),https://paladindanse111.github.io/AFSC-PDFs/31P.html,https://paladindanse111.github.io/AFSC-PDFs/BASE_LAKENHEATH_RAF.html,F-15E,Active Duty
LAKENHEATH RAF,"52°23'23""N","0°32'14""E",31U CU 32414 07239,31P1,31P1 (SECURITY FORCES),https://paladindanse111.github.io/AFSC-PDFs/31P.html,https://paladindanse111.github.io/AFSC-PDFs/BASE_LAKENHEATH_RAF.html,F-35,Active Duty
LAKENHEATH RAF,"52°23'23""N","0°32'14""E",31U CU 32414 07239,32E1A,32E1A (CIVIL ENGINEER),https://paladindanse111.github.io/AFSC-PDFs/32E.html,https://paladindanse111.github.io/AFSC-PDFs/BASE_LAKENHEATH_RAF.html,F-15,Active Duty
LAKENHEATH RAF,"52°23'23""N","0°32'14""E",31U CU 32414 07239,32E1A,32E1A (CIVIL ENGINEER),https://paladindanse111.github.io/AFSC-PDFs/32E.html,https://paladindanse111.github.io/AFSC-PDFs/BASE_LAKENHEATH_RAF.html,F-15E,Active Duty
LAKENHEATH RAF,"52°23'23""N","0°32'14""E",31U CU 32414 07239,32E1A,32E1A (CIVIL ENGINEER),https://paladindanse111.github.io/AFSC-PDFs/32E.html,https://paladindanse111.github.io/AFSC-PDFs/BASE_LAKENHEATH_RAF.html,F-35,Active Duty
LAKENHEATH RAF,"52°23'23""N","0°32'14""E",31U CU 32414 07239,32E1C,32E1C (CIVIL ENGINEER),https://paladindanse111.github.io/AFSC-PDFs/32E.html,https://paladindanse111.github.io/AFSC-PDFs/BASE_LAKENHEATH_RAF.html,F-15,Active Duty
LAKENHEATH RAF,"52°23'23""N","0°32'14""E",31U CU 32414 07239,32E1C,32E1C (CIVIL ENGINEER),https://paladindanse111.github.io/AFSC-PDFs/32E.html,https://paladindanse111.github.io/AFSC-PDFs/BASE_LAKENHEATH_RAF.html,F-15E,Active Duty
LAKENHEATH RAF,"52°23'23""N","0°32'14""E",31U CU 32414 07239,32E1C,32E1C (CIVIL ENGINEER),https://paladindanse111.github.io/AFSC-PDFs/32E.html,https://paladindanse111.github.io/AFSC-PDFs/BASE_LAKENHEATH_RAF.html,F-35,Active Duty
LAKENHEATH RAF,"52°23'23""N","0°32'14""E",31U CU 32414 07239,32E1E,32E1E (CIVIL ENGINEER),https://paladindanse111.github.io/AFSC-PDFs/32E.html,https://paladindanse111.github.io/AFSC-PDFs/BASE_LAKENHEATH_RAF.html,F-15,Active Duty
LAKENHEATH RAF,"52°23'23""N","0°32'14""E",31U CU 32414 07239,32E1E,32E1E (CIVIL ENGINEER),https://paladindanse111.github.io/AFSC-PDFs/32E.html,https://paladindanse111.github.io/AFSC-PDFs/BASE_LAKENHEATH_RAF.html,F-15E,Active Duty
LAKENHEATH RAF,"52°23'23""N","0°32'14""E",31U CU 32414 07239,32E1E,32E1E (CIVIL ENGINEER),https://paladindanse111.github.io/AFSC-PDFs/32E.html,https://paladindanse111.github.io/AFSC-PDFs/BASE_LAKENHEATH_RAF.html,F-35,Active Duty
LAKENHEATH RAF,"52°23'23""N","0°32'14""E",31U CU 32414 07239,32E1F,32E1F (CIVIL ENGINEER),https://paladindanse111.github.io/AFSC-PDFs/32E.html,https://paladindanse111.github.io/AFSC-PDFs/BASE_LAKENHEATH_RAF.html,F-15,Active Duty
LAKENHEATH RAF,"52°23'23""N","0°32'14""E",31U CU 32414 07239,32E1F,32E1F (CIVIL ENGINEER),https://paladindanse111.github.io/AFSC-PDFs/32E.html,https://paladindanse111.github.io/AFSC-PDFs/BASE_LAKENHEATH_RAF.html,F-15E,Active Duty
LAKENHEATH RAF,"52°23'23""N","0°32'14""E",31U CU 32414 07239,32E1F,32E1F (CIVIL ENGINEER),https://paladindanse111.github.io/AFSC-PDFs/32E.html,https://paladindanse111.github.io/AFSC-PDFs/BASE_LAKENHEATH_RAF.html,F-35,Active Duty
LAKENHEATH RAF,"52°23'23""N","0°32'14""E",31U CU 32414 07239,32E1G,32E1G (CIVIL ENGINEER),https://paladindanse111.github.io/AFSC-PDFs/32E.html,https://paladindanse111.github.io/AFSC-PDFs/BASE_LAKENHEATH_RAF.html,F-15,Active Duty
LAKENHEATH RAF,"52°23'23""N","0°32'14""E",31U CU 32414 07239,32E1G,32E1G (CIVIL ENGINEER),https://paladindanse111.github.io/AFSC-PDFs/32E.html,https://paladindanse111.github.io/AFSC-PDFs/BASE_LAKENHEATH_RAF.html,F-15E,Active Duty
LAKENHEATH RAF,"52°23'23""N","0°32'14""E",31U CU 32414 07239,32E1G,32E1G (CIVIL ENGINEER),https://paladindanse111.github.io/AFSC-PDFs/32E.html,https://paladindanse111.github.io/AFSC-PDFs/BASE_LAKENHEATH_RAF.html,F-35,Active Duty
LAKENHEATH RAF,"52°23'23""N","0°32'14""E",31U CU 32414 07239,32E1J,32E1J (CIVIL ENGINEER),https://paladindanse111.github.io/AFSC-PDFs/32E.html,https://paladindanse111.github.io/AFSC-PDFs/BASE_LAKENHEATH_RAF.html,F-15,Active Duty
LAKENHEATH RAF,"52°23'23""N","0°32'14""E",31U CU 32414 07239,32E1J,32E1J (CIVIL ENGINEER),https://paladindanse111.github.io/AFSC-PDFs/32E.html,https://paladindanse111.github.io/AFSC-PDFs/BASE_LAKENHEATH_RAF.html,F-15E,Active Duty
LAKENHEATH RAF,"52°23'23""N","0°32'14""E",31U CU 32414 07239,32E1J,32E1J (CIVIL ENGINEER),https://paladindanse111.github.io/AFSC-PDFs/32E.html,https://paladindanse111.github.io/AFSC-PDFs/BASE_LAKENHEATH_RAF.html,F-35,Active Duty
LAKENHEATH RAF,"52°23'23""N","0°32'14""E",31U CU 32414 07239,35P1,35P1 (PUBLIC AFFAIRS),https://paladindanse111.github.io/AFSC-PDFs/35P.html,https://paladindanse111.github.io/AFSC-PDFs/BASE_LAKENHEATH_RAF.html,F-15,Active Duty
LAKENHEATH RAF,"52°23'23""N","0°32'14""E",31U CU 32414 07239,35P1,35P1 (PUBLIC AFFAIRS),https://paladindanse111.github.io/AFSC-PDFs/35P.html,https://paladindanse111.github.io/AFSC-PDFs/BASE_LAKENHEATH_RAF.html,F-15E,Active Duty
LAKENHEATH RAF,"52°23'23""N","0°32'14""E",31U CU 32414 07239,35P1,35P1 (PUBLIC AFFAIRS),https://paladindanse111.github.io/AFSC-PDFs/35P.html,https://paladindanse111.github.io/AFSC-PDFs/BASE_LAKENHEATH_RAF.html,F-35,Active Duty
LAKENHEATH RAF,"52°23'23""N","0°32'14""E",31U CU 32414 07239,38F1,38F1 (FORCE SUPPORT),https://paladindanse111.github.io/AFSC-PDFs/38F.html,https://paladindanse111.github.io/AFSC-PDFs/BASE_LAKENHEATH_RAF.html,F-15,Active Duty
LAKENHEATH RAF,"52°23'23""N","0°32'14""E",31U CU 32414 07239,38F1,38F1 (FORCE SUPPORT),https://paladindanse111.github.io/AFSC-PDFs/38F.html,https://paladindanse111.github.io/AFSC-PDFs/BASE_LAKENHEATH_RAF.html,F-15E,Active Duty
LAKENHEATH RAF,"52°23'23""N","0°32'14""E",31U CU 32414 07239,38F1,38F1 (FORCE SUPPORT),https://paladindanse111.github.io/AFSC-PDFs/38F.html,https://paladindanse111.github.io/AFSC-PDFs/BASE_LAKENHEATH_RAF.html,F-35,Active Duty
LAKENHEATH RAF,"52°23'23""N","0°32'14""E",31U CU 32414 07239,64P1,64P1 (CONTRACTING),https://paladindanse111.github.io/AFSC-PDFs/64P.html,https://paladindanse111.github.io/AFSC-PDFs/BASE_LAKENHEATH_RAF.html,F-15,Active Duty
LAKENHEATH RAF,"52°23'23""N","0°32'14""E",31U CU 32414 07239,64P1,64P1 (CONTRACTING),https://paladindanse111.github.io/AFSC-PDFs/64P.html,https://paladindanse111.github.io/AFSC-PDFs/BASE_LAKENHEATH_RAF.html,F-15E,Active Duty
LAKENHEATH RAF,"52°23'23""N","0°32'14""E",31U CU 32414 07239,64P1,64P1 (CONTRACTING),https://paladindanse111.github.io/AFSC-PDFs/64P.html,https://paladindanse111.github.io/AFSC-PDFs/BASE_LAKENHEATH_RAF.html,F-35,Active Duty
LAKENHEATH RAF,"52°23'23""N","0°32'14""E",31U CU 32414 07239,65F1,65F1 (FINANCIAL MANAGEMENT),https://paladindanse111.github.io/AFSC-PDFs/65F.html,https://paladindanse111.github.io/AFSC-PDFs/BASE_LAKENHEATH_RAF.html,F-15,Active Duty
LAKENHEATH RAF,"52°23'23""N","0°32'14""E",31U CU 32414 07239,65F1,65F1 (FINANCIAL MANAGEMENT),https://paladindanse111.github.io/AFSC-PDFs/65F.html,https://paladindanse111.github.io/AFSC-PDFs/BASE_LAKENHEATH_RAF.html,F-15E,Active Duty
LAKENHEATH RAF,"52°23'23""N","0°32'14""E",31U CU 32414 07239,65F1,65F1 (FINANCIAL MANAGEMENT),https://paladindanse111.github.io/AFSC-PDFs/65F.html,https://paladindanse111.github.io/AFSC-PDFs/BASE_LAKENHEATH_RAF.html,F-35,Active Duty
LAUGHLIN AFB,"29°21'21""N","100°46'58""W",14R LT 26940 48730,13H1,13H1 (AEROSPACE PHYSIOLOGIST),https://paladindanse111.github.io/AFSC-PDFs/13H.html,https://paladindanse111.github.io/AFSC-PDFs/BASE_LAUGHLIN_AFB.html,T-1,Active Duty
LAUGHLIN AFB,"29°21'21""N","100°46'58""W",14R LT 26940 48730,13H1,13H1 (AEROSPACE PHYSIOLOGIST),https://paladindanse111.github.io/AFSC-PDFs/13H.html,https://paladindanse111.github.io/AFSC-PDFs/BASE_LAUGHLIN_AFB.html,T-38,Active Duty
LAUGHLIN AFB,"29°21'21""N","100°46'58""W",14R LT 26940 48730,13H1,13H1 (AEROSPACE PHYSIOLOGIST),https://paladindanse111.github.io/AFSC-PDFs/13H.html,https://paladindanse111.github.io/AFSC-PDFs/BASE_LAUGHLIN_AFB.html,T-6,Active Duty
LAUGHLIN AFB,"29°21'21""N","100°46'58""W",14R LT 26940 48730,15W1,15W1 (WEATHER AND ENVIRONMENTAL SCIENCES),https://paladindanse111.github.io/AFSC-PDFs/15W.html,https://paladindanse111.github.io/AFSC-PDFs/BASE_LAUGHLIN_AFB.html,T-1,Active Duty
LAUGHLIN AFB,"29°21'21""N","100°46'58""W",14R LT 26940 48730,15W1,15W1 (WEATHER AND ENVIRONMENTAL SCIENCES),https://paladindanse111.github.io/AFSC-PDFs/15W.html,https://paladindanse111.github.io/AFSC-PDFs/BASE_LAUGHLIN_AFB.html,T-38,Active Duty
LAUGHLIN AFB,"29°21'21""N","100°46'58""W",14R LT 26940 48730,15W1,15W1 (WEATHER AND ENVIRONMENTAL SCIENCES),https://paladindanse111.github.io/AFSC-PDFs/15W.html,https://paladindanse111.github.io/AFSC-PDFs/BASE_LAUGHLIN_AFB.html,T-6,Active Duty
LAUGHLIN AFB,"29°21'21""N","100°46'58""W",14R LT 26940 48730,32E1A,32E1A (CIVIL ENGINEER),https://paladindanse111.github.io/AFSC-PDFs/32E.html,https://paladindanse111.github.io/AFSC-PDFs/BASE_LAUGHLIN_AFB.html,T-1,Active Duty
LAUGHLIN AFB,"29°21'21""N","100°46'58""W",14R LT 26940 48730,32E1A,32E1A (CIVIL ENGINEER),https://paladindanse111.github.io/AFSC-PDFs/32E.html,https://paladindanse111.github.io/AFSC-PDFs/BASE_LAUGHLIN_AFB.html,T-38,Active Duty
LAUGHLIN AFB,"29°21'21""N","100°46'58""W",14R LT 26940 48730,32E1A,32E1A (CIVIL ENGINEER),https://paladindanse111.github.io/AFSC-PDFs/32E.html,https://paladindanse111.github.io/AFSC-PDFs/BASE_LAUGHLIN_AFB.html,T-6,Active Duty
LAUGHLIN AFB,"29°21'21""N","100°46'58""W",14R LT 26940 48730,32E1C,32E1C (CIVIL ENGINEER),https://paladindanse111.github.io/AFSC-PDFs/32E.html,https://paladindanse111.github.io/AFSC-PDFs/BASE_LAUGHLIN_AFB.html,T-1,Active Duty
LAUGHLIN AFB,"29°21'21""N","100°46'58""W",14R LT 26940 48730,32E1C,32E1C (CIVIL ENGINEER),https://paladindanse111.github.io/AFSC-PDFs/32E.html,https://paladindanse111.github.io/AFSC-PDFs/BASE_LAUGHLIN_AFB.html,T-38,Active Duty
LAUGHLIN AFB,"29°21'21""N","100°46'58""W",14R LT 26940 48730,32E1C,32E1C (CIVIL ENGINEER),https://paladindanse111.github.io/AFSC-PDFs/32E.html,https://paladindanse111.github.io/AFSC-PDFs/BASE_LAUGHLIN_AFB.html,T-6,Active Duty
LAUGHLIN AFB,"29°21'21""N","100°46'58""W",14R LT 26940 48730,32E1E,32E1E (CIVIL ENGINEER),https://paladindanse111.github.io/AFSC-PDFs/32E.html,https://paladindanse111.github.io/AFSC-PDFs/BASE_LAUGHLIN_AFB.html,T-1,Active Duty
LAUGHLIN AFB,"29°21'21""N","100°46'58""W",14R LT 26940 48730,32E1E,32E1E (CIVIL ENGINEER),https://paladindanse111.github.io/AFSC-PDFs/32E.html,https://paladindanse111.github.io/AFSC-PDFs/BASE_LAUGHLIN_AFB.html,T-38,Active Duty
LAUGHLIN AFB,"29°21'21""N","100°46'58""W",14R LT 26940 48730,32E1E,32E1E (CIVIL ENGINEER),https://paladindanse111.github.io/AFSC-PDFs/32E.html,https://paladindanse111.github.io/AFSC-PDFs/BASE_LAUGHLIN_AFB.html,T-6,Active Duty
LAUGHLIN AFB,"29°21'21""N","100°46'58""W",14R LT 26940 48730,32E1F,32E1F (CIVIL ENGINEER),https://paladindanse111.github.io/AFSC-PDFs/32E.html,https://paladindanse111.github.io/AFSC-PDFs/BASE_LAUGHLIN_AFB.html,T-1,Active Duty
LAUGHLIN AFB,"29°21'21""N","100°46'58""W",14R LT 26940 48730,32E1F,32E1F (CIVIL ENGINEER),https://paladindanse111.github.io/AFSC-PDFs/32E.html,https://paladindanse111.github.io/AFSC-PDFs/BASE_LAUGHLIN_AFB.html,T-38,Active Duty
LAUGHLIN AFB,"29°21'21""N","100°46'58""W",14R LT 26940 48730,32E1F,32E1F (CIVIL ENGINEER),https://paladindanse111.github.io/AFSC-PDFs/32E.html,https://paladindanse111.github.io/AFSC-PDFs/BASE_LAUGHLIN_AFB.html,T-6,Active Duty
LAUGHLIN AFB,"29°21'21""N","100°46'58""W",14R LT 26940 48730,32E1G,32E1G (CIVIL ENGINEER),https://paladindanse111.github.io/AFSC-PDFs/32E.html,https://paladindanse111.github.io/AFSC-PDFs/BASE_LAUGHLIN_AFB.html,T-1,Active Duty
LAUGHLIN AFB,"29°21'21""N","100°46'58""W",14R LT 26940 48730,32E1G,32E1G (CIVIL ENGINEER),https://paladindanse111.github.io/AFSC-PDFs/32E.html,https://paladindanse111.github.io/AFSC-PDFs/BASE_LAUGHLIN_AFB.html,T-38,Active Duty
LAUGHLIN AFB,"29°21'21""N","100°46'58""W",14R LT 26940 48730,32E1G,32E1G (CIVIL ENGINEER),https://paladindanse111.github.io/AFSC-PDFs/32E.html,https://paladindanse111.github.io/AFSC-PDFs/BASE_LAUGHLIN_AFB.html,T-6,Active Duty
LAUGHLIN AFB,"29°21'21""N","100°46'58""W",14R LT 26940 48730,32E1J,32E1J (CIVIL ENGINEER),https://paladindanse111.github.io/AFSC-PDFs/32E.html,https://paladindanse111.github.io/AFSC-PDFs/BASE_LAUGHLIN_AFB.html,T-1,Active Duty
LAUGHLIN AFB,"29°21'21""N","100°46'58""W",14R LT 26940 48730,32E1J,32E1J (CIVIL ENGINEER),https://paladindanse111.github.io/AFSC-PDFs/32E.html,https://paladindanse111.github.io/AFSC-PDFs/BASE_LAUGHLIN_AFB.html,T-38,Active Duty
LAUGHLIN AFB,"29°21'21""N","100°46'58""W",14R LT 26940 48730,32E1J,32E1J (CIVIL ENGINEER),https://paladindanse111.github.io/AFSC-PDFs/32E.html,https://paladindanse111.github.io/AFSC-PDFs/BASE_LAUGHLIN_AFB.html,T-6,Active Duty
LAUGHLIN AFB,"29°21'21""N","100°46'58""W",14R LT 26940 48730,35P1,35P1 (PUBLIC AFFAIRS),https://paladindanse111.github.io/AFSC-PDFs/35P.html,https://paladindanse111.github.io/AFSC-PDFs/BASE_LAUGHLIN_AFB.html,T-1,Active Duty
LAUGHLIN AFB,"29°21'21""N","100°46'58""W",14R LT 26940 48730,35P1,35P1 (PUBLIC AFFAIRS),https://paladindanse111.github.io/AFSC-PDFs/35P.html,https://paladindanse111.github.io/AFSC-PDFs/BASE_LAUGHLIN_AFB.html,T-38,Active Duty
LAUGHLIN AFB,"29°21'21""N","100°46'58""W",14R LT 26940 48730,35P1,35P1 (PUBLIC AFFAIRS),https://paladindanse111.github.io/AFSC-PDFs/35P.html,https://paladindanse111.github.io/AFSC-PDFs/BASE_LAUGHLIN_AFB.html,T-6,Active Duty
LAUGHLIN AFB,"29°21'21""N","100°46'58""W",14R LT 26940 48730,38F1,38F1 (FORCE SUPPORT),https://paladindanse111.github.io/AFSC-PDFs/38F.html,https://paladindanse111.github.io/AFSC-PDFs/BASE_LAUGHLIN_AFB.html,T-1,Active Duty
LAUGHLIN AFB,"29°21'21""N","100°46'58""W",14R LT 26940 48730,38F1,38F1 (FORCE SUPPORT),https://paladindanse111.github.io/AFSC-PDFs/38F.html,https://paladindanse111.github.io/AFSC-PDFs/BASE_LAUGHLIN_AFB.html,T-38,Active Duty
LAUGHLIN AFB,"29°21'21""N","100°46'58""W",14R LT 26940 48730,38F1,38F1 (FORCE SUPPORT),https://paladindanse111.github.io/AFSC-PDFs/38F.html,https://paladindanse111.github.io/AFSC-PDFs/BASE_LAUGHLIN_AFB.html,T-6,Active Duty
LAUGHLIN AFB,"29°21'21""N","100°46'58""W",14R LT 26940 48730,64P1,64P1 (CONTRACTING),https://paladindanse111.github.io/AFSC-PDFs/64P.html,https://paladindanse111.github.io/AFSC-PDFs/BASE_LAUGHLIN_AFB.html,T-1,Active Duty
LAUGHLIN AFB,"29°21'21""N","100°46'58""W",14R LT 26940 48730,64P1,64P1 (CONTRACTING),https://paladindanse111.github.io/AFSC-PDFs/64P.html,https://paladindanse111.github.io/AFSC-PDFs/BASE_LAUGHLIN_AFB.html,T-38,Active Duty
LAUGHLIN AFB,"29°21'21""N","100°46'58""W",14R LT 26940 48730,64P1,64P1 (CONTRACTING),https://paladindanse111.github.io/AFSC-PDFs/64P.html,https://paladindanse111.github.io/AFSC-PDFs/BASE_LAUGHLIN_AFB.html,T-6,Active Duty
LAUGHLIN AFB,"29°21'21""N","100°46'58""W",14R LT 26940 48730,65F1,65F1 (FINANCIAL MANAGEMENT),https://paladindanse111.github.io/AFSC-PDFs/65F.html,https://paladindanse111.github.io/AFSC-PDFs/BASE_LAUGHLIN_AFB.html,T-1,Active Duty
LAUGHLIN AFB,"29°21'21""N","100°46'58""W",14R LT 26940 48730,65F1,65F1 (FINANCIAL MANAGEMENT),https://paladindanse111.github.io/AFSC-PDFs/65F.html,https://paladindanse111.github.io/AFSC-PDFs/BASE_LAUGHLIN_AFB.html,T-38,Active Duty
LAUGHLIN AFB,"29°21'21""N","100°46'58""W",14R LT 26940 48730,65F1,65F1 (FINANCIAL MANAGEMENT),https://paladindanse111.github.io/AFSC-PDFs/65F.html,https://paladindanse111.github.io/AFSC-PDFs/BASE_LAUGHLIN_AFB.html,T-6,Active Duty
LAUGHLIN AFB,"29°21'21""N","100°46'58""W",14R LT 26940 48730,92T0,92T0 (PILOT TRAINEE),,https://paladindanse111.github.io/AFSC-PDFs/BASE_LAUGHLIN_AFB.html,T-1,Active Duty
LAUGHLIN AFB,"29°21'21""N","100°46'58""W",14R LT 26940 48730,92T0,92T0 (PILOT TRAINEE),,https://paladindanse111.github.io/AFSC-PDFs/BASE_LAUGHLIN_AFB.html,T-38,Active Duty
LAUGHLIN AFB,"29°21'21""N","100°46'58""W",14R LT 26940 48730,92T0,92T0 (PILOT TRAINEE),,https://paladindanse111.github.io/AFSC-PDFs/BASE_LAUGHLIN_AFB.html,T-6,Active Duty
LITTLE ROCK AFB,"34°53'47""N","92°08'38""W",15S WU 78220 61887,21A1,21A1 (AIRCRAFT MAINTENANCE),https://paladindanse111.github.io/AFSC-PDFs/21A.html,https://paladindanse111.github.io/AFSC-PDFs/BASE_LITTLE_ROCK_AFB.html,C-130J,Active Duty
LITTLE ROCK AFB,"34°53'47""N","92°08'38""W",15S WU 78220 61887,21A1,21A1 (AIRCRAFT MAINTENANCE),https://paladindanse111.github.io/AFSC-PDFs/21A.html,https://paladindanse111.github.io/AFSC-PDFs/BASE_LITTLE_ROCK_AFB.html,C-17,Active Duty
LITTLE ROCK AFB,"34°53'47""N","92°08'38""W",15S WU 78220 61887,21R1,21R1 (LOGISTICS READINESS),https://paladindanse111.github.io/AFSC-PDFs/21R.html,https://paladindanse111.github.io/AFSC-PDFs/BASE_LITTLE_ROCK_AFB.html,C-130J,Active Duty
LITTLE ROCK AFB,"34°53'47""N","92°08'38""W",15S WU 78220 61887,21R1,21R1 (LOGISTICS READINESS),https://paladindanse111.github.io/AFSC-PDFs/21R.html,https://paladindanse111.github.io/AFSC-PDFs/BASE_LITTLE_ROCK_AFB.html,C-17,Active Duty
LITTLE ROCK AFB,"34°53'47""N","92°08'38""W",15S WU 78220 61887,32E1A,32E1A (CIVIL ENGINEER),https://paladindanse111.github.io/AFSC-PDFs/32E.html,https://paladindanse111.github.io/AFSC-PDFs/BASE_LITTLE_ROCK_AFB.html,C-130J,Active Duty
LITTLE ROCK AFB,"34°53'47""N","92°08'38""W",15S WU 78220 61887,32E1A,32E1A (CIVIL ENGINEER),https://paladindanse111.github.io/AFSC-PDFs/32E.html,https://paladindanse111.github.io/AFSC-PDFs/BASE_LITTLE_ROCK_AFB.html,C-17,Active Duty
LITTLE ROCK AFB,"34°53'47""N","92°08'38""W",15S WU 78220 61887,32E1C,32E1C (CIVIL ENGINEER),https://paladindanse111.github.io/AFSC-PDFs/32E.html,https://paladindanse111.github.io/AFSC-PDFs/BASE_LITTLE_ROCK_AFB.html,C-130J,Active Duty
LITTLE ROCK AFB,"34°53'47""N","92°08'38""W",15S WU 78220 61887,32E1C,32E1C (CIVIL ENGINEER),https://paladindanse111.github.io/AFSC-PDFs/32E.html,https://paladindanse111.github.io/AFSC-PDFs/BASE_LITTLE_ROCK_AFB.html,C-17,Active Duty
LITTLE ROCK AFB,"34°53'47""N","92°08'38""W",15S WU 78220 61887,32E1E,32E1E (CIVIL ENGINEER),https://paladindanse111.github.io/AFSC-PDFs/32E.html,https://paladindanse111.github.io/AFSC-PDFs/BASE_LITTLE_ROCK_AFB.html,C-130J,Active Duty
LITTLE ROCK AFB,"34°53'47""N","92°08'38""W",15S WU 78220 61887,32E1E,32E1E (CIVIL ENGINEER),https://paladindanse111.github.io/AFSC-PDFs/32E.html,https://paladindanse111.github.io/AFSC-PDFs/BASE_LITTLE_ROCK_AFB.html,C-17,Active Duty
LITTLE ROCK AFB,"34°53'47""N","92°08'38""W",15S WU 78220 61887,32E1F,32E1F (CIVIL ENGINEER),https://paladindanse111.github.io/AFSC-PDFs/32E.html,https://paladindanse111.github.io/AFSC-PDFs/BASE_LITTLE_ROCK_AFB.html,C-130J,Active Duty
LITTLE ROCK AFB,"34°53'47""N","92°08'38""W",15S WU 78220 61887,32E1F,32E1F (CIVIL ENGINEER),https://paladindanse111.github.io/AFSC-PDFs/32E.html,https://paladindanse111.github.io/AFSC-PDFs/BASE_LITTLE_ROCK_AFB.html,C-17,Active Duty
LITTLE ROCK AFB,"34°53'47""N","92°08'38""W",15S WU 78220 61887,32E1G,32E1G (CIVIL ENGINEER),https://paladindanse111.github.io/AFSC-PDFs/32E.html,https://paladindanse111.github.io/AFSC-PDFs/BASE_LITTLE_ROCK_AFB.html,C-130J,Active Duty
LITTLE ROCK AFB,"34°53'47""N","92°08'38""W",15S WU 78220 61887,32E1G,32E1G (CIVIL ENGINEER),https://paladindanse111.github.io/AFSC-PDFs/32E.html,https://paladindanse111.github.io/AFSC-PDFs/BASE_LITTLE_ROCK_AFB.html,C-17,Active Duty
LITTLE ROCK AFB,"34°53'47""N","92°08'38""W",15S WU 78220 61887,32E1J,32E1J (CIVIL ENGINEER),https://paladindanse111.github.io/AFSC-PDFs/32E.html,https://paladindanse111.github.io/AFSC-PDFs/BASE_LITTLE_ROCK_AFB.html,C-130J,Active Duty
LITTLE ROCK AFB,"34°53'47""N","92°08'38""W",15S WU 78220 61887,32E1J,32E1J (CIVIL ENGINEER),https://paladindanse111.github.io/AFSC-PDFs/32E.html,https://paladindanse111.github.io/AFSC-PDFs/BASE_LITTLE_ROCK_AFB.html,C-17,Active Duty
LITTLE ROCK AFB,"34°53'47""N","92°08'38""W",15S WU 78220 61887,35P1,35P1 (PUBLIC AFFAIRS),https://paladindanse111.github.io/AFSC-PDFs/35P.html,https://paladindanse111.github.io/AFSC-PDFs/BASE_LITTLE_ROCK_AFB.html,C-130J,Active Duty
LITTLE ROCK AFB,"34°53'47""N","92°08'38""W",15S WU 78220 61887,35P1,35P1 (PUBLIC AFFAIRS),https://paladindanse111.github.io/AFSC-PDFs/35P.html,https://paladindanse111.github.io/AFSC-PDFs/BASE_LITTLE_ROCK_AFB.html,C-17,Active Duty
LITTLE ROCK AFB,"34°53'47""N","92°08'38""W",15S WU 78220 61887,38F1,38F1 (FORCE SUPPORT),https://paladindanse111.github.io/AFSC-PDFs/38F.html,https://paladindanse111.github.io/AFSC-PDFs/BASE_LITTLE_ROCK_AFB.html,C-130J,Active Duty
LITTLE ROCK AFB,"34°53'47""N","92°08'38""W",15S WU 78220 61887,38F1,38F1 (FORCE SUPPORT),https://paladindanse111.github.io/AFSC-PDFs/38F.html,https://paladindanse111.github.io/AFSC-PDFs/BASE_LITTLE_ROCK_AFB.html,C-17,Active Duty
LITTLE ROCK AFB,"34°53'47""N","92°08'38""W",15S WU 78220 61887,64P1,64P1 (CONTRACTING),https://paladindanse111.github.io/AFSC-PDFs/64P.html,https://paladindanse111.github.io/AFSC-PDFs/BASE_LITTLE_ROCK_AFB.html,C-130J,Active Duty
LITTLE ROCK AFB,"34°53'47""N","92°08'38""W",15S WU 78220 61887,64P1,64P1 (CONTRACTING),https://paladindanse111.github.io/AFSC-PDFs/64P.html,https://paladindanse111.github.io/AFSC-PDFs/BASE_LITTLE_ROCK_AFB.html,C-17,Active Duty
LITTLE ROCK AFB,"34°53'47""N","92°08'38""W",15S WU 78220 61887,65F1,65F1 (FINANCIAL MANAGEMENT),https://paladindanse111.github.io/AFSC-PDFs/65F.html,https://paladindanse111.github.io/AFSC-PDFs/BASE_LITTLE_ROCK_AFB.html,C-130J,Active Duty
LITTLE ROCK AFB,"34°53'47""N","92°08'38""W",15S WU 78220 61887,65F1,65F1 (FINANCIAL MANAGEMENT),https://paladindanse111.github.io/AFSC-PDFs/65F.html,https://paladindanse111.github.io/AFSC-PDFs/BASE_LITTLE_ROCK_AFB.html,C-17,Active Duty
LOS ANGELES,"33°54'59""N","118°22'58""W",11S LT 72173 53746,15A1,15A1 (OPERATIONS ANALYSIS OFFICER),https://paladindanse111.github.io/AFSC-PDFs/15A.html,https://paladindanse111.github.io/AFSC-PDFs/BASE_LOS_ANGELES.html,,Active Duty
LOS ANGELES,"33°54'59""N","118°22'58""W",11S LT 72173 53746,61D1,61D1 (PHYSICIST/NUCLEAR ENGINEER),https://paladindanse111.github.io/AFSC-PDFs/61D.html,https://paladindanse111.github.io/AFSC-PDFs/BASE_LOS_ANGELES.html,,Active Duty
LOS ANGELES,"33°54'59""N","118°22'58""W",11S LT 72173 53746,64P1,64P1 (CONTRACTING),https://paladindanse111.github.io/AFSC-PDFs/64P.html,https://paladindanse111.github.io/AFSC-PDFs/BASE_LOS_ANGELES.html,,Active Duty
LOS ANGELES,"33°54'59""N","118°22'58""W",11S LT 72173 53746,65F1,65F1 (FINANCIAL MANAGEMENT),https://paladindanse111.github.io/AFSC-PDFs/65F.html,https://paladindanse111.github.io/AFSC-PDFs/BASE_LOS_ANGELES.html,,Active Duty
LOS ANGELES,"33°54'59""N","118°22'58""W",11S LT 72173 53746,71S1,71S1 (SPECIAL INVESTIGATIONS),https://paladindanse111.github.io/AFSC-PDFs/71S.html,https://paladindanse111.github.io/AFSC-PDFs/BASE_LOS_ANGELES.html,,Active Duty
LUKE AFB,"33°32'22""N","112°22'32""W",12S UC 72284 11939,21A1,21A1 (AIRCRAFT MAINTENANCE),https://paladindanse111.github.io/AFSC-PDFs/21A.html,https://paladindanse111.github.io/AFSC-PDFs/BASE_LUKE_AFB.html,F-16,Active Duty
LUKE AFB,"33°32'22""N","112°22'32""W",12S UC 72284 11939,21A1,21A1 (AIRCRAFT MAINTENANCE),https://paladindanse111.github.io/AFSC-PDFs/21A.html,https://paladindanse111.github.io/AFSC-PDFs/BASE_LUKE_AFB.html,F-35,Active Duty
LUKE AFB,"33°32'22""N","112°22'32""W",12S UC 72284 11939,21M1,21M1 (MUNITIONS AND MISSILE MAINTENANCE),https://paladindanse111.github.io/AFSC-PDFs/21M.html,https://paladindanse111.github.io/AFSC-PDFs/BASE_LUKE_AFB.html,F-16,Active Duty
LUKE AFB,"33°32'22""N","112°22'32""W",12S UC 72284 11939,21M1,21M1 (MUNITIONS AND MISSILE MAINTENANCE),https://paladindanse111.github.io/AFSC-PDFs/21M.html,https://paladindanse111.github.io/AFSC-PDFs/BASE_LUKE_AFB.html,F-35,Active Duty
LUKE AFB,"33°32'22""N","112°22'32""W",12S UC 72284 11939,21R1,21R1 (LOGISTICS READINESS),https://paladindanse111.github.io/AFSC-PDFs/21R.html,https://paladindanse111.github.io/AFSC-PDFs/BASE_LUKE_AFB.html,F-16,Active Duty
LUKE AFB,"33°32'22""N","112°22'32""W",12S UC 72284 11939,21R1,21R1 (LOGISTICS READINESS),https://paladindanse111.github.io/AFSC-PDFs/21R.html,https://paladindanse111.github.io/AFSC-PDFs/BASE_LUKE_AFB.html,F-35,Active Duty
LUKE AFB,"33°32'22""N","112°22'32""W",12S UC 72284 11939,32E1A,32E1A (CIVIL ENGINEER),https://paladindanse111.github.io/AFSC-PDFs/32E.html,https://paladindanse111.github.io/AFSC-PDFs/BASE_LUKE_AFB.html,F-16,Active Duty
LUKE AFB,"33°32'22""N","112°22'32""W",12S UC 72284 11939,32E1A,32E1A (CIVIL ENGINEER),https://paladindanse111.github.io/AFSC-PDFs/32E.html,https://paladindanse111.github.io/AFSC-PDFs/BASE_LUKE_AFB.html,F-35,Active Duty
LUKE AFB,"33°32'22""N","112°22'32""W",12S UC 72284 11939,32E1C,32E1C (CIVIL ENGINEER),https://paladindanse111.github.io/AFSC-PDFs/32E.html,https://paladindanse111.github.io/AFSC-PDFs/BASE_LUKE_AFB.html,F-16,Active Duty
LUKE AFB,"33°32'22""N","112°22'32""W",12S UC 72284 11939,32E1C,32E1C (CIVIL ENGINEER),https://paladindanse111.github.io/AFSC-PDFs/32E.html,https://paladindanse111.github.io/AFSC-PDFs/BASE_LUKE_AFB.html,F-35,Active Duty
LUKE AFB,"33°32'22""N","112°22'32""W",12S UC 72284 11939,32E1E,32E1E (CIVIL ENGINEER),https://paladindanse111.github.io/AFSC-PDFs/32E.html,https://paladindanse111.github.io/AFSC-PDFs/BASE_LUKE_AFB.html,F-16,Active Duty
LUKE AFB,"33°32'22""N","112°22'32""W",12S UC 72284 11939,32E1E,32E1E (CIVIL ENGINEER),https://paladindanse111.github.io/AFSC-PDFs/32E.html,https://paladindanse111.github.io/AFSC-PDFs/BASE_LUKE_AFB.html,F-35,Active Duty
LUKE AFB,"33°32'22""N","112°22'32""W",12S UC 72284 11939,32E1F,32E1F (CIVIL ENGINEER),https://paladindanse111.github.io/AFSC-PDFs/32E.html,https://paladindanse111.github.io/AFSC-PDFs/BASE_LUKE_AFB.html,F-16,Active Duty
LUKE AFB,"33°32'22""N","112°22'32""W",12S UC 72284 11939,32E1F,32E1F (CIVIL ENGINEER),https://paladindanse111.github.io/AFSC-PDFs/32E.html,https://paladindanse111.github.io/AFSC-PDFs/BASE_LUKE_AFB.html,F-35,Active Duty
LUKE AFB,"33°32'22""N","112°22'32""W",12S UC 72284 11939,32E1G,32E1G (CIVIL ENGINEER),https://paladindanse111.github.io/AFSC-PDFs/32E.html,https://paladindanse111.github.io/AFSC-PDFs/BASE_LUKE_AFB.html,F-16,Active Duty
LUKE AFB,"33°32'22""N","112°22'32""W",12S UC 72284 11939,32E1G,32E1G (CIVIL ENGINEER),https://paladindanse111.github.io/AFSC-PDFs/32E.html,https://paladindanse111.github.io/AFSC-PDFs/BASE_LUKE_AFB.html,F-35,Active Duty
LUKE AFB,"33°32'22""N","112°22'32""W",12S UC 72284 11939,32E1J,32E1J (CIVIL ENGINEER),https://paladindanse111.github.io/AFSC-PDFs/32E.html,https://paladindanse111.github.io/AFSC-PDFs/BASE_LUKE_AFB.html,F-16,Active Duty
LUKE AFB,"33°32'22""N","112°22'32""W",12S UC 72284 11939,32E1J,32E1J (CIVIL ENGINEER),https://paladindanse111.github.io/AFSC-PDFs/32E.html,https://paladindanse111.github.io/AFSC-PDFs/BASE_LUKE_AFB.html,F-35,Active Duty
LUKE AFB,"33°32'22""N","112°22'32""W",12S UC 72284 11939,35P1,35P1 (PUBLIC AFFAIRS),https://paladindanse111.github.io/AFSC-PDFs/35P.html,https://paladindanse111.github.io/AFSC-PDFs/BASE_LUKE_AFB.html,F-16,Active Duty
LUKE AFB,"33°32'22""N","112°22'32""W",12S UC 72284 11939,35P1,35P1 (PUBLIC AFFAIRS),https://paladindanse111.github.io/AFSC-PDFs/35P.html,https://paladindanse111.github.io/AFSC-PDFs/BASE_LUKE_AFB.html,F-35,Active Duty
LUKE AFB,"33°32'22""N","112°22'32""W",12S UC 72284 11939,38F1,38F1 (FORCE SUPPORT),https://paladindanse111.github.io/AFSC-PDFs/38F.html,https://paladindanse111.github.io/AFSC-PDFs/BASE_LUKE_AFB.html,F-16,Active Duty
LUKE AFB,"33°32'22""N","112°22'32""W",12S UC 72284 11939,38F1,38F1 (FORCE SUPPORT),https://paladindanse111.github.io/AFSC-PDFs/38F.html,https://paladindanse111.github.io/AFSC-PDFs/BASE_LUKE_AFB.html,F-35,Active Duty
LUKE AFB,"33°32'22""N","112°22'32""W",12S UC 72284 11939,64P1,64P1 (CONTRACTING),https://paladindanse111.github.io/AFSC-PDFs/64P.html,https://paladindanse111.github.io/AFSC-PDFs/BASE_LUKE_AFB.html,F-16,Active Duty
LUKE AFB,"33°32'22""N","112°22'32""W",12S UC 72284 11939,64P1,64P1 (CONTRACTING),https://paladindanse111.github.io/AFSC-PDFs/64P.html,https://paladindanse111.github.io/AFSC-PDFs/BASE_LUKE_AFB.html,F-35,Active Duty
LUKE AFB,"33°32'22""N","112°22'32""W",12S UC 72284 11939,65F1,65F1 (FINANCIAL MANAGEMENT),https://paladindanse111.github.io/AFSC-PDFs/65F.html,https://paladindanse111.github.io/AFSC-PDFs/BASE_LUKE_AFB.html,F-16,Active Duty
LUKE AFB,"33°32'22""N","112°22'32""W",12S UC 72284 11939,65F1,65F1 (FINANCIAL MANAGEMENT),https://paladindanse111.github.io/AFSC-PDFs/65F.html,https://paladindanse111.github.io/AFSC-PDFs/BASE_LUKE_AFB.html,F-35,Active Duty
LUKE AFB,"33°32'22""N","112°22'32""W",12S UC 72284 11939,71S1,71S1 (SPECIAL INVESTIGATIONS),https://paladindanse111.github.io/AFSC-PDFs/71S.html,https://paladindanse111.github.io/AFSC-PDFs/BASE_LUKE_AFB.html,F-16,Active Duty
LUKE AFB,"33°32'22""N","112°22'32""W",12S UC 72284 11939,71S1,71S1 (SPECIAL INVESTIGATIONS),https://paladindanse111.github.io/AFSC-PDFs/71S.html,https://paladindanse111.github.io/AFSC-PDFs/BASE_LUKE_AFB.html,F-35,Active Duty
MACDILL AFB,"27°51'28""N","82°29'19""W",17R LL 53434 82337,21A1,21A1 (AIRCRAFT MAINTENANCE),https://paladindanse111.github.io/AFSC-PDFs/21A.html,https://paladindanse111.github.io/AFSC-PDFs/BASE_MACDILL_AFB.html,KC-135,Active Duty
MACDILL AFB,"27°51'28""N","82°29'19""W",17R LL 53434 82337,21R1,21R1 (LOGISTICS READINESS),https://paladindanse111.github.io/AFSC-PDFs/21R.html,https://paladindanse111.github.io/AFSC-PDFs/BASE_MACDILL_AFB.html,KC-135,Active Duty
MACDILL AFB,"27°51'28""N","82°29'19""W",17R LL 53434 82337,35P1,35P1 (PUBLIC AFFAIRS),https://paladindanse111.github.io/AFSC-PDFs/35P.html,https://paladindanse111.github.io/AFSC-PDFs/BASE_MACDILL_AFB.html,KC-135,Active Duty
MACDILL AFB,"27°51'28""N","82°29'19""W",17R LL 53434 82337,38F1,38F1 (FORCE SUPPORT),https://paladindanse111.github.io/AFSC-PDFs/38F.html,https://paladindanse111.github.io/AFSC-PDFs/BASE_MACDILL_AFB.html,KC-135,Active Duty
MACDILL AFB,"27°51'28""N","82°29'19""W",17R LL 53434 82337,64P1,64P1 (CONTRACTING),https://paladindanse111.github.io/AFSC-PDFs/64P.html,https://paladindanse111.github.io/AFSC-PDFs/BASE_MACDILL_AFB.html,KC-135,Active Duty
MACDILL AFB,"27°51'28""N","82°29'19""W",17R LL 53434 82337,65F1,65F1 (FINANCIAL MANAGEMENT),https://paladindanse111.github.io/AFSC-PDFs/65F.html,https://paladindanse111.github.io/AFSC-PDFs/BASE_MACDILL_AFB.html,KC-135,Active Duty
MACDILL AFB,"27°51'28""N","82°29'19""W",17R LL 53434 82337,71S1,71S1 (SPECIAL INVESTIGATIONS),https://paladindanse111.github.io/AFSC-PDFs/71S.html,https://paladindanse111.github.io/AFSC-PDFs/BASE_MACDILL_AFB.html,KC-135,Active Duty
MALMSTROM AFB,"47°30'17""N","111°10'56""W",12T VT 86277 61270,13N1,13N1 (NUCLEAR AND MISSILE OPERATIONS),https://paladindanse111.github.io/AFSC-PDFs/13N.html,https://paladindanse111.github.io/AFSC-PDFs/BASE_MALMSTROM_AFB.html,UH-1N,Active Duty
MALMSTROM AFB,"47°30'17""N","111°10'56""W",12T VT 86277 61270,21M1,21M1 (MUNITIONS AND MISSILE MAINTENANCE),https://paladindanse111.github.io/AFSC-PDFs/21M.html,https://paladindanse111.github.io/AFSC-PDFs/BASE_MALMSTROM_AFB.html,UH-1N,Active Duty
MALMSTROM AFB,"47°30'17""N","111°10'56""W",12T VT 86277 61270,21R1,21R1 (LOGISTICS READINESS),https://paladindanse111.github.io/AFSC-PDFs/21R.html,https://paladindanse111.github.io/AFSC-PDFs/BASE_MALMSTROM_AFB.html,UH-1N,Active Duty
MALMSTROM AFB,"47°30'17""N","111°10'56""W",12T VT 86277 61270,31P1,31P1 (SECURITY FORCES),https://paladindanse111.github.io/AFSC-PDFs/31P.html,https://paladindanse111.github.io/AFSC-PDFs/BASE_MALMSTROM_AFB.html,UH-1N,Active Duty
MALMSTROM AFB,"47°30'17""N","111°10'56""W",12T VT 86277 61270,32E1A,32E1A (CIVIL ENGINEER),https://paladindanse111.github.io/AFSC-PDFs/32E.html,https://paladindanse111.github.io/AFSC-PDFs/BASE_MALMSTROM_AFB.html,UH-1N,Active Duty
MALMSTROM AFB,"47°30'17""N","111°10'56""W",12T VT 86277 61270,32E1C,32E1C (CIVIL ENGINEER),https://paladindanse111.github.io/AFSC-PDFs/32E.html,https://paladindanse111.github.io/AFSC-PDFs/BASE_MALMSTROM_AFB.html,UH-1N,Active Duty
MALMSTROM AFB,"47°30'17""N","111°10'56""W",12T VT 86277 61270,32E1E,32E1E (CIVIL ENGINEER),https://paladindanse111.github.io/AFSC-PDFs/32E.html,https://paladindanse111.github.io/AFSC-PDFs/BASE_MALMSTROM_AFB.html,UH-1N,Active Duty
MALMSTROM AFB,"47°30'17""N","111°10'56""W",12T VT 86277 61270,32E1F,32E1F (CIVIL ENGINEER),https://paladindanse111.github.io/AFSC-PDFs/32E.html,https://paladindanse111.github.io/AFSC-PDFs/BASE_MALMSTROM_AFB.html,UH-1N,Active Duty
MALMSTROM AFB,"47°30'17""N","111°10'56""W",12T VT 86277 61270,32E1G,32E1G (CIVIL ENGINEER),https://paladindanse111.github.io/AFSC-PDFs/32E.html,https://paladindanse111.github.io/AFSC-PDFs/BASE_MALMSTROM_AFB.html,UH-1N,Active Duty
MALMSTROM AFB,"47°30'17""N","111°10'56""W",12T VT 86277 61270,32E1J,32E1J (CIVIL ENGINEER),https://paladindanse111.github.io/AFSC-PDFs/32E.html,https://paladindanse111.github.io/AFSC-PDFs/BASE_MALMSTROM_AFB.html,UH-1N,Active Duty
MALMSTROM AFB,"47°30'17""N","111°10'56""W",12T VT 86277 61270,35P1,35P1 (PUBLIC AFFAIRS),https://paladindanse111.github.io/AFSC-PDFs/35P.html,https://paladindanse111.github.io/AFSC-PDFs/BASE_MALMSTROM_AFB.html,UH-1N,Active Duty
MALMSTROM AFB,"47°30'17""N","111°10'56""W",12T VT 86277 61270,38F1,38F1 (FORCE SUPPORT),https://paladindanse111.github.io/AFSC-PDFs/38F.html,https://paladindanse111.github.io/AFSC-PDFs/BASE_MALMSTROM_AFB.html,UH-1N,Active Duty
MALMSTROM AFB,"47°30'17""N","111°10'56""W",12T VT 86277 61270,64P1,64P1 (CONTRACTING),https://paladindanse111.github.io/AFSC-PDFs/64P.html,https://paladindanse111.github.io/AFSC-PDFs/BASE_MALMSTROM_AFB.html,UH-1N,Active Duty
MALMSTROM AFB,"47°30'17""N","111°10'56""W",12T VT 86277 61270,65F1,65F1 (FINANCIAL MANAGEMENT),https://paladindanse111.github.io/AFSC-PDFs/65F.html,https://paladindanse111.github.io/AFSC-PDFs/BASE_MALMSTROM_AFB.html,UH-1N,Active Duty
MALMSTROM AFB,"47°30'17""N","111°10'56""W",12T VT 86277 61270,71S1,71S1 (SPECIAL INVESTIGATIONS),https://paladindanse111.github.io/AFSC-PDFs/71S.html,https://paladindanse111.github.io/AFSC-PDFs/BASE_MALMSTROM_AFB.html,UH-1N,Active Duty
MAUI ISLAND,"20° 45' 0""N","156° 15' 0""W",4Q GH 86360 96915,61D1,61D1 (PHYSICIST/NUCLEAR ENGINEER),https://paladindanse111.github.io/AFSC-PDFs/61D.html,https://paladindanse111.github.io/AFSC-PDFs/BASE_MAUI_ISLAND.html,,Active Duty
MAXWELL-GUNTER AFB,"32°22'43""N","86°21'44""W",16S EA 59993 82581,38F1,38F1 (FORCE SUPPORT),https://paladindanse111.github.io/AFSC-PDFs/38F.html,https://paladindanse111.github.io/AFSC-PDFs/BASE_MAXWELL-GUNTER_AFB.html,,Active Duty
MAXWELL-GUNTER AFB,"32°22'43""N","86°21'44""W",16S EA 59993 82581,63A1,63A1 (AQUISITION MANAGER),https://paladindanse111.github.io/AFSC-PDFs/63A.html,https://paladindanse111.github.io/AFSC-PDFs/BASE_MAXWELL-GUNTER_AFB.html,,Active Duty
MAXWELL-GUNTER AFB,"32°22'43""N","86°21'44""W",16S EA 59993 82581,64P1,64P1 (CONTRACTING),https://paladindanse111.github.io/AFSC-PDFs/64P.html,https://paladindanse111.github.io/AFSC-PDFs/BASE_MAXWELL-GUNTER_AFB.html,,Active Duty
MAXWELL-GUNTER AFB,"32°22'43""N","86°21'44""W",16S EA 59993 82581,65F1,65F1 (FINANCIAL MANAGEMENT),https://paladindanse111.github.io/AFSC-PDFs/65F.html,https://paladindanse111.github.io/AFSC-PDFs/BASE_MAXWELL-GUNTER_AFB.html,,Active Duty
MCCONNELL AFB,"37°37'51""N","97°15'06""W",14S PG 54271 66293,21A1,21A1 (AIRCRAFT MAINTENANCE),https://paladindanse111.github.io/AFSC-PDFs/21A.html,https://paladindanse111.github.io/AFSC-PDFs/BASE_MCCONNELL_AFB.html,KC-135,Active Duty
MCCONNELL AFB,"37°37'51""N","97°15'06""W",14S PG 54271 66293,21A1,21A1 (AIRCRAFT MAINTENANCE),https://paladindanse111.github.io/AFSC-PDFs/21A.html,https://paladindanse111.github.io/AFSC-PDFs/BASE_MCCONNELL_AFB.html,KC-46,Active Duty
MCCONNELL AFB,"37°37'51""N","97°15'06""W",14S PG 54271 66293,21A1,21A1 (AIRCRAFT MAINTENANCE),https://paladindanse111.github.io/AFSC-PDFs/21A.html,https://paladindanse111.github.io/AFSC-PDFs/BASE_MCCONNELL_AFB.html,KC-46 (KC-X),Active Duty
MCCONNELL AFB,"37°37'51""N","97°15'06""W",14S PG 54271 66293,21R1,21R1 (LOGISTICS READINESS),https://paladindanse111.github.io/AFSC-PDFs/21R.html,https://paladindanse111.github.io/AFSC-PDFs/BASE_MCCONNELL_AFB.html,KC-135,Active Duty
MCCONNELL AFB,"37°37'51""N","97°15'06""W",14S PG 54271 66293,21R1,21R1 (LOGISTICS READINESS),https://paladindanse111.github.io/AFSC-PDFs/21R.html,https://paladindanse111.github.io/AFSC-PDFs/BASE_MCCONNELL_AFB.html,KC-46,Active Duty
MCCONNELL AFB,"37°37'51""N","97°15'06""W",14S PG 54271 66293,21R1,21R1 (LOGISTICS READINESS),https://paladindanse111.github.io/AFSC-PDFs/21R.html,https://paladindanse111.github.io/AFSC-PDFs/BASE_MCCONNELL_AFB.html,KC-46 (KC-X),Active Duty
MCCONNELL AFB,"37°37'51""N","97°15'06""W",14S PG 54271 66293,32E1A,32E1A (CIVIL ENGINEER),https://paladindanse111.github.io/AFSC-PDFs/32E.html,https://paladindanse111.github.io/AFSC-PDFs/BASE_MCCONNELL_AFB.html,KC-135,Active Duty
MCCONNELL AFB,"37°37'51""N","97°15'06""W",14S PG 54271 66293,32E1A,32E1A (CIVIL ENGINEER),https://paladindanse111.github.io/AFSC-PDFs/32E.html,https://paladindanse111.github.io/AFSC-PDFs/BASE_MCCONNELL_AFB.html,KC-46,Active Duty
MCCONNELL AFB,"37°37'51""N","97°15'06""W",14S PG 54271 66293,32E1A,32E1A (CIVIL ENGINEER),https://paladindanse111.github.io/AFSC-PDFs/32E.html,https://paladindanse111.github.io/AFSC-PDFs/BASE_MCCONNELL_AFB.html,KC-46 (KC-X),Active Duty
MCCONNELL AFB,"37°37'51""N","97°15'06""W",14S PG 54271 66293,32E1C,32E1C (CIVIL ENGINEER),https://paladindanse111.github.io/AFSC-PDFs/32E.html,https://paladindanse111.github.io/AFSC-PDFs/BASE_MCCONNELL_AFB.html,KC-135,Active Duty
MCCONNELL AFB,"37°37'51""N","97°15'06""W",14S PG 54271 66293,32E1C,32E1C (CIVIL ENGINEER),https://paladindanse111.github.io/AFSC-PDFs/32E.html,https://paladindanse111.github.io/AFSC-PDFs/BASE_MCCONNELL_AFB.html,KC-46,Active Duty
MCCONNELL AFB,"37°37'51""N","97°15'06""W",14S PG 54271 66293,32E1C,32E1C (CIVIL ENGINEER),https://paladindanse111.github.io/AFSC-PDFs/32E.html,https://paladindanse111.github.io/AFSC-PDFs/BASE_MCCONNELL_AFB.html,KC-46 (KC-X),Active Duty
MCCONNELL AFB,"37°37'51""N","97°15'06""W",14S PG 54271 66293,32E1E,32E1E (CIVIL ENGINEER),https://paladindanse111.github.io/AFSC-PDFs/32E.html,https://paladindanse111.github.io/AFSC-PDFs/BASE_MCCONNELL_AFB.html,KC-135,Active Duty
MCCONNELL AFB,"37°37'51""N","97°15'06""W",14S PG 54271 66293,32E1E,32E1E (CIVIL ENGINEER),https://paladindanse111.github.io/AFSC-PDFs/32E.html,https://paladindanse111.github.io/AFSC-PDFs/BASE_MCCONNELL_AFB.html,KC-46,Active Duty
MCCONNELL AFB,"37°37'51""N","97°15'06""W",14S PG 54271 66293,32E1E,32E1E (CIVIL ENGINEER),https://paladindanse111.github.io/AFSC-PDFs/32E.html,https://paladindanse111.github.io/AFSC-PDFs/BASE_MCCONNELL_AFB.html,KC-46 (KC-X),Active Duty
MCCONNELL AFB,"37°37'51""N","97°15'06""W",14S PG 54271 66293,32E1F,32E1F (CIVIL ENGINEER),https://paladindanse111.github.io/AFSC-PDFs/32E.html,https://paladindanse111.github.io/AFSC-PDFs/BASE_MCCONNELL_AFB.html,KC-135,Active Duty
MCCONNELL AFB,"37°37'51""N","97°15'06""W",14S PG 54271 66293,32E1F,32E1F (CIVIL ENGINEER),https://paladindanse111.github.io/AFSC-PDFs/32E.html,https://paladindanse111.github.io/AFSC-PDFs/BASE_MCCONNELL_AFB.html,KC-46,Active Duty
MCCONNELL AFB,"37°37'51""N","97°15'06""W",14S PG 54271 66293,32E1F,32E1F (CIVIL ENGINEER),https://paladindanse111.github.io/AFSC-PDFs/32E.html,https://paladindanse111.github.io/AFSC-PDFs/BASE_MCCONNELL_AFB.html,KC-46 (KC-X),Active Duty
MCCONNELL AFB,"37°37'51""N","97°15'06""W",14S PG 54271 66293,32E1G,32E1G (CIVIL ENGINEER),https://paladindanse111.github.io/AFSC-PDFs/32E.html,https://paladindanse111.github.io/AFSC-PDFs/BASE_MCCONNELL_AFB.html,KC-135,Active Duty
MCCONNELL AFB,"37°37'51""N","97°15'06""W",14S PG 54271 66293,32E1G,32E1G (CIVIL ENGINEER),https://paladindanse111.github.io/AFSC-PDFs/32E.html,https://paladindanse111.github.io/AFSC-PDFs/BASE_MCCONNELL_AFB.html,KC-46,Active Duty
MCCONNELL AFB,"37°37'51""N","97°15'06""W",14S PG 54271 66293,32E1G,32E1G (CIVIL ENGINEER),https://paladindanse111.github.io/AFSC-PDFs/32E.html,https://paladindanse111.github.io/AFSC-PDFs/BASE_MCCONNELL_AFB.html,KC-46 (KC-X),Active Duty
MCCONNELL AFB,"37°37'51""N","97°15'06""W",14S PG 54271 66293,32E1J,32E1J (CIVIL ENGINEER),https://paladindanse111.github.io/AFSC-PDFs/32E.html,https://paladindanse111.github.io/AFSC-PDFs/BASE_MCCONNELL_AFB.html,KC-135,Active Duty
MCCONNELL AFB,"37°37'51""N","97°15'06""W",14S PG 54271 66293,32E1J,32E1J (CIVIL ENGINEER),https://paladindanse111.github.io/AFSC-PDFs/32E.html,https://paladindanse111.github.io/AFSC-PDFs/BASE_MCCONNELL_AFB.html,KC-46,Active Duty
MCCONNELL AFB,"37°37'51""N","97°15'06""W",14S PG 54271 66293,32E1J,32E1J (CIVIL ENGINEER),https://paladindanse111.github.io/AFSC-PDFs/32E.html,https://paladindanse111.github.io/AFSC-PDFs/BASE_MCCONNELL_AFB.html,KC-46 (KC-X),Active Duty
MCCONNELL AFB,"37°37'51""N","97°15'06""W",14S PG 54271 66293,35P1,35P1 (PUBLIC AFFAIRS),https://paladindanse111.github.io/AFSC-PDFs/35P.html,https://paladindanse111.github.io/AFSC-PDFs/BASE_MCCONNELL_AFB.html,KC-135,Active Duty
MCCONNELL AFB,"37°37'51""N","97°15'06""W",14S PG 54271 66293,35P1,35P1 (PUBLIC AFFAIRS),https://paladindanse111.github.io/AFSC-PDFs/35P.html,https://paladindanse111.github.io/AFSC-PDFs/BASE_MCCONNELL_AFB.html,KC-46,Active Duty
MCCONNELL AFB,"37°37'51""N","97°15'06""W",14S PG 54271 66293,35P1,35P1 (PUBLIC AFFAIRS),https://paladindanse111.github.io/AFSC-PDFs/35P.html,https://paladindanse111.github.io/AFSC-PDFs/BASE_MCCONNELL_AFB.html,KC-46 (KC-X),Active Duty
MCCONNELL AFB,"37°37'51""N","97°15'06""W",14S PG 54271 66293,38F1,38F1 (FORCE SUPPORT),https://paladindanse111.github.io/AFSC-PDFs/38F.html,https://paladindanse111.github.io/AFSC-PDFs/BASE_MCCONNELL_AFB.html,KC-135,Active Duty
MCCONNELL AFB,"37°37'51""N","97°15'06""W",14S PG 54271 66293,38F1,38F1 (FORCE SUPPORT),https://paladindanse111.github.io/AFSC-PDFs/38F.html,https://paladindanse111.github.io/AFSC-PDFs/BASE_MCCONNELL_AFB.html,KC-46,Active Duty
MCCONNELL AFB,"37°37'51""N","97°15'06""W",14S PG 54271 66293,38F1,38F1 (FORCE SUPPORT),https://paladindanse111.github.io/AFSC-PDFs/38F.html,https://paladindanse111.github.io/AFSC-PDFs/BASE_MCCONNELL_AFB.html,KC-46 (KC-X),Active Duty
MCCONNELL AFB,"37°37'51""N","97°15'06""W",14S PG 54271 66293,64P1,64P1 (CONTRACTING),https://paladindanse111.github.io/AFSC-PDFs/64P.html,https://paladindanse111.github.io/AFSC-PDFs/BASE_MCCONNELL_AFB.html,KC-135,Active Duty
MCCONNELL AFB,"37°37'51""N","97°15'06""W",14S PG 54271 66293,64P1,64P1 (CONTRACTING),https://paladindanse111.github.io/AFSC-PDFs/64P.html,https://paladindanse111.github.io/AFSC-PDFs/BASE_MCCONNELL_AFB.html,KC-46,Active Duty
MCCONNELL AFB,"37°37'51""N","97°15'06""W",14S PG 54271 66293,64P1,64P1 (CONTRACTING),https://paladindanse111.github.io/AFSC-PDFs/64P.html,https://paladindanse111.github.io/AFSC-PDFs/BASE_MCCONNELL_AFB.html,KC-46 (KC-X),Active Duty
MCCONNELL AFB,"37°37'51""N","97°15'06""W",14S PG 54271 66293,65F1,65F1 (FINANCIAL MANAGEMENT),https://paladindanse111.github.io/AFSC-PDFs/65F.html,https://paladindanse111.github.io/AFSC-PDFs/BASE_MCCONNELL_AFB.html,KC-135,Active Duty
MCCONNELL AFB,"37°37'51""N","97°15'06""W",14S PG 54271 66293,65F1,65F1 (FINANCIAL MANAGEMENT),https://paladindanse111.github.io/AFSC-PDFs/65F.html,https://paladindanse111.github.io/AFSC-PDFs/BASE_MCCONNELL_AFB.html,KC-46,Active Duty
MCCONNELL AFB,"37°37'51""N","97°15'06""W",14S PG 54271 66293,65F1,65F1 (FINANCIAL MANAGEMENT),https://paladindanse111.github.io/AFSC-PDFs/65F.html,https://paladindanse111.github.io/AFSC-PDFs/BASE_MCCONNELL_AFB.html,KC-46 (KC-X),Active Duty
MILDENHALL RAF,"52°21'45""N","0°30'14""E",31U CU 30041 04290,14F1,14F1 (INFORMATION OPERATIONS),https://paladindanse111.github.io/AFSC-PDFs/14F.html,https://paladindanse111.github.io/AFSC-PDFs/BASE_MILDENHALL_RAF.html,CV-22,Active Duty
MILDENHALL RAF,"52°21'45""N","0°30'14""E",31U CU 30041 04290,14F1,14F1 (INFORMATION OPERATIONS),https://paladindanse111.github.io/AFSC-PDFs/14F.html,https://paladindanse111.github.io/AFSC-PDFs/BASE_MILDENHALL_RAF.html,KC-135,Active Duty
MILDENHALL RAF,"52°21'45""N","0°30'14""E",31U CU 30041 04290,14F1,14F1 (INFORMATION OPERATIONS),https://paladindanse111.github.io/AFSC-PDFs/14F.html,https://paladindanse111.github.io/AFSC-PDFs/BASE_MILDENHALL_RAF.html,MC-130J,Active Duty
MILDENHALL RAF,"52°21'45""N","0°30'14""E",31U CU 30041 04290,14F1,14F1 (INFORMATION OPERATIONS),https://paladindanse111.github.io/AFSC-PDFs/14F.html,https://paladindanse111.github.io/AFSC-PDFs/BASE_MILDENHALL_RAF.html,RC-135,Active Duty
MILDENHALL RAF,"52°21'45""N","0°30'14""E",31U CU 30041 04290,21A1,21A1 (AIRCRAFT MAINTENANCE),https://paladindanse111.github.io/AFSC-PDFs/21A.html,https://paladindanse111.github.io/AFSC-PDFs/BASE_MILDENHALL_RAF.html,CV-22,Active Duty
MILDENHALL RAF,"52°21'45""N","0°30'14""E",31U CU 30041 04290,21A1,21A1 (AIRCRAFT MAINTENANCE),https://paladindanse111.github.io/AFSC-PDFs/21A.html,https://paladindanse111.github.io/AFSC-PDFs/BASE_MILDENHALL_RAF.html,KC-135,Active Duty
MILDENHALL RAF,"52°21'45""N","0°30'14""E",31U CU 30041 04290,21A1,21A1 (AIRCRAFT MAINTENANCE),https://paladindanse111.github.io/AFSC-PDFs/21A.html,https://paladindanse111.github.io/AFSC-PDFs/BASE_MILDENHALL_RAF.html,MC-130J,Active Duty
MILDENHALL RAF,"52°21'45""N","0°30'14""E",31U CU 30041 04290,21A1,21A1 (AIRCRAFT MAINTENANCE),https://paladindanse111.github.io/AFSC-PDFs/21A.html,https://paladindanse111.github.io/AFSC-PDFs/BASE_MILDENHALL_RAF.html,RC-135,Active Duty
MILDENHALL RAF,"52°21'45""N","0°30'14""E",31U CU 30041 04290,21R1,21R1 (LOGISTICS READINESS),https://paladindanse111.github.io/AFSC-PDFs/21R.html,https://paladindanse111.github.io/AFSC-PDFs/BASE_MILDENHALL_RAF.html,CV-22,Active Duty
MILDENHALL RAF,"52°21'45""N","0°30'14""E",31U CU 30041 04290,21R1,21R1 (LOGISTICS READINESS),https://paladindanse111.github.io/AFSC-PDFs/21R.html,https://paladindanse111.github.io/AFSC-PDFs/BASE_MILDENHALL_RAF.html,KC-135,Active Duty
MILDENHALL RAF,"52°21'45""N","0°30'14""E",31U CU 30041 04290,21R1,21R1 (LOGISTICS READINESS),https://paladindanse111.github.io/AFSC-PDFs/21R.html,https://paladindanse111.github.io/AFSC-PDFs/BASE_MILDENHALL_RAF.html,MC-130J,Active Duty
MILDENHALL RAF,"52°21'45""N","0°30'14""E",31U CU 30041 04290,21R1,21R1 (LOGISTICS READINESS),https://paladindanse111.github.io/AFSC-PDFs/21R.html,https://paladindanse111.github.io/AFSC-PDFs/BASE_MILDENHALL_RAF.html,RC-135,Active Duty
MILDENHALL RAF,"52°21'45""N","0°30'14""E",31U CU 30041 04290,32E1A,32E1A (CIVIL ENGINEER),https://paladindanse111.github.io/AFSC-PDFs/32E.html,https://paladindanse111.github.io/AFSC-PDFs/BASE_MILDENHALL_RAF.html,CV-22,Active Duty
MILDENHALL RAF,"52°21'45""N","0°30'14""E",31U CU 30041 04290,32E1A,32E1A (CIVIL ENGINEER),https://paladindanse111.github.io/AFSC-PDFs/32E.html,https://paladindanse111.github.io/AFSC-PDFs/BASE_MILDENHALL_RAF.html,KC-135,Active Duty
MILDENHALL RAF,"52°21'45""N","0°30'14""E",31U CU 30041 04290,32E1A,32E1A (CIVIL ENGINEER),https://paladindanse111.github.io/AFSC-PDFs/32E.html,https://paladindanse111.github.io/AFSC-PDFs/BASE_MILDENHALL_RAF.html,MC-130J,Active Duty
MILDENHALL RAF,"52°21'45""N","0°30'14""E",31U CU 30041 04290,32E1A,32E1A (CIVIL ENGINEER),https://paladindanse111.github.io/AFSC-PDFs/32E.html,https://paladindanse111.github.io/AFSC-PDFs/BASE_MILDENHALL_RAF.html,RC-135,Active Duty
MILDENHALL RAF,"52°21'45""N","0°30'14""E",31U CU 30041 04290,32E1C,32E1C (CIVIL ENGINEER),https://paladindanse111.github.io/AFSC-PDFs/32E.html,https://paladindanse111.github.io/AFSC-PDFs/BASE_MILDENHALL_RAF.html,CV-22,Active Duty
MILDENHALL RAF,"52°21'45""N","0°30'14""E",31U CU 30041 04290,32E1C,32E1C (CIVIL ENGINEER),https://paladindanse111.github.io/AFSC-PDFs/32E.html,https://paladindanse111.github.io/AFSC-PDFs/BASE_MILDENHALL_RAF.html,KC-135,Active Duty
MILDENHALL RAF,"52°21'45""N","0°30'14""E",31U CU 30041 04290,32E1C,32E1C (CIVIL ENGINEER),https://paladindanse111.github.io/AFSC-PDFs/32E.html,https://paladindanse111.github.io/AFSC-PDFs/BASE_MILDENHALL_RAF.html,MC-130J,Active Duty
MILDENHALL RAF,"52°21'45""N","0°30'14""E",31U CU 30041 04290,32E1C,32E1C (CIVIL ENGINEER),https://paladindanse111.github.io/AFSC-PDFs/32E.html,https://paladindanse111.github.io/AFSC-PDFs/BASE_MILDENHALL_RAF.html,RC-135,Active Duty
MILDENHALL RAF,"52°21'45""N","0°30'14""E",31U CU 30041 04290,32E1E,32E1E (CIVIL ENGINEER),https://paladindanse111.github.io/AFSC-PDFs/32E.html,https://paladindanse111.github.io/AFSC-PDFs/BASE_MILDENHALL_RAF.html,CV-22,Active Duty
MILDENHALL RAF,"52°21'45""N","0°30'14""E",31U CU 30041 04290,32E1E,32E1E (CIVIL ENGINEER),https://paladindanse111.github.io/AFSC-PDFs/32E.html,https://paladindanse111.github.io/AFSC-PDFs/BASE_MILDENHALL_RAF.html,KC-135,Active Duty
MILDENHALL RAF,"52°21'45""N","0°30'14""E",31U CU 30041 04290,32E1E,32E1E (CIVIL ENGINEER),https://paladindanse111.github.io/AFSC-PDFs/32E.html,https://paladindanse111.github.io/AFSC-PDFs/BASE_MILDENHALL_RAF.html,MC-130J,Active Duty
MILDENHALL RAF,"52°21'45""N","0°30'14""E",31U CU 30041 04290,32E1E,32E1E (CIVIL ENGINEER),https://paladindanse111.github.io/AFSC-PDFs/32E.html,https://paladindanse111.github.io/AFSC-PDFs/BASE_MILDENHALL_RAF.html,RC-135,Active Duty
MILDENHALL RAF,"52°21'45""N","0°30'14""E",31U CU 30041 04290,32E1F,32E1F (CIVIL ENGINEER),https://paladindanse111.github.io/AFSC-PDFs/32E.html,https://paladindanse111.github.io/AFSC-PDFs/BASE_MILDENHALL_RAF.html,CV-22,Active Duty
MILDENHALL RAF,"52°21'45""N","0°30'14""E",31U CU 30041 04290,32E1F,32E1F (CIVIL ENGINEER),https://paladindanse111.github.io/AFSC-PDFs/32E.html,https://paladindanse111.github.io/AFSC-PDFs/BASE_MILDENHALL_RAF.html,KC-135,Active Duty
MILDENHALL RAF,"52°21'45""N","0°30'14""E",31U CU 30041 04290,32E1F,32E1F (CIVIL ENGINEER),https://paladindanse111.github.io/AFSC-PDFs/32E.html,https://paladindanse111.github.io/AFSC-PDFs/BASE_MILDENHALL_RAF.html,MC-130J,Active Duty
MILDENHALL RAF,"52°21'45""N","0°30'14""E",31U CU 30041 04290,32E1F,32E1F (CIVIL ENGINEER),https://paladindanse111.github.io/AFSC-PDFs/32E.html,https://paladindanse111.github.io/AFSC-PDFs/BASE_MILDENHALL_RAF.html,RC-135,Active Duty
MILDENHALL RAF,"52°21'45""N","0°30'14""E",31U CU 30041 04290,32E1G,32E1G (CIVIL ENGINEER),https://paladindanse111.github.io/AFSC-PDFs/32E.html,https://paladindanse111.github.io/AFSC-PDFs/BASE_MILDENHALL_RAF.html,CV-22,Active Duty
MILDENHALL RAF,"52°21'45""N","0°30'14""E",31U CU 30041 04290,32E1G,32E1G (CIVIL ENGINEER),https://paladindanse111.github.io/AFSC-PDFs/32E.html,https://paladindanse111.github.io/AFSC-PDFs/BASE_MILDENHALL_RAF.html,KC-135,Active Duty
MILDENHALL RAF,"52°21'45""N","0°30'14""E",31U CU 30041 04290,32E1G,32E1G (CIVIL ENGINEER),https://paladindanse111.github.io/AFSC-PDFs/32E.html,https://paladindanse111.github.io/AFSC-PDFs/BASE_MILDENHALL_RAF.html,MC-130J,Active Duty
MILDENHALL RAF,"52°21'45""N","0°30'14""E",31U CU 30041 04290,32E1G,32E1G (CIVIL ENGINEER),https://paladindanse111.github.io/AFSC-PDFs/32E.html,https://paladindanse111.github.io/AFSC-PDFs/BASE_MILDENHALL_RAF.html,RC-135,Active Duty
MILDENHALL RAF,"52°21'45""N","0°30'14""E",31U CU 30041 04290,32E1J,32E1J (CIVIL ENGINEER),https://paladindanse111.github.io/AFSC-PDFs/32E.html,https://paladindanse111.github.io/AFSC-PDFs/BASE_MILDENHALL_RAF.html,CV-22,Active Duty
MILDENHALL RAF,"52°21'45""N","0°30'14""E",31U CU 30041 04290,32E1J,32E1J (CIVIL ENGINEER),https://paladindanse111.github.io/AFSC-PDFs/32E.html,https://paladindanse111.github.io/AFSC-PDFs/BASE_MILDENHALL_RAF.html,KC-135,Active Duty
MILDENHALL RAF,"52°21'45""N","0°30'14""E",31U CU 30041 04290,32E1J,32E1J (CIVIL ENGINEER),https://paladindanse111.github.io/AFSC-PDFs/32E.html,https://paladindanse111.github.io/AFSC-PDFs/BASE_MILDENHALL_RAF.html,MC-130J,Active Duty
MILDENHALL RAF,"52°21'45""N","0°30'14""E",31U CU 30041 04290,32E1J,32E1J (CIVIL ENGINEER),https://paladindanse111.github.io/AFSC-PDFs/32E.html,https://paladindanse111.github.io/AFSC-PDFs/BASE_MILDENHALL_RAF.html,RC-135,Active Duty
MILDENHALL RAF,"52°21'45""N","0°30'14""E",31U CU 30041 04290,38F1,38F1 (FORCE SUPPORT),https://paladindanse111.github.io/AFSC-PDFs/38F.html,https://paladindanse111.github.io/AFSC-PDFs/BASE_MILDENHALL_RAF.html,CV-22,Active Duty
MILDENHALL RAF,"52°21'45""N","0°30'14""E",31U CU 30041 04290,38F1,38F1 (FORCE SUPPORT),https://paladindanse111.github.io/AFSC-PDFs/38F.html,https://paladindanse111.github.io/AFSC-PDFs/BASE_MILDENHALL_RAF.html,KC-135,Active Duty
MILDENHALL RAF,"52°21'45""N","0°30'14""E",31U CU 30041 04290,38F1,38F1 (FORCE SUPPORT),https://paladindanse111.github.io/AFSC-PDFs/38F.html,https://paladindanse111.github.io/AFSC-PDFs/BASE_MILDENHALL_RAF.html,MC-130J,Active Duty
MILDENHALL RAF,"52°21'45""N","0°30'14""E",31U CU 30041 04290,38F1,38F1 (FORCE SUPPORT),https://paladindanse111.github.io/AFSC-PDFs/38F.html,https://paladindanse111.github.io/AFSC-PDFs/BASE_MILDENHALL_RAF.html,RC-135,Active Duty
MILDENHALL RAF,"52°21'45""N","0°30'14""E",31U CU 30041 04290,61C1,61C1 (CHEMIST/NUCLEAR CHEMIST),https://paladindanse111.github.io/AFSC-PDFs/61C.html,https://paladindanse111.github.io/AFSC-PDFs/BASE_MILDENHALL_RAF.html,CV-22,Active Duty
MILDENHALL RAF,"52°21'45""N","0°30'14""E",31U CU 30041 04290,61C1,61C1 (CHEMIST/NUCLEAR CHEMIST),https://paladindanse111.github.io/AFSC-PDFs/61C.html,https://paladindanse111.github.io/AFSC-PDFs/BASE_MILDENHALL_RAF.html,KC-135,Active Duty
MILDENHALL RAF,"52°21'45""N","0°30'14""E",31U CU 30041 04290,61C1,61C1 (CHEMIST/NUCLEAR CHEMIST),https://paladindanse111.github.io/AFSC-PDFs/61C.html,https://paladindanse111.github.io/AFSC-PDFs/BASE_MILDENHALL_RAF.html,MC-130J,Active Duty
MILDENHALL RAF,"52°21'45""N","0°30'14""E",31U CU 30041 04290,61C1,61C1 (CHEMIST/NUCLEAR CHEMIST),https://paladindanse111.github.io/AFSC-PDFs/61C.html,https://paladindanse111.github.io/AFSC-PDFs/BASE_MILDENHALL_RAF.html,RC-135,Active Duty
MILDENHALL RAF,"52°21'45""N","0°30'14""E",31U CU 30041 04290,65F1,65F1 (FINANCIAL MANAGEMENT),https://paladindanse111.github.io/AFSC-PDFs/65F.html,https://paladindanse111.github.io/AFSC-PDFs/BASE_MILDENHALL_RAF.html,CV-22,Active Duty
MILDENHALL RAF,"52°21'45""N","0°30'14""E",31U CU 30041 04290,65F1,65F1 (FINANCIAL MANAGEMENT),https://paladindanse111.github.io/AFSC-PDFs/65F.html,https://paladindanse111.github.io/AFSC-PDFs/BASE_MILDENHALL_RAF.html,KC-135,Active Duty
MILDENHALL RAF,"52°21'45""N","0°30'14""E",31U CU 30041 04290,65F1,65F1 (FINANCIAL MANAGEMENT),https://paladindanse111.github.io/AFSC-PDFs/65F.html,https://paladindanse111.github.io/AFSC-PDFs/BASE_MILDENHALL_RAF.html,MC-130J,Active Duty
MILDENHALL RAF,"52°21'45""N","0°30'14""E",31U CU 30041 04290,65F1,65F1 (FINANCIAL MANAGEMENT),https://paladindanse111.github.io/AFSC-PDFs/65F.html,https://paladindanse111.github.io/AFSC-PDFs/BASE_MILDENHALL_RAF.html,RC-135,Active Duty
MINOT AFB,"48°25'13""N","101°19'36""W",14U LU 27861 65629,13N1,13N1 (NUCLEAR AND MISSILE OPERATIONS),https://paladindanse111.github.io/AFSC-PDFs/13N.html,https://paladindanse111.github.io/AFSC-PDFs/BASE_MINOT_AFB.html,B-52,Active Duty
MINOT AFB,"48°25'13""N","101°19'36""W",14U LU 27861 65629,13N1,13N1 (NUCLEAR AND MISSILE OPERATIONS),https://paladindanse111.github.io/AFSC-PDFs/13N.html,https://paladindanse111.github.io/AFSC-PDFs/BASE_MINOT_AFB.html,UH-1N,Active Duty
MINOT AFB,"48°25'13""N","101°19'36""W",14U LU 27861 65629,21A1,21A1 (AIRCRAFT MAINTENANCE),https://paladindanse111.github.io/AFSC-PDFs/21A.html,https://paladindanse111.github.io/AFSC-PDFs/BASE_MINOT_AFB.html,B-52,Active Duty
MINOT AFB,"48°25'13""N","101°19'36""W",14U LU 27861 65629,21A1,21A1 (AIRCRAFT MAINTENANCE),https://paladindanse111.github.io/AFSC-PDFs/21A.html,https://paladindanse111.github.io/AFSC-PDFs/BASE_MINOT_AFB.html,UH-1N,Active Duty
MINOT AFB,"48°25'13""N","101°19'36""W",14U LU 27861 65629,21M1,21M1 (MUNITIONS AND MISSILE MAINTENANCE),https://paladindanse111.github.io/AFSC-PDFs/21M.html,https://paladindanse111.github.io/AFSC-PDFs/BASE_MINOT_AFB.html,B-52,Active Duty
MINOT AFB,"48°25'13""N","101°19'36""W",14U LU 27861 65629,21M1,21M1 (MUNITIONS AND MISSILE MAINTENANCE),https://paladindanse111.github.io/AFSC-PDFs/21M.html,https://paladindanse111.github.io/AFSC-PDFs/BASE_MINOT_AFB.html,UH-1N,Active Duty
MINOT AFB,"48°25'13""N","101°19'36""W",14U LU 27861 65629,21R1,21R1 (LOGISTICS READINESS),https://paladindanse111.github.io/AFSC-PDFs/21R.html,https://paladindanse111.github.io/AFSC-PDFs/BASE_MINOT_AFB.html,B-52,Active Duty
MINOT AFB,"48°25'13""N","101°19'36""W",14U LU 27861 65629,21R1,21R1 (LOGISTICS READINESS),https://paladindanse111.github.io/AFSC-PDFs/21R.html,https://paladindanse111.github.io/AFSC-PDFs/BASE_MINOT_AFB.html,UH-1N,Active Duty
MINOT AFB,"48°25'13""N","101°19'36""W",14U LU 27861 65629,31P1,31P1 (SECURITY FORCES),https://paladindanse111.github.io/AFSC-PDFs/31P.html,https://paladindanse111.github.io/AFSC-PDFs/BASE_MINOT_AFB.html,B-52,Active Duty
MINOT AFB,"48°25'13""N","101°19'36""W",14U LU 27861 65629,31P1,31P1 (SECURITY FORCES),https://paladindanse111.github.io/AFSC-PDFs/31P.html,https://paladindanse111.github.io/AFSC-PDFs/BASE_MINOT_AFB.html,UH-1N,Active Duty
MINOT AFB,"48°25'13""N","101°19'36""W",14U LU 27861 65629,32E1A,32E1A (CIVIL ENGINEER),https://paladindanse111.github.io/AFSC-PDFs/32E.html,https://paladindanse111.github.io/AFSC-PDFs/BASE_MINOT_AFB.html,B-52,Active Duty
MINOT AFB,"48°25'13""N","101°19'36""W",14U LU 27861 65629,32E1A,32E1A (CIVIL ENGINEER),https://paladindanse111.github.io/AFSC-PDFs/32E.html,https://paladindanse111.github.io/AFSC-PDFs/BASE_MINOT_AFB.html,UH-1N,Active Duty
MINOT AFB,"48°25'13""N","101°19'36""W",14U LU 27861 65629,32E1C,32E1C (CIVIL ENGINEER),https://paladindanse111.github.io/AFSC-PDFs/32E.html,https://paladindanse111.github.io/AFSC-PDFs/BASE_MINOT_AFB.html,B-52,Active Duty
MINOT AFB,"48°25'13""N","101°19'36""W",14U LU 27861 65629,32E1C,32E1C (CIVIL ENGINEER),https://paladindanse111.github.io/AFSC-PDFs/32E.html,https://paladindanse111.github.io/AFSC-PDFs/BASE_MINOT_AFB.html,UH-1N,Active Duty
MINOT AFB,"48°25'13""N","101°19'36""W",14U LU 27861 65629,32E1E,32E1E (CIVIL ENGINEER),https://paladindanse111.github.io/AFSC-PDFs/32E.html,https://paladindanse111.github.io/AFSC-PDFs/BASE_MINOT_AFB.html,B-52,Active Duty
MINOT AFB,"48°25'13""N","101°19'36""W",14U LU 27861 65629,32E1E,32E1E (CIVIL ENGINEER),https://paladindanse111.github.io/AFSC-PDFs/32E.html,https://paladindanse111.github.io/AFSC-PDFs/BASE_MINOT_AFB.html,UH-1N,Active Duty
MINOT AFB,"48°25'13""N","101°19'36""W",14U LU 27861 65629,32E1F,32E1F (CIVIL ENGINEER),https://paladindanse111.github.io/AFSC-PDFs/32E.html,https://paladindanse111.github.io/AFSC-PDFs/BASE_MINOT_AFB.html,B-52,Active Duty
MINOT AFB,"48°25'13""N","101°19'36""W",14U LU 27861 65629,32E1F,32E1F (CIVIL ENGINEER),https://paladindanse111.github.io/AFSC-PDFs/32E.html,https://paladindanse111.github.io/AFSC-PDFs/BASE_MINOT_AFB.html,UH-1N,Active Duty
MINOT AFB,"48°25'13""N","101°19'36""W",14U LU 27861 65629,32E1G,32E1G (CIVIL ENGINEER),https://paladindanse111.github.io/AFSC-PDFs/32E.html,https://paladindanse111.github.io/AFSC-PDFs/BASE_MINOT_AFB.html,B-52,Active Duty
MINOT AFB,"48°25'13""N","101°19'36""W",14U LU 27861 65629,32E1G,32E1G (CIVIL ENGINEER),https://paladindanse111.github.io/AFSC-PDFs/32E.html,https://paladindanse111.github.io/AFSC-PDFs/BASE_MINOT_AFB.html,UH-1N,Active Duty
MINOT AFB,"48°25'13""N","101°19'36""W",14U LU 27861 65629,32E1J,32E1J (CIVIL ENGINEER),https://paladindanse111.github.io/AFSC-PDFs/32E.html,https://paladindanse111.github.io/AFSC-PDFs/BASE_MINOT_AFB.html,B-52,Active Duty
MINOT AFB,"48°25'13""N","101°19'36""W",14U LU 27861 65629,32E1J,32E1J (CIVIL ENGINEER),https://paladindanse111.github.io/AFSC-PDFs/32E.html,https://paladindanse111.github.io/AFSC-PDFs/BASE_MINOT_AFB.html,UH-1N,Active Duty
MINOT AFB,"48°25'13""N","101°19'36""W",14U LU 27861 65629,35P1,35P1 (PUBLIC AFFAIRS),https://paladindanse111.github.io/AFSC-PDFs/35P.html,https://paladindanse111.github.io/AFSC-PDFs/BASE_MINOT_AFB.html,B-52,Active Duty
MINOT AFB,"48°25'13""N","101°19'36""W",14U LU 27861 65629,35P1,35P1 (PUBLIC AFFAIRS),https://paladindanse111.github.io/AFSC-PDFs/35P.html,https://paladindanse111.github.io/AFSC-PDFs/BASE_MINOT_AFB.html,UH-1N,Active Duty
MINOT AFB,"48°25'13""N","101°19'36""W",14U LU 27861 65629,38F1,38F1 (FORCE SUPPORT),https://paladindanse111.github.io/AFSC-PDFs/38F.html,https://paladindanse111.github.io/AFSC-PDFs/BASE_MINOT_AFB.html,B-52,Active Duty
MINOT AFB,"48°25'13""N","101°19'36""W",14U LU 27861 65629,38F1,38F1 (FORCE SUPPORT),https://paladindanse111.github.io/AFSC-PDFs/38F.html,https://paladindanse111.github.io/AFSC-PDFs/BASE_MINOT_AFB.html,UH-1N,Active Duty
MINOT AFB,"48°25'13""N","101°19'36""W",14U LU 27861 65629,64P1,64P1 (CONTRACTING),https://paladindanse111.github.io/AFSC-PDFs/64P.html,https://paladindanse111.github.io/AFSC-PDFs/BASE_MINOT_AFB.html,B-52,Active Duty
MINOT AFB,"48°25'13""N","101°19'36""W",14U LU 27861 65629,64P1,64P1 (CONTRACTING),https://paladindanse111.github.io/AFSC-PDFs/64P.html,https://paladindanse111.github.io/AFSC-PDFs/BASE_MINOT_AFB.html,UH-1N,Active Duty
MINOT AFB,"48°25'13""N","101°19'36""W",14U LU 27861 65629,65F1,65F1 (FINANCIAL MANAGEMENT),https://paladindanse111.github.io/AFSC-PDFs/65F.html,https://paladindanse111.github.io/AFSC-PDFs/BASE_MINOT_AFB.html,B-52,Active Duty
MINOT AFB,"48°25'13""N","101°19'36""W",14U LU 27861 65629,65F1,65F1 (FINANCIAL MANAGEMENT),https://paladindanse111.github.io/AFSC-PDFs/65F.html,https://paladindanse111.github.io/AFSC-PDFs/BASE_MINOT_AFB.html,UH-1N,Active Duty
MINOT AFB,"48°25'13""N","101°19'36""W",14U LU 27861 65629,71S1,71S1 (SPECIAL INVESTIGATIONS),https://paladindanse111.github.io/AFSC-PDFs/71S.html,https://paladindanse111.github.io/AFSC-PDFs/BASE_MINOT_AFB.html,B-52,Active Duty
MINOT AFB,"48°25'13""N","101°19'36""W",14U LU 27861 65629,71S1,71S1 (SPECIAL INVESTIGATIONS),https://paladindanse111.github.io/AFSC-PDFs/71S.html,https://paladindanse111.github.io/AFSC-PDFs/BASE_MINOT_AFB.html,UH-1N,Active Duty
MISAWA AB,"40°41'55""N","141°22'28""E",54T WL 31634 05368,21A1,21A1 (AIRCRAFT MAINTENANCE),https://paladindanse111.github.io/AFSC-PDFs/21A.html,https://paladindanse111.github.io/AFSC-PDFs/BASE_MISAWA_AB.html,F-16,Active Duty
MISAWA AB,"40°41'55""N","141°22'28""E",54T WL 31634 05368,21A1,21A1 (AIRCRAFT MAINTENANCE),https://paladindanse111.github.io/AFSC-PDFs/21A.html,https://paladindanse111.github.io/AFSC-PDFs/BASE_MISAWA_AB.html,F-35,Active Duty
MISAWA AB,"40°41'55""N","141°22'28""E",54T WL 31634 05368,21M1,21M1 (MUNITIONS AND MISSILE MAINTENANCE),https://paladindanse111.github.io/AFSC-PDFs/21M.html,https://paladindanse111.github.io/AFSC-PDFs/BASE_MISAWA_AB.html,F-16,Active Duty
MISAWA AB,"40°41'55""N","141°22'28""E",54T WL 31634 05368,21M1,21M1 (MUNITIONS AND MISSILE MAINTENANCE),https://paladindanse111.github.io/AFSC-PDFs/21M.html,https://paladindanse111.github.io/AFSC-PDFs/BASE_MISAWA_AB.html,F-35,Active Duty
MISAWA AB,"40°41'55""N","141°22'28""E",54T WL 31634 05368,21R1,21R1 (LOGISTICS READINESS),https://paladindanse111.github.io/AFSC-PDFs/21R.html,https://paladindanse111.github.io/AFSC-PDFs/BASE_MISAWA_AB.html,F-16,Active Duty
MISAWA AB,"40°41'55""N","141°22'28""E",54T WL 31634 05368,21R1,21R1 (LOGISTICS READINESS),https://paladindanse111.github.io/AFSC-PDFs/21R.html,https://paladindanse111.github.io/AFSC-PDFs/BASE_MISAWA_AB.html,F-35,Active Duty
MISAWA AB,"40°41'55""N","141°22'28""E",54T WL 31634 05368,32E1A,32E1A (CIVIL ENGINEER),https://paladindanse111.github.io/AFSC-PDFs/32E.html,https://paladindanse111.github.io/AFSC-PDFs/BASE_MISAWA_AB.html,F-16,Active Duty
MISAWA AB,"40°41'55""N","141°22'28""E",54T WL 31634 05368,32E1A,32E1A (CIVIL ENGINEER),https://paladindanse111.github.io/AFSC-PDFs/32E.html,https://paladindanse111.github.io/AFSC-PDFs/BASE_MISAWA_AB.html,F-35,Active Duty
MISAWA AB,"40°41'55""N","141°22'28""E",54T WL 31634 05368,32E1C,32E1C (CIVIL ENGINEER),https://paladindanse111.github.io/AFSC-PDFs/32E.html,https://paladindanse111.github.io/AFSC-PDFs/BASE_MISAWA_AB.html,F-16,Active Duty
MISAWA AB,"40°41'55""N","141°22'28""E",54T WL 31634 05368,32E1C,32E1C (CIVIL ENGINEER),https://paladindanse111.github.io/AFSC-PDFs/32E.html,https://paladindanse111.github.io/AFSC-PDFs/BASE_MISAWA_AB.html,F-35,Active Duty
MISAWA AB,"40°41'55""N","141°22'28""E",54T WL 31634 05368,32E1E,32E1E (CIVIL ENGINEER),https://paladindanse111.github.io/AFSC-PDFs/32E.html,https://paladindanse111.github.io/AFSC-PDFs/BASE_MISAWA_AB.html,F-16,Active Duty
MISAWA AB,"40°41'55""N","141°22'28""E",54T WL 31634 05368,32E1E,32E1E (CIVIL ENGINEER),https://paladindanse111.github.io/AFSC-PDFs/32E.html,https://paladindanse111.github.io/AFSC-PDFs/BASE_MISAWA_AB.html,F-35,Active Duty
MISAWA AB,"40°41'55""N","141°22'28""E",54T WL 31634 05368,32E1F,32E1F (CIVIL ENGINEER),https://paladindanse111.github.io/AFSC-PDFs/32E.html,https://paladindanse111.github.io/AFSC-PDFs/BASE_MISAWA_AB.html,F-16,Active Duty
MISAWA AB,"40°41'55""N","141°22'28""E",54T WL 31634 05368,32E1F,32E1F (CIVIL ENGINEER),https://paladindanse111.github.io/AFSC-PDFs/32E.html,https://paladindanse111.github.io/AFSC-PDFs/BASE_MISAWA_AB.html,F-35,Active Duty
MISAWA AB,"40°41'55""N","141°22'28""E",54T WL 31634 05368,32E1G,32E1G (CIVIL ENGINEER),https://paladindanse111.github.io/AFSC-PDFs/32E.html,https://paladindanse111.github.io/AFSC-PDFs/BASE_MISAWA_AB.html,F-16,Active Duty
MISAWA AB,"40°41'55""N","141°22'28""E",54T WL 31634 05368,32E1G,32E1G (CIVIL ENGINEER),https://paladindanse111.github.io/AFSC-PDFs/32E.html,https://paladindanse111.github.io/AFSC-PDFs/BASE_MISAWA_AB.html,F-35,Active Duty
MISAWA AB,"40°41'55""N","141°22'28""E",54T WL 31634 05368,32E1J,32E1J (CIVIL ENGINEER),https://paladindanse111.github.io/AFSC-PDFs/32E.html,https://paladindanse111.github.io/AFSC-PDFs/BASE_MISAWA_AB.html,F-16,Active Duty
MISAWA AB,"40°41'55""N","141°22'28""E",54T WL 31634 05368,32E1J,32E1J (CIVIL ENGINEER),https://paladindanse111.github.io/AFSC-PDFs/32E.html,https://paladindanse111.github.io/AFSC-PDFs/BASE_MISAWA_AB.html,F-35,Active Duty
MISAWA AB,"40°41'55""N","141°22'28""E",54T WL 31634 05368,35P1,35P1 (PUBLIC AFFAIRS),https://paladindanse111.github.io/AFSC-PDFs/35P.html,https://paladindanse111.github.io/AFSC-PDFs/BASE_MISAWA_AB.html,F-16,Active Duty
MISAWA AB,"40°41'55""N","141°22'28""E",54T WL 31634 05368,35P1,35P1 (PUBLIC AFFAIRS),https://paladindanse111.github.io/AFSC-PDFs/35P.html,https://paladindanse111.github.io/AFSC-PDFs/BASE_MISAWA_AB.html,F-35,Active Duty
MISAWA AB,"40°41'55""N","141°22'28""E",54T WL 31634 05368,64P1,64P1 (CONTRACTING),https://paladindanse111.github.io/AFSC-PDFs/64P.html,https://paladindanse111.github.io/AFSC-PDFs/BASE_MISAWA_AB.html,F-16,Active Duty
MISAWA AB,"40°41'55""N","141°22'28""E",54T WL 31634 05368,64P1,64P1 (CONTRACTING),https://paladindanse111.github.io/AFSC-PDFs/64P.html,https://paladindanse111.github.io/AFSC-PDFs/BASE_MISAWA_AB.html,F-35,Active Duty
MISAWA AB,"40°41'55""N","141°22'28""E",54T WL 31634 05368,65F1,65F1 (FINANCIAL MANAGEMENT),https://paladindanse111.github.io/AFSC-PDFs/65F.html,https://paladindanse111.github.io/AFSC-PDFs/BASE_MISAWA_AB.html,F-16,Active Duty
MISAWA AB,"40°41'55""N","141°22'28""E",54T WL 31634 05368,65F1,65F1 (FINANCIAL MANAGEMENT),https://paladindanse111.github.io/AFSC-PDFs/65F.html,https://paladindanse111.github.io/AFSC-PDFs/BASE_MISAWA_AB.html,F-35,Active Duty
MOODY AFB,"30°58'12""N","83°11'47""W",17R KQ 90229 28346,21A1,21A1 (AIRCRAFT MAINTENANCE),https://paladindanse111.github.io/AFSC-PDFs/21A.html,https://paladindanse111.github.io/AFSC-PDFs/BASE_MOODY_AFB.html,A-10,Active Duty
MOODY AFB,"30°58'12""N","83°11'47""W",17R KQ 90229 28346,21A1,21A1 (AIRCRAFT MAINTENANCE),https://paladindanse111.github.io/AFSC-PDFs/21A.html,https://paladindanse111.github.io/AFSC-PDFs/BASE_MOODY_AFB.html,HC-130J,Active Duty
MOODY AFB,"30°58'12""N","83°11'47""W",17R KQ 90229 28346,21A1,21A1 (AIRCRAFT MAINTENANCE),https://paladindanse111.github.io/AFSC-PDFs/21A.html,https://paladindanse111.github.io/AFSC-PDFs/BASE_MOODY_AFB.html,HH-60,Active Duty
MOODY AFB,"30°58'12""N","83°11'47""W",17R KQ 90229 28346,21M1,21M1 (MUNITIONS AND MISSILE MAINTENANCE),https://paladindanse111.github.io/AFSC-PDFs/21M.html,https://paladindanse111.github.io/AFSC-PDFs/BASE_MOODY_AFB.html,A-10,Active Duty
MOODY AFB,"30°58'12""N","83°11'47""W",17R KQ 90229 28346,21M1,21M1 (MUNITIONS AND MISSILE MAINTENANCE),https://paladindanse111.github.io/AFSC-PDFs/21M.html,https://paladindanse111.github.io/AFSC-PDFs/BASE_MOODY_AFB.html,HC-130J,Active Duty
MOODY AFB,"30°58'12""N","83°11'47""W",17R KQ 90229 28346,21M1,21M1 (MUNITIONS AND MISSILE MAINTENANCE),https://paladindanse111.github.io/AFSC-PDFs/21M.html,https://paladindanse111.github.io/AFSC-PDFs/BASE_MOODY_AFB.html,HH-60,Active Duty
MOODY AFB,"30°58'12""N","83°11'47""W",17R KQ 90229 28346,21R1,21R1 (LOGISTICS READINESS),https://paladindanse111.github.io/AFSC-PDFs/21R.html,https://paladindanse111.github.io/AFSC-PDFs/BASE_MOODY_AFB.html,A-10,Active Duty
MOODY AFB,"30°58'12""N","83°11'47""W",17R KQ 90229 28346,21R1,21R1 (LOGISTICS READINESS),https://paladindanse111.github.io/AFSC-PDFs/21R.html,https://paladindanse111.github.io/AFSC-PDFs/BASE_MOODY_AFB.html,HC-130J,Active Duty
MOODY AFB,"30°58'12""N","83°11'47""W",17R KQ 90229 28346,21R1,21R1 (LOGISTICS READINESS),https://paladindanse111.github.io/AFSC-PDFs/21R.html,https://paladindanse111.github.io/AFSC-PDFs/BASE_MOODY_AFB.html,HH-60,Active Duty
MOODY AFB,"30°58'12""N","83°11'47""W",17R KQ 90229 28346,31P1,31P1 (SECURITY FORCES),https://paladindanse111.github.io/AFSC-PDFs/31P.html,https://paladindanse111.github.io/AFSC-PDFs/BASE_MOODY_AFB.html,A-10,Active Duty
MOODY AFB,"30°58'12""N","83°11'47""W",17R KQ 90229 28346,31P1,31P1 (SECURITY FORCES),https://paladindanse111.github.io/AFSC-PDFs/31P.html,https://paladindanse111.github.io/AFSC-PDFs/BASE_MOODY_AFB.html,HC-130J,Active Duty
MOODY AFB,"30°58'12""N","83°11'47""W",17R KQ 90229 28346,31P1,31P1 (SECURITY FORCES),https://paladindanse111.github.io/AFSC-PDFs/31P.html,https://paladindanse111.github.io/AFSC-PDFs/BASE_MOODY_AFB.html,HH-60,Active Duty
MOODY AFB,"30°58'12""N","83°11'47""W",17R KQ 90229 28346,32E1A,32E1A (CIVIL ENGINEER),https://paladindanse111.github.io/AFSC-PDFs/32E.html,https://paladindanse111.github.io/AFSC-PDFs/BASE_MOODY_AFB.html,A-10,Active Duty
MOODY AFB,"30°58'12""N","83°11'47""W",17R KQ 90229 28346,32E1A,32E1A (CIVIL ENGINEER),https://paladindanse111.github.io/AFSC-PDFs/32E.html,https://paladindanse111.github.io/AFSC-PDFs/BASE_MOODY_AFB.html,HC-130J,Active Duty
MOODY AFB,"30°58'12""N","83°11'47""W",17R KQ 90229 28346,32E1A,32E1A (CIVIL ENGINEER),https://paladindanse111.github.io/AFSC-PDFs/32E.html,https://paladindanse111.github.io/AFSC-PDFs/BASE_MOODY_AFB.html,HH-60,Active Duty
MOODY AFB,"30°58'12""N","83°11'47""W",17R KQ 90229 28346,32E1C,32E1C (CIVIL ENGINEER),https://paladindanse111.github.io/AFSC-PDFs/32E.html,https://paladindanse111.github.io/AFSC-PDFs/BASE_MOODY_AFB.html,A-10,Active Duty
MOODY AFB,"30°58'12""N","83°11'47""W",17R KQ 90229 28346,32E1C,32E1C (CIVIL ENGINEER),https://paladindanse111.github.io/AFSC-PDFs/32E.html,https://paladindanse111.github.io/AFSC-PDFs/BASE_MOODY_AFB.html,HC-130J,Active Duty
MOODY AFB,"30°58'12""N","83°11'47""W",17R KQ 90229 28346,32E1C,32E1C (CIVIL ENGINEER),https://paladindanse111.github.io/AFSC-PDFs/32E.html,https://paladindanse111.github.io/AFSC-PDFs/BASE_MOODY_AFB.html,HH-60,Active Duty
MOODY AFB,"30°58'12""N","83°11'47""W",17R KQ 90229 28346,32E1E,32E1E (CIVIL ENGINEER),https://paladindanse111.github.io/AFSC-PDFs/32E.html,https://paladindanse111.github.io/AFSC-PDFs/BASE_MOODY_AFB.html,A-10,Active Duty
MOODY AFB,"30°58'12""N","83°11'47""W",17R KQ 90229 28346,32E1E,32E1E (CIVIL ENGINEER),https://paladindanse111.github.io/AFSC-PDFs/32E.html,https://paladindanse111.github.io/AFSC-PDFs/BASE_MOODY_AFB.html,HC-130J,Active Duty
MOODY AFB,"30°58'12""N","83°11'47""W",17R KQ 90229 28346,32E1E,32E1E (CIVIL ENGINEER),https://paladindanse111.github.io/AFSC-PDFs/32E.html,https://paladindanse111.github.io/AFSC-PDFs/BASE_MOODY_AFB.html,HH-60,Active Duty
MOODY AFB,"30°58'12""N","83°11'47""W",17R KQ 90229 28346,32E1F,32E1F (CIVIL ENGINEER),https://paladindanse111.github.io/AFSC-PDFs/32E.html,https://paladindanse111.github.io/AFSC-PDFs/BASE_MOODY_AFB.html,A-10,Active Duty
MOODY AFB,"30°58'12""N","83°11'47""W",17R KQ 90229 28346,32E1F,32E1F (CIVIL ENGINEER),https://paladindanse111.github.io/AFSC-PDFs/32E.html,https://paladindanse111.github.io/AFSC-PDFs/BASE_MOODY_AFB.html,HC-130J,Active Duty
MOODY AFB,"30°58'12""N","83°11'47""W",17R KQ 90229 28346,32E1F,32E1F (CIVIL ENGINEER),https://paladindanse111.github.io/AFSC-PDFs/32E.html,https://paladindanse111.github.io/AFSC-PDFs/BASE_MOODY_AFB.html,HH-60,Active Duty
MOODY AFB,"30°58'12""N","83°11'47""W",17R KQ 90229 28346,32E1G,32E1G (CIVIL ENGINEER),https://paladindanse111.github.io/AFSC-PDFs/32E.html,https://paladindanse111.github.io/AFSC-PDFs/BASE_MOODY_AFB.html,A-10,Active Duty
MOODY AFB,"30°58'12""N","83°11'47""W",17R KQ 90229 28346,32E1G,32E1G (CIVIL ENGINEER),https://paladindanse111.github.io/AFSC-PDFs/32E.html,https://paladindanse111.github.io/AFSC-PDFs/BASE_MOODY_AFB.html,HC-130J,Active Duty
MOODY AFB,"30°58'12""N","83°11'47""W",17R KQ 90229 28346,32E1G,32E1G (CIVIL ENGINEER),https://paladindanse111.github.io/AFSC-PDFs/32E.html,https://paladindanse111.github.io/AFSC-PDFs/BASE_MOODY_AFB.html,HH-60,Active Duty
MOODY AFB,"30°58'12""N","83°11'47""W",17R KQ 90229 28346,32E1J,32E1J (CIVIL ENGINEER),https://paladindanse111.github.io/AFSC-PDFs/32E.html,https://paladindanse111.github.io/AFSC-PDFs/BASE_MOODY_AFB.html,A-10,Active Duty
MOODY AFB,"30°58'12""N","83°11'47""W",17R KQ 90229 28346,32E1J,32E1J (CIVIL ENGINEER),https://paladindanse111.github.io/AFSC-PDFs/32E.html,https://paladindanse111.github.io/AFSC-PDFs/BASE_MOODY_AFB.html,HC-130J,Active Duty
MOODY AFB,"30°58'12""N","83°11'47""W",17R KQ 90229 28346,32E1J,32E1J (CIVIL ENGINEER),https://paladindanse111.github.io/AFSC-PDFs/32E.html,https://paladindanse111.github.io/AFSC-PDFs/BASE_MOODY_AFB.html,HH-60,Active Duty
MOODY AFB,"30°58'12""N","83°11'47""W",17R KQ 90229 28346,35P1,35P1 (PUBLIC AFFAIRS),https://paladindanse111.github.io/AFSC-PDFs/35P.html,https://paladindanse111.github.io/AFSC-PDFs/BASE_MOODY_AFB.html,A-10,Active Duty
MOODY AFB,"30°58'12""N","83°11'47""W",17R KQ 90229 28346,35P1,35P1 (PUBLIC AFFAIRS),https://paladindanse111.github.io/AFSC-PDFs/35P.html,https://paladindanse111.github.io/AFSC-PDFs/BASE_MOODY_AFB.html,HC-130J,Active Duty
MOODY AFB,"30°58'12""N","83°11'47""W",17R KQ 90229 28346,35P1,35P1 (PUBLIC AFFAIRS),https://paladindanse111.github.io/AFSC-PDFs/35P.html,https://paladindanse111.github.io/AFSC-PDFs/BASE_MOODY_AFB.html,HH-60,Active Duty
MOODY AFB,"30°58'12""N","83°11'47""W",17R KQ 90229 28346,38F1,38F1 (FORCE SUPPORT),https://paladindanse111.github.io/AFSC-PDFs/38F.html,https://paladindanse111.github.io/AFSC-PDFs/BASE_MOODY_AFB.html,A-10,Active Duty
MOODY AFB,"30°58'12""N","83°11'47""W",17R KQ 90229 28346,38F1,38F1 (FORCE SUPPORT),https://paladindanse111.github.io/AFSC-PDFs/38F.html,https://paladindanse111.github.io/AFSC-PDFs/BASE_MOODY_AFB.html,HC-130J,Active Duty
MOODY AFB,"30°58'12""N","83°11'47""W",17R KQ 90229 28346,38F1,38F1 (FORCE SUPPORT),https://paladindanse111.github.io/AFSC-PDFs/38F.html,https://paladindanse111.github.io/AFSC-PDFs/BASE_MOODY_AFB.html,HH-60,Active Duty
MOODY AFB,"30°58'12""N","83°11'47""W",17R KQ 90229 28346,64P1,64P1 (CONTRACTING),https://paladindanse111.github.io/AFSC-PDFs/64P.html,https://paladindanse111.github.io/AFSC-PDFs/BASE_MOODY_AFB.html,A-10,Active Duty
MOODY AFB,"30°58'12""N","83°11'47""W",17R KQ 90229 28346,64P1,64P1 (CONTRACTING),https://paladindanse111.github.io/AFSC-PDFs/64P.html,https://paladindanse111.github.io/AFSC-PDFs/BASE_MOODY_AFB.html,HC-130J,Active Duty
MOODY AFB,"30°58'12""N","83°11'47""W",17R KQ 90229 28346,64P1,64P1 (CONTRACTING),https://paladindanse111.github.io/AFSC-PDFs/64P.html,https://paladindanse111.github.io/AFSC-PDFs/BASE_MOODY_AFB.html,HH-60,Active Duty
MOODY AFB,"30°58'12""N","83°11'47""W",17R KQ 90229 28346,65F1,65F1 (FINANCIAL MANAGEMENT),https://paladindanse111.github.io/AFSC-PDFs/65F.html,https://paladindanse111.github.io/AFSC-PDFs/BASE_MOODY_AFB.html,A-10,Active Duty
MOODY AFB,"30°58'12""N","83°11'47""W",17R KQ 90229 28346,65F1,65F1 (FINANCIAL MANAGEMENT),https://paladindanse111.github.io/AFSC-PDFs/65F.html,https://paladindanse111.github.io/AFSC-PDFs/BASE_MOODY_AFB.html,HC-130J,Active Duty
MOODY AFB,"30°58'12""N","83°11'47""W",17R KQ 90229 28346,65F1,65F1 (FINANCIAL MANAGEMENT),https://paladindanse111.github.io/AFSC-PDFs/65F.html,https://paladindanse111.github.io/AFSC-PDFs/BASE_MOODY_AFB.html,HH-60,Active Duty
MOUNTAIN HOME AFB,"43°03'59""N","115°51'18""W",11T NH 93226 68823,21A1,21A1 (AIRCRAFT MAINTENANCE),https://paladindanse111.github.io/AFSC-PDFs/21A.html,https://paladindanse111.github.io/AFSC-PDFs/BASE_MOUNTAIN_HOME_AFB.html,F-15,Active Duty
MOUNTAIN HOME AFB,"43°03'59""N","115°51'18""W",11T NH 93226 68823,21A1,21A1 (AIRCRAFT MAINTENANCE),https://paladindanse111.github.io/AFSC-PDFs/21A.html,https://paladindanse111.github.io/AFSC-PDFs/BASE_MOUNTAIN_HOME_AFB.html,F-15E,Active Duty
MOUNTAIN HOME AFB,"43°03'59""N","115°51'18""W",11T NH 93226 68823,21M1,21M1 (MUNITIONS AND MISSILE MAINTENANCE),https://paladindanse111.github.io/AFSC-PDFs/21M.html,https://paladindanse111.github.io/AFSC-PDFs/BASE_MOUNTAIN_HOME_AFB.html,F-15,Active Duty
MOUNTAIN HOME AFB,"43°03'59""N","115°51'18""W",11T NH 93226 68823,21M1,21M1 (MUNITIONS AND MISSILE MAINTENANCE),https://paladindanse111.github.io/AFSC-PDFs/21M.html,https://paladindanse111.github.io/AFSC-PDFs/BASE_MOUNTAIN_HOME_AFB.html,F-15E,Active Duty
MOUNTAIN HOME AFB,"43°03'59""N","115°51'18""W",11T NH 93226 68823,21R1,21R1 (LOGISTICS READINESS),https://paladindanse111.github.io/AFSC-PDFs/21R.html,https://paladindanse111.github.io/AFSC-PDFs/BASE_MOUNTAIN_HOME_AFB.html,F-15,Active Duty
MOUNTAIN HOME AFB,"43°03'59""N","115°51'18""W",11T NH 93226 68823,21R1,21R1 (LOGISTICS READINESS),https://paladindanse111.github.io/AFSC-PDFs/21R.html,https://paladindanse111.github.io/AFSC-PDFs/BASE_MOUNTAIN_HOME_AFB.html,F-15E,Active Duty
MOUNTAIN HOME AFB,"43°03'59""N","115°51'18""W",11T NH 93226 68823,32E1A,32E1A (CIVIL ENGINEER),https://paladindanse111.github.io/AFSC-PDFs/32E.html,https://paladindanse111.github.io/AFSC-PDFs/BASE_MOUNTAIN_HOME_AFB.html,F-15,Active Duty
MOUNTAIN HOME AFB,"43°03'59""N","115°51'18""W",11T NH 93226 68823,32E1A,32E1A (CIVIL ENGINEER),https://paladindanse111.github.io/AFSC-PDFs/32E.html,https://paladindanse111.github.io/AFSC-PDFs/BASE_MOUNTAIN_HOME_AFB.html,F-15E,Active Duty
MOUNTAIN HOME AFB,"43°03'59""N","115°51'18""W",11T NH 93226 68823,32E1C,32E1C (CIVIL ENGINEER),https://paladindanse111.github.io/AFSC-PDFs/32E.html,https://paladindanse111.github.io/AFSC-PDFs/BASE_MOUNTAIN_HOME_AFB.html,F-15,Active Duty
MOUNTAIN HOME AFB,"43°03'59""N","115°51'18""W",11T NH 93226 68823,32E1C,32E1C (CIVIL ENGINEER),https://paladindanse111.github.io/AFSC-PDFs/32E.html,https://paladindanse111.github.io/AFSC-PDFs/BASE_MOUNTAIN_HOME_AFB.html,F-15E,Active Duty
MOUNTAIN HOME AFB,"43°03'59""N","115°51'18""W",11T NH 93226 68823,32E1E,32E1E (CIVIL ENGINEER),https://paladindanse111.github.io/AFSC-PDFs/32E.html,https://paladindanse111.github.io/AFSC-PDFs/BASE_MOUNTAIN_HOME_AFB.html,F-15,Active Duty
MOUNTAIN HOME AFB,"43°03'59""N","115°51'18""W",11T NH 93226 68823,32E1E,32E1E (CIVIL ENGINEER),https://paladindanse111.github.io/AFSC-PDFs/32E.html,https://paladindanse111.github.io/AFSC-PDFs/BASE_MOUNTAIN_HOME_AFB.html,F-15E,Active Duty
MOUNTAIN HOME AFB,"43°03'59""N","115°51'18""W",11T NH 93226 68823,32E1F,32E1F (CIVIL ENGINEER),https://paladindanse111.github.io/AFSC-PDFs/32E.html,https://paladindanse111.github.io/AFSC-PDFs/BASE_MOUNTAIN_HOME_AFB.html,F-15,Active Duty
MOUNTAIN HOME AFB,"43°03'59""N","115°51'18""W",11T NH 93226 68823,32E1F,32E1F (CIVIL ENGINEER),https://paladindanse111.github.io/AFSC-PDFs/32E.html,https://paladindanse111.github.io/AFSC-PDFs/BASE_MOUNTAIN_HOME_AFB.html,F-15E,Active Duty
MOUNTAIN HOME AFB,"43°03'59""N","115°51'18""W",11T NH 93226 68823,32E1G,32E1G (CIVIL ENGINEER),https://paladindanse111.github.io/AFSC-PDFs/32E.html,https://paladindanse111.github.io/AFSC-PDFs/BASE_MOUNTAIN_HOME_AFB.html,F-15,Active Duty
MOUNTAIN HOME AFB,"43°03'59""N","115°51'18""W",11T NH 93226 68823,32E1G,32E1G (CIVIL ENGINEER),https://paladindanse111.github.io/AFSC-PDFs/32E.html,https://paladindanse111.github.io/AFSC-PDFs/BASE_MOUNTAIN_HOME_AFB.html,F-15E,Active Duty
MOUNTAIN HOME AFB,"43°03'59""N","115°51'18""W",11T NH 93226 68823,32E1J,32E1J (CIVIL ENGINEER),https://paladindanse111.github.io/AFSC-PDFs/32E.html,https://paladindanse111.github.io/AFSC-PDFs/BASE_MOUNTAIN_HOME_AFB.html,F-15,Active Duty
MOUNTAIN HOME AFB,"43°03'59""N","115°51'18""W",11T NH 93226 68823,32E1J,32E1J (CIVIL ENGINEER),https://paladindanse111.github.io/AFSC-PDFs/32E.html,https://paladindanse111.github.io/AFSC-PDFs/BASE_MOUNTAIN_HOME_AFB.html,F-15E,Active Duty
MOUNTAIN HOME AFB,"43°03'59""N","115°51'18""W",11T NH 93226 68823,35P1,35P1 (PUBLIC AFFAIRS),https://paladindanse111.github.io/AFSC-PDFs/35P.html,https://paladindanse111.github.io/AFSC-PDFs/BASE_MOUNTAIN_HOME_AFB.html,F-15,Active Duty
MOUNTAIN HOME AFB,"43°03'59""N","115°51'18""W",11T NH 93226 68823,35P1,35P1 (PUBLIC AFFAIRS),https://paladindanse111.github.io/AFSC-PDFs/35P.html,https://paladindanse111.github.io/AFSC-PDFs/BASE_MOUNTAIN_HOME_AFB.html,F-15E,Active Duty
MOUNTAIN HOME AFB,"43°03'59""N","115°51'18""W",11T NH 93226 68823,38F1,38F1 (FORCE SUPPORT),https://paladindanse111.github.io/AFSC-PDFs/38F.html,https://paladindanse111.github.io/AFSC-PDFs/BASE_MOUNTAIN_HOME_AFB.html,F-15,Active Duty
MOUNTAIN HOME AFB,"43°03'59""N","115°51'18""W",11T NH 93226 68823,38F1,38F1 (FORCE SUPPORT),https://paladindanse111.github.io/AFSC-PDFs/38F.html,https://paladindanse111.github.io/AFSC-PDFs/BASE_MOUNTAIN_HOME_AFB.html,F-15E,Active Duty
MOUNTAIN HOME AFB,"43°03'59""N","115°51'18""W",11T NH 93226 68823,63A1,63A1 (AQUISITION MANAGER),https://paladindanse111.github.io/AFSC-PDFs/63A.html,https://paladindanse111.github.io/AFSC-PDFs/BASE_MOUNTAIN_HOME_AFB.html,F-15,Active Duty
MOUNTAIN HOME AFB,"43°03'59""N","115°51'18""W",11T NH 93226 68823,63A1,63A1 (AQUISITION MANAGER),https://paladindanse111.github.io/AFSC-PDFs/63A.html,https://paladindanse111.github.io/AFSC-PDFs/BASE_MOUNTAIN_HOME_AFB.html,F-15E,Active Duty
MOUNTAIN HOME AFB,"43°03'59""N","115°51'18""W",11T NH 93226 68823,64P1,64P1 (CONTRACTING),https://paladindanse111.github.io/AFSC-PDFs/64P.html,https://paladindanse111.github.io/AFSC-PDFs/BASE_MOUNTAIN_HOME_AFB.html,F-15,Active Duty
MOUNTAIN HOME AFB,"43°03'59""N","115°51'18""W",11T NH 93226 68823,64P1,64P1 (CONTRACTING),https://paladindanse111.github.io/AFSC-PDFs/64P.html,https://paladindanse111.github.io/AFSC-PDFs/BASE_MOUNTAIN_HOME_AFB.html,F-15E,Active Duty
MOUNTAIN HOME AFB,"43°03'59""N","115°51'18""W",11T NH 93226 68823,65F1,65F1 (FINANCIAL MANAGEMENT),https://paladindanse111.github.io/AFSC-PDFs/65F.html,https://paladindanse111.github.io/AFSC-PDFs/BASE_MOUNTAIN_HOME_AFB.html,F-15,Active Duty
MOUNTAIN HOME AFB,"43°03'59""N","115°51'18""W",11T NH 93226 68823,65F1,65F1 (FINANCIAL MANAGEMENT),https://paladindanse111.github.io/AFSC-PDFs/65F.html,https://paladindanse111.github.io/AFSC-PDFs/BASE_MOUNTAIN_HOME_AFB.html,F-15E,Active Duty
NELLIS AFB,"36°14'25""N","115°03'14""W",11S PA 74874 12355,15A1,15A1 (OPERATIONS ANALYSIS OFFICER),https://paladindanse111.github.io/AFSC-PDFs/15A.html,https://paladindanse111.github.io/AFSC-PDFs/BASE_NELLIS_AFB.html,A-10,Active Duty
NELLIS AFB,"36°14'25""N","115°03'14""W",11S PA 74874 12355,15A1,15A1 (OPERATIONS ANALYSIS OFFICER),https://paladindanse111.github.io/AFSC-PDFs/15A.html,https://paladindanse111.github.io/AFSC-PDFs/BASE_NELLIS_AFB.html,B-1,Active Duty
NELLIS AFB,"36°14'25""N","115°03'14""W",11S PA 74874 12355,15A1,15A1 (OPERATIONS ANALYSIS OFFICER),https://paladindanse111.github.io/AFSC-PDFs/15A.html,https://paladindanse111.github.io/AFSC-PDFs/BASE_NELLIS_AFB.html,C-130J,Active Duty
NELLIS AFB,"36°14'25""N","115°03'14""W",11S PA 74874 12355,15A1,15A1 (OPERATIONS ANALYSIS OFFICER),https://paladindanse111.github.io/AFSC-PDFs/15A.html,https://paladindanse111.github.io/AFSC-PDFs/BASE_NELLIS_AFB.html,C-17,Active Duty
NELLIS AFB,"36°14'25""N","115°03'14""W",11S PA 74874 12355,15A1,15A1 (OPERATIONS ANALYSIS OFFICER),https://paladindanse111.github.io/AFSC-PDFs/15A.html,https://paladindanse111.github.io/AFSC-PDFs/BASE_NELLIS_AFB.html,CV-22,Active Duty
NELLIS AFB,"36°14'25""N","115°03'14""W",11S PA 74874 12355,15A1,15A1 (OPERATIONS ANALYSIS OFFICER),https://paladindanse111.github.io/AFSC-PDFs/15A.html,https://paladindanse111.github.io/AFSC-PDFs/BASE_NELLIS_AFB.html,F-15E,Active Duty
NELLIS AFB,"36°14'25""N","115°03'14""W",11S PA 74874 12355,15A1,15A1 (OPERATIONS ANALYSIS OFFICER),https://paladindanse111.github.io/AFSC-PDFs/15A.html,https://paladindanse111.github.io/AFSC-PDFs/BASE_NELLIS_AFB.html,F-16,Active Duty
NELLIS AFB,"36°14'25""N","115°03'14""W",11S PA 74874 12355,15A1,15A1 (OPERATIONS ANALYSIS OFFICER),https://paladindanse111.github.io/AFSC-PDFs/15A.html,https://paladindanse111.github.io/AFSC-PDFs/BASE_NELLIS_AFB.html,F-22,Active Duty
NELLIS AFB,"36°14'25""N","115°03'14""W",11S PA 74874 12355,15A1,15A1 (OPERATIONS ANALYSIS OFFICER),https://paladindanse111.github.io/AFSC-PDFs/15A.html,https://paladindanse111.github.io/AFSC-PDFs/BASE_NELLIS_AFB.html,F-35,Active Duty
NELLIS AFB,"36°14'25""N","115°03'14""W",11S PA 74874 12355,15A1,15A1 (OPERATIONS ANALYSIS OFFICER),https://paladindanse111.github.io/AFSC-PDFs/15A.html,https://paladindanse111.github.io/AFSC-PDFs/BASE_NELLIS_AFB.html,HC-130J,Active Duty
NELLIS AFB,"36°14'25""N","115°03'14""W",11S PA 74874 12355,15A1,15A1 (OPERATIONS ANALYSIS OFFICER),https://paladindanse111.github.io/AFSC-PDFs/15A.html,https://paladindanse111.github.io/AFSC-PDFs/BASE_NELLIS_AFB.html,HH-60,Active Duty
NELLIS AFB,"36°14'25""N","115°03'14""W",11S PA 74874 12355,15A1,15A1 (OPERATIONS ANALYSIS OFFICER),https://paladindanse111.github.io/AFSC-PDFs/15A.html,https://paladindanse111.github.io/AFSC-PDFs/BASE_NELLIS_AFB.html,KC-135,Active Duty
NELLIS AFB,"36°14'25""N","115°03'14""W",11S PA 74874 12355,15A1,15A1 (OPERATIONS ANALYSIS OFFICER),https://paladindanse111.github.io/AFSC-PDFs/15A.html,https://paladindanse111.github.io/AFSC-PDFs/BASE_NELLIS_AFB.html,TR-1/U-2,Active Duty
NELLIS AFB,"36°14'25""N","115°03'14""W",11S PA 74874 12355,15W1,15W1 (WEATHER AND ENVIRONMENTAL SCIENCES),https://paladindanse111.github.io/AFSC-PDFs/15W.html,https://paladindanse111.github.io/AFSC-PDFs/BASE_NELLIS_AFB.html,A-10,Active Duty
NELLIS AFB,"36°14'25""N","115°03'14""W",11S PA 74874 12355,15W1,15W1 (WEATHER AND ENVIRONMENTAL SCIENCES),https://paladindanse111.github.io/AFSC-PDFs/15W.html,https://paladindanse111.github.io/AFSC-PDFs/BASE_NELLIS_AFB.html,B-1,Active Duty
NELLIS AFB,"36°14'25""N","115°03'14""W",11S PA 74874 12355,15W1,15W1 (WEATHER AND ENVIRONMENTAL SCIENCES),https://paladindanse111.github.io/AFSC-PDFs/15W.html,https://paladindanse111.github.io/AFSC-PDFs/BASE_NELLIS_AFB.html,C-130J,Active Duty
NELLIS AFB,"36°14'25""N","115°03'14""W",11S PA 74874 12355,15W1,15W1 (WEATHER AND ENVIRONMENTAL SCIENCES),https://paladindanse111.github.io/AFSC-PDFs/15W.html,https://paladindanse111.github.io/AFSC-PDFs/BASE_NELLIS_AFB.html,C-17,Active Duty
NELLIS AFB,"36°14'25""N","115°03'14""W",11S PA 74874 12355,15W1,15W1 (WEATHER AND ENVIRONMENTAL SCIENCES),https://paladindanse111.github.io/AFSC-PDFs/15W.html,https://paladindanse111.github.io/AFSC-PDFs/BASE_NELLIS_AFB.html,CV-22,Active Duty
NELLIS AFB,"36°14'25""N","115°03'14""W",11S PA 74874 12355,15W1,15W1 (WEATHER AND ENVIRONMENTAL SCIENCES),https://paladindanse111.github.io/AFSC-PDFs/15W.html,https://paladindanse111.github.io/AFSC-PDFs/BASE_NELLIS_AFB.html,F-15E,Active Duty
NELLIS AFB,"36°14'25""N","115°03'14""W",11S PA 74874 12355,15W1,15W1 (WEATHER AND ENVIRONMENTAL SCIENCES),https://paladindanse111.github.io/AFSC-PDFs/15W.html,https://paladindanse111.github.io/AFSC-PDFs/BASE_NELLIS_AFB.html,F-16,Active Duty
NELLIS AFB,"36°14'25""N","115°03'14""W",11S PA 74874 12355,15W1,15W1 (WEATHER AND ENVIRONMENTAL SCIENCES),https://paladindanse111.github.io/AFSC-PDFs/15W.html,https://paladindanse111.github.io/AFSC-PDFs/BASE_NELLIS_AFB.html,F-22,Active Duty
NELLIS AFB,"36°14'25""N","115°03'14""W",11S PA 74874 12355,15W1,15W1 (WEATHER AND ENVIRONMENTAL SCIENCES),https://paladindanse111.github.io/AFSC-PDFs/15W.html,https://paladindanse111.github.io/AFSC-PDFs/BASE_NELLIS_AFB.html,F-35,Active Duty
NELLIS AFB,"36°14'25""N","115°03'14""W",11S PA 74874 12355,15W1,15W1 (WEATHER AND ENVIRONMENTAL SCIENCES),https://paladindanse111.github.io/AFSC-PDFs/15W.html,https://paladindanse111.github.io/AFSC-PDFs/BASE_NELLIS_AFB.html,HC-130J,Active Duty
NELLIS AFB,"36°14'25""N","115°03'14""W",11S PA 74874 12355,15W1,15W1 (WEATHER AND ENVIRONMENTAL SCIENCES),https://paladindanse111.github.io/AFSC-PDFs/15W.html,https://paladindanse111.github.io/AFSC-PDFs/BASE_NELLIS_AFB.html,HH-60,Active Duty
NELLIS AFB,"36°14'25""N","115°03'14""W",11S PA 74874 12355,15W1,15W1 (WEATHER AND ENVIRONMENTAL SCIENCES),https://paladindanse111.github.io/AFSC-PDFs/15W.html,https://paladindanse111.github.io/AFSC-PDFs/BASE_NELLIS_AFB.html,KC-135,Active Duty
NELLIS AFB,"36°14'25""N","115°03'14""W",11S PA 74874 12355,15W1,15W1 (WEATHER AND ENVIRONMENTAL SCIENCES),https://paladindanse111.github.io/AFSC-PDFs/15W.html,https://paladindanse111.github.io/AFSC-PDFs/BASE_NELLIS_AFB.html,TR-1/U-2,Active Duty
NELLIS AFB,"36°14'25""N","115°03'14""W",11S PA 74874 12355,21A1,21A1 (AIRCRAFT MAINTENANCE),https://paladindanse111.github.io/AFSC-PDFs/21A.html,https://paladindanse111.github.io/AFSC-PDFs/BASE_NELLIS_AFB.html,A-10,Active Duty
NELLIS AFB,"36°14'25""N","115°03'14""W",11S PA 74874 12355,21A1,21A1 (AIRCRAFT MAINTENANCE),https://paladindanse111.github.io/AFSC-PDFs/21A.html,https://paladindanse111.github.io/AFSC-PDFs/BASE_NELLIS_AFB.html,B-1,Active Duty
NELLIS AFB,"36°14'25""N","115°03'14""W",11S PA 74874 12355,21A1,21A1 (AIRCRAFT MAINTENANCE),https://paladindanse111.github.io/AFSC-PDFs/21A.html,https://paladindanse111.github.io/AFSC-PDFs/BASE_NELLIS_AFB.html,C-130J,Active Duty
NELLIS AFB,"36°14'25""N","115°03'14""W",11S PA 74874 12355,21A1,21A1 (AIRCRAFT MAINTENANCE),https://paladindanse111.github.io/AFSC-PDFs/21A.html,https://paladindanse111.github.io/AFSC-PDFs/BASE_NELLIS_AFB.html,C-17,Active Duty
NELLIS AFB,"36°14'25""N","115°03'14""W",11S PA 74874 12355,21A1,21A1 (AIRCRAFT MAINTENANCE),https://paladindanse111.github.io/AFSC-PDFs/21A.html,https://paladindanse111.github.io/AFSC-PDFs/BASE_NELLIS_AFB.html,CV-22,Active Duty
NELLIS AFB,"36°14'25""N","115°03'14""W",11S PA 74874 12355,21A1,21A1 (AIRCRAFT MAINTENANCE),https://paladindanse111.github.io/AFSC-PDFs/21A.html,https://paladindanse111.github.io/AFSC-PDFs/BASE_NELLIS_AFB.html,F-15E,Active Duty
NELLIS AFB,"36°14'25""N","115°03'14""W",11S PA 74874 12355,21A1,21A1 (AIRCRAFT MAINTENANCE),https://paladindanse111.github.io/AFSC-PDFs/21A.html,https://paladindanse111.github.io/AFSC-PDFs/BASE_NELLIS_AFB.html,F-16,Active Duty
NELLIS AFB,"36°14'25""N","115°03'14""W",11S PA 74874 12355,21A1,21A1 (AIRCRAFT MAINTENANCE),https://paladindanse111.github.io/AFSC-PDFs/21A.html,https://paladindanse111.github.io/AFSC-PDFs/BASE_NELLIS_AFB.html,F-22,Active Duty
NELLIS AFB,"36°14'25""N","115°03'14""W",11S PA 74874 12355,21A1,21A1 (AIRCRAFT MAINTENANCE),https://paladindanse111.github.io/AFSC-PDFs/21A.html,https://paladindanse111.github.io/AFSC-PDFs/BASE_NELLIS_AFB.html,F-35,Active Duty
NELLIS AFB,"36°14'25""N","115°03'14""W",11S PA 74874 12355,21A1,21A1 (AIRCRAFT MAINTENANCE),https://paladindanse111.github.io/AFSC-PDFs/21A.html,https://paladindanse111.github.io/AFSC-PDFs/BASE_NELLIS_AFB.html,HC-130J,Active Duty
NELLIS AFB,"36°14'25""N","115°03'14""W",11S PA 74874 12355,21A1,21A1 (AIRCRAFT MAINTENANCE),https://paladindanse111.github.io/AFSC-PDFs/21A.html,https://paladindanse111.github.io/AFSC-PDFs/BASE_NELLIS_AFB.html,HH-60,Active Duty
NELLIS AFB,"36°14'25""N","115°03'14""W",11S PA 74874 12355,21A1,21A1 (AIRCRAFT MAINTENANCE),https://paladindanse111.github.io/AFSC-PDFs/21A.html,https://paladindanse111.github.io/AFSC-PDFs/BASE_NELLIS_AFB.html,KC-135,Active Duty
NELLIS AFB,"36°14'25""N","115°03'14""W",11S PA 74874 12355,21A1,21A1 (AIRCRAFT MAINTENANCE),https://paladindanse111.github.io/AFSC-PDFs/21A.html,https://paladindanse111.github.io/AFSC-PDFs/BASE_NELLIS_AFB.html,TR-1/U-2,Active Duty
NELLIS AFB,"36°14'25""N","115°03'14""W",11S PA 74874 12355,21M1,21M1 (MUNITIONS AND MISSILE MAINTENANCE),https://paladindanse111.github.io/AFSC-PDFs/21M.html,https://paladindanse111.github.io/AFSC-PDFs/BASE_NELLIS_AFB.html,A-10,Active Duty
NELLIS AFB,"36°14'25""N","115°03'14""W",11S PA 74874 12355,21M1,21M1 (MUNITIONS AND MISSILE MAINTENANCE),https://paladindanse111.github.io/AFSC-PDFs/21M.html,https://paladindanse111.github.io/AFSC-PDFs/BASE_NELLIS_AFB.html,B-1,Active Duty
NELLIS AFB,"36°14'25""N","115°03'14""W",11S PA 74874 12355,21M1,21M1 (MUNITIONS AND MISSILE MAINTENANCE),https://paladindanse111.github.io/AFSC-PDFs/21M.html,https://paladindanse111.github.io/AFSC-PDFs/BASE_NELLIS_AFB.html,C-130J,Active Duty
NELLIS AFB,"36°14'25""N","115°03'14""W",11S PA 74874 12355,21M1,21M1 (MUNITIONS AND MISSILE MAINTENANCE),https://paladindanse111.github.io/AFSC-PDFs/21M.html,https://paladindanse111.github.io/AFSC-PDFs/BASE_NELLIS_AFB.html,C-17,Active Duty
NELLIS AFB,"36°14'25""N","115°03'14""W",11S PA 74874 12355,21M1,21M1 (MUNITIONS AND MISSILE MAINTENANCE),https://paladindanse111.github.io/AFSC-PDFs/21M.html,https://paladindanse111.github.io/AFSC-PDFs/BASE_NELLIS_AFB.html,CV-22,Active Duty
NELLIS AFB,"36°14'25""N","115°03'14""W",11S PA 74874 12355,21M1,21M1 (MUNITIONS AND MISSILE MAINTENANCE),https://paladindanse111.github.io/AFSC-PDFs/21M.html,https://paladindanse111.github.io/AFSC-PDFs/BASE_NELLIS_AFB.html,F-15E,Active Duty
NELLIS AFB,"36°14'25""N","115°03'14""W",11S PA 74874 12355,21M1,21M1 (MUNITIONS AND MISSILE MAINTENANCE),https://paladindanse111.github.io/AFSC-PDFs/21M.html,https://paladindanse111.github.io/AFSC-PDFs/BASE_NELLIS_AFB.html,F-16,Active Duty
NELLIS AFB,"36°14'25""N","115°03'14""W",11S PA 74874 12355,21M1,21M1 (MUNITIONS AND MISSILE MAINTENANCE),https://paladindanse111.github.io/AFSC-PDFs/21M.html,https://paladindanse111.github.io/AFSC-PDFs/BASE_NELLIS_AFB.html,F-22,Active Duty
NELLIS AFB,"36°14'25""N","115°03'14""W",11S PA 74874 12355,21M1,21M1 (MUNITIONS AND MISSILE MAINTENANCE),https://paladindanse111.github.io/AFSC-PDFs/21M.html,https://paladindanse111.github.io/AFSC-PDFs/BASE_NELLIS_AFB.html,F-35,Active Duty
NELLIS AFB,"36°14'25""N","115°03'14""W",11S PA 74874 12355,21M1,21M1 (MUNITIONS AND MISSILE MAINTENANCE),https://paladindanse111.github.io/AFSC-PDFs/21M.html,https://paladindanse111.github.io/AFSC-PDFs/BASE_NELLIS_AFB.html,HC-130J,Active Duty
NELLIS AFB,"36°14'25""N","115°03'14""W",11S PA 74874 12355,21M1,21M1 (MUNITIONS AND MISSILE MAINTENANCE),https://paladindanse111.github.io/AFSC-PDFs/21M.html,https://paladindanse111.github.io/AFSC-PDFs/BASE_NELLIS_AFB.html,HH-60,Active Duty
NELLIS AFB,"36°14'25""N","115°03'14""W",11S PA 74874 12355,21M1,21M1 (MUNITIONS AND MISSILE MAINTENANCE),https://paladindanse111.github.io/AFSC-PDFs/21M.html,https://paladindanse111.github.io/AFSC-PDFs/BASE_NELLIS_AFB.html,KC-135,Active Duty
NELLIS AFB,"36°14'25""N","115°03'14""W",11S PA 74874 12355,21M1,21M1 (MUNITIONS AND MISSILE MAINTENANCE),https://paladindanse111.github.io/AFSC-PDFs/21M.html,https://paladindanse111.github.io/AFSC-PDFs/BASE_NELLIS_AFB.html,TR-1/U-2,Active Duty
NELLIS AFB,"36°14'25""N","115°03'14""W",11S PA 74874 12355,21R1,21R1 (LOGISTICS READINESS),https://paladindanse111.github.io/AFSC-PDFs/21R.html,https://paladindanse111.github.io/AFSC-PDFs/BASE_NELLIS_AFB.html,A-10,Active Duty
NELLIS AFB,"36°14'25""N","115°03'14""W",11S PA 74874 12355,21R1,21R1 (LOGISTICS READINESS),https://paladindanse111.github.io/AFSC-PDFs/21R.html,https://paladindanse111.github.io/AFSC-PDFs/BASE_NELLIS_AFB.html,B-1,Active Duty
NELLIS AFB,"36°14'25""N","115°03'14""W",11S PA 74874 12355,21R1,21R1 (LOGISTICS READINESS),https://paladindanse111.github.io/AFSC-PDFs/21R.html,https://paladindanse111.github.io/AFSC-PDFs/BASE_NELLIS_AFB.html,C-130J,Active Duty
NELLIS AFB,"36°14'25""N","115°03'14""W",11S PA 74874 12355,21R1,21R1 (LOGISTICS READINESS),https://paladindanse111.github.io/AFSC-PDFs/21R.html,https://paladindanse111.github.io/AFSC-PDFs/BASE_NELLIS_AFB.html,C-17,Active Duty
NELLIS AFB,"36°14'25""N","115°03'14""W",11S PA 74874 12355,21R1,21R1 (LOGISTICS READINESS),https://paladindanse111.github.io/AFSC-PDFs/21R.html,https://paladindanse111.github.io/AFSC-PDFs/BASE_NELLIS_AFB.html,CV-22,Active Duty
NELLIS AFB,"36°14'25""N","115°03'14""W",11S PA 74874 12355,21R1,21R1 (LOGISTICS READINESS),https://paladindanse111.github.io/AFSC-PDFs/21R.html,https://paladindanse111.github.io/AFSC-PDFs/BASE_NELLIS_AFB.html,F-15E,Active Duty
NELLIS AFB,"36°14'25""N","115°03'14""W",11S PA 74874 12355,21R1,21R1 (LOGISTICS READINESS),https://paladindanse111.github.io/AFSC-PDFs/21R.html,https://paladindanse111.github.io/AFSC-PDFs/BASE_NELLIS_AFB.html,F-16,Active Duty
NELLIS AFB,"36°14'25""N","115°03'14""W",11S PA 74874 12355,21R1,21R1 (LOGISTICS READINESS),https://paladindanse111.github.io/AFSC-PDFs/21R.html,https://paladindanse111.github.io/AFSC-PDFs/BASE_NELLIS_AFB.html,F-22,Active Duty
NELLIS AFB,"36°14'25""N","115°03'14""W",11S PA 74874 12355,21R1,21R1 (LOGISTICS READINESS),https://paladindanse111.github.io/AFSC-PDFs/21R.html,https://paladindanse111.github.io/AFSC-PDFs/BASE_NELLIS_AFB.html,F-35,Active Duty
NELLIS AFB,"36°14'25""N","115°03'14""W",11S PA 74874 12355,21R1,21R1 (LOGISTICS READINESS),https://paladindanse111.github.io/AFSC-PDFs/21R.html,https://paladindanse111.github.io/AFSC-PDFs/BASE_NELLIS_AFB.html,HC-130J,Active Duty
NELLIS AFB,"36°14'25""N","115°03'14""W",11S PA 74874 12355,21R1,21R1 (LOGISTICS READINESS),https://paladindanse111.github.io/AFSC-PDFs/21R.html,https://paladindanse111.github.io/AFSC-PDFs/BASE_NELLIS_AFB.html,HH-60,Active Duty
NELLIS AFB,"36°14'25""N","115°03'14""W",11S PA 74874 12355,21R1,21R1 (LOGISTICS READINESS),https://paladindanse111.github.io/AFSC-PDFs/21R.html,https://paladindanse111.github.io/AFSC-PDFs/BASE_NELLIS_AFB.html,KC-135,Active Duty
NELLIS AFB,"36°14'25""N","115°03'14""W",11S PA 74874 12355,21R1,21R1 (LOGISTICS READINESS),https://paladindanse111.github.io/AFSC-PDFs/21R.html,https://paladindanse111.github.io/AFSC-PDFs/BASE_NELLIS_AFB.html,TR-1/U-2,Active Duty
NELLIS AFB,"36°14'25""N","115°03'14""W",11S PA 74874 12355,32E1A,32E1A (CIVIL ENGINEER),https://paladindanse111.github.io/AFSC-PDFs/32E.html,https://paladindanse111.github.io/AFSC-PDFs/BASE_NELLIS_AFB.html,A-10,Active Duty
NELLIS AFB,"36°14'25""N","115°03'14""W",11S PA 74874 12355,32E1A,32E1A (CIVIL ENGINEER),https://paladindanse111.github.io/AFSC-PDFs/32E.html,https://paladindanse111.github.io/AFSC-PDFs/BASE_NELLIS_AFB.html,B-1,Active Duty
NELLIS AFB,"36°14'25""N","115°03'14""W",11S PA 74874 12355,32E1A,32E1A (CIVIL ENGINEER),https://paladindanse111.github.io/AFSC-PDFs/32E.html,https://paladindanse111.github.io/AFSC-PDFs/BASE_NELLIS_AFB.html,C-130J,Active Duty
NELLIS AFB,"36°14'25""N","115°03'14""W",11S PA 74874 12355,32E1A,32E1A (CIVIL ENGINEER),https://paladindanse111.github.io/AFSC-PDFs/32E.html,https://paladindanse111.github.io/AFSC-PDFs/BASE_NELLIS_AFB.html,C-17,Active Duty
NELLIS AFB,"36°14'25""N","115°03'14""W",11S PA 74874 12355,32E1A,32E1A (CIVIL ENGINEER),https://paladindanse111.github.io/AFSC-PDFs/32E.html,https://paladindanse111.github.io/AFSC-PDFs/BASE_NELLIS_AFB.html,CV-22,Active Duty
NELLIS AFB,"36°14'25""N","115°03'14""W",11S PA 74874 12355,32E1A,32E1A (CIVIL ENGINEER),https://paladindanse111.github.io/AFSC-PDFs/32E.html,https://paladindanse111.github.io/AFSC-PDFs/BASE_NELLIS_AFB.html,F-15E,Active Duty
NELLIS AFB,"36°14'25""N","115°03'14""W",11S PA 74874 12355,32E1A,32E1A (CIVIL ENGINEER),https://paladindanse111.github.io/AFSC-PDFs/32E.html,https://paladindanse111.github.io/AFSC-PDFs/BASE_NELLIS_AFB.html,F-16,Active Duty
NELLIS AFB,"36°14'25""N","115°03'14""W",11S PA 74874 12355,32E1A,32E1A (CIVIL ENGINEER),https://paladindanse111.github.io/AFSC-PDFs/32E.html,https://paladindanse111.github.io/AFSC-PDFs/BASE_NELLIS_AFB.html,F-22,Active Duty
NELLIS AFB,"36°14'25""N","115°03'14""W",11S PA 74874 12355,32E1A,32E1A (CIVIL ENGINEER),https://paladindanse111.github.io/AFSC-PDFs/32E.html,https://paladindanse111.github.io/AFSC-PDFs/BASE_NELLIS_AFB.html,F-35,Active Duty
NELLIS AFB,"36°14'25""N","115°03'14""W",11S PA 74874 12355,32E1A,32E1A (CIVIL ENGINEER),https://paladindanse111.github.io/AFSC-PDFs/32E.html,https://paladindanse111.github.io/AFSC-PDFs/BASE_NELLIS_AFB.html,HC-130J,Active Duty
NELLIS AFB,"36°14'25""N","115°03'14""W",11S PA 74874 12355,32E1A,32E1A (CIVIL ENGINEER),https://paladindanse111.github.io/AFSC-PDFs/32E.html,https://paladindanse111.github.io/AFSC-PDFs/BASE_NELLIS_AFB.html,HH-60,Active Duty
NELLIS AFB,"36°14'25""N","115°03'14""W",11S PA 74874 12355,32E1A,32E1A (CIVIL ENGINEER),https://paladindanse111.github.io/AFSC-PDFs/32E.html,https://paladindanse111.github.io/AFSC-PDFs/BASE_NELLIS_AFB.html,KC-135,Active Duty
NELLIS AFB,"36°14'25""N","115°03'14""W",11S PA 74874 12355,32E1A,32E1A (CIVIL ENGINEER),https://paladindanse111.github.io/AFSC-PDFs/32E.html,https://paladindanse111.github.io/AFSC-PDFs/BASE_NELLIS_AFB.html,TR-1/U-2,Active Duty
NELLIS AFB,"36°14'25""N","115°03'14""W",11S PA 74874 12355,32E1C,32E1C (CIVIL ENGINEER),https://paladindanse111.github.io/AFSC-PDFs/32E.html,https://paladindanse111.github.io/AFSC-PDFs/BASE_NELLIS_AFB.html,A-10,Active Duty
NELLIS AFB,"36°14'25""N","115°03'14""W",11S PA 74874 12355,32E1C,32E1C (CIVIL ENGINEER),https://paladindanse111.github.io/AFSC-PDFs/32E.html,https://paladindanse111.github.io/AFSC-PDFs/BASE_NELLIS_AFB.html,B-1,Active Duty
NELLIS AFB,"36°14'25""N","115°03'14""W",11S PA 74874 12355,32E1C,32E1C (CIVIL ENGINEER),https://paladindanse111.github.io/AFSC-PDFs/32E.html,https://paladindanse111.github.io/AFSC-PDFs/BASE_NELLIS_AFB.html,C-130J,Active Duty
NELLIS AFB,"36°14'25""N","115°03'14""W",11S PA 74874 12355,32E1C,32E1C (CIVIL ENGINEER),https://paladindanse111.github.io/AFSC-PDFs/32E.html,https://paladindanse111.github.io/AFSC-PDFs/BASE_NELLIS_AFB.html,C-17,Active Duty
NELLIS AFB,"36°14'25""N","115°03'14""W",11S PA 74874 12355,32E1C,32E1C (CIVIL ENGINEER),https://paladindanse111.github.io/AFSC-PDFs/32E.html,https://paladindanse111.github.io/AFSC-PDFs/BASE_NELLIS_AFB.html,CV-22,Active Duty
NELLIS AFB,"36°14'25""N","115°03'14""W",11S PA 74874 12355,32E1C,32E1C (CIVIL ENGINEER),https://paladindanse111.github.io/AFSC-PDFs/32E.html,https://paladindanse111.github.io/AFSC-PDFs/BASE_NELLIS_AFB.html,F-15E,Active Duty
NELLIS AFB,"36°14'25""N","115°03'14""W",11S PA 74874 12355,32E1C,32E1C (CIVIL ENGINEER),https://paladindanse111.github.io/AFSC-PDFs/32E.html,https://paladindanse111.github.io/AFSC-PDFs/BASE_NELLIS_AFB.html,F-16,Active Duty
NELLIS AFB,"36°14'25""N","115°03'14""W",11S PA 74874 12355,32E1C,32E1C (CIVIL ENGINEER),https://paladindanse111.github.io/AFSC-PDFs/32E.html,https://paladindanse111.github.io/AFSC-PDFs/BASE_NELLIS_AFB.html,F-22,Active Duty
NELLIS AFB,"36°14'25""N","115°03'14""W",11S PA 74874 12355,32E1C,32E1C (CIVIL ENGINEER),https://paladindanse111.github.io/AFSC-PDFs/32E.html,https://paladindanse111.github.io/AFSC-PDFs/BASE_NELLIS_AFB.html,F-35,Active Duty
NELLIS AFB,"36°14'25""N","115°03'14""W",11S PA 74874 12355,32E1C,32E1C (CIVIL ENGINEER),https://paladindanse111.github.io/AFSC-PDFs/32E.html,https://paladindanse111.github.io/AFSC-PDFs/BASE_NELLIS_AFB.html,HC-130J,Active Duty
NELLIS AFB,"36°14'25""N","115°03'14""W",11S PA 74874 12355,32E1C,32E1C (CIVIL ENGINEER),https://paladindanse111.github.io/AFSC-PDFs/32E.html,https://paladindanse111.github.io/AFSC-PDFs/BASE_NELLIS_AFB.html,HH-60,Active Duty
NELLIS AFB,"36°14'25""N","115°03'14""W",11S PA 74874 12355,32E1C,32E1C (CIVIL ENGINEER),https://paladindanse111.github.io/AFSC-PDFs/32E.html,https://paladindanse111.github.io/AFSC-PDFs/BASE_NELLIS_AFB.html,KC-135,Active Duty
NELLIS AFB,"36°14'25""N","115°03'14""W",11S PA 74874 12355,32E1C,32E1C (CIVIL ENGINEER),https://paladindanse111.github.io/AFSC-PDFs/32E.html,https://paladindanse111.github.io/AFSC-PDFs/BASE_NELLIS_AFB.html,TR-1/U-2,Active Duty
NELLIS AFB,"36°14'25""N","115°03'14""W",11S PA 74874 12355,32E1E,32E1E (CIVIL ENGINEER),https://paladindanse111.github.io/AFSC-PDFs/32E.html,https://paladindanse111.github.io/AFSC-PDFs/BASE_NELLIS_AFB.html,A-10,Active Duty
NELLIS AFB,"36°14'25""N","115°03'14""W",11S PA 74874 12355,32E1E,32E1E (CIVIL ENGINEER),https://paladindanse111.github.io/AFSC-PDFs/32E.html,https://paladindanse111.github.io/AFSC-PDFs/BASE_NELLIS_AFB.html,B-1,Active Duty
NELLIS AFB,"36°14'25""N","115°03'14""W",11S PA 74874 12355,32E1E,32E1E (CIVIL ENGINEER),https://paladindanse111.github.io/AFSC-PDFs/32E.html,https://paladindanse111.github.io/AFSC-PDFs/BASE_NELLIS_AFB.html,C-130J,Active Duty
NELLIS AFB,"36°14'25""N","115°03'14""W",11S PA 74874 12355,32E1E,32E1E (CIVIL ENGINEER),https://paladindanse111.github.io/AFSC-PDFs/32E.html,https://paladindanse111.github.io/AFSC-PDFs/BASE_NELLIS_AFB.html,C-17,Active Duty
NELLIS AFB,"36°14'25""N","115°03'14""W",11S PA 74874 12355,32E1E,32E1E (CIVIL ENGINEER),https://paladindanse111.github.io/AFSC-PDFs/32E.html,https://paladindanse111.github.io/AFSC-PDFs/BASE_NELLIS_AFB.html,CV-22,Active Duty
NELLIS AFB,"36°14'25""N","115°03'14""W",11S PA 74874 12355,32E1E,32E1E (CIVIL ENGINEER),https://paladindanse111.github.io/AFSC-PDFs/32E.html,https://paladindanse111.github.io/AFSC-PDFs/BASE_NELLIS_AFB.html,F-15E,Active Duty
NELLIS AFB,"36°14'25""N","115°03'14""W",11S PA 74874 12355,32E1E,32E1E (CIVIL ENGINEER),https://paladindanse111.github.io/AFSC-PDFs/32E.html,https://paladindanse111.github.io/AFSC-PDFs/BASE_NELLIS_AFB.html,F-16,Active Duty
NELLIS AFB,"36°14'25""N","115°03'14""W",11S PA 74874 12355,32E1E,32E1E (CIVIL ENGINEER),https://paladindanse111.github.io/AFSC-PDFs/32E.html,https://paladindanse111.github.io/AFSC-PDFs/BASE_NELLIS_AFB.html,F-22,Active Duty
NELLIS AFB,"36°14'25""N","115°03'14""W",11S PA 74874 12355,32E1E,32E1E (CIVIL ENGINEER),https://paladindanse111.github.io/AFSC-PDFs/32E.html,https://paladindanse111.github.io/AFSC-PDFs/BASE_NELLIS_AFB.html,F-35,Active Duty
NELLIS AFB,"36°14'25""N","115°03'14""W",11S PA 74874 12355,32E1E,32E1E (CIVIL ENGINEER),https://paladindanse111.github.io/AFSC-PDFs/32E.html,https://paladindanse111.github.io/AFSC-PDFs/BASE_NELLIS_AFB.html,HC-130J,Active Duty
NELLIS AFB,"36°14'25""N","115°03'14""W",11S PA 74874 12355,32E1E,32E1E (CIVIL ENGINEER),https://paladindanse111.github.io/AFSC-PDFs/32E.html,https://paladindanse111.github.io/AFSC-PDFs/BASE_NELLIS_AFB.html,HH-60,Active Duty
NELLIS AFB,"36°14'25""N","115°03'14""W",11S PA 74874 12355,32E1E,32E1E (CIVIL ENGINEER),https://paladindanse111.github.io/AFSC-PDFs/32E.html,https://paladindanse111.github.io/AFSC-PDFs/BASE_NELLIS_AFB.html,KC-135,Active Duty
NELLIS AFB,"36°14'25""N","115°03'14""W",11S PA 74874 12355,32E1E,32E1E (CIVIL ENGINEER),https://paladindanse111.github.io/AFSC-PDFs/32E.html,https://paladindanse111.github.io/AFSC-PDFs/BASE_NELLIS_AFB.html,TR-1/U-2,Active Duty
NELLIS AFB,"36°14'25""N","115°03'14""W",11S PA 74874 12355,32E1F,32E1F (CIVIL ENGINEER),https://paladindanse111.github.io/AFSC-PDFs/32E.html,https://paladindanse111.github.io/AFSC-PDFs/BASE_NELLIS_AFB.html,A-10,Active Duty
NELLIS AFB,"36°14'25""N","115°03'14""W",11S PA 74874 12355,32E1F,32E1F (CIVIL ENGINEER),https://paladindanse111.github.io/AFSC-PDFs/32E.html,https://paladindanse111.github.io/AFSC-PDFs/BASE_NELLIS_AFB.html,B-1,Active Duty
NELLIS AFB,"36°14'25""N","115°03'14""W",11S PA 74874 12355,32E1F,32E1F (CIVIL ENGINEER),https://paladindanse111.github.io/AFSC-PDFs/32E.html,https://paladindanse111.github.io/AFSC-PDFs/BASE_NELLIS_AFB.html,C-130J,Active Duty
NELLIS AFB,"36°14'25""N","115°03'14""W",11S PA 74874 12355,32E1F,32E1F (CIVIL ENGINEER),https://paladindanse111.github.io/AFSC-PDFs/32E.html,https://paladindanse111.github.io/AFSC-PDFs/BASE_NELLIS_AFB.html,C-17,Active Duty
NELLIS AFB,"36°14'25""N","115°03'14""W",11S PA 74874 12355,32E1F,32E1F (CIVIL ENGINEER),https://paladindanse111.github.io/AFSC-PDFs/32E.html,https://paladindanse111.github.io/AFSC-PDFs/BASE_NELLIS_AFB.html,CV-22,Active Duty
NELLIS AFB,"36°14'25""N","115°03'14""W",11S PA 74874 12355,32E1F,32E1F (CIVIL ENGINEER),https://paladindanse111.github.io/AFSC-PDFs/32E.html,https://paladindanse111.github.io/AFSC-PDFs/BASE_NELLIS_AFB.html,F-15E,Active Duty
NELLIS AFB,"36°14'25""N","115°03'14""W",11S PA 74874 12355,32E1F,32E1F (CIVIL ENGINEER),https://paladindanse111.github.io/AFSC-PDFs/32E.html,https://paladindanse111.github.io/AFSC-PDFs/BASE_NELLIS_AFB.html,F-16,Active Duty
NELLIS AFB,"36°14'25""N","115°03'14""W",11S PA 74874 12355,32E1F,32E1F (CIVIL ENGINEER),https://paladindanse111.github.io/AFSC-PDFs/32E.html,https://paladindanse111.github.io/AFSC-PDFs/BASE_NELLIS_AFB.html,F-22,Active Duty
NELLIS AFB,"36°14'25""N","115°03'14""W",11S PA 74874 12355,32E1F,32E1F (CIVIL ENGINEER),https://paladindanse111.github.io/AFSC-PDFs/32E.html,https://paladindanse111.github.io/AFSC-PDFs/BASE_NELLIS_AFB.html,F-35,Active Duty
NELLIS AFB,"36°14'25""N","115°03'14""W",11S PA 74874 12355,32E1F,32E1F (CIVIL ENGINEER),https://paladindanse111.github.io/AFSC-PDFs/32E.html,https://paladindanse111.github.io/AFSC-PDFs/BASE_NELLIS_AFB.html,HC-130J,Active Duty
NELLIS AFB,"36°14'25""N","115°03'14""W",11S PA 74874 12355,32E1F,32E1F (CIVIL ENGINEER),https://paladindanse111.github.io/AFSC-PDFs/32E.html,https://paladindanse111.github.io/AFSC-PDFs/BASE_NELLIS_AFB.html,HH-60,Active Duty
NELLIS AFB,"36°14'25""N","115°03'14""W",11S PA 74874 12355,32E1F,32E1F (CIVIL ENGINEER),https://paladindanse111.github.io/AFSC-PDFs/32E.html,https://paladindanse111.github.io/AFSC-PDFs/BASE_NELLIS_AFB.html,KC-135,Active Duty
NELLIS AFB,"36°14'25""N","115°03'14""W",11S PA 74874 12355,32E1F,32E1F (CIVIL ENGINEER),https://paladindanse111.github.io/AFSC-PDFs/32E.html,https://paladindanse111.github.io/AFSC-PDFs/BASE_NELLIS_AFB.html,TR-1/U-2,Active Duty
NELLIS AFB,"36°14'25""N","115°03'14""W",11S PA 74874 12355,32E1G,32E1G (CIVIL ENGINEER),https://paladindanse111.github.io/AFSC-PDFs/32E.html,https://paladindanse111.github.io/AFSC-PDFs/BASE_NELLIS_AFB.html,A-10,Active Duty
NELLIS AFB,"36°14'25""N","115°03'14""W",11S PA 74874 12355,32E1G,32E1G (CIVIL ENGINEER),https://paladindanse111.github.io/AFSC-PDFs/32E.html,https://paladindanse111.github.io/AFSC-PDFs/BASE_NELLIS_AFB.html,B-1,Active Duty
NELLIS AFB,"36°14'25""N","115°03'14""W",11S PA 74874 12355,32E1G,32E1G (CIVIL ENGINEER),https://paladindanse111.github.io/AFSC-PDFs/32E.html,https://paladindanse111.github.io/AFSC-PDFs/BASE_NELLIS_AFB.html,C-130J,Active Duty
NELLIS AFB,"36°14'25""N","115°03'14""W",11S PA 74874 12355,32E1G,32E1G (CIVIL ENGINEER),https://paladindanse111.github.io/AFSC-PDFs/32E.html,https://paladindanse111.github.io/AFSC-PDFs/BASE_NELLIS_AFB.html,C-17,Active Duty
NELLIS AFB,"36°14'25""N","115°03'14""W",11S PA 74874 12355,32E1G,32E1G (CIVIL ENGINEER),https://paladindanse111.github.io/AFSC-PDFs/32E.html,https://paladindanse111.github.io/AFSC-PDFs/BASE_NELLIS_AFB.html,CV-22,Active Duty
NELLIS AFB,"36°14'25""N","115°03'14""W",11S PA 74874 12355,32E1G,32E1G (CIVIL ENGINEER),https://paladindanse111.github.io/AFSC-PDFs/32E.html,https://paladindanse111.github.io/AFSC-PDFs/BASE_NELLIS_AFB.html,F-15E,Active Duty
NELLIS AFB,"36°14'25""N","115°03'14""W",11S PA 74874 12355,32E1G,32E1G (CIVIL ENGINEER),https://paladindanse111.github.io/AFSC-PDFs/32E.html,https://paladindanse111.github.io/AFSC-PDFs/BASE_NELLIS_AFB.html,F-16,Active Duty
NELLIS AFB,"36°14'25""N","115°03'14""W",11S PA 74874 12355,32E1G,32E1G (CIVIL ENGINEER),https://paladindanse111.github.io/AFSC-PDFs/32E.html,https://paladindanse111.github.io/AFSC-PDFs/BASE_NELLIS_AFB.html,F-22,Active Duty
NELLIS AFB,"36°14'25""N","115°03'14""W",11S PA 74874 12355,32E1G,32E1G (CIVIL ENGINEER),https://paladindanse111.github.io/AFSC-PDFs/32E.html,https://paladindanse111.github.io/AFSC-PDFs/BASE_NELLIS_AFB.html,F-35,Active Duty
NELLIS AFB,"36°14'25""N","115°03'14""W",11S PA 74874 12355,32E1G,32E1G (CIVIL ENGINEER),https://paladindanse111.github.io/AFSC-PDFs/32E.html,https://paladindanse111.github.io/AFSC-PDFs/BASE_NELLIS_AFB.html,HC-130J,Active Duty
NELLIS AFB,"36°14'25""N","115°03'14""W",11S PA 74874 12355,32E1G,32E1G (CIVIL ENGINEER),https://paladindanse111.github.io/AFSC-PDFs/32E.html,https://paladindanse111.github.io/AFSC-PDFs/BASE_NELLIS_AFB.html,HH-60,Active Duty
NELLIS AFB,"36°14'25""N","115°03'14""W",11S PA 74874 12355,32E1G,32E1G (CIVIL ENGINEER),https://paladindanse111.github.io/AFSC-PDFs/32E.html,https://paladindanse111.github.io/AFSC-PDFs/BASE_NELLIS_AFB.html,KC-135,Active Duty
NELLIS AFB,"36°14'25""N","115°03'14""W",11S PA 74874 12355,32E1G,32E1G (CIVIL ENGINEER),https://paladindanse111.github.io/AFSC-PDFs/32E.html,https://paladindanse111.github.io/AFSC-PDFs/BASE_NELLIS_AFB.html,TR-1/U-2,Active Duty
NELLIS AFB,"36°14'25""N","115°03'14""W",11S PA 74874 12355,32E1J,32E1J (CIVIL ENGINEER),https://paladindanse111.github.io/AFSC-PDFs/32E.html,https://paladindanse111.github.io/AFSC-PDFs/BASE_NELLIS_AFB.html,A-10,Active Duty
NELLIS AFB,"36°14'25""N","115°03'14""W",11S PA 74874 12355,32E1J,32E1J (CIVIL ENGINEER),https://paladindanse111.github.io/AFSC-PDFs/32E.html,https://paladindanse111.github.io/AFSC-PDFs/BASE_NELLIS_AFB.html,B-1,Active Duty
NELLIS AFB,"36°14'25""N","115°03'14""W",11S PA 74874 12355,32E1J,32E1J (CIVIL ENGINEER),https://paladindanse111.github.io/AFSC-PDFs/32E.html,https://paladindanse111.github.io/AFSC-PDFs/BASE_NELLIS_AFB.html,C-130J,Active Duty
NELLIS AFB,"36°14'25""N","115°03'14""W",11S PA 74874 12355,32E1J,32E1J (CIVIL ENGINEER),https://paladindanse111.github.io/AFSC-PDFs/32E.html,https://paladindanse111.github.io/AFSC-PDFs/BASE_NELLIS_AFB.html,C-17,Active Duty
NELLIS AFB,"36°14'25""N","115°03'14""W",11S PA 74874 12355,32E1J,32E1J (CIVIL ENGINEER),https://paladindanse111.github.io/AFSC-PDFs/32E.html,https://paladindanse111.github.io/AFSC-PDFs/BASE_NELLIS_AFB.html,CV-22,Active Duty
NELLIS AFB,"36°14'25""N","115°03'14""W",11S PA 74874 12355,32E1J,32E1J (CIVIL ENGINEER),https://paladindanse111.github.io/AFSC-PDFs/32E.html,https://paladindanse111.github.io/AFSC-PDFs/BASE_NELLIS_AFB.html,F-15E,Active Duty
NELLIS AFB,"36°14'25""N","115°03'14""W",11S PA 74874 12355,32E1J,32E1J (CIVIL ENGINEER),https://paladindanse111.github.io/AFSC-PDFs/32E.html,https://paladindanse111.github.io/AFSC-PDFs/BASE_NELLIS_AFB.html,F-16,Active Duty
NELLIS AFB,"36°14'25""N","115°03'14""W",11S PA 74874 12355,32E1J,32E1J (CIVIL ENGINEER),https://paladindanse111.github.io/AFSC-PDFs/32E.html,https://paladindanse111.github.io/AFSC-PDFs/BASE_NELLIS_AFB.html,F-22,Active Duty
NELLIS AFB,"36°14'25""N","115°03'14""W",11S PA 74874 12355,32E1J,32E1J (CIVIL ENGINEER),https://paladindanse111.github.io/AFSC-PDFs/32E.html,https://paladindanse111.github.io/AFSC-PDFs/BASE_NELLIS_AFB.html,F-35,Active Duty
NELLIS AFB,"36°14'25""N","115°03'14""W",11S PA 74874 12355,32E1J,32E1J (CIVIL ENGINEER),https://paladindanse111.github.io/AFSC-PDFs/32E.html,https://paladindanse111.github.io/AFSC-PDFs/BASE_NELLIS_AFB.html,HC-130J,Active Duty
NELLIS AFB,"36°14'25""N","115°03'14""W",11S PA 74874 12355,32E1J,32E1J (CIVIL ENGINEER),https://paladindanse111.github.io/AFSC-PDFs/32E.html,https://paladindanse111.github.io/AFSC-PDFs/BASE_NELLIS_AFB.html,HH-60,Active Duty
NELLIS AFB,"36°14'25""N","115°03'14""W",11S PA 74874 12355,32E1J,32E1J (CIVIL ENGINEER),https://paladindanse111.github.io/AFSC-PDFs/32E.html,https://paladindanse111.github.io/AFSC-PDFs/BASE_NELLIS_AFB.html,KC-135,Active Duty
NELLIS AFB,"36°14'25""N","115°03'14""W",11S PA 74874 12355,32E1J,32E1J (CIVIL ENGINEER),https://paladindanse111.github.io/AFSC-PDFs/32E.html,https://paladindanse111.github.io/AFSC-PDFs/BASE_NELLIS_AFB.html,TR-1/U-2,Active Duty
NELLIS AFB,"36°14'25""N","115°03'14""W",11S PA 74874 12355,35P1,35P1 (PUBLIC AFFAIRS),https://paladindanse111.github.io/AFSC-PDFs/35P.html,https://paladindanse111.github.io/AFSC-PDFs/BASE_NELLIS_AFB.html,A-10,Active Duty
NELLIS AFB,"36°14'25""N","115°03'14""W",11S PA 74874 12355,35P1,35P1 (PUBLIC AFFAIRS),https://paladindanse111.github.io/AFSC-PDFs/35P.html,https://paladindanse111.github.io/AFSC-PDFs/BASE_NELLIS_AFB.html,B-1,Active Duty
NELLIS AFB,"36°14'25""N","115°03'14""W",11S PA 74874 12355,35P1,35P1 (PUBLIC AFFAIRS),https://paladindanse111.github.io/AFSC-PDFs/35P.html,https://paladindanse111.github.io/AFSC-PDFs/BASE_NELLIS_AFB.html,C-130J,Active Duty
NELLIS AFB,"36°14'25""N","115°03'14""W",11S PA 74874 12355,35P1,35P1 (PUBLIC AFFAIRS),https://paladindanse111.github.io/AFSC-PDFs/35P.html,https://paladindanse111.github.io/AFSC-PDFs/BASE_NELLIS_AFB.html,C-17,Active Duty
NELLIS AFB,"36°14'25""N","115°03'14""W",11S PA 74874 12355,35P1,35P1 (PUBLIC AFFAIRS),https://paladindanse111.github.io/AFSC-PDFs/35P.html,https://paladindanse111.github.io/AFSC-PDFs/BASE_NELLIS_AFB.html,CV-22,Active Duty
NELLIS AFB,"36°14'25""N","115°03'14""W",11S PA 74874 12355,35P1,35P1 (PUBLIC AFFAIRS),https://paladindanse111.github.io/AFSC-PDFs/35P.html,https://paladindanse111.github.io/AFSC-PDFs/BASE_NELLIS_AFB.html,F-15E,Active Duty
NELLIS AFB,"36°14'25""N","115°03'14""W",11S PA 74874 12355,35P1,35P1 (PUBLIC AFFAIRS),https://paladindanse111.github.io/AFSC-PDFs/35P.html,https://paladindanse111.github.io/AFSC-PDFs/BASE_NELLIS_AFB.html,F-16,Active Duty
NELLIS AFB,"36°14'25""N","115°03'14""W",11S PA 74874 12355,35P1,35P1 (PUBLIC AFFAIRS),https://paladindanse111.github.io/AFSC-PDFs/35P.html,https://paladindanse111.github.io/AFSC-PDFs/BASE_NELLIS_AFB.html,F-22,Active Duty
NELLIS AFB,"36°14'25""N","115°03'14""W",11S PA 74874 12355,35P1,35P1 (PUBLIC AFFAIRS),https://paladindanse111.github.io/AFSC-PDFs/35P.html,https://paladindanse111.github.io/AFSC-PDFs/BASE_NELLIS_AFB.html,F-35,Active Duty
NELLIS AFB,"36°14'25""N","115°03'14""W",11S PA 74874 12355,35P1,35P1 (PUBLIC AFFAIRS),https://paladindanse111.github.io/AFSC-PDFs/35P.html,https://paladindanse111.github.io/AFSC-PDFs/BASE_NELLIS_AFB.html,HC-130J,Active Duty
NELLIS AFB,"36°14'25""N","115°03'14""W",11S PA 74874 12355,35P1,35P1 (PUBLIC AFFAIRS),https://paladindanse111.github.io/AFSC-PDFs/35P.html,https://paladindanse111.github.io/AFSC-PDFs/BASE_NELLIS_AFB.html,HH-60,Active Duty
NELLIS AFB,"36°14'25""N","115°03'14""W",11S PA 74874 12355,35P1,35P1 (PUBLIC AFFAIRS),https://paladindanse111.github.io/AFSC-PDFs/35P.html,https://paladindanse111.github.io/AFSC-PDFs/BASE_NELLIS_AFB.html,KC-135,Active Duty
NELLIS AFB,"36°14'25""N","115°03'14""W",11S PA 74874 12355,35P1,35P1 (PUBLIC AFFAIRS),https://paladindanse111.github.io/AFSC-PDFs/35P.html,https://paladindanse111.github.io/AFSC-PDFs/BASE_NELLIS_AFB.html,TR-1/U-2,Active Duty
NELLIS AFB,"36°14'25""N","115°03'14""W",11S PA 74874 12355,38F1,38F1 (FORCE SUPPORT),https://paladindanse111.github.io/AFSC-PDFs/38F.html,https://paladindanse111.github.io/AFSC-PDFs/BASE_NELLIS_AFB.html,A-10,Active Duty
NELLIS AFB,"36°14'25""N","115°03'14""W",11S PA 74874 12355,38F1,38F1 (FORCE SUPPORT),https://paladindanse111.github.io/AFSC-PDFs/38F.html,https://paladindanse111.github.io/AFSC-PDFs/BASE_NELLIS_AFB.html,B-1,Active Duty
NELLIS AFB,"36°14'25""N","115°03'14""W",11S PA 74874 12355,38F1,38F1 (FORCE SUPPORT),https://paladindanse111.github.io/AFSC-PDFs/38F.html,https://paladindanse111.github.io/AFSC-PDFs/BASE_NELLIS_AFB.html,C-130J,Active Duty
NELLIS AFB,"36°14'25""N","115°03'14""W",11S PA 74874 12355,38F1,38F1 (FORCE SUPPORT),https://paladindanse111.github.io/AFSC-PDFs/38F.html,https://paladindanse111.github.io/AFSC-PDFs/BASE_NELLIS_AFB.html,C-17,Active Duty
NELLIS AFB,"36°14'25""N","115°03'14""W",11S PA 74874 12355,38F1,38F1 (FORCE SUPPORT),https://paladindanse111.github.io/AFSC-PDFs/38F.html,https://paladindanse111.github.io/AFSC-PDFs/BASE_NELLIS_AFB.html,CV-22,Active Duty
NELLIS AFB,"36°14'25""N","115°03'14""W",11S PA 74874 12355,38F1,38F1 (FORCE SUPPORT),https://paladindanse111.github.io/AFSC-PDFs/38F.html,https://paladindanse111.github.io/AFSC-PDFs/BASE_NELLIS_AFB.html,F-15E,Active Duty
NELLIS AFB,"36°14'25""N","115°03'14""W",11S PA 74874 12355,38F1,38F1 (FORCE SUPPORT),https://paladindanse111.github.io/AFSC-PDFs/38F.html,https://paladindanse111.github.io/AFSC-PDFs/BASE_NELLIS_AFB.html,F-16,Active Duty
NELLIS AFB,"36°14'25""N","115°03'14""W",11S PA 74874 12355,38F1,38F1 (FORCE SUPPORT),https://paladindanse111.github.io/AFSC-PDFs/38F.html,https://paladindanse111.github.io/AFSC-PDFs/BASE_NELLIS_AFB.html,F-22,Active Duty
NELLIS AFB,"36°14'25""N","115°03'14""W",11S PA 74874 12355,38F1,38F1 (FORCE SUPPORT),https://paladindanse111.github.io/AFSC-PDFs/38F.html,https://paladindanse111.github.io/AFSC-PDFs/BASE_NELLIS_AFB.html,F-35,Active Duty
NELLIS AFB,"36°14'25""N","115°03'14""W",11S PA 74874 12355,38F1,38F1 (FORCE SUPPORT),https://paladindanse111.github.io/AFSC-PDFs/38F.html,https://paladindanse111.github.io/AFSC-PDFs/BASE_NELLIS_AFB.html,HC-130J,Active Duty
NELLIS AFB,"36°14'25""N","115°03'14""W",11S PA 74874 12355,38F1,38F1 (FORCE SUPPORT),https://paladindanse111.github.io/AFSC-PDFs/38F.html,https://paladindanse111.github.io/AFSC-PDFs/BASE_NELLIS_AFB.html,HH-60,Active Duty
NELLIS AFB,"36°14'25""N","115°03'14""W",11S PA 74874 12355,38F1,38F1 (FORCE SUPPORT),https://paladindanse111.github.io/AFSC-PDFs/38F.html,https://paladindanse111.github.io/AFSC-PDFs/BASE_NELLIS_AFB.html,KC-135,Active Duty
NELLIS AFB,"36°14'25""N","115°03'14""W",11S PA 74874 12355,38F1,38F1 (FORCE SUPPORT),https://paladindanse111.github.io/AFSC-PDFs/38F.html,https://paladindanse111.github.io/AFSC-PDFs/BASE_NELLIS_AFB.html,TR-1/U-2,Active Duty
NELLIS AFB,"36°14'25""N","115°03'14""W",11S PA 74874 12355,62E1A,62E1A (DEVELOPMENTAL ENGINEER),https://paladindanse111.github.io/AFSC-PDFs/62E.html,https://paladindanse111.github.io/AFSC-PDFs/BASE_NELLIS_AFB.html,A-10,Active Duty
NELLIS AFB,"36°14'25""N","115°03'14""W",11S PA 74874 12355,62E1A,62E1A (DEVELOPMENTAL ENGINEER),https://paladindanse111.github.io/AFSC-PDFs/62E.html,https://paladindanse111.github.io/AFSC-PDFs/BASE_NELLIS_AFB.html,B-1,Active Duty
NELLIS AFB,"36°14'25""N","115°03'14""W",11S PA 74874 12355,62E1A,62E1A (DEVELOPMENTAL ENGINEER),https://paladindanse111.github.io/AFSC-PDFs/62E.html,https://paladindanse111.github.io/AFSC-PDFs/BASE_NELLIS_AFB.html,C-130J,Active Duty
NELLIS AFB,"36°14'25""N","115°03'14""W",11S PA 74874 12355,62E1A,62E1A (DEVELOPMENTAL ENGINEER),https://paladindanse111.github.io/AFSC-PDFs/62E.html,https://paladindanse111.github.io/AFSC-PDFs/BASE_NELLIS_AFB.html,C-17,Active Duty
NELLIS AFB,"36°14'25""N","115°03'14""W",11S PA 74874 12355,62E1A,62E1A (DEVELOPMENTAL ENGINEER),https://paladindanse111.github.io/AFSC-PDFs/62E.html,https://paladindanse111.github.io/AFSC-PDFs/BASE_NELLIS_AFB.html,CV-22,Active Duty
NELLIS AFB,"36°14'25""N","115°03'14""W",11S PA 74874 12355,62E1A,62E1A (DEVELOPMENTAL ENGINEER),https://paladindanse111.github.io/AFSC-PDFs/62E.html,https://paladindanse111.github.io/AFSC-PDFs/BASE_NELLIS_AFB.html,F-15E,Active Duty
NELLIS AFB,"36°14'25""N","115°03'14""W",11S PA 74874 12355,62E1A,62E1A (DEVELOPMENTAL ENGINEER),https://paladindanse111.github.io/AFSC-PDFs/62E.html,https://paladindanse111.github.io/AFSC-PDFs/BASE_NELLIS_AFB.html,F-16,Active Duty
NELLIS AFB,"36°14'25""N","115°03'14""W",11S PA 74874 12355,62E1A,62E1A (DEVELOPMENTAL ENGINEER),https://paladindanse111.github.io/AFSC-PDFs/62E.html,https://paladindanse111.github.io/AFSC-PDFs/BASE_NELLIS_AFB.html,F-22,Active Duty
NELLIS AFB,"36°14'25""N","115°03'14""W",11S PA 74874 12355,62E1A,62E1A (DEVELOPMENTAL ENGINEER),https://paladindanse111.github.io/AFSC-PDFs/62E.html,https://paladindanse111.github.io/AFSC-PDFs/BASE_NELLIS_AFB.html,F-35,Active Duty
NELLIS AFB,"36°14'25""N","115°03'14""W",11S PA 74874 12355,62E1A,62E1A (DEVELOPMENTAL ENGINEER),https://paladindanse111.github.io/AFSC-PDFs/62E.html,https://paladindanse111.github.io/AFSC-PDFs/BASE_NELLIS_AFB.html,HC-130J,Active Duty
NELLIS AFB,"36°14'25""N","115°03'14""W",11S PA 74874 12355,62E1A,62E1A (DEVELOPMENTAL ENGINEER),https://paladindanse111.github.io/AFSC-PDFs/62E.html,https://paladindanse111.github.io/AFSC-PDFs/BASE_NELLIS_AFB.html,HH-60,Active Duty
NELLIS AFB,"36°14'25""N","115°03'14""W",11S PA 74874 12355,62E1A,62E1A (DEVELOPMENTAL ENGINEER),https://paladindanse111.github.io/AFSC-PDFs/62E.html,https://paladindanse111.github.io/AFSC-PDFs/BASE_NELLIS_AFB.html,KC-135,Active Duty
NELLIS AFB,"36°14'25""N","115°03'14""W",11S PA 74874 12355,62E1A,62E1A (DEVELOPMENTAL ENGINEER),https://paladindanse111.github.io/AFSC-PDFs/62E.html,https://paladindanse111.github.io/AFSC-PDFs/BASE_NELLIS_AFB.html,TR-1/U-2,Active Duty
NELLIS AFB,"36°14'25""N","115°03'14""W",11S PA 74874 12355,62E1B,62E1B (DEVELOPMENTAL ENGINEER),https://paladindanse111.github.io/AFSC-PDFs/62E.html,https://paladindanse111.github.io/AFSC-PDFs/BASE_NELLIS_AFB.html,A-10,Active Duty
NELLIS AFB,"36°14'25""N","115°03'14""W",11S PA 74874 12355,62E1B,62E1B (DEVELOPMENTAL ENGINEER),https://paladindanse111.github.io/AFSC-PDFs/62E.html,https://paladindanse111.github.io/AFSC-PDFs/BASE_NELLIS_AFB.html,B-1,Active Duty
NELLIS AFB,"36°14'25""N","115°03'14""W",11S PA 74874 12355,62E1B,62E1B (DEVELOPMENTAL ENGINEER),https://paladindanse111.github.io/AFSC-PDFs/62E.html,https://paladindanse111.github.io/AFSC-PDFs/BASE_NELLIS_AFB.html,C-130J,Active Duty
NELLIS AFB,"36°14'25""N","115°03'14""W",11S PA 74874 12355,62E1B,62E1B (DEVELOPMENTAL ENGINEER),https://paladindanse111.github.io/AFSC-PDFs/62E.html,https://paladindanse111.github.io/AFSC-PDFs/BASE_NELLIS_AFB.html,C-17,Active Duty
NELLIS AFB,"36°14'25""N","115°03'14""W",11S PA 74874 12355,62E1B,62E1B (DEVELOPMENTAL ENGINEER),https://paladindanse111.github.io/AFSC-PDFs/62E.html,https://paladindanse111.github.io/AFSC-PDFs/BASE_NELLIS_AFB.html,CV-22,Active Duty
NELLIS AFB,"36°14'25""N","115°03'14""W",11S PA 74874 12355,62E1B,62E1B (DEVELOPMENTAL ENGINEER),https://paladindanse111.github.io/AFSC-PDFs/62E.html,https://paladindanse111.github.io/AFSC-PDFs/BASE_NELLIS_AFB.html,F-15E,Active Duty
NELLIS AFB,"36°14'25""N","115°03'14""W",11S PA 74874 12355,62E1B,62E1B (DEVELOPMENTAL ENGINEER),https://paladindanse111.github.io/AFSC-PDFs/62E.html,https://paladindanse111.github.io/AFSC-PDFs/BASE_NELLIS_AFB.html,F-16,Active Duty
NELLIS AFB,"36°14'25""N","115°03'14""W",11S PA 74874 12355,62E1B,62E1B (DEVELOPMENTAL ENGINEER),https://paladindanse111.github.io/AFSC-PDFs/62E.html,https://paladindanse111.github.io/AFSC-PDFs/BASE_NELLIS_AFB.html,F-22,Active Duty
NELLIS AFB,"36°14'25""N","115°03'14""W",11S PA 74874 12355,62E1B,62E1B (DEVELOPMENTAL ENGINEER),https://paladindanse111.github.io/AFSC-PDFs/62E.html,https://paladindanse111.github.io/AFSC-PDFs/BASE_NELLIS_AFB.html,F-35,Active Duty
NELLIS AFB,"36°14'25""N","115°03'14""W",11S PA 74874 12355,62E1B,62E1B (DEVELOPMENTAL ENGINEER),https://paladindanse111.github.io/AFSC-PDFs/62E.html,https://paladindanse111.github.io/AFSC-PDFs/BASE_NELLIS_AFB.html,HC-130J,Active Duty
NELLIS AFB,"36°14'25""N","115°03'14""W",11S PA 74874 12355,62E1B,62E1B (DEVELOPMENTAL ENGINEER),https://paladindanse111.github.io/AFSC-PDFs/62E.html,https://paladindanse111.github.io/AFSC-PDFs/BASE_NELLIS_AFB.html,HH-60,Active Duty
NELLIS AFB,"36°14'25""N","115°03'14""W",11S PA 74874 12355,62E1B,62E1B (DEVELOPMENTAL ENGINEER),https://paladindanse111.github.io/AFSC-PDFs/62E.html,https://paladindanse111.github.io/AFSC-PDFs/BASE_NELLIS_AFB.html,KC-135,Active Duty
NELLIS AFB,"36°14'25""N","115°03'14""W",11S PA 74874 12355,62E1B,62E1B (DEVELOPMENTAL ENGINEER),https://paladindanse111.github.io/AFSC-PDFs/62E.html,https://paladindanse111.github.io/AFSC-PDFs/BASE_NELLIS_AFB.html,TR-1/U-2,Active Duty
NELLIS AFB,"36°14'25""N","115°03'14""W",11S PA 74874 12355,62E1C,62E1C (DEVELOPMENTAL ENGINEER),https://paladindanse111.github.io/AFSC-PDFs/62E.html,https://paladindanse111.github.io/AFSC-PDFs/BASE_NELLIS_AFB.html,A-10,Active Duty
NELLIS AFB,"36°14'25""N","115°03'14""W",11S PA 74874 12355,62E1C,62E1C (DEVELOPMENTAL ENGINEER),https://paladindanse111.github.io/AFSC-PDFs/62E.html,https://paladindanse111.github.io/AFSC-PDFs/BASE_NELLIS_AFB.html,B-1,Active Duty
NELLIS AFB,"36°14'25""N","115°03'14""W",11S PA 74874 12355,62E1C,62E1C (DEVELOPMENTAL ENGINEER),https://paladindanse111.github.io/AFSC-PDFs/62E.html,https://paladindanse111.github.io/AFSC-PDFs/BASE_NELLIS_AFB.html,C-130J,Active Duty
NELLIS AFB,"36°14'25""N","115°03'14""W",11S PA 74874 12355,62E1C,62E1C (DEVELOPMENTAL ENGINEER),https://paladindanse111.github.io/AFSC-PDFs/62E.html,https://paladindanse111.github.io/AFSC-PDFs/BASE_NELLIS_AFB.html,C-17,Active Duty
NELLIS AFB,"36°14'25""N","115°03'14""W",11S PA 74874 12355,62E1C,62E1C (DEVELOPMENTAL ENGINEER),https://paladindanse111.github.io/AFSC-PDFs/62E.html,https://paladindanse111.github.io/AFSC-PDFs/BASE_NELLIS_AFB.html,CV-22,Active Duty
NELLIS AFB,"36°14'25""N","115°03'14""W",11S PA 74874 12355,62E1C,62E1C (DEVELOPMENTAL ENGINEER),https://paladindanse111.github.io/AFSC-PDFs/62E.html,https://paladindanse111.github.io/AFSC-PDFs/BASE_NELLIS_AFB.html,F-15E,Active Duty
NELLIS AFB,"36°14'25""N","115°03'14""W",11S PA 74874 12355,62E1C,62E1C (DEVELOPMENTAL ENGINEER),https://paladindanse111.github.io/AFSC-PDFs/62E.html,https://paladindanse111.github.io/AFSC-PDFs/BASE_NELLIS_AFB.html,F-16,Active Duty
NELLIS AFB,"36°14'25""N","115°03'14""W",11S PA 74874 12355,62E1C,62E1C (DEVELOPMENTAL ENGINEER),https://paladindanse111.github.io/AFSC-PDFs/62E.html,https://paladindanse111.github.io/AFSC-PDFs/BASE_NELLIS_AFB.html,F-22,Active Duty
NELLIS AFB,"36°14'25""N","115°03'14""W",11S PA 74874 12355,62E1C,62E1C (DEVELOPMENTAL ENGINEER),https://paladindanse111.github.io/AFSC-PDFs/62E.html,https://paladindanse111.github.io/AFSC-PDFs/BASE_NELLIS_AFB.html,F-35,Active Duty
NELLIS AFB,"36°14'25""N","115°03'14""W",11S PA 74874 12355,62E1C,62E1C (DEVELOPMENTAL ENGINEER),https://paladindanse111.github.io/AFSC-PDFs/62E.html,https://paladindanse111.github.io/AFSC-PDFs/BASE_NELLIS_AFB.html,HC-130J,Active Duty
NELLIS AFB,"36°14'25""N","115°03'14""W",11S PA 74874 12355,62E1C,62E1C (DEVELOPMENTAL ENGINEER),https://paladindanse111.github.io/AFSC-PDFs/62E.html,https://paladindanse111.github.io/AFSC-PDFs/BASE_NELLIS_AFB.html,HH-60,Active Duty
NELLIS AFB,"36°14'25""N","115°03'14""W",11S PA 74874 12355,62E1C,62E1C (DEVELOPMENTAL ENGINEER),https://paladindanse111.github.io/AFSC-PDFs/62E.html,https://paladindanse111.github.io/AFSC-PDFs/BASE_NELLIS_AFB.html,KC-135,Active Duty
NELLIS AFB,"36°14'25""N","115°03'14""W",11S PA 74874 12355,62E1C,62E1C (DEVELOPMENTAL ENGINEER),https://paladindanse111.github.io/AFSC-PDFs/62E.html,https://paladindanse111.github.io/AFSC-PDFs/BASE_NELLIS_AFB.html,TR-1/U-2,Active Duty
NELLIS AFB,"36°14'25""N","115°03'14""W",11S PA 74874 12355,62E1E,62E1E (DEVELOPMENTAL ENGINEER),https://paladindanse111.github.io/AFSC-PDFs/62E.html,https://paladindanse111.github.io/AFSC-PDFs/BASE_NELLIS_AFB.html,A-10,Active Duty
NELLIS AFB,"36°14'25""N","115°03'14""W",11S PA 74874 12355,62E1E,62E1E (DEVELOPMENTAL ENGINEER),https://paladindanse111.github.io/AFSC-PDFs/62E.html,https://paladindanse111.github.io/AFSC-PDFs/BASE_NELLIS_AFB.html,B-1,Active Duty
NELLIS AFB,"36°14'25""N","115°03'14""W",11S PA 74874 12355,62E1E,62E1E (DEVELOPMENTAL ENGINEER),https://paladindanse111.github.io/AFSC-PDFs/62E.html,https://paladindanse111.github.io/AFSC-PDFs/BASE_NELLIS_AFB.html,C-130J,Active Duty
NELLIS AFB,"36°14'25""N","115°03'14""W",11S PA 74874 12355,62E1E,62E1E (DEVELOPMENTAL ENGINEER),https://paladindanse111.github.io/AFSC-PDFs/62E.html,https://paladindanse111.github.io/AFSC-PDFs/BASE_NELLIS_AFB.html,C-17,Active Duty
NELLIS AFB,"36°14'25""N","115°03'14""W",11S PA 74874 12355,62E1E,62E1E (DEVELOPMENTAL ENGINEER),https://paladindanse111.github.io/AFSC-PDFs/62E.html,https://paladindanse111.github.io/AFSC-PDFs/BASE_NELLIS_AFB.html,CV-22,Active Duty
NELLIS AFB,"36°14'25""N","115°03'14""W",11S PA 74874 12355,62E1E,62E1E (DEVELOPMENTAL ENGINEER),https://paladindanse111.github.io/AFSC-PDFs/62E.html,https://paladindanse111.github.io/AFSC-PDFs/BASE_NELLIS_AFB.html,F-15E,Active Duty
NELLIS AFB,"36°14'25""N","115°03'14""W",11S PA 74874 12355,62E1E,62E1E (DEVELOPMENTAL ENGINEER),https://paladindanse111.github.io/AFSC-PDFs/62E.html,https://paladindanse111.github.io/AFSC-PDFs/BASE_NELLIS_AFB.html,F-16,Active Duty
NELLIS AFB,"36°14'25""N","115°03'14""W",11S PA 74874 12355,62E1E,62E1E (DEVELOPMENTAL ENGINEER),https://paladindanse111.github.io/AFSC-PDFs/62E.html,https://paladindanse111.github.io/AFSC-PDFs/BASE_NELLIS_AFB.html,F-22,Active Duty
NELLIS AFB,"36°14'25""N","115°03'14""W",11S PA 74874 12355,62E1E,62E1E (DEVELOPMENTAL ENGINEER),https://paladindanse111.github.io/AFSC-PDFs/62E.html,https://paladindanse111.github.io/AFSC-PDFs/BASE_NELLIS_AFB.html,F-35,Active Duty
NELLIS AFB,"36°14'25""N","115°03'14""W",11S PA 74874 12355,62E1E,62E1E (DEVELOPMENTAL ENGINEER),https://paladindanse111.github.io/AFSC-PDFs/62E.html,https://paladindanse111.github.io/AFSC-PDFs/BASE_NELLIS_AFB.html,HC-130J,Active Duty
NELLIS AFB,"36°14'25""N","115°03'14""W",11S PA 74874 12355,62E1E,62E1E (DEVELOPMENTAL ENGINEER),https://paladindanse111.github.io/AFSC-PDFs/62E.html,https://paladindanse111.github.io/AFSC-PDFs/BASE_NELLIS_AFB.html,HH-60,Active Duty
NELLIS AFB,"36°14'25""N","115°03'14""W",11S PA 74874 12355,62E1E,62E1E (DEVELOPMENTAL ENGINEER),https://paladindanse111.github.io/AFSC-PDFs/62E.html,https://paladindanse111.github.io/AFSC-PDFs/BASE_NELLIS_AFB.html,KC-135,Active Duty
NELLIS AFB,"36°14'25""N","115°03'14""W",11S PA 74874 12355,62E1E,62E1E (DEVELOPMENTAL ENGINEER),https://paladindanse111.github.io/AFSC-PDFs/62E.html,https://paladindanse111.github.io/AFSC-PDFs/BASE_NELLIS_AFB.html,TR-1/U-2,Active Duty
NELLIS AFB,"36°14'25""N","115°03'14""W",11S PA 74874 12355,62E1G,62E1G (DEVELOPMENTAL ENGINEER),https://paladindanse111.github.io/AFSC-PDFs/62E.html,https://paladindanse111.github.io/AFSC-PDFs/BASE_NELLIS_AFB.html,A-10,Active Duty
NELLIS AFB,"36°14'25""N","115°03'14""W",11S PA 74874 12355,62E1G,62E1G (DEVELOPMENTAL ENGINEER),https://paladindanse111.github.io/AFSC-PDFs/62E.html,https://paladindanse111.github.io/AFSC-PDFs/BASE_NELLIS_AFB.html,B-1,Active Duty
NELLIS AFB,"36°14'25""N","115°03'14""W",11S PA 74874 12355,62E1G,62E1G (DEVELOPMENTAL ENGINEER),https://paladindanse111.github.io/AFSC-PDFs/62E.html,https://paladindanse111.github.io/AFSC-PDFs/BASE_NELLIS_AFB.html,C-130J,Active Duty
NELLIS AFB,"36°14'25""N","115°03'14""W",11S PA 74874 12355,62E1G,62E1G (DEVELOPMENTAL ENGINEER),https://paladindanse111.github.io/AFSC-PDFs/62E.html,https://paladindanse111.github.io/AFSC-PDFs/BASE_NELLIS_AFB.html,C-17,Active Duty
NELLIS AFB,"36°14'25""N","115°03'14""W",11S PA 74874 12355,62E1G,62E1G (DEVELOPMENTAL ENGINEER),https://paladindanse111.github.io/AFSC-PDFs/62E.html,https://paladindanse111.github.io/AFSC-PDFs/BASE_NELLIS_AFB.html,CV-22,Active Duty
NELLIS AFB,"36°14'25""N","115°03'14""W",11S PA 74874 12355,62E1G,62E1G (DEVELOPMENTAL ENGINEER),https://paladindanse111.github.io/AFSC-PDFs/62E.html,https://paladindanse111.github.io/AFSC-PDFs/BASE_NELLIS_AFB.html,F-15E,Active Duty
NELLIS AFB,"36°14'25""N","115°03'14""W",11S PA 74874 12355,62E1G,62E1G (DEVELOPMENTAL ENGINEER),https://paladindanse111.github.io/AFSC-PDFs/62E.html,https://paladindanse111.github.io/AFSC-PDFs/BASE_NELLIS_AFB.html,F-16,Active Duty
NELLIS AFB,"36°14'25""N","115°03'14""W",11S PA 74874 12355,62E1G,62E1G (DEVELOPMENTAL ENGINEER),https://paladindanse111.github.io/AFSC-PDFs/62E.html,https://paladindanse111.github.io/AFSC-PDFs/BASE_NELLIS_AFB.html,F-22,Active Duty
NELLIS AFB,"36°14'25""N","115°03'14""W",11S PA 74874 12355,62E1G,62E1G (DEVELOPMENTAL ENGINEER),https://paladindanse111.github.io/AFSC-PDFs/62E.html,https://paladindanse111.github.io/AFSC-PDFs/BASE_NELLIS_AFB.html,F-35,Active Duty
NELLIS AFB,"36°14'25""N","115°03'14""W",11S PA 74874 12355,62E1G,62E1G (DEVELOPMENTAL ENGINEER),https://paladindanse111.github.io/AFSC-PDFs/62E.html,https://paladindanse111.github.io/AFSC-PDFs/BASE_NELLIS_AFB.html,HC-130J,Active Duty
NELLIS AFB,"36°14'25""N","115°03'14""W",11S PA 74874 12355,62E1G,62E1G (DEVELOPMENTAL ENGINEER),https://paladindanse111.github.io/AFSC-PDFs/62E.html,https://paladindanse111.github.io/AFSC-PDFs/BASE_NELLIS_AFB.html,HH-60,Active Duty
NELLIS AFB,"36°14'25""N","115°03'14""W",11S PA 74874 12355,62E1G,62E1G (DEVELOPMENTAL ENGINEER),https://paladindanse111.github.io/AFSC-PDFs/62E.html,https://paladindanse111.github.io/AFSC-PDFs/BASE_NELLIS_AFB.html,KC-135,Active Duty
NELLIS AFB,"36°14'25""N","115°03'14""W",11S PA 74874 12355,62E1G,62E1G (DEVELOPMENTAL ENGINEER),https://paladindanse111.github.io/AFSC-PDFs/62E.html,https://paladindanse111.github.io/AFSC-PDFs/BASE_NELLIS_AFB.html,TR-1/U-2,Active Duty
NELLIS AFB,"36°14'25""N","115°03'14""W",11S PA 74874 12355,62E1H,62E1H (DEVELOPMENTAL ENGINEER),https://paladindanse111.github.io/AFSC-PDFs/62E.html,https://paladindanse111.github.io/AFSC-PDFs/BASE_NELLIS_AFB.html,A-10,Active Duty
NELLIS AFB,"36°14'25""N","115°03'14""W",11S PA 74874 12355,62E1H,62E1H (DEVELOPMENTAL ENGINEER),https://paladindanse111.github.io/AFSC-PDFs/62E.html,https://paladindanse111.github.io/AFSC-PDFs/BASE_NELLIS_AFB.html,B-1,Active Duty
NELLIS AFB,"36°14'25""N","115°03'14""W",11S PA 74874 12355,62E1H,62E1H (DEVELOPMENTAL ENGINEER),https://paladindanse111.github.io/AFSC-PDFs/62E.html,https://paladindanse111.github.io/AFSC-PDFs/BASE_NELLIS_AFB.html,C-130J,Active Duty
NELLIS AFB,"36°14'25""N","115°03'14""W",11S PA 74874 12355,62E1H,62E1H (DEVELOPMENTAL ENGINEER),https://paladindanse111.github.io/AFSC-PDFs/62E.html,https://paladindanse111.github.io/AFSC-PDFs/BASE_NELLIS_AFB.html,C-17,Active Duty
NELLIS AFB,"36°14'25""N","115°03'14""W",11S PA 74874 12355,62E1H,62E1H (DEVELOPMENTAL ENGINEER),https://paladindanse111.github.io/AFSC-PDFs/62E.html,https://paladindanse111.github.io/AFSC-PDFs/BASE_NELLIS_AFB.html,CV-22,Active Duty
NELLIS AFB,"36°14'25""N","115°03'14""W",11S PA 74874 12355,62E1H,62E1H (DEVELOPMENTAL ENGINEER),https://paladindanse111.github.io/AFSC-PDFs/62E.html,https://paladindanse111.github.io/AFSC-PDFs/BASE_NELLIS_AFB.html,F-15E,Active Duty
NELLIS AFB,"36°14'25""N","115°03'14""W",11S PA 74874 12355,62E1H,62E1H (DEVELOPMENTAL ENGINEER),https://paladindanse111.github.io/AFSC-PDFs/62E.html,https://paladindanse111.github.io/AFSC-PDFs/BASE_NELLIS_AFB.html,F-16,Active Duty
NELLIS AFB,"36°14'25""N","115°03'14""W",11S PA 74874 12355,62E1H,62E1H (DEVELOPMENTAL ENGINEER),https://paladindanse111.github.io/AFSC-PDFs/62E.html,https://paladindanse111.github.io/AFSC-PDFs/BASE_NELLIS_AFB.html,F-22,Active Duty
NELLIS AFB,"36°14'25""N","115°03'14""W",11S PA 74874 12355,62E1H,62E1H (DEVELOPMENTAL ENGINEER),https://paladindanse111.github.io/AFSC-PDFs/62E.html,https://paladindanse111.github.io/AFSC-PDFs/BASE_NELLIS_AFB.html,F-35,Active Duty
NELLIS AFB,"36°14'25""N","115°03'14""W",11S PA 74874 12355,62E1H,62E1H (DEVELOPMENTAL ENGINEER),https://paladindanse111.github.io/AFSC-PDFs/62E.html,https://paladindanse111.github.io/AFSC-PDFs/BASE_NELLIS_AFB.html,HC-130J,Active Duty
NELLIS AFB,"36°14'25""N","115°03'14""W",11S PA 74874 12355,62E1H,62E1H (DEVELOPMENTAL ENGINEER),https://paladindanse111.github.io/AFSC-PDFs/62E.html,https://paladindanse111.github.io/AFSC-PDFs/BASE_NELLIS_AFB.html,HH-60,Active Duty
NELLIS AFB,"36°14'25""N","115°03'14""W",11S PA 74874 12355,62E1H,62E1H (DEVELOPMENTAL ENGINEER),https://paladindanse111.github.io/AFSC-PDFs/62E.html,https://paladindanse111.github.io/AFSC-PDFs/BASE_NELLIS_AFB.html,KC-135,Active Duty
NELLIS AFB,"36°14'25""N","115°03'14""W",11S PA 74874 12355,62E1H,62E1H (DEVELOPMENTAL ENGINEER),https://paladindanse111.github.io/AFSC-PDFs/62E.html,https://paladindanse111.github.io/AFSC-PDFs/BASE_NELLIS_AFB.html,TR-1/U-2,Active Duty
NELLIS AFB,"36°14'25""N","115°03'14""W",11S PA 74874 12355,62E1I,62E1I (DEVELOPMENTAL ENGINEER),https://paladindanse111.github.io/AFSC-PDFs/62E.html,https://paladindanse111.github.io/AFSC-PDFs/BASE_NELLIS_AFB.html,A-10,Active Duty
NELLIS AFB,"36°14'25""N","115°03'14""W",11S PA 74874 12355,62E1I,62E1I (DEVELOPMENTAL ENGINEER),https://paladindanse111.github.io/AFSC-PDFs/62E.html,https://paladindanse111.github.io/AFSC-PDFs/BASE_NELLIS_AFB.html,B-1,Active Duty
NELLIS AFB,"36°14'25""N","115°03'14""W",11S PA 74874 12355,62E1I,62E1I (DEVELOPMENTAL ENGINEER),https://paladindanse111.github.io/AFSC-PDFs/62E.html,https://paladindanse111.github.io/AFSC-PDFs/BASE_NELLIS_AFB.html,C-130J,Active Duty
NELLIS AFB,"36°14'25""N","115°03'14""W",11S PA 74874 12355,62E1I,62E1I (DEVELOPMENTAL ENGINEER),https://paladindanse111.github.io/AFSC-PDFs/62E.html,https://paladindanse111.github.io/AFSC-PDFs/BASE_NELLIS_AFB.html,C-17,Active Duty
NELLIS AFB,"36°14'25""N","115°03'14""W",11S PA 74874 12355,62E1I,62E1I (DEVELOPMENTAL ENGINEER),https://paladindanse111.github.io/AFSC-PDFs/62E.html,https://paladindanse111.github.io/AFSC-PDFs/BASE_NELLIS_AFB.html,CV-22,Active Duty
NELLIS AFB,"36°14'25""N","115°03'14""W",11S PA 74874 12355,62E1I,62E1I (DEVELOPMENTAL ENGINEER),https://paladindanse111.github.io/AFSC-PDFs/62E.html,https://paladindanse111.github.io/AFSC-PDFs/BASE_NELLIS_AFB.html,F-15E,Active Duty
NELLIS AFB,"36°14'25""N","115°03'14""W",11S PA 74874 12355,62E1I,62E1I (DEVELOPMENTAL ENGINEER),https://paladindanse111.github.io/AFSC-PDFs/62E.html,https://paladindanse111.github.io/AFSC-PDFs/BASE_NELLIS_AFB.html,F-16,Active Duty
NELLIS AFB,"36°14'25""N","115°03'14""W",11S PA 74874 12355,62E1I,62E1I (DEVELOPMENTAL ENGINEER),https://paladindanse111.github.io/AFSC-PDFs/62E.html,https://paladindanse111.github.io/AFSC-PDFs/BASE_NELLIS_AFB.html,F-22,Active Duty
NELLIS AFB,"36°14'25""N","115°03'14""W",11S PA 74874 12355,62E1I,62E1I (DEVELOPMENTAL ENGINEER),https://paladindanse111.github.io/AFSC-PDFs/62E.html,https://paladindanse111.github.io/AFSC-PDFs/BASE_NELLIS_AFB.html,F-35,Active Duty
NELLIS AFB,"36°14'25""N","115°03'14""W",11S PA 74874 12355,62E1I,62E1I (DEVELOPMENTAL ENGINEER),https://paladindanse111.github.io/AFSC-PDFs/62E.html,https://paladindanse111.github.io/AFSC-PDFs/BASE_NELLIS_AFB.html,HC-130J,Active Duty
NELLIS AFB,"36°14'25""N","115°03'14""W",11S PA 74874 12355,62E1I,62E1I (DEVELOPMENTAL ENGINEER),https://paladindanse111.github.io/AFSC-PDFs/62E.html,https://paladindanse111.github.io/AFSC-PDFs/BASE_NELLIS_AFB.html,HH-60,Active Duty
NELLIS AFB,"36°14'25""N","115°03'14""W",11S PA 74874 12355,62E1I,62E1I (DEVELOPMENTAL ENGINEER),https://paladindanse111.github.io/AFSC-PDFs/62E.html,https://paladindanse111.github.io/AFSC-PDFs/BASE_NELLIS_AFB.html,KC-135,Active Duty
NELLIS AFB,"36°14'25""N","115°03'14""W",11S PA 74874 12355,62E1I,62E1I (DEVELOPMENTAL ENGINEER),https://paladindanse111.github.io/AFSC-PDFs/62E.html,https://paladindanse111.github.io/AFSC-PDFs/BASE_NELLIS_AFB.html,TR-1/U-2,Active Duty
NELLIS AFB,"36°14'25""N","115°03'14""W",11S PA 74874 12355,64P1,64P1 (CONTRACTING),https://paladindanse111.github.io/AFSC-PDFs/64P.html,https://paladindanse111.github.io/AFSC-PDFs/BASE_NELLIS_AFB.html,A-10,Active Duty
NELLIS AFB,"36°14'25""N","115°03'14""W",11S PA 74874 12355,64P1,64P1 (CONTRACTING),https://paladindanse111.github.io/AFSC-PDFs/64P.html,https://paladindanse111.github.io/AFSC-PDFs/BASE_NELLIS_AFB.html,B-1,Active Duty
NELLIS AFB,"36°14'25""N","115°03'14""W",11S PA 74874 12355,64P1,64P1 (CONTRACTING),https://paladindanse111.github.io/AFSC-PDFs/64P.html,https://paladindanse111.github.io/AFSC-PDFs/BASE_NELLIS_AFB.html,C-130J,Active Duty
NELLIS AFB,"36°14'25""N","115°03'14""W",11S PA 74874 12355,64P1,64P1 (CONTRACTING),https://paladindanse111.github.io/AFSC-PDFs/64P.html,https://paladindanse111.github.io/AFSC-PDFs/BASE_NELLIS_AFB.html,C-17,Active Duty
NELLIS AFB,"36°14'25""N","115°03'14""W",11S PA 74874 12355,64P1,64P1 (CONTRACTING),https://paladindanse111.github.io/AFSC-PDFs/64P.html,https://paladindanse111.github.io/AFSC-PDFs/BASE_NELLIS_AFB.html,CV-22,Active Duty
NELLIS AFB,"36°14'25""N","115°03'14""W",11S PA 74874 12355,64P1,64P1 (CONTRACTING),https://paladindanse111.github.io/AFSC-PDFs/64P.html,https://paladindanse111.github.io/AFSC-PDFs/BASE_NELLIS_AFB.html,F-15E,Active Duty
NELLIS AFB,"36°14'25""N","115°03'14""W",11S PA 74874 12355,64P1,64P1 (CONTRACTING),https://paladindanse111.github.io/AFSC-PDFs/64P.html,https://paladindanse111.github.io/AFSC-PDFs/BASE_NELLIS_AFB.html,F-16,Active Duty
NELLIS AFB,"36°14'25""N","115°03'14""W",11S PA 74874 12355,64P1,64P1 (CONTRACTING),https://paladindanse111.github.io/AFSC-PDFs/64P.html,https://paladindanse111.github.io/AFSC-PDFs/BASE_NELLIS_AFB.html,F-22,Active Duty
NELLIS AFB,"36°14'25""N","115°03'14""W",11S PA 74874 12355,64P1,64P1 (CONTRACTING),https://paladindanse111.github.io/AFSC-PDFs/64P.html,https://paladindanse111.github.io/AFSC-PDFs/BASE_NELLIS_AFB.html,F-35,Active Duty
NELLIS AFB,"36°14'25""N","115°03'14""W",11S PA 74874 12355,64P1,64P1 (CONTRACTING),https://paladindanse111.github.io/AFSC-PDFs/64P.html,https://paladindanse111.github.io/AFSC-PDFs/BASE_NELLIS_AFB.html,HC-130J,Active Duty
NELLIS AFB,"36°14'25""N","115°03'14""W",11S PA 74874 12355,64P1,64P1 (CONTRACTING),https://paladindanse111.github.io/AFSC-PDFs/64P.html,https://paladindanse111.github.io/AFSC-PDFs/BASE_NELLIS_AFB.html,HH-60,Active Duty
NELLIS AFB,"36°14'25""N","115°03'14""W",11S PA 74874 12355,64P1,64P1 (CONTRACTING),https://paladindanse111.github.io/AFSC-PDFs/64P.html,https://paladindanse111.github.io/AFSC-PDFs/BASE_NELLIS_AFB.html,KC-135,Active Duty
NELLIS AFB,"36°14'25""N","115°03'14""W",11S PA 74874 12355,64P1,64P1 (CONTRACTING),https://paladindanse111.github.io/AFSC-PDFs/64P.html,https://paladindanse111.github.io/AFSC-PDFs/BASE_NELLIS_AFB.html,TR-1/U-2,Active Duty
NELLIS AFB,"36°14'25""N","115°03'14""W",11S PA 74874 12355,65F1,65F1 (FINANCIAL MANAGEMENT),https://paladindanse111.github.io/AFSC-PDFs/65F.html,https://paladindanse111.github.io/AFSC-PDFs/BASE_NELLIS_AFB.html,A-10,Active Duty
NELLIS AFB,"36°14'25""N","115°03'14""W",11S PA 74874 12355,65F1,65F1 (FINANCIAL MANAGEMENT),https://paladindanse111.github.io/AFSC-PDFs/65F.html,https://paladindanse111.github.io/AFSC-PDFs/BASE_NELLIS_AFB.html,B-1,Active Duty
NELLIS AFB,"36°14'25""N","115°03'14""W",11S PA 74874 12355,65F1,65F1 (FINANCIAL MANAGEMENT),https://paladindanse111.github.io/AFSC-PDFs/65F.html,https://paladindanse111.github.io/AFSC-PDFs/BASE_NELLIS_AFB.html,C-130J,Active Duty
NELLIS AFB,"36°14'25""N","115°03'14""W",11S PA 74874 12355,65F1,65F1 (FINANCIAL MANAGEMENT),https://paladindanse111.github.io/AFSC-PDFs/65F.html,https://paladindanse111.github.io/AFSC-PDFs/BASE_NELLIS_AFB.html,C-17,Active Duty
NELLIS AFB,"36°14'25""N","115°03'14""W",11S PA 74874 12355,65F1,65F1 (FINANCIAL MANAGEMENT),https://paladindanse111.github.io/AFSC-PDFs/65F.html,https://paladindanse111.github.io/AFSC-PDFs/BASE_NELLIS_AFB.html,CV-22,Active Duty
NELLIS AFB,"36°14'25""N","115°03'14""W",11S PA 74874 12355,65F1,65F1 (FINANCIAL MANAGEMENT),https://paladindanse111.github.io/AFSC-PDFs/65F.html,https://paladindanse111.github.io/AFSC-PDFs/BASE_NELLIS_AFB.html,F-15E,Active Duty
NELLIS AFB,"36°14'25""N","115°03'14""W",11S PA 74874 12355,65F1,65F1 (FINANCIAL MANAGEMENT),https://paladindanse111.github.io/AFSC-PDFs/65F.html,https://paladindanse111.github.io/AFSC-PDFs/BASE_NELLIS_AFB.html,F-16,Active Duty
NELLIS AFB,"36°14'25""N","115°03'14""W",11S PA 74874 12355,65F1,65F1 (FINANCIAL MANAGEMENT),https://paladindanse111.github.io/AFSC-PDFs/65F.html,https://paladindanse111.github.io/AFSC-PDFs/BASE_NELLIS_AFB.html,F-22,Active Duty
NELLIS AFB,"36°14'25""N","115°03'14""W",11S PA 74874 12355,65F1,65F1 (FINANCIAL MANAGEMENT),https://paladindanse111.github.io/AFSC-PDFs/65F.html,https://paladindanse111.github.io/AFSC-PDFs/BASE_NELLIS_AFB.html,F-35,Active Duty
NELLIS AFB,"36°14'25""N","115°03'14""W",11S PA 74874 12355,65F1,65F1 (FINANCIAL MANAGEMENT),https://paladindanse111.github.io/AFSC-PDFs/65F.html,https://paladindanse111.github.io/AFSC-PDFs/BASE_NELLIS_AFB.html,HC-130J,Active Duty
NELLIS AFB,"36°14'25""N","115°03'14""W",11S PA 74874 12355,65F1,65F1 (FINANCIAL MANAGEMENT),https://paladindanse111.github.io/AFSC-PDFs/65F.html,https://paladindanse111.github.io/AFSC-PDFs/BASE_NELLIS_AFB.html,HH-60,Active Duty
NELLIS AFB,"36°14'25""N","115°03'14""W",11S PA 74874 12355,65F1,65F1 (FINANCIAL MANAGEMENT),https://paladindanse111.github.io/AFSC-PDFs/65F.html,https://paladindanse111.github.io/AFSC-PDFs/BASE_NELLIS_AFB.html,KC-135,Active Duty
NELLIS AFB,"36°14'25""N","115°03'14""W",11S PA 74874 12355,65F1,65F1 (FINANCIAL MANAGEMENT),https://paladindanse111.github.io/AFSC-PDFs/65F.html,https://paladindanse111.github.io/AFSC-PDFs/BASE_NELLIS_AFB.html,TR-1/U-2,Active Duty
NELLIS AFB,"36°14'25""N","115°03'14""W",11S PA 74874 12355,71S1,71S1 (SPECIAL INVESTIGATIONS),https://paladindanse111.github.io/AFSC-PDFs/71S.html,https://paladindanse111.github.io/AFSC-PDFs/BASE_NELLIS_AFB.html,A-10,Active Duty
NELLIS AFB,"36°14'25""N","115°03'14""W",11S PA 74874 12355,71S1,71S1 (SPECIAL INVESTIGATIONS),https://paladindanse111.github.io/AFSC-PDFs/71S.html,https://paladindanse111.github.io/AFSC-PDFs/BASE_NELLIS_AFB.html,B-1,Active Duty
NELLIS AFB,"36°14'25""N","115°03'14""W",11S PA 74874 12355,71S1,71S1 (SPECIAL INVESTIGATIONS),https://paladindanse111.github.io/AFSC-PDFs/71S.html,https://paladindanse111.github.io/AFSC-PDFs/BASE_NELLIS_AFB.html,C-130J,Active Duty
NELLIS AFB,"36°14'25""N","115°03'14""W",11S PA 74874 12355,71S1,71S1 (SPECIAL INVESTIGATIONS),https://paladindanse111.github.io/AFSC-PDFs/71S.html,https://paladindanse111.github.io/AFSC-PDFs/BASE_NELLIS_AFB.html,C-17,Active Duty
NELLIS AFB,"36°14'25""N","115°03'14""W",11S PA 74874 12355,71S1,71S1 (SPECIAL INVESTIGATIONS),https://paladindanse111.github.io/AFSC-PDFs/71S.html,https://paladindanse111.github.io/AFSC-PDFs/BASE_NELLIS_AFB.html,CV-22,Active Duty
NELLIS AFB,"36°14'25""N","115°03'14""W",11S PA 74874 12355,71S1,71S1 (SPECIAL INVESTIGATIONS),https://paladindanse111.github.io/AFSC-PDFs/71S.html,https://paladindanse111.github.io/AFSC-PDFs/BASE_NELLIS_AFB.html,F-15E,Active Duty
NELLIS AFB,"36°14'25""N","115°03'14""W",11S PA 74874 12355,71S1,71S1 (SPECIAL INVESTIGATIONS),https://paladindanse111.github.io/AFSC-PDFs/71S.html,https://paladindanse111.github.io/AFSC-PDFs/BASE_NELLIS_AFB.html,F-16,Active Duty
NELLIS AFB,"36°14'25""N","115°03'14""W",11S PA 74874 12355,71S1,71S1 (SPECIAL INVESTIGATIONS),https://paladindanse111.github.io/AFSC-PDFs/71S.html,https://paladindanse111.github.io/AFSC-PDFs/BASE_NELLIS_AFB.html,F-22,Active Duty
NELLIS AFB,"36°14'25""N","115°03'14""W",11S PA 74874 12355,71S1,71S1 (SPECIAL INVESTIGATIONS),https://paladindanse111.github.io/AFSC-PDFs/71S.html,https://paladindanse111.github.io/AFSC-PDFs/BASE_NELLIS_AFB.html,F-35,Active Duty
NELLIS AFB,"36°14'25""N","115°03'14""W",11S PA 74874 12355,71S1,71S1 (SPECIAL INVESTIGATIONS),https://paladindanse111.github.io/AFSC-PDFs/71S.html,https://paladindanse111.github.io/AFSC-PDFs/BASE_NELLIS_AFB.html,HC-130J,Active Duty
NELLIS AFB,"36°14'25""N","115°03'14""W",11S PA 74874 12355,71S1,71S1 (SPECIAL INVESTIGATIONS),https://paladindanse111.github.io/AFSC-PDFs/71S.html,https://paladindanse111.github.io/AFSC-PDFs/BASE_NELLIS_AFB.html,HH-60,Active Duty
NELLIS AFB,"36°14'25""N","115°03'14""W",11S PA 74874 12355,71S1,71S1 (SPECIAL INVESTIGATIONS),https://paladindanse111.github.io/AFSC-PDFs/71S.html,https://paladindanse111.github.io/AFSC-PDFs/BASE_NELLIS_AFB.html,KC-135,Active Duty
NELLIS AFB,"36°14'25""N","115°03'14""W",11S PA 74874 12355,71S1,71S1 (SPECIAL INVESTIGATIONS),https://paladindanse111.github.io/AFSC-PDFs/71S.html,https://paladindanse111.github.io/AFSC-PDFs/BASE_NELLIS_AFB.html,TR-1/U-2,Active Duty
OFFUTT AFB,"41°07'25""N","95°54'52""W",15T TF 55334 56573,15W1,15W1 (WEATHER AND ENVIRONMENTAL SCIENCES),https://paladindanse111.github.io/AFSC-PDFs/15W.html,https://paladindanse111.github.io/AFSC-PDFs/BASE_OFFUTT_AFB.html,E-4,Active Duty
OFFUTT AFB,"41°07'25""N","95°54'52""W",15T TF 55334 56573,15W1,15W1 (WEATHER AND ENVIRONMENTAL SCIENCES),https://paladindanse111.github.io/AFSC-PDFs/15W.html,https://paladindanse111.github.io/AFSC-PDFs/BASE_OFFUTT_AFB.html,KC-135,Active Duty
OFFUTT AFB,"41°07'25""N","95°54'52""W",15T TF 55334 56573,15W1,15W1 (WEATHER AND ENVIRONMENTAL SCIENCES),https://paladindanse111.github.io/AFSC-PDFs/15W.html,https://paladindanse111.github.io/AFSC-PDFs/BASE_OFFUTT_AFB.html,RC-135,Active Duty
OFFUTT AFB,"41°07'25""N","95°54'52""W",15T TF 55334 56573,15W1,15W1 (WEATHER AND ENVIRONMENTAL SCIENCES),https://paladindanse111.github.io/AFSC-PDFs/15W.html,https://paladindanse111.github.io/AFSC-PDFs/BASE_OFFUTT_AFB.html,UH-1N,Active Duty
OFFUTT AFB,"41°07'25""N","95°54'52""W",15T TF 55334 56573,15W1,15W1 (WEATHER AND ENVIRONMENTAL SCIENCES),https://paladindanse111.github.io/AFSC-PDFs/15W.html,https://paladindanse111.github.io/AFSC-PDFs/BASE_OFFUTT_AFB.html,WC/OC-135,Active Duty
OFFUTT AFB,"41°07'25""N","95°54'52""W",15T TF 55334 56573,21A1,21A1 (AIRCRAFT MAINTENANCE),https://paladindanse111.github.io/AFSC-PDFs/21A.html,https://paladindanse111.github.io/AFSC-PDFs/BASE_OFFUTT_AFB.html,E-4,Active Duty
OFFUTT AFB,"41°07'25""N","95°54'52""W",15T TF 55334 56573,21A1,21A1 (AIRCRAFT MAINTENANCE),https://paladindanse111.github.io/AFSC-PDFs/21A.html,https://paladindanse111.github.io/AFSC-PDFs/BASE_OFFUTT_AFB.html,KC-135,Active Duty
OFFUTT AFB,"41°07'25""N","95°54'52""W",15T TF 55334 56573,21A1,21A1 (AIRCRAFT MAINTENANCE),https://paladindanse111.github.io/AFSC-PDFs/21A.html,https://paladindanse111.github.io/AFSC-PDFs/BASE_OFFUTT_AFB.html,RC-135,Active Duty
OFFUTT AFB,"41°07'25""N","95°54'52""W",15T TF 55334 56573,21A1,21A1 (AIRCRAFT MAINTENANCE),https://paladindanse111.github.io/AFSC-PDFs/21A.html,https://paladindanse111.github.io/AFSC-PDFs/BASE_OFFUTT_AFB.html,UH-1N,Active Duty
OFFUTT AFB,"41°07'25""N","95°54'52""W",15T TF 55334 56573,21A1,21A1 (AIRCRAFT MAINTENANCE),https://paladindanse111.github.io/AFSC-PDFs/21A.html,https://paladindanse111.github.io/AFSC-PDFs/BASE_OFFUTT_AFB.html,WC/OC-135,Active Duty
OFFUTT AFB,"41°07'25""N","95°54'52""W",15T TF 55334 56573,21R1,21R1 (LOGISTICS READINESS),https://paladindanse111.github.io/AFSC-PDFs/21R.html,https://paladindanse111.github.io/AFSC-PDFs/BASE_OFFUTT_AFB.html,E-4,Active Duty
OFFUTT AFB,"41°07'25""N","95°54'52""W",15T TF 55334 56573,21R1,21R1 (LOGISTICS READINESS),https://paladindanse111.github.io/AFSC-PDFs/21R.html,https://paladindanse111.github.io/AFSC-PDFs/BASE_OFFUTT_AFB.html,KC-135,Active Duty
OFFUTT AFB,"41°07'25""N","95°54'52""W",15T TF 55334 56573,21R1,21R1 (LOGISTICS READINESS),https://paladindanse111.github.io/AFSC-PDFs/21R.html,https://paladindanse111.github.io/AFSC-PDFs/BASE_OFFUTT_AFB.html,RC-135,Active Duty
OFFUTT AFB,"41°07'25""N","95°54'52""W",15T TF 55334 56573,21R1,21R1 (LOGISTICS READINESS),https://paladindanse111.github.io/AFSC-PDFs/21R.html,https://paladindanse111.github.io/AFSC-PDFs/BASE_OFFUTT_AFB.html,UH-1N,Active Duty
OFFUTT AFB,"41°07'25""N","95°54'52""W",15T TF 55334 56573,21R1,21R1 (LOGISTICS READINESS),https://paladindanse111.github.io/AFSC-PDFs/21R.html,https://paladindanse111.github.io/AFSC-PDFs/BASE_OFFUTT_AFB.html,WC/OC-135,Active Duty
OFFUTT AFB,"41°07'25""N","95°54'52""W",15T TF 55334 56573,38F1,38F1 (FORCE SUPPORT),https://paladindanse111.github.io/AFSC-PDFs/38F.html,https://paladindanse111.github.io/AFSC-PDFs/BASE_OFFUTT_AFB.html,E-4,Active Duty
OFFUTT AFB,"41°07'25""N","95°54'52""W",15T TF 55334 56573,38F1,38F1 (FORCE SUPPORT),https://paladindanse111.github.io/AFSC-PDFs/38F.html,https://paladindanse111.github.io/AFSC-PDFs/BASE_OFFUTT_AFB.html,KC-135,Active Duty
OFFUTT AFB,"41°07'25""N","95°54'52""W",15T TF 55334 56573,38F1,38F1 (FORCE SUPPORT),https://paladindanse111.github.io/AFSC-PDFs/38F.html,https://paladindanse111.github.io/AFSC-PDFs/BASE_OFFUTT_AFB.html,RC-135,Active Duty
OFFUTT AFB,"41°07'25""N","95°54'52""W",15T TF 55334 56573,38F1,38F1 (FORCE SUPPORT),https://paladindanse111.github.io/AFSC-PDFs/38F.html,https://paladindanse111.github.io/AFSC-PDFs/BASE_OFFUTT_AFB.html,UH-1N,Active Duty
OFFUTT AFB,"41°07'25""N","95°54'52""W",15T TF 55334 56573,38F1,38F1 (FORCE SUPPORT),https://paladindanse111.github.io/AFSC-PDFs/38F.html,https://paladindanse111.github.io/AFSC-PDFs/BASE_OFFUTT_AFB.html,WC/OC-135,Active Duty
OFFUTT AFB,"41°07'25""N","95°54'52""W",15T TF 55334 56573,61D1,61D1 (PHYSICIST/NUCLEAR ENGINEER),https://paladindanse111.github.io/AFSC-PDFs/61D.html,https://paladindanse111.github.io/AFSC-PDFs/BASE_OFFUTT_AFB.html,E-4,Active Duty
OFFUTT AFB,"41°07'25""N","95°54'52""W",15T TF 55334 56573,61D1,61D1 (PHYSICIST/NUCLEAR ENGINEER),https://paladindanse111.github.io/AFSC-PDFs/61D.html,https://paladindanse111.github.io/AFSC-PDFs/BASE_OFFUTT_AFB.html,KC-135,Active Duty
OFFUTT AFB,"41°07'25""N","95°54'52""W",15T TF 55334 56573,61D1,61D1 (PHYSICIST/NUCLEAR ENGINEER),https://paladindanse111.github.io/AFSC-PDFs/61D.html,https://paladindanse111.github.io/AFSC-PDFs/BASE_OFFUTT_AFB.html,RC-135,Active Duty
OFFUTT AFB,"41°07'25""N","95°54'52""W",15T TF 55334 56573,61D1,61D1 (PHYSICIST/NUCLEAR ENGINEER),https://paladindanse111.github.io/AFSC-PDFs/61D.html,https://paladindanse111.github.io/AFSC-PDFs/BASE_OFFUTT_AFB.html,UH-1N,Active Duty
OFFUTT AFB,"41°07'25""N","95°54'52""W",15T TF 55334 56573,61D1,61D1 (PHYSICIST/NUCLEAR ENGINEER),https://paladindanse111.github.io/AFSC-PDFs/61D.html,https://paladindanse111.github.io/AFSC-PDFs/BASE_OFFUTT_AFB.html,WC/OC-135,Active Duty
OFFUTT AFB,"41°07'25""N","95°54'52""W",15T TF 55334 56573,62E1A,62E1A (DEVELOPMENTAL ENGINEER),https://paladindanse111.github.io/AFSC-PDFs/62E.html,https://paladindanse111.github.io/AFSC-PDFs/BASE_OFFUTT_AFB.html,E-4,Active Duty
OFFUTT AFB,"41°07'25""N","95°54'52""W",15T TF 55334 56573,62E1A,62E1A (DEVELOPMENTAL ENGINEER),https://paladindanse111.github.io/AFSC-PDFs/62E.html,https://paladindanse111.github.io/AFSC-PDFs/BASE_OFFUTT_AFB.html,KC-135,Active Duty
OFFUTT AFB,"41°07'25""N","95°54'52""W",15T TF 55334 56573,62E1A,62E1A (DEVELOPMENTAL ENGINEER),https://paladindanse111.github.io/AFSC-PDFs/62E.html,https://paladindanse111.github.io/AFSC-PDFs/BASE_OFFUTT_AFB.html,RC-135,Active Duty
OFFUTT AFB,"41°07'25""N","95°54'52""W",15T TF 55334 56573,62E1A,62E1A (DEVELOPMENTAL ENGINEER),https://paladindanse111.github.io/AFSC-PDFs/62E.html,https://paladindanse111.github.io/AFSC-PDFs/BASE_OFFUTT_AFB.html,UH-1N,Active Duty
OFFUTT AFB,"41°07'25""N","95°54'52""W",15T TF 55334 56573,62E1A,62E1A (DEVELOPMENTAL ENGINEER),https://paladindanse111.github.io/AFSC-PDFs/62E.html,https://paladindanse111.github.io/AFSC-PDFs/BASE_OFFUTT_AFB.html,WC/OC-135,Active Duty
OFFUTT AFB,"41°07'25""N","95°54'52""W",15T TF 55334 56573,62E1B,62E1B (DEVELOPMENTAL ENGINEER),https://paladindanse111.github.io/AFSC-PDFs/62E.html,https://paladindanse111.github.io/AFSC-PDFs/BASE_OFFUTT_AFB.html,E-4,Active Duty
OFFUTT AFB,"41°07'25""N","95°54'52""W",15T TF 55334 56573,62E1B,62E1B (DEVELOPMENTAL ENGINEER),https://paladindanse111.github.io/AFSC-PDFs/62E.html,https://paladindanse111.github.io/AFSC-PDFs/BASE_OFFUTT_AFB.html,KC-135,Active Duty
OFFUTT AFB,"41°07'25""N","95°54'52""W",15T TF 55334 56573,62E1B,62E1B (DEVELOPMENTAL ENGINEER),https://paladindanse111.github.io/AFSC-PDFs/62E.html,https://paladindanse111.github.io/AFSC-PDFs/BASE_OFFUTT_AFB.html,RC-135,Active Duty
OFFUTT AFB,"41°07'25""N","95°54'52""W",15T TF 55334 56573,62E1B,62E1B (DEVELOPMENTAL ENGINEER),https://paladindanse111.github.io/AFSC-PDFs/62E.html,https://paladindanse111.github.io/AFSC-PDFs/BASE_OFFUTT_AFB.html,UH-1N,Active Duty
OFFUTT AFB,"41°07'25""N","95°54'52""W",15T TF 55334 56573,62E1B,62E1B (DEVELOPMENTAL ENGINEER),https://paladindanse111.github.io/AFSC-PDFs/62E.html,https://paladindanse111.github.io/AFSC-PDFs/BASE_OFFUTT_AFB.html,WC/OC-135,Active Duty
OFFUTT AFB,"41°07'25""N","95°54'52""W",15T TF 55334 56573,62E1C,62E1C (DEVELOPMENTAL ENGINEER),https://paladindanse111.github.io/AFSC-PDFs/62E.html,https://paladindanse111.github.io/AFSC-PDFs/BASE_OFFUTT_AFB.html,E-4,Active Duty
OFFUTT AFB,"41°07'25""N","95°54'52""W",15T TF 55334 56573,62E1C,62E1C (DEVELOPMENTAL ENGINEER),https://paladindanse111.github.io/AFSC-PDFs/62E.html,https://paladindanse111.github.io/AFSC-PDFs/BASE_OFFUTT_AFB.html,KC-135,Active Duty
OFFUTT AFB,"41°07'25""N","95°54'52""W",15T TF 55334 56573,62E1C,62E1C (DEVELOPMENTAL ENGINEER),https://paladindanse111.github.io/AFSC-PDFs/62E.html,https://paladindanse111.github.io/AFSC-PDFs/BASE_OFFUTT_AFB.html,RC-135,Active Duty
OFFUTT AFB,"41°07'25""N","95°54'52""W",15T TF 55334 56573,62E1C,62E1C (DEVELOPMENTAL ENGINEER),https://paladindanse111.github.io/AFSC-PDFs/62E.html,https://paladindanse111.github.io/AFSC-PDFs/BASE_OFFUTT_AFB.html,UH-1N,Active Duty
OFFUTT AFB,"41°07'25""N","95°54'52""W",15T TF 55334 56573,62E1C,62E1C (DEVELOPMENTAL ENGINEER),https://paladindanse111.github.io/AFSC-PDFs/62E.html,https://paladindanse111.github.io/AFSC-PDFs/BASE_OFFUTT_AFB.html,WC/OC-135,Active Duty
OFFUTT AFB,"41°07'25""N","95°54'52""W",15T TF 55334 56573,62E1E,62E1E (DEVELOPMENTAL ENGINEER),https://paladindanse111.github.io/AFSC-PDFs/62E.html,https://paladindanse111.github.io/AFSC-PDFs/BASE_OFFUTT_AFB.html,E-4,Active Duty
OFFUTT AFB,"41°07'25""N","95°54'52""W",15T TF 55334 56573,62E1E,62E1E (DEVELOPMENTAL ENGINEER),https://paladindanse111.github.io/AFSC-PDFs/62E.html,https://paladindanse111.github.io/AFSC-PDFs/BASE_OFFUTT_AFB.html,KC-135,Active Duty
OFFUTT AFB,"41°07'25""N","95°54'52""W",15T TF 55334 56573,62E1E,62E1E (DEVELOPMENTAL ENGINEER),https://paladindanse111.github.io/AFSC-PDFs/62E.html,https://paladindanse111.github.io/AFSC-PDFs/BASE_OFFUTT_AFB.html,RC-135,Active Duty
OFFUTT AFB,"41°07'25""N","95°54'52""W",15T TF 55334 56573,62E1E,62E1E (DEVELOPMENTAL ENGINEER),https://paladindanse111.github.io/AFSC-PDFs/62E.html,https://paladindanse111.github.io/AFSC-PDFs/BASE_OFFUTT_AFB.html,UH-1N,Active Duty
OFFUTT AFB,"41°07'25""N","95°54'52""W",15T TF 55334 56573,62E1E,62E1E (DEVELOPMENTAL ENGINEER),https://paladindanse111.github.io/AFSC-PDFs/62E.html,https://paladindanse111.github.io/AFSC-PDFs/BASE_OFFUTT_AFB.html,WC/OC-135,Active Duty
OFFUTT AFB,"41°07'25""N","95°54'52""W",15T TF 55334 56573,63A1,63A1 (AQUISITION MANAGER),https://paladindanse111.github.io/AFSC-PDFs/63A.html,https://paladindanse111.github.io/AFSC-PDFs/BASE_OFFUTT_AFB.html,E-4,Active Duty
OFFUTT AFB,"41°07'25""N","95°54'52""W",15T TF 55334 56573,63A1,63A1 (AQUISITION MANAGER),https://paladindanse111.github.io/AFSC-PDFs/63A.html,https://paladindanse111.github.io/AFSC-PDFs/BASE_OFFUTT_AFB.html,KC-135,Active Duty
OFFUTT AFB,"41°07'25""N","95°54'52""W",15T TF 55334 56573,63A1,63A1 (AQUISITION MANAGER),https://paladindanse111.github.io/AFSC-PDFs/63A.html,https://paladindanse111.github.io/AFSC-PDFs/BASE_OFFUTT_AFB.html,RC-135,Active Duty
OFFUTT AFB,"41°07'25""N","95°54'52""W",15T TF 55334 56573,63A1,63A1 (AQUISITION MANAGER),https://paladindanse111.github.io/AFSC-PDFs/63A.html,https://paladindanse111.github.io/AFSC-PDFs/BASE_OFFUTT_AFB.html,UH-1N,Active Duty
OFFUTT AFB,"41°07'25""N","95°54'52""W",15T TF 55334 56573,63A1,63A1 (AQUISITION MANAGER),https://paladindanse111.github.io/AFSC-PDFs/63A.html,https://paladindanse111.github.io/AFSC-PDFs/BASE_OFFUTT_AFB.html,WC/OC-135,Active Duty
OFFUTT AFB,"41°07'25""N","95°54'52""W",15T TF 55334 56573,64P1,64P1 (CONTRACTING),https://paladindanse111.github.io/AFSC-PDFs/64P.html,https://paladindanse111.github.io/AFSC-PDFs/BASE_OFFUTT_AFB.html,E-4,Active Duty
OFFUTT AFB,"41°07'25""N","95°54'52""W",15T TF 55334 56573,64P1,64P1 (CONTRACTING),https://paladindanse111.github.io/AFSC-PDFs/64P.html,https://paladindanse111.github.io/AFSC-PDFs/BASE_OFFUTT_AFB.html,KC-135,Active Duty
OFFUTT AFB,"41°07'25""N","95°54'52""W",15T TF 55334 56573,64P1,64P1 (CONTRACTING),https://paladindanse111.github.io/AFSC-PDFs/64P.html,https://paladindanse111.github.io/AFSC-PDFs/BASE_OFFUTT_AFB.html,RC-135,Active Duty
OFFUTT AFB,"41°07'25""N","95°54'52""W",15T TF 55334 56573,64P1,64P1 (CONTRACTING),https://paladindanse111.github.io/AFSC-PDFs/64P.html,https://paladindanse111.github.io/AFSC-PDFs/BASE_OFFUTT_AFB.html,UH-1N,Active Duty
OFFUTT AFB,"41°07'25""N","95°54'52""W",15T TF 55334 56573,64P1,64P1 (CONTRACTING),https://paladindanse111.github.io/AFSC-PDFs/64P.html,https://paladindanse111.github.io/AFSC-PDFs/BASE_OFFUTT_AFB.html,WC/OC-135,Active Duty
OFFUTT AFB,"41°07'25""N","95°54'52""W",15T TF 55334 56573,65F1,65F1 (FINANCIAL MANAGEMENT),https://paladindanse111.github.io/AFSC-PDFs/65F.html,https://paladindanse111.github.io/AFSC-PDFs/BASE_OFFUTT_AFB.html,E-4,Active Duty
OFFUTT AFB,"41°07'25""N","95°54'52""W",15T TF 55334 56573,65F1,65F1 (FINANCIAL MANAGEMENT),https://paladindanse111.github.io/AFSC-PDFs/65F.html,https://paladindanse111.github.io/AFSC-PDFs/BASE_OFFUTT_AFB.html,KC-135,Active Duty
OFFUTT AFB,"41°07'25""N","95°54'52""W",15T TF 55334 56573,65F1,65F1 (FINANCIAL MANAGEMENT),https://paladindanse111.github.io/AFSC-PDFs/65F.html,https://paladindanse111.github.io/AFSC-PDFs/BASE_OFFUTT_AFB.html,RC-135,Active Duty
OFFUTT AFB,"41°07'25""N","95°54'52""W",15T TF 55334 56573,65F1,65F1 (FINANCIAL MANAGEMENT),https://paladindanse111.github.io/AFSC-PDFs/65F.html,https://paladindanse111.github.io/AFSC-PDFs/BASE_OFFUTT_AFB.html,UH-1N,Active Duty
OFFUTT AFB,"41°07'25""N","95°54'52""W",15T TF 55334 56573,65F1,65F1 (FINANCIAL MANAGEMENT),https://paladindanse111.github.io/AFSC-PDFs/65F.html,https://paladindanse111.github.io/AFSC-PDFs/BASE_OFFUTT_AFB.html,WC/OC-135,Active Duty
OFFUTT AFB,"41°07'25""N","95°54'52""W",15T TF 55334 56573,71S1,71S1 (SPECIAL INVESTIGATIONS),https://paladindanse111.github.io/AFSC-PDFs/71S.html,https://paladindanse111.github.io/AFSC-PDFs/BASE_OFFUTT_AFB.html,E-4,Active Duty
OFFUTT AFB,"41°07'25""N","95°54'52""W",15T TF 55334 56573,71S1,71S1 (SPECIAL INVESTIGATIONS),https://paladindanse111.github.io/AFSC-PDFs/71S.html,https://paladindanse111.github.io/AFSC-PDFs/BASE_OFFUTT_AFB.html,KC-135,Active Duty
OFFUTT AFB,"41°07'25""N","95°54'52""W",15T TF 55334 56573,71S1,71S1 (SPECIAL INVESTIGATIONS),https://paladindanse111.github.io/AFSC-PDFs/71S.html,https://paladindanse111.github.io/AFSC-PDFs/BASE_OFFUTT_AFB.html,RC-135,Active Duty
OFFUTT AFB,"41°07'25""N","95°54'52""W",15T TF 55334 56573,71S1,71S1 (SPECIAL INVESTIGATIONS),https://paladindanse111.github.io/AFSC-PDFs/71S.html,https://paladindanse111.github.io/AFSC-PDFs/BASE_OFFUTT_AFB.html,UH-1N,Active Duty
OFFUTT AFB,"41°07'25""N","95°54'52""W",15T TF 55334 56573,71S1,71S1 (SPECIAL INVESTIGATIONS),https://paladindanse111.github.io/AFSC-PDFs/71S.html,https://paladindanse111.github.io/AFSC-PDFs/BASE_OFFUTT_AFB.html,WC/OC-135,Active Duty
OSAN AB,"37°05'19""N","127°01'50""E",52S CG 24960 06516,21A1,21A1 (AIRCRAFT MAINTENANCE),https://paladindanse111.github.io/AFSC-PDFs/21A.html,https://paladindanse111.github.io/AFSC-PDFs/BASE_OSAN_AB.html,A-10,Active Duty
OSAN AB,"37°05'19""N","127°01'50""E",52S CG 24960 06516,21A1,21A1 (AIRCRAFT MAINTENANCE),https://paladindanse111.github.io/AFSC-PDFs/21A.html,https://paladindanse111.github.io/AFSC-PDFs/BASE_OSAN_AB.html,B-52,Active Duty
OSAN AB,"37°05'19""N","127°01'50""E",52S CG 24960 06516,21A1,21A1 (AIRCRAFT MAINTENANCE),https://paladindanse111.github.io/AFSC-PDFs/21A.html,https://paladindanse111.github.io/AFSC-PDFs/BASE_OSAN_AB.html,F-15,Active Duty
OSAN AB,"37°05'19""N","127°01'50""E",52S CG 24960 06516,21A1,21A1 (AIRCRAFT MAINTENANCE),https://paladindanse111.github.io/AFSC-PDFs/21A.html,https://paladindanse111.github.io/AFSC-PDFs/BASE_OSAN_AB.html,F-16,Active Duty
OSAN AB,"37°05'19""N","127°01'50""E",52S CG 24960 06516,21A1,21A1 (AIRCRAFT MAINTENANCE),https://paladindanse111.github.io/AFSC-PDFs/21A.html,https://paladindanse111.github.io/AFSC-PDFs/BASE_OSAN_AB.html,TR-1/U-2,Active Duty
OSAN AB,"37°05'19""N","127°01'50""E",52S CG 24960 06516,65F1,65F1 (FINANCIAL MANAGEMENT),https://paladindanse111.github.io/AFSC-PDFs/65F.html,https://paladindanse111.github.io/AFSC-PDFs/BASE_OSAN_AB.html,A-10,Active Duty
OSAN AB,"37°05'19""N","127°01'50""E",52S CG 24960 06516,65F1,65F1 (FINANCIAL MANAGEMENT),https://paladindanse111.github.io/AFSC-PDFs/65F.html,https://paladindanse111.github.io/AFSC-PDFs/BASE_OSAN_AB.html,B-52,Active Duty
OSAN AB,"37°05'19""N","127°01'50""E",52S CG 24960 06516,65F1,65F1 (FINANCIAL MANAGEMENT),https://paladindanse111.github.io/AFSC-PDFs/65F.html,https://paladindanse111.github.io/AFSC-PDFs/BASE_OSAN_AB.html,F-15,Active Duty
OSAN AB,"37°05'19""N","127°01'50""E",52S CG 24960 06516,65F1,65F1 (FINANCIAL MANAGEMENT),https://paladindanse111.github.io/AFSC-PDFs/65F.html,https://paladindanse111.github.io/AFSC-PDFs/BASE_OSAN_AB.html,F-16,Active Duty
OSAN AB,"37°05'19""N","127°01'50""E",52S CG 24960 06516,65F1,65F1 (FINANCIAL MANAGEMENT),https://paladindanse111.github.io/AFSC-PDFs/65F.html,https://paladindanse111.github.io/AFSC-PDFs/BASE_OSAN_AB.html,TR-1/U-2,Active Duty
PATRICK SFB,"28°14'21""N","80°36'26""W",17R NM 38533 23759,32E1A,32E1A (CIVIL ENGINEER),https://paladindanse111.github.io/AFSC-PDFs/32E.html,https://paladindanse111.github.io/AFSC-PDFs/BASE_PATRICK_SFB.html,,Active Duty
PATRICK SFB,"28°14'21""N","80°36'26""W",17R NM 38533 23759,32E1C,32E1C (CIVIL ENGINEER),https://paladindanse111.github.io/AFSC-PDFs/32E.html,https://paladindanse111.github.io/AFSC-PDFs/BASE_PATRICK_SFB.html,,Active Duty
PATRICK SFB,"28°14'21""N","80°36'26""W",17R NM 38533 23759,32E1E,32E1E (CIVIL ENGINEER),https://paladindanse111.github.io/AFSC-PDFs/32E.html,https://paladindanse111.github.io/AFSC-PDFs/BASE_PATRICK_SFB.html,,Active Duty
PATRICK SFB,"28°14'21""N","80°36'26""W",17R NM 38533 23759,32E1F,32E1F (CIVIL ENGINEER),https://paladindanse111.github.io/AFSC-PDFs/32E.html,https://paladindanse111.github.io/AFSC-PDFs/BASE_PATRICK_SFB.html,,Active Duty
PATRICK SFB,"28°14'21""N","80°36'26""W",17R NM 38533 23759,32E1G,32E1G (CIVIL ENGINEER),https://paladindanse111.github.io/AFSC-PDFs/32E.html,https://paladindanse111.github.io/AFSC-PDFs/BASE_PATRICK_SFB.html,,Active Duty
PATRICK SFB,"28°14'21""N","80°36'26""W",17R NM 38533 23759,32E1J,32E1J (CIVIL ENGINEER),https://paladindanse111.github.io/AFSC-PDFs/32E.html,https://paladindanse111.github.io/AFSC-PDFs/BASE_PATRICK_SFB.html,,Active Duty
PATRICK SFB,"28°14'21""N","80°36'26""W",17R NM 38533 23759,35P1,35P1 (PUBLIC AFFAIRS),https://paladindanse111.github.io/AFSC-PDFs/35P.html,https://paladindanse111.github.io/AFSC-PDFs/BASE_PATRICK_SFB.html,,Active Duty
PATRICK SFB,"28°14'21""N","80°36'26""W",17R NM 38533 23759,61C1,61C1 (CHEMIST/NUCLEAR CHEMIST),https://paladindanse111.github.io/AFSC-PDFs/61C.html,https://paladindanse111.github.io/AFSC-PDFs/BASE_PATRICK_SFB.html,,Active Duty
PATRICK SFB,"28°14'21""N","80°36'26""W",17R NM 38533 23759,61D1,61D1 (PHYSICIST/NUCLEAR ENGINEER),https://paladindanse111.github.io/AFSC-PDFs/61D.html,https://paladindanse111.github.io/AFSC-PDFs/BASE_PATRICK_SFB.html,,Active Duty
PATRICK SFB,"28°14'21""N","80°36'26""W",17R NM 38533 23759,62E1A,62E1A (DEVELOPMENTAL ENGINEER),https://paladindanse111.github.io/AFSC-PDFs/62E.html,https://paladindanse111.github.io/AFSC-PDFs/BASE_PATRICK_SFB.html,,Active Duty
PATRICK SFB,"28°14'21""N","80°36'26""W",17R NM 38533 23759,62E1B,62E1B (DEVELOPMENTAL ENGINEER),https://paladindanse111.github.io/AFSC-PDFs/62E.html,https://paladindanse111.github.io/AFSC-PDFs/BASE_PATRICK_SFB.html,,Active Duty
PATRICK SFB,"28°14'21""N","80°36'26""W",17R NM 38533 23759,62E1C,62E1C (DEVELOPMENTAL ENGINEER),https://paladindanse111.github.io/AFSC-PDFs/62E.html,https://paladindanse111.github.io/AFSC-PDFs/BASE_PATRICK_SFB.html,,Active Duty
PATRICK SFB,"28°14'21""N","80°36'26""W",17R NM 38533 23759,62E1E,62E1E (DEVELOPMENTAL ENGINEER),https://paladindanse111.github.io/AFSC-PDFs/62E.html,https://paladindanse111.github.io/AFSC-PDFs/BASE_PATRICK_SFB.html,,Active Duty
PATRICK SFB,"28°14'21""N","80°36'26""W",17R NM 38533 23759,62E1G,62E1G (DEVELOPMENTAL ENGINEER),https://paladindanse111.github.io/AFSC-PDFs/62E.html,https://paladindanse111.github.io/AFSC-PDFs/BASE_PATRICK_SFB.html,,Active Duty
PATRICK SFB,"28°14'21""N","80°36'26""W",17R NM 38533 23759,62E1H,62E1H (DEVELOPMENTAL ENGINEER),https://paladindanse111.github.io/AFSC-PDFs/62E.html,https://paladindanse111.github.io/AFSC-PDFs/BASE_PATRICK_SFB.html,,Active Duty
PATRICK SFB,"28°14'21""N","80°36'26""W",17R NM 38533 23759,62E1I,62E1I (DEVELOPMENTAL ENGINEER),https://paladindanse111.github.io/AFSC-PDFs/62E.html,https://paladindanse111.github.io/AFSC-PDFs/BASE_PATRICK_SFB.html,,Active Duty
PATRICK SFB,"28°14'21""N","80°36'26""W",17R NM 38533 23759,63A1,63A1 (AQUISITION MANAGER),https://paladindanse111.github.io/AFSC-PDFs/63A.html,https://paladindanse111.github.io/AFSC-PDFs/BASE_PATRICK_SFB.html,,Active Duty
PATRICK SFB,"28°14'21""N","80°36'26""W",17R NM 38533 23759,64P1,64P1 (CONTRACTING),https://paladindanse111.github.io/AFSC-PDFs/64P.html,https://paladindanse111.github.io/AFSC-PDFs/BASE_PATRICK_SFB.html,,Active Duty
PATRICK SFB,"28°14'21""N","80°36'26""W",17R NM 38533 23759,65F1,65F1 (FINANCIAL MANAGEMENT),https://paladindanse111.github.io/AFSC-PDFs/65F.html,https://paladindanse111.github.io/AFSC-PDFs/BASE_PATRICK_SFB.html,,Active Duty
PATUXENT RIVER NA,"38° 17' 10""N","76° 24' 42""W",18S UH 76539 38502,62E1A,62E1A (DEVELOPMENTAL ENGINEER),https://paladindanse111.github.io/AFSC-PDFs/62E.html,https://paladindanse111.github.io/AFSC-PDFs/BASE_PATUXENT_RIVER_NA.html,,Active Duty
PATUXENT RIVER NA,"38° 17' 10""N","76° 24' 42""W",18S UH 76539 38502,62E1B,62E1B (DEVELOPMENTAL ENGINEER),https://paladindanse111.github.io/AFSC-PDFs/62E.html,https://paladindanse111.github.io/AFSC-PDFs/BASE_PATUXENT_RIVER_NA.html,,Active Duty
PATUXENT RIVER NA,"38° 17' 10""N","76° 24' 42""W",18S UH 76539 38502,62E1C,62E1C (DEVELOPMENTAL ENGINEER),https://paladindanse111.github.io/AFSC-PDFs/62E.html,https://paladindanse111.github.io/AFSC-PDFs/BASE_PATUXENT_RIVER_NA.html,,Active Duty
PATUXENT RIVER NA,"38° 17' 10""N","76° 24' 42""W",18S UH 76539 38502,62E1E,62E1E (DEVELOPMENTAL ENGINEER),https://paladindanse111.github.io/AFSC-PDFs/62E.html,https://paladindanse111.github.io/AFSC-PDFs/BASE_PATUXENT_RIVER_NA.html,,Active Duty
PATUXENT RIVER NA,"38° 17' 10""N","76° 24' 42""W",18S UH 76539 38502,62E1G,62E1G (DEVELOPMENTAL ENGINEER),https://paladindanse111.github.io/AFSC-PDFs/62E.html,https://paladindanse111.github.io/AFSC-PDFs/BASE_PATUXENT_RIVER_NA.html,,Active Duty
PATUXENT RIVER NA,"38° 17' 10""N","76° 24' 42""W",18S UH 76539 38502,62E1H,62E1H (DEVELOPMENTAL ENGINEER),https://paladindanse111.github.io/AFSC-PDFs/62E.html,https://paladindanse111.github.io/AFSC-PDFs/BASE_PATUXENT_RIVER_NA.html,,Active Duty
PATUXENT RIVER NA,"38° 17' 10""N","76° 24' 42""W",18S UH 76539 38502,62E1I,62E1I (DEVELOPMENTAL ENGINEER),https://paladindanse111.github.io/AFSC-PDFs/62E.html,https://paladindanse111.github.io/AFSC-PDFs/BASE_PATUXENT_RIVER_NA.html,,Active Duty
PATUXENT RIVER NA,"38° 17' 10""N","76° 24' 42""W",18S UH 76539 38502,63A1,63A1 (AQUISITION MANAGER),https://paladindanse111.github.io/AFSC-PDFs/63A.html,https://paladindanse111.github.io/AFSC-PDFs/BASE_PATUXENT_RIVER_NA.html,,Active Duty
PENSACOLA NAS,"30° 21' 10""N","87° 16' 5""W",16R DU 74238 57907,92T1,92T1 (COMBAT SYSTEMS OFFICER TRAINEE),,https://paladindanse111.github.io/AFSC-PDFs/BASE_PENSACOLA_NAS.html,,Active Duty
PENTAGON,"38°52'15""N","77°03'21""W",18S UJ 21650 04451,62E1A,62E1A (DEVELOPMENTAL ENGINEER),https://paladindanse111.github.io/AFSC-PDFs/62E.html,https://paladindanse111.github.io/AFSC-PDFs/BASE_PENTAGON.html,B-1,Active Duty
PENTAGON,"38°52'15""N","77°03'21""W",18S UJ 21650 04451,62E1A,62E1A (DEVELOPMENTAL ENGINEER),https://paladindanse111.github.io/AFSC-PDFs/62E.html,https://paladindanse111.github.io/AFSC-PDFs/BASE_PENTAGON.html,B-2,Active Duty
PENTAGON,"38°52'15""N","77°03'21""W",18S UJ 21650 04451,62E1A,62E1A (DEVELOPMENTAL ENGINEER),https://paladindanse111.github.io/AFSC-PDFs/62E.html,https://paladindanse111.github.io/AFSC-PDFs/BASE_PENTAGON.html,B-52,Active Duty
PENTAGON,"38°52'15""N","77°03'21""W",18S UJ 21650 04451,62E1A,62E1A (DEVELOPMENTAL ENGINEER),https://paladindanse111.github.io/AFSC-PDFs/62E.html,https://paladindanse111.github.io/AFSC-PDFs/BASE_PENTAGON.html,C-5,Active Duty
PENTAGON,"38°52'15""N","77°03'21""W",18S UJ 21650 04451,62E1A,62E1A (DEVELOPMENTAL ENGINEER),https://paladindanse111.github.io/AFSC-PDFs/62E.html,https://paladindanse111.github.io/AFSC-PDFs/BASE_PENTAGON.html,F-15,Active Duty
PENTAGON,"38°52'15""N","77°03'21""W",18S UJ 21650 04451,62E1A,62E1A (DEVELOPMENTAL ENGINEER),https://paladindanse111.github.io/AFSC-PDFs/62E.html,https://paladindanse111.github.io/AFSC-PDFs/BASE_PENTAGON.html,F-15E,Active Duty
PENTAGON,"38°52'15""N","77°03'21""W",18S UJ 21650 04451,62E1A,62E1A (DEVELOPMENTAL ENGINEER),https://paladindanse111.github.io/AFSC-PDFs/62E.html,https://paladindanse111.github.io/AFSC-PDFs/BASE_PENTAGON.html,F-16,Active Duty
PENTAGON,"38°52'15""N","77°03'21""W",18S UJ 21650 04451,62E1A,62E1A (DEVELOPMENTAL ENGINEER),https://paladindanse111.github.io/AFSC-PDFs/62E.html,https://paladindanse111.github.io/AFSC-PDFs/BASE_PENTAGON.html,F-35,Active Duty
PENTAGON,"38°52'15""N","77°03'21""W",18S UJ 21650 04451,62E1A,62E1A (DEVELOPMENTAL ENGINEER),https://paladindanse111.github.io/AFSC-PDFs/62E.html,https://paladindanse111.github.io/AFSC-PDFs/BASE_PENTAGON.html,HC-130J,Active Duty
PENTAGON,"38°52'15""N","77°03'21""W",18S UJ 21650 04451,62E1A,62E1A (DEVELOPMENTAL ENGINEER),https://paladindanse111.github.io/AFSC-PDFs/62E.html,https://paladindanse111.github.io/AFSC-PDFs/BASE_PENTAGON.html,TR-1/U-2,Active Duty
PENTAGON,"38°52'15""N","77°03'21""W",18S UJ 21650 04451,62E1B,62E1B (DEVELOPMENTAL ENGINEER),https://paladindanse111.github.io/AFSC-PDFs/62E.html,https://paladindanse111.github.io/AFSC-PDFs/BASE_PENTAGON.html,B-1,Active Duty
PENTAGON,"38°52'15""N","77°03'21""W",18S UJ 21650 04451,62E1B,62E1B (DEVELOPMENTAL ENGINEER),https://paladindanse111.github.io/AFSC-PDFs/62E.html,https://paladindanse111.github.io/AFSC-PDFs/BASE_PENTAGON.html,B-2,Active Duty
PENTAGON,"38°52'15""N","77°03'21""W",18S UJ 21650 04451,62E1B,62E1B (DEVELOPMENTAL ENGINEER),https://paladindanse111.github.io/AFSC-PDFs/62E.html,https://paladindanse111.github.io/AFSC-PDFs/BASE_PENTAGON.html,B-52,Active Duty
PENTAGON,"38°52'15""N","77°03'21""W",18S UJ 21650 04451,62E1B,62E1B (DEVELOPMENTAL ENGINEER),https://paladindanse111.github.io/AFSC-PDFs/62E.html,https://paladindanse111.github.io/AFSC-PDFs/BASE_PENTAGON.html,C-5,Active Duty
PENTAGON,"38°52'15""N","77°03'21""W",18S UJ 21650 04451,62E1B,62E1B (DEVELOPMENTAL ENGINEER),https://paladindanse111.github.io/AFSC-PDFs/62E.html,https://paladindanse111.github.io/AFSC-PDFs/BASE_PENTAGON.html,F-15,Active Duty
PENTAGON,"38°52'15""N","77°03'21""W",18S UJ 21650 04451,62E1B,62E1B (DEVELOPMENTAL ENGINEER),https://paladindanse111.github.io/AFSC-PDFs/62E.html,https://paladindanse111.github.io/AFSC-PDFs/BASE_PENTAGON.html,F-15E,Active Duty
PENTAGON,"38°52'15""N","77°03'21""W",18S UJ 21650 04451,62E1B,62E1B (DEVELOPMENTAL ENGINEER),https://paladindanse111.github.io/AFSC-PDFs/62E.html,https://paladindanse111.github.io/AFSC-PDFs/BASE_PENTAGON.html,F-16,Active Duty
PENTAGON,"38°52'15""N","77°03'21""W",18S UJ 21650 04451,62E1B,62E1B (DEVELOPMENTAL ENGINEER),https://paladindanse111.github.io/AFSC-PDFs/62E.html,https://paladindanse111.github.io/AFSC-PDFs/BASE_PENTAGON.html,F-35,Active Duty
PENTAGON,"38°52'15""N","77°03'21""W",18S UJ 21650 04451,62E1B,62E1B (DEVELOPMENTAL ENGINEER),https://paladindanse111.github.io/AFSC-PDFs/62E.html,https://paladindanse111.github.io/AFSC-PDFs/BASE_PENTAGON.html,HC-130J,Active Duty
PENTAGON,"38°52'15""N","77°03'21""W",18S UJ 21650 04451,62E1B,62E1B (DEVELOPMENTAL ENGINEER),https://paladindanse111.github.io/AFSC-PDFs/62E.html,https://paladindanse111.github.io/AFSC-PDFs/BASE_PENTAGON.html,TR-1/U-2,Active Duty
PENTAGON,"38°52'15""N","77°03'21""W",18S UJ 21650 04451,62E1C,62E1C (DEVELOPMENTAL ENGINEER),https://paladindanse111.github.io/AFSC-PDFs/62E.html,https://paladindanse111.github.io/AFSC-PDFs/BASE_PENTAGON.html,B-1,Active Duty
PENTAGON,"38°52'15""N","77°03'21""W",18S UJ 21650 04451,62E1C,62E1C (DEVELOPMENTAL ENGINEER),https://paladindanse111.github.io/AFSC-PDFs/62E.html,https://paladindanse111.github.io/AFSC-PDFs/BASE_PENTAGON.html,B-2,Active Duty
PENTAGON,"38°52'15""N","77°03'21""W",18S UJ 21650 04451,62E1C,62E1C (DEVELOPMENTAL ENGINEER),https://paladindanse111.github.io/AFSC-PDFs/62E.html,https://paladindanse111.github.io/AFSC-PDFs/BASE_PENTAGON.html,B-52,Active Duty
PENTAGON,"38°52'15""N","77°03'21""W",18S UJ 21650 04451,62E1C,62E1C (DEVELOPMENTAL ENGINEER),https://paladindanse111.github.io/AFSC-PDFs/62E.html,https://paladindanse111.github.io/AFSC-PDFs/BASE_PENTAGON.html,C-5,Active Duty
PENTAGON,"38°52'15""N","77°03'21""W",18S UJ 21650 04451,62E1C,62E1C (DEVELOPMENTAL ENGINEER),https://paladindanse111.github.io/AFSC-PDFs/62E.html,https://paladindanse111.github.io/AFSC-PDFs/BASE_PENTAGON.html,F-15,Active Duty
PENTAGON,"38°52'15""N","77°03'21""W",18S UJ 21650 04451,62E1C,62E1C (DEVELOPMENTAL ENGINEER),https://paladindanse111.github.io/AFSC-PDFs/62E.html,https://paladindanse111.github.io/AFSC-PDFs/BASE_PENTAGON.html,F-15E,Active Duty
PENTAGON,"38°52'15""N","77°03'21""W",18S UJ 21650 04451,62E1C,62E1C (DEVELOPMENTAL ENGINEER),https://paladindanse111.github.io/AFSC-PDFs/62E.html,https://paladindanse111.github.io/AFSC-PDFs/BASE_PENTAGON.html,F-16,Active Duty
PENTAGON,"38°52'15""N","77°03'21""W",18S UJ 21650 04451,62E1C,62E1C (DEVELOPMENTAL ENGINEER),https://paladindanse111.github.io/AFSC-PDFs/62E.html,https://paladindanse111.github.io/AFSC-PDFs/BASE_PENTAGON.html,F-35,Active Duty
PENTAGON,"38°52'15""N","77°03'21""W",18S UJ 21650 04451,62E1C,62E1C (DEVELOPMENTAL ENGINEER),https://paladindanse111.github.io/AFSC-PDFs/62E.html,https://paladindanse111.github.io/AFSC-PDFs/BASE_PENTAGON.html,HC-130J,Active Duty
PENTAGON,"38°52'15""N","77°03'21""W",18S UJ 21650 04451,62E1C,62E1C (DEVELOPMENTAL ENGINEER),https://paladindanse111.github.io/AFSC-PDFs/62E.html,https://paladindanse111.github.io/AFSC-PDFs/BASE_PENTAGON.html,TR-1/U-2,Active Duty
PENTAGON,"38°52'15""N","77°03'21""W",18S UJ 21650 04451,62E1E,62E1E (DEVELOPMENTAL ENGINEER),https://paladindanse111.github.io/AFSC-PDFs/62E.html,https://paladindanse111.github.io/AFSC-PDFs/BASE_PENTAGON.html,B-1,Active Duty
PENTAGON,"38°52'15""N","77°03'21""W",18S UJ 21650 04451,62E1E,62E1E (DEVELOPMENTAL ENGINEER),https://paladindanse111.github.io/AFSC-PDFs/62E.html,https://paladindanse111.github.io/AFSC-PDFs/BASE_PENTAGON.html,B-2,Active Duty
PENTAGON,"38°52'15""N","77°03'21""W",18S UJ 21650 04451,62E1E,62E1E (DEVELOPMENTAL ENGINEER),https://paladindanse111.github.io/AFSC-PDFs/62E.html,https://paladindanse111.github.io/AFSC-PDFs/BASE_PENTAGON.html,B-52,Active Duty
PENTAGON,"38°52'15""N","77°03'21""W",18S UJ 21650 04451,62E1E,62E1E (DEVELOPMENTAL ENGINEER),https://paladindanse111.github.io/AFSC-PDFs/62E.html,https://paladindanse111.github.io/AFSC-PDFs/BASE_PENTAGON.html,C-5,Active Duty
PENTAGON,"38°52'15""N","77°03'21""W",18S UJ 21650 04451,62E1E,62E1E (DEVELOPMENTAL ENGINEER),https://paladindanse111.github.io/AFSC-PDFs/62E.html,https://paladindanse111.github.io/AFSC-PDFs/BASE_PENTAGON.html,F-15,Active Duty
PENTAGON,"38°52'15""N","77°03'21""W",18S UJ 21650 04451,62E1E,62E1E (DEVELOPMENTAL ENGINEER),https://paladindanse111.github.io/AFSC-PDFs/62E.html,https://paladindanse111.github.io/AFSC-PDFs/BASE_PENTAGON.html,F-15E,Active Duty
PENTAGON,"38°52'15""N","77°03'21""W",18S UJ 21650 04451,62E1E,62E1E (DEVELOPMENTAL ENGINEER),https://paladindanse111.github.io/AFSC-PDFs/62E.html,https://paladindanse111.github.io/AFSC-PDFs/BASE_PENTAGON.html,F-16,Active Duty
PENTAGON,"38°52'15""N","77°03'21""W",18S UJ 21650 04451,62E1E,62E1E (DEVELOPMENTAL ENGINEER),https://paladindanse111.github.io/AFSC-PDFs/62E.html,https://paladindanse111.github.io/AFSC-PDFs/BASE_PENTAGON.html,F-35,Active Duty
PENTAGON,"38°52'15""N","77°03'21""W",18S UJ 21650 04451,62E1E,62E1E (DEVELOPMENTAL ENGINEER),https://paladindanse111.github.io/AFSC-PDFs/62E.html,https://paladindanse111.github.io/AFSC-PDFs/BASE_PENTAGON.html,HC-130J,Active Duty
PENTAGON,"38°52'15""N","77°03'21""W",18S UJ 21650 04451,62E1E,62E1E (DEVELOPMENTAL ENGINEER),https://paladindanse111.github.io/AFSC-PDFs/62E.html,https://paladindanse111.github.io/AFSC-PDFs/BASE_PENTAGON.html,TR-1/U-2,Active Duty
PENTAGON,"38°52'15""N","77°03'21""W",18S UJ 21650 04451,62E1G,62E1G (DEVELOPMENTAL ENGINEER),https://paladindanse111.github.io/AFSC-PDFs/62E.html,https://paladindanse111.github.io/AFSC-PDFs/BASE_PENTAGON.html,B-1,Active Duty
PENTAGON,"38°52'15""N","77°03'21""W",18S UJ 21650 04451,62E1G,62E1G (DEVELOPMENTAL ENGINEER),https://paladindanse111.github.io/AFSC-PDFs/62E.html,https://paladindanse111.github.io/AFSC-PDFs/BASE_PENTAGON.html,B-2,Active Duty
PENTAGON,"38°52'15""N","77°03'21""W",18S UJ 21650 04451,62E1G,62E1G (DEVELOPMENTAL ENGINEER),https://paladindanse111.github.io/AFSC-PDFs/62E.html,https://paladindanse111.github.io/AFSC-PDFs/BASE_PENTAGON.html,B-52,Active Duty
PENTAGON,"38°52'15""N","77°03'21""W",18S UJ 21650 04451,62E1G,62E1G (DEVELOPMENTAL ENGINEER),https://paladindanse111.github.io/AFSC-PDFs/62E.html,https://paladindanse111.github.io/AFSC-PDFs/BASE_PENTAGON.html,C-5,Active Duty
PENTAGON,"38°52'15""N","77°03'21""W",18S UJ 21650 04451,62E1G,62E1G (DEVELOPMENTAL ENGINEER),https://paladindanse111.github.io/AFSC-PDFs/62E.html,https://paladindanse111.github.io/AFSC-PDFs/BASE_PENTAGON.html,F-15,Active Duty
PENTAGON,"38°52'15""N","77°03'21""W",18S UJ 21650 04451,62E1G,62E1G (DEVELOPMENTAL ENGINEER),https://paladindanse111.github.io/AFSC-PDFs/62E.html,https://paladindanse111.github.io/AFSC-PDFs/BASE_PENTAGON.html,F-15E,Active Duty
PENTAGON,"38°52'15""N","77°03'21""W",18S UJ 21650 04451,62E1G,62E1G (DEVELOPMENTAL ENGINEER),https://paladindanse111.github.io/AFSC-PDFs/62E.html,https://paladindanse111.github.io/AFSC-PDFs/BASE_PENTAGON.html,F-16,Active Duty
PENTAGON,"38°52'15""N","77°03'21""W",18S UJ 21650 04451,62E1G,62E1G (DEVELOPMENTAL ENGINEER),https://paladindanse111.github.io/AFSC-PDFs/62E.html,https://paladindanse111.github.io/AFSC-PDFs/BASE_PENTAGON.html,F-35,Active Duty
PENTAGON,"38°52'15""N","77°03'21""W",18S UJ 21650 04451,62E1G,62E1G (DEVELOPMENTAL ENGINEER),https://paladindanse111.github.io/AFSC-PDFs/62E.html,https://paladindanse111.github.io/AFSC-PDFs/BASE_PENTAGON.html,HC-130J,Active Duty
PENTAGON,"38°52'15""N","77°03'21""W",18S UJ 21650 04451,62E1G,62E1G (DEVELOPMENTAL ENGINEER),https://paladindanse111.github.io/AFSC-PDFs/62E.html,https://paladindanse111.github.io/AFSC-PDFs/BASE_PENTAGON.html,TR-1/U-2,Active Duty
PENTAGON,"38°52'15""N","77°03'21""W",18S UJ 21650 04451,62E1H,62E1H (DEVELOPMENTAL ENGINEER),https://paladindanse111.github.io/AFSC-PDFs/62E.html,https://paladindanse111.github.io/AFSC-PDFs/BASE_PENTAGON.html,B-1,Active Duty
PENTAGON,"38°52'15""N","77°03'21""W",18S UJ 21650 04451,62E1H,62E1H (DEVELOPMENTAL ENGINEER),https://paladindanse111.github.io/AFSC-PDFs/62E.html,https://paladindanse111.github.io/AFSC-PDFs/BASE_PENTAGON.html,B-2,Active Duty
PENTAGON,"38°52'15""N","77°03'21""W",18S UJ 21650 04451,62E1H,62E1H (DEVELOPMENTAL ENGINEER),https://paladindanse111.github.io/AFSC-PDFs/62E.html,https://paladindanse111.github.io/AFSC-PDFs/BASE_PENTAGON.html,B-52,Active Duty
PENTAGON,"38°52'15""N","77°03'21""W",18S UJ 21650 04451,62E1H,62E1H (DEVELOPMENTAL ENGINEER),https://paladindanse111.github.io/AFSC-PDFs/62E.html,https://paladindanse111.github.io/AFSC-PDFs/BASE_PENTAGON.html,C-5,Active Duty
PENTAGON,"38°52'15""N","77°03'21""W",18S UJ 21650 04451,62E1H,62E1H (DEVELOPMENTAL ENGINEER),https://paladindanse111.github.io/AFSC-PDFs/62E.html,https://paladindanse111.github.io/AFSC-PDFs/BASE_PENTAGON.html,F-15,Active Duty
PENTAGON,"38°52'15""N","77°03'21""W",18S UJ 21650 04451,62E1H,62E1H (DEVELOPMENTAL ENGINEER),https://paladindanse111.github.io/AFSC-PDFs/62E.html,https://paladindanse111.github.io/AFSC-PDFs/BASE_PENTAGON.html,F-15E,Active Duty
PENTAGON,"38°52'15""N","77°03'21""W",18S UJ 21650 04451,62E1H,62E1H (DEVELOPMENTAL ENGINEER),https://paladindanse111.github.io/AFSC-PDFs/62E.html,https://paladindanse111.github.io/AFSC-PDFs/BASE_PENTAGON.html,F-16,Active Duty
PENTAGON,"38°52'15""N","77°03'21""W",18S UJ 21650 04451,62E1H,62E1H (DEVELOPMENTAL ENGINEER),https://paladindanse111.github.io/AFSC-PDFs/62E.html,https://paladindanse111.github.io/AFSC-PDFs/BASE_PENTAGON.html,F-35,Active Duty
PENTAGON,"38°52'15""N","77°03'21""W",18S UJ 21650 04451,62E1H,62E1H (DEVELOPMENTAL ENGINEER),https://paladindanse111.github.io/AFSC-PDFs/62E.html,https://paladindanse111.github.io/AFSC-PDFs/BASE_PENTAGON.html,HC-130J,Active Duty
PENTAGON,"38°52'15""N","77°03'21""W",18S UJ 21650 04451,62E1H,62E1H (DEVELOPMENTAL ENGINEER),https://paladindanse111.github.io/AFSC-PDFs/62E.html,https://paladindanse111.github.io/AFSC-PDFs/BASE_PENTAGON.html,TR-1/U-2,Active Duty
PENTAGON,"38°52'15""N","77°03'21""W",18S UJ 21650 04451,62E1I,62E1I (DEVELOPMENTAL ENGINEER),https://paladindanse111.github.io/AFSC-PDFs/62E.html,https://paladindanse111.github.io/AFSC-PDFs/BASE_PENTAGON.html,B-1,Active Duty
PENTAGON,"38°52'15""N","77°03'21""W",18S UJ 21650 04451,62E1I,62E1I (DEVELOPMENTAL ENGINEER),https://paladindanse111.github.io/AFSC-PDFs/62E.html,https://paladindanse111.github.io/AFSC-PDFs/BASE_PENTAGON.html,B-2,Active Duty
PENTAGON,"38°52'15""N","77°03'21""W",18S UJ 21650 04451,62E1I,62E1I (DEVELOPMENTAL ENGINEER),https://paladindanse111.github.io/AFSC-PDFs/62E.html,https://paladindanse111.github.io/AFSC-PDFs/BASE_PENTAGON.html,B-52,Active Duty
PENTAGON,"38°52'15""N","77°03'21""W",18S UJ 21650 04451,62E1I,62E1I (DEVELOPMENTAL ENGINEER),https://paladindanse111.github.io/AFSC-PDFs/62E.html,https://paladindanse111.github.io/AFSC-PDFs/BASE_PENTAGON.html,C-5,Active Duty
PENTAGON,"38°52'15""N","77°03'21""W",18S UJ 21650 04451,62E1I,62E1I (DEVELOPMENTAL ENGINEER),https://paladindanse111.github.io/AFSC-PDFs/62E.html,https://paladindanse111.github.io/AFSC-PDFs/BASE_PENTAGON.html,F-15,Active Duty
PENTAGON,"38°52'15""N","77°03'21""W",18S UJ 21650 04451,62E1I,62E1I (DEVELOPMENTAL ENGINEER),https://paladindanse111.github.io/AFSC-PDFs/62E.html,https://paladindanse111.github.io/AFSC-PDFs/BASE_PENTAGON.html,F-15E,Active Duty
PENTAGON,"38°52'15""N","77°03'21""W",18S UJ 21650 04451,62E1I,62E1I (DEVELOPMENTAL ENGINEER),https://paladindanse111.github.io/AFSC-PDFs/62E.html,https://paladindanse111.github.io/AFSC-PDFs/BASE_PENTAGON.html,F-16,Active Duty
PENTAGON,"38°52'15""N","77°03'21""W",18S UJ 21650 04451,62E1I,62E1I (DEVELOPMENTAL ENGINEER),https://paladindanse111.github.io/AFSC-PDFs/62E.html,https://paladindanse111.github.io/AFSC-PDFs/BASE_PENTAGON.html,F-35,Active Duty
PENTAGON,"38°52'15""N","77°03'21""W",18S UJ 21650 04451,62E1I,62E1I (DEVELOPMENTAL ENGINEER),https://paladindanse111.github.io/AFSC-PDFs/62E.html,https://paladindanse111.github.io/AFSC-PDFs/BASE_PENTAGON.html,HC-130J,Active Duty
PENTAGON,"38°52'15""N","77°03'21""W",18S UJ 21650 04451,62E1I,62E1I (DEVELOPMENTAL ENGINEER),https://paladindanse111.github.io/AFSC-PDFs/62E.html,https://paladindanse111.github.io/AFSC-PDFs/BASE_PENTAGON.html,TR-1/U-2,Active Duty
PETERSON SFB,"38°49'32""N","104°41'58""W",13S EC 26089 97461,13H1,13H1 (AEROSPACE PHYSIOLOGIST),https://paladindanse111.github.io/AFSC-PDFs/13H.html,https://paladindanse111.github.io/AFSC-PDFs/BASE_PETERSON_SFB.html,F-15,Active Duty
PETERSON SFB,"38°49'32""N","104°41'58""W",13S EC 26089 97461,13H1,13H1 (AEROSPACE PHYSIOLOGIST),https://paladindanse111.github.io/AFSC-PDFs/13H.html,https://paladindanse111.github.io/AFSC-PDFs/BASE_PETERSON_SFB.html,F-16,Active Duty
PETERSON SFB,"38°49'32""N","104°41'58""W",13S EC 26089 97461,13H1,13H1 (AEROSPACE PHYSIOLOGIST),https://paladindanse111.github.io/AFSC-PDFs/13H.html,https://paladindanse111.github.io/AFSC-PDFs/BASE_PETERSON_SFB.html,HH-60,Active Duty
PETERSON SFB,"38°49'32""N","104°41'58""W",13S EC 26089 97461,13H1,13H1 (AEROSPACE PHYSIOLOGIST),https://paladindanse111.github.io/AFSC-PDFs/13H.html,https://paladindanse111.github.io/AFSC-PDFs/BASE_PETERSON_SFB.html,KC-135,Active Duty
PETERSON SFB,"38°49'32""N","104°41'58""W",13S EC 26089 97461,15A1,15A1 (OPERATIONS ANALYSIS OFFICER),https://paladindanse111.github.io/AFSC-PDFs/15A.html,https://paladindanse111.github.io/AFSC-PDFs/BASE_PETERSON_SFB.html,F-15,Active Duty
PETERSON SFB,"38°49'32""N","104°41'58""W",13S EC 26089 97461,15A1,15A1 (OPERATIONS ANALYSIS OFFICER),https://paladindanse111.github.io/AFSC-PDFs/15A.html,https://paladindanse111.github.io/AFSC-PDFs/BASE_PETERSON_SFB.html,F-16,Active Duty
PETERSON SFB,"38°49'32""N","104°41'58""W",13S EC 26089 97461,15A1,15A1 (OPERATIONS ANALYSIS OFFICER),https://paladindanse111.github.io/AFSC-PDFs/15A.html,https://paladindanse111.github.io/AFSC-PDFs/BASE_PETERSON_SFB.html,HH-60,Active Duty
PETERSON SFB,"38°49'32""N","104°41'58""W",13S EC 26089 97461,15A1,15A1 (OPERATIONS ANALYSIS OFFICER),https://paladindanse111.github.io/AFSC-PDFs/15A.html,https://paladindanse111.github.io/AFSC-PDFs/BASE_PETERSON_SFB.html,KC-135,Active Duty
PETERSON SFB,"38°49'32""N","104°41'58""W",13S EC 26089 97461,21R1,21R1 (LOGISTICS READINESS),https://paladindanse111.github.io/AFSC-PDFs/21R.html,https://paladindanse111.github.io/AFSC-PDFs/BASE_PETERSON_SFB.html,F-15,Active Duty
PETERSON SFB,"38°49'32""N","104°41'58""W",13S EC 26089 97461,21R1,21R1 (LOGISTICS READINESS),https://paladindanse111.github.io/AFSC-PDFs/21R.html,https://paladindanse111.github.io/AFSC-PDFs/BASE_PETERSON_SFB.html,F-16,Active Duty
PETERSON SFB,"38°49'32""N","104°41'58""W",13S EC 26089 97461,21R1,21R1 (LOGISTICS READINESS),https://paladindanse111.github.io/AFSC-PDFs/21R.html,https://paladindanse111.github.io/AFSC-PDFs/BASE_PETERSON_SFB.html,HH-60,Active Duty
PETERSON SFB,"38°49'32""N","104°41'58""W",13S EC 26089 97461,21R1,21R1 (LOGISTICS READINESS),https://paladindanse111.github.io/AFSC-PDFs/21R.html,https://paladindanse111.github.io/AFSC-PDFs/BASE_PETERSON_SFB.html,KC-135,Active Duty
PETERSON SFB,"38°49'32""N","104°41'58""W",13S EC 26089 97461,32E1A,32E1A (CIVIL ENGINEER),https://paladindanse111.github.io/AFSC-PDFs/32E.html,https://paladindanse111.github.io/AFSC-PDFs/BASE_PETERSON_SFB.html,F-15,Active Duty
PETERSON SFB,"38°49'32""N","104°41'58""W",13S EC 26089 97461,32E1A,32E1A (CIVIL ENGINEER),https://paladindanse111.github.io/AFSC-PDFs/32E.html,https://paladindanse111.github.io/AFSC-PDFs/BASE_PETERSON_SFB.html,F-16,Active Duty
PETERSON SFB,"38°49'32""N","104°41'58""W",13S EC 26089 97461,32E1A,32E1A (CIVIL ENGINEER),https://paladindanse111.github.io/AFSC-PDFs/32E.html,https://paladindanse111.github.io/AFSC-PDFs/BASE_PETERSON_SFB.html,HH-60,Active Duty
PETERSON SFB,"38°49'32""N","104°41'58""W",13S EC 26089 97461,32E1A,32E1A (CIVIL ENGINEER),https://paladindanse111.github.io/AFSC-PDFs/32E.html,https://paladindanse111.github.io/AFSC-PDFs/BASE_PETERSON_SFB.html,KC-135,Active Duty
PETERSON SFB,"38°49'32""N","104°41'58""W",13S EC 26089 97461,32E1C,32E1C (CIVIL ENGINEER),https://paladindanse111.github.io/AFSC-PDFs/32E.html,https://paladindanse111.github.io/AFSC-PDFs/BASE_PETERSON_SFB.html,F-15,Active Duty
PETERSON SFB,"38°49'32""N","104°41'58""W",13S EC 26089 97461,32E1C,32E1C (CIVIL ENGINEER),https://paladindanse111.github.io/AFSC-PDFs/32E.html,https://paladindanse111.github.io/AFSC-PDFs/BASE_PETERSON_SFB.html,F-16,Active Duty
PETERSON SFB,"38°49'32""N","104°41'58""W",13S EC 26089 97461,32E1C,32E1C (CIVIL ENGINEER),https://paladindanse111.github.io/AFSC-PDFs/32E.html,https://paladindanse111.github.io/AFSC-PDFs/BASE_PETERSON_SFB.html,HH-60,Active Duty
PETERSON SFB,"38°49'32""N","104°41'58""W",13S EC 26089 97461,32E1C,32E1C (CIVIL ENGINEER),https://paladindanse111.github.io/AFSC-PDFs/32E.html,https://paladindanse111.github.io/AFSC-PDFs/BASE_PETERSON_SFB.html,KC-135,Active Duty
PETERSON SFB,"38°49'32""N","104°41'58""W",13S EC 26089 97461,32E1E,32E1E (CIVIL ENGINEER),https://paladindanse111.github.io/AFSC-PDFs/32E.html,https://paladindanse111.github.io/AFSC-PDFs/BASE_PETERSON_SFB.html,F-15,Active Duty
PETERSON SFB,"38°49'32""N","104°41'58""W",13S EC 26089 97461,32E1E,32E1E (CIVIL ENGINEER),https://paladindanse111.github.io/AFSC-PDFs/32E.html,https://paladindanse111.github.io/AFSC-PDFs/BASE_PETERSON_SFB.html,F-16,Active Duty
PETERSON SFB,"38°49'32""N","104°41'58""W",13S EC 26089 97461,32E1E,32E1E (CIVIL ENGINEER),https://paladindanse111.github.io/AFSC-PDFs/32E.html,https://paladindanse111.github.io/AFSC-PDFs/BASE_PETERSON_SFB.html,HH-60,Active Duty
PETERSON SFB,"38°49'32""N","104°41'58""W",13S EC 26089 97461,32E1E,32E1E (CIVIL ENGINEER),https://paladindanse111.github.io/AFSC-PDFs/32E.html,https://paladindanse111.github.io/AFSC-PDFs/BASE_PETERSON_SFB.html,KC-135,Active Duty
PETERSON SFB,"38°49'32""N","104°41'58""W",13S EC 26089 97461,32E1F,32E1F (CIVIL ENGINEER),https://paladindanse111.github.io/AFSC-PDFs/32E.html,https://paladindanse111.github.io/AFSC-PDFs/BASE_PETERSON_SFB.html,F-15,Active Duty
PETERSON SFB,"38°49'32""N","104°41'58""W",13S EC 26089 97461,32E1F,32E1F (CIVIL ENGINEER),https://paladindanse111.github.io/AFSC-PDFs/32E.html,https://paladindanse111.github.io/AFSC-PDFs/BASE_PETERSON_SFB.html,F-16,Active Duty
PETERSON SFB,"38°49'32""N","104°41'58""W",13S EC 26089 97461,32E1F,32E1F (CIVIL ENGINEER),https://paladindanse111.github.io/AFSC-PDFs/32E.html,https://paladindanse111.github.io/AFSC-PDFs/BASE_PETERSON_SFB.html,HH-60,Active Duty
PETERSON SFB,"38°49'32""N","104°41'58""W",13S EC 26089 97461,32E1F,32E1F (CIVIL ENGINEER),https://paladindanse111.github.io/AFSC-PDFs/32E.html,https://paladindanse111.github.io/AFSC-PDFs/BASE_PETERSON_SFB.html,KC-135,Active Duty
PETERSON SFB,"38°49'32""N","104°41'58""W",13S EC 26089 97461,32E1G,32E1G (CIVIL ENGINEER),https://paladindanse111.github.io/AFSC-PDFs/32E.html,https://paladindanse111.github.io/AFSC-PDFs/BASE_PETERSON_SFB.html,F-15,Active Duty
PETERSON SFB,"38°49'32""N","104°41'58""W",13S EC 26089 97461,32E1G,32E1G (CIVIL ENGINEER),https://paladindanse111.github.io/AFSC-PDFs/32E.html,https://paladindanse111.github.io/AFSC-PDFs/BASE_PETERSON_SFB.html,F-16,Active Duty
PETERSON SFB,"38°49'32""N","104°41'58""W",13S EC 26089 97461,32E1G,32E1G (CIVIL ENGINEER),https://paladindanse111.github.io/AFSC-PDFs/32E.html,https://paladindanse111.github.io/AFSC-PDFs/BASE_PETERSON_SFB.html,HH-60,Active Duty
PETERSON SFB,"38°49'32""N","104°41'58""W",13S EC 26089 97461,32E1G,32E1G (CIVIL ENGINEER),https://paladindanse111.github.io/AFSC-PDFs/32E.html,https://paladindanse111.github.io/AFSC-PDFs/BASE_PETERSON_SFB.html,KC-135,Active Duty
PETERSON SFB,"38°49'32""N","104°41'58""W",13S EC 26089 97461,32E1J,32E1J (CIVIL ENGINEER),https://paladindanse111.github.io/AFSC-PDFs/32E.html,https://paladindanse111.github.io/AFSC-PDFs/BASE_PETERSON_SFB.html,F-15,Active Duty
PETERSON SFB,"38°49'32""N","104°41'58""W",13S EC 26089 97461,32E1J,32E1J (CIVIL ENGINEER),https://paladindanse111.github.io/AFSC-PDFs/32E.html,https://paladindanse111.github.io/AFSC-PDFs/BASE_PETERSON_SFB.html,F-16,Active Duty
PETERSON SFB,"38°49'32""N","104°41'58""W",13S EC 26089 97461,32E1J,32E1J (CIVIL ENGINEER),https://paladindanse111.github.io/AFSC-PDFs/32E.html,https://paladindanse111.github.io/AFSC-PDFs/BASE_PETERSON_SFB.html,HH-60,Active Duty
PETERSON SFB,"38°49'32""N","104°41'58""W",13S EC 26089 97461,32E1J,32E1J (CIVIL ENGINEER),https://paladindanse111.github.io/AFSC-PDFs/32E.html,https://paladindanse111.github.io/AFSC-PDFs/BASE_PETERSON_SFB.html,KC-135,Active Duty
PETERSON SFB,"38°49'32""N","104°41'58""W",13S EC 26089 97461,35P1,35P1 (PUBLIC AFFAIRS),https://paladindanse111.github.io/AFSC-PDFs/35P.html,https://paladindanse111.github.io/AFSC-PDFs/BASE_PETERSON_SFB.html,F-15,Active Duty
PETERSON SFB,"38°49'32""N","104°41'58""W",13S EC 26089 97461,35P1,35P1 (PUBLIC AFFAIRS),https://paladindanse111.github.io/AFSC-PDFs/35P.html,https://paladindanse111.github.io/AFSC-PDFs/BASE_PETERSON_SFB.html,F-16,Active Duty
PETERSON SFB,"38°49'32""N","104°41'58""W",13S EC 26089 97461,35P1,35P1 (PUBLIC AFFAIRS),https://paladindanse111.github.io/AFSC-PDFs/35P.html,https://paladindanse111.github.io/AFSC-PDFs/BASE_PETERSON_SFB.html,HH-60,Active Duty
PETERSON SFB,"38°49'32""N","104°41'58""W",13S EC 26089 97461,35P1,35P1 (PUBLIC AFFAIRS),https://paladindanse111.github.io/AFSC-PDFs/35P.html,https://paladindanse111.github.io/AFSC-PDFs/BASE_PETERSON_SFB.html,KC-135,Active Duty
PETERSON SFB,"38°49'32""N","104°41'58""W",13S EC 26089 97461,64P1,64P1 (CONTRACTING),https://paladindanse111.github.io/AFSC-PDFs/64P.html,https://paladindanse111.github.io/AFSC-PDFs/BASE_PETERSON_SFB.html,F-15,Active Duty
PETERSON SFB,"38°49'32""N","104°41'58""W",13S EC 26089 97461,64P1,64P1 (CONTRACTING),https://paladindanse111.github.io/AFSC-PDFs/64P.html,https://paladindanse111.github.io/AFSC-PDFs/BASE_PETERSON_SFB.html,F-16,Active Duty
PETERSON SFB,"38°49'32""N","104°41'58""W",13S EC 26089 97461,64P1,64P1 (CONTRACTING),https://paladindanse111.github.io/AFSC-PDFs/64P.html,https://paladindanse111.github.io/AFSC-PDFs/BASE_PETERSON_SFB.html,HH-60,Active Duty
PETERSON SFB,"38°49'32""N","104°41'58""W",13S EC 26089 97461,64P1,64P1 (CONTRACTING),https://paladindanse111.github.io/AFSC-PDFs/64P.html,https://paladindanse111.github.io/AFSC-PDFs/BASE_PETERSON_SFB.html,KC-135,Active Duty
PETERSON SFB,"38°49'32""N","104°41'58""W",13S EC 26089 97461,65F1,65F1 (FINANCIAL MANAGEMENT),https://paladindanse111.github.io/AFSC-PDFs/65F.html,https://paladindanse111.github.io/AFSC-PDFs/BASE_PETERSON_SFB.html,F-15,Active Duty
PETERSON SFB,"38°49'32""N","104°41'58""W",13S EC 26089 97461,65F1,65F1 (FINANCIAL MANAGEMENT),https://paladindanse111.github.io/AFSC-PDFs/65F.html,https://paladindanse111.github.io/AFSC-PDFs/BASE_PETERSON_SFB.html,F-16,Active Duty
PETERSON SFB,"38°49'32""N","104°41'58""W",13S EC 26089 97461,65F1,65F1 (FINANCIAL MANAGEMENT),https://paladindanse111.github.io/AFSC-PDFs/65F.html,https://paladindanse111.github.io/AFSC-PDFs/BASE_PETERSON_SFB.html,HH-60,Active Duty
PETERSON SFB,"38°49'32""N","104°41'58""W",13S EC 26089 97461,65F1,65F1 (FINANCIAL MANAGEMENT),https://paladindanse111.github.io/AFSC-PDFs/65F.html,https://paladindanse111.github.io/AFSC-PDFs/BASE_PETERSON_SFB.html,KC-135,Active Duty
PETERSON SFB,"38°49'32""N","104°41'58""W",13S EC 26089 97461,71S1,71S1 (SPECIAL INVESTIGATIONS),https://paladindanse111.github.io/AFSC-PDFs/71S.html,https://paladindanse111.github.io/AFSC-PDFs/BASE_PETERSON_SFB.html,F-15,Active Duty
PETERSON SFB,"38°49'32""N","104°41'58""W",13S EC 26089 97461,71S1,71S1 (SPECIAL INVESTIGATIONS),https://paladindanse111.github.io/AFSC-PDFs/71S.html,https://paladindanse111.github.io/AFSC-PDFs/BASE_PETERSON_SFB.html,F-16,Active Duty
PETERSON SFB,"38°49'32""N","104°41'58""W",13S EC 26089 97461,71S1,71S1 (SPECIAL INVESTIGATIONS),https://paladindanse111.github.io/AFSC-PDFs/71S.html,https://paladindanse111.github.io/AFSC-PDFs/BASE_PETERSON_SFB.html,HH-60,Active Duty
PETERSON SFB,"38°49'32""N","104°41'58""W",13S EC 26089 97461,71S1,71S1 (SPECIAL INVESTIGATIONS),https://paladindanse111.github.io/AFSC-PDFs/71S.html,https://paladindanse111.github.io/AFSC-PDFs/BASE_PETERSON_SFB.html,KC-135,Active Duty
POPE AAF,"35°10'16""N","79°01'02""W",17S PU 80566 93819,21R1,21R1 (LOGISTICS READINESS),https://paladindanse111.github.io/AFSC-PDFs/21R.html,https://paladindanse111.github.io/AFSC-PDFs/BASE_POPE_AAF.html,C-130J,Active Duty
POPE AAF,"35°10'16""N","79°01'02""W",17S PU 80566 93819,21R1,21R1 (LOGISTICS READINESS),https://paladindanse111.github.io/AFSC-PDFs/21R.html,https://paladindanse111.github.io/AFSC-PDFs/BASE_POPE_AAF.html,C-17,Active Duty
POPE AAF,"35°10'16""N","79°01'02""W",17S PU 80566 93819,21R1,21R1 (LOGISTICS READINESS),https://paladindanse111.github.io/AFSC-PDFs/21R.html,https://paladindanse111.github.io/AFSC-PDFs/BASE_POPE_AAF.html,KC-135,Active Duty
POPE AAF,"35°10'16""N","79°01'02""W",17S PU 80566 93819,38F1,38F1 (FORCE SUPPORT),https://paladindanse111.github.io/AFSC-PDFs/38F.html,https://paladindanse111.github.io/AFSC-PDFs/BASE_POPE_AAF.html,C-130J,Active Duty
POPE AAF,"35°10'16""N","79°01'02""W",17S PU 80566 93819,38F1,38F1 (FORCE SUPPORT),https://paladindanse111.github.io/AFSC-PDFs/38F.html,https://paladindanse111.github.io/AFSC-PDFs/BASE_POPE_AAF.html,C-17,Active Duty
POPE AAF,"35°10'16""N","79°01'02""W",17S PU 80566 93819,38F1,38F1 (FORCE SUPPORT),https://paladindanse111.github.io/AFSC-PDFs/38F.html,https://paladindanse111.github.io/AFSC-PDFs/BASE_POPE_AAF.html,KC-135,Active Duty
POPE AAF,"35°10'16""N","79°01'02""W",17S PU 80566 93819,65F1,65F1 (FINANCIAL MANAGEMENT),https://paladindanse111.github.io/AFSC-PDFs/65F.html,https://paladindanse111.github.io/AFSC-PDFs/BASE_POPE_AAF.html,C-130J,Active Duty
POPE AAF,"35°10'16""N","79°01'02""W",17S PU 80566 93819,65F1,65F1 (FINANCIAL MANAGEMENT),https://paladindanse111.github.io/AFSC-PDFs/65F.html,https://paladindanse111.github.io/AFSC-PDFs/BASE_POPE_AAF.html,C-17,Active Duty
POPE AAF,"35°10'16""N","79°01'02""W",17S PU 80566 93819,65F1,65F1 (FINANCIAL MANAGEMENT),https://paladindanse111.github.io/AFSC-PDFs/65F.html,https://paladindanse111.github.io/AFSC-PDFs/BASE_POPE_AAF.html,KC-135,Active Duty
POWAY,"32° 57' 5""N","117° 1' 7""W",11S MS 98260 45898,62E1A,62E1A (DEVELOPMENTAL ENGINEER),https://paladindanse111.github.io/AFSC-PDFs/62E.html,https://paladindanse111.github.io/AFSC-PDFs/BASE_POWAY.html,,Active Duty
POWAY,"32° 57' 5""N","117° 1' 7""W",11S MS 98260 45898,62E1B,62E1B (DEVELOPMENTAL ENGINEER),https://paladindanse111.github.io/AFSC-PDFs/62E.html,https://paladindanse111.github.io/AFSC-PDFs/BASE_POWAY.html,,Active Duty
POWAY,"32° 57' 5""N","117° 1' 7""W",11S MS 98260 45898,62E1C,62E1C (DEVELOPMENTAL ENGINEER),https://paladindanse111.github.io/AFSC-PDFs/62E.html,https://paladindanse111.github.io/AFSC-PDFs/BASE_POWAY.html,,Active Duty
POWAY,"32° 57' 5""N","117° 1' 7""W",11S MS 98260 45898,62E1E,62E1E (DEVELOPMENTAL ENGINEER),https://paladindanse111.github.io/AFSC-PDFs/62E.html,https://paladindanse111.github.io/AFSC-PDFs/BASE_POWAY.html,,Active Duty
POWAY,"32° 57' 5""N","117° 1' 7""W",11S MS 98260 45898,62E1G,62E1G (DEVELOPMENTAL ENGINEER),https://paladindanse111.github.io/AFSC-PDFs/62E.html,https://paladindanse111.github.io/AFSC-PDFs/BASE_POWAY.html,,Active Duty
POWAY,"32° 57' 5""N","117° 1' 7""W",11S MS 98260 45898,62E1H,62E1H (DEVELOPMENTAL ENGINEER),https://paladindanse111.github.io/AFSC-PDFs/62E.html,https://paladindanse111.github.io/AFSC-PDFs/BASE_POWAY.html,,Active Duty
POWAY,"32° 57' 5""N","117° 1' 7""W",11S MS 98260 45898,62E1I,62E1I (DEVELOPMENTAL ENGINEER),https://paladindanse111.github.io/AFSC-PDFs/62E.html,https://paladindanse111.github.io/AFSC-PDFs/BASE_POWAY.html,,Active Duty
RAMSTEIN AB,"49°26'23""N","7°35'47""E",32U LV 98244 77286,21A1,21A1 (AIRCRAFT MAINTENANCE),https://paladindanse111.github.io/AFSC-PDFs/21A.html,https://paladindanse111.github.io/AFSC-PDFs/BASE_RAMSTEIN_AB.html,A-10,Active Duty
RAMSTEIN AB,"49°26'23""N","7°35'47""E",32U LV 98244 77286,21A1,21A1 (AIRCRAFT MAINTENANCE),https://paladindanse111.github.io/AFSC-PDFs/21A.html,https://paladindanse111.github.io/AFSC-PDFs/BASE_RAMSTEIN_AB.html,B-52,Active Duty
RAMSTEIN AB,"49°26'23""N","7°35'47""E",32U LV 98244 77286,21A1,21A1 (AIRCRAFT MAINTENANCE),https://paladindanse111.github.io/AFSC-PDFs/21A.html,https://paladindanse111.github.io/AFSC-PDFs/BASE_RAMSTEIN_AB.html,C-130J,Active Duty
RAMSTEIN AB,"49°26'23""N","7°35'47""E",32U LV 98244 77286,21A1,21A1 (AIRCRAFT MAINTENANCE),https://paladindanse111.github.io/AFSC-PDFs/21A.html,https://paladindanse111.github.io/AFSC-PDFs/BASE_RAMSTEIN_AB.html,C-17,Active Duty
RAMSTEIN AB,"49°26'23""N","7°35'47""E",32U LV 98244 77286,21A1,21A1 (AIRCRAFT MAINTENANCE),https://paladindanse111.github.io/AFSC-PDFs/21A.html,https://paladindanse111.github.io/AFSC-PDFs/BASE_RAMSTEIN_AB.html,C-20/C-37,Active Duty
RAMSTEIN AB,"49°26'23""N","7°35'47""E",32U LV 98244 77286,21A1,21A1 (AIRCRAFT MAINTENANCE),https://paladindanse111.github.io/AFSC-PDFs/21A.html,https://paladindanse111.github.io/AFSC-PDFs/BASE_RAMSTEIN_AB.html,C-21,Active Duty
RAMSTEIN AB,"49°26'23""N","7°35'47""E",32U LV 98244 77286,21A1,21A1 (AIRCRAFT MAINTENANCE),https://paladindanse111.github.io/AFSC-PDFs/21A.html,https://paladindanse111.github.io/AFSC-PDFs/BASE_RAMSTEIN_AB.html,F-15,Active Duty
RAMSTEIN AB,"49°26'23""N","7°35'47""E",32U LV 98244 77286,21A1,21A1 (AIRCRAFT MAINTENANCE),https://paladindanse111.github.io/AFSC-PDFs/21A.html,https://paladindanse111.github.io/AFSC-PDFs/BASE_RAMSTEIN_AB.html,F-15E,Active Duty
RAMSTEIN AB,"49°26'23""N","7°35'47""E",32U LV 98244 77286,21A1,21A1 (AIRCRAFT MAINTENANCE),https://paladindanse111.github.io/AFSC-PDFs/21A.html,https://paladindanse111.github.io/AFSC-PDFs/BASE_RAMSTEIN_AB.html,F-16,Active Duty
RAMSTEIN AB,"49°26'23""N","7°35'47""E",32U LV 98244 77286,21A1,21A1 (AIRCRAFT MAINTENANCE),https://paladindanse111.github.io/AFSC-PDFs/21A.html,https://paladindanse111.github.io/AFSC-PDFs/BASE_RAMSTEIN_AB.html,HH-60,Active Duty
RAMSTEIN AB,"49°26'23""N","7°35'47""E",32U LV 98244 77286,21A1,21A1 (AIRCRAFT MAINTENANCE),https://paladindanse111.github.io/AFSC-PDFs/21A.html,https://paladindanse111.github.io/AFSC-PDFs/BASE_RAMSTEIN_AB.html,KC-135,Active Duty
RAMSTEIN AB,"49°26'23""N","7°35'47""E",32U LV 98244 77286,21M1,21M1 (MUNITIONS AND MISSILE MAINTENANCE),https://paladindanse111.github.io/AFSC-PDFs/21M.html,https://paladindanse111.github.io/AFSC-PDFs/BASE_RAMSTEIN_AB.html,A-10,Active Duty
RAMSTEIN AB,"49°26'23""N","7°35'47""E",32U LV 98244 77286,21M1,21M1 (MUNITIONS AND MISSILE MAINTENANCE),https://paladindanse111.github.io/AFSC-PDFs/21M.html,https://paladindanse111.github.io/AFSC-PDFs/BASE_RAMSTEIN_AB.html,B-52,Active Duty
RAMSTEIN AB,"49°26'23""N","7°35'47""E",32U LV 98244 77286,21M1,21M1 (MUNITIONS AND MISSILE MAINTENANCE),https://paladindanse111.github.io/AFSC-PDFs/21M.html,https://paladindanse111.github.io/AFSC-PDFs/BASE_RAMSTEIN_AB.html,C-130J,Active Duty
RAMSTEIN AB,"49°26'23""N","7°35'47""E",32U LV 98244 77286,21M1,21M1 (MUNITIONS AND MISSILE MAINTENANCE),https://paladindanse111.github.io/AFSC-PDFs/21M.html,https://paladindanse111.github.io/AFSC-PDFs/BASE_RAMSTEIN_AB.html,C-17,Active Duty
RAMSTEIN AB,"49°26'23""N","7°35'47""E",32U LV 98244 77286,21M1,21M1 (MUNITIONS AND MISSILE MAINTENANCE),https://paladindanse111.github.io/AFSC-PDFs/21M.html,https://paladindanse111.github.io/AFSC-PDFs/BASE_RAMSTEIN_AB.html,C-20/C-37,Active Duty
RAMSTEIN AB,"49°26'23""N","7°35'47""E",32U LV 98244 77286,21M1,21M1 (MUNITIONS AND MISSILE MAINTENANCE),https://paladindanse111.github.io/AFSC-PDFs/21M.html,https://paladindanse111.github.io/AFSC-PDFs/BASE_RAMSTEIN_AB.html,C-21,Active Duty
RAMSTEIN AB,"49°26'23""N","7°35'47""E",32U LV 98244 77286,21M1,21M1 (MUNITIONS AND MISSILE MAINTENANCE),https://paladindanse111.github.io/AFSC-PDFs/21M.html,https://paladindanse111.github.io/AFSC-PDFs/BASE_RAMSTEIN_AB.html,F-15,Active Duty
RAMSTEIN AB,"49°26'23""N","7°35'47""E",32U LV 98244 77286,21M1,21M1 (MUNITIONS AND MISSILE MAINTENANCE),https://paladindanse111.github.io/AFSC-PDFs/21M.html,https://paladindanse111.github.io/AFSC-PDFs/BASE_RAMSTEIN_AB.html,F-15E,Active Duty
RAMSTEIN AB,"49°26'23""N","7°35'47""E",32U LV 98244 77286,21M1,21M1 (MUNITIONS AND MISSILE MAINTENANCE),https://paladindanse111.github.io/AFSC-PDFs/21M.html,https://paladindanse111.github.io/AFSC-PDFs/BASE_RAMSTEIN_AB.html,F-16,Active Duty
RAMSTEIN AB,"49°26'23""N","7°35'47""E",32U LV 98244 77286,21M1,21M1 (MUNITIONS AND MISSILE MAINTENANCE),https://paladindanse111.github.io/AFSC-PDFs/21M.html,https://paladindanse111.github.io/AFSC-PDFs/BASE_RAMSTEIN_AB.html,HH-60,Active Duty
RAMSTEIN AB,"49°26'23""N","7°35'47""E",32U LV 98244 77286,21M1,21M1 (MUNITIONS AND MISSILE MAINTENANCE),https://paladindanse111.github.io/AFSC-PDFs/21M.html,https://paladindanse111.github.io/AFSC-PDFs/BASE_RAMSTEIN_AB.html,KC-135,Active Duty
RAMSTEIN AB,"49°26'23""N","7°35'47""E",32U LV 98244 77286,21R1,21R1 (LOGISTICS READINESS),https://paladindanse111.github.io/AFSC-PDFs/21R.html,https://paladindanse111.github.io/AFSC-PDFs/BASE_RAMSTEIN_AB.html,A-10,Active Duty
RAMSTEIN AB,"49°26'23""N","7°35'47""E",32U LV 98244 77286,21R1,21R1 (LOGISTICS READINESS),https://paladindanse111.github.io/AFSC-PDFs/21R.html,https://paladindanse111.github.io/AFSC-PDFs/BASE_RAMSTEIN_AB.html,B-52,Active Duty
RAMSTEIN AB,"49°26'23""N","7°35'47""E",32U LV 98244 77286,21R1,21R1 (LOGISTICS READINESS),https://paladindanse111.github.io/AFSC-PDFs/21R.html,https://paladindanse111.github.io/AFSC-PDFs/BASE_RAMSTEIN_AB.html,C-130J,Active Duty
RAMSTEIN AB,"49°26'23""N","7°35'47""E",32U LV 98244 77286,21R1,21R1 (LOGISTICS READINESS),https://paladindanse111.github.io/AFSC-PDFs/21R.html,https://paladindanse111.github.io/AFSC-PDFs/BASE_RAMSTEIN_AB.html,C-17,Active Duty
RAMSTEIN AB,"49°26'23""N","7°35'47""E",32U LV 98244 77286,21R1,21R1 (LOGISTICS READINESS),https://paladindanse111.github.io/AFSC-PDFs/21R.html,https://paladindanse111.github.io/AFSC-PDFs/BASE_RAMSTEIN_AB.html,C-20/C-37,Active Duty
RAMSTEIN AB,"49°26'23""N","7°35'47""E",32U LV 98244 77286,21R1,21R1 (LOGISTICS READINESS),https://paladindanse111.github.io/AFSC-PDFs/21R.html,https://paladindanse111.github.io/AFSC-PDFs/BASE_RAMSTEIN_AB.html,C-21,Active Duty
RAMSTEIN AB,"49°26'23""N","7°35'47""E",32U LV 98244 77286,21R1,21R1 (LOGISTICS READINESS),https://paladindanse111.github.io/AFSC-PDFs/21R.html,https://paladindanse111.github.io/AFSC-PDFs/BASE_RAMSTEIN_AB.html,F-15,Active Duty
RAMSTEIN AB,"49°26'23""N","7°35'47""E",32U LV 98244 77286,21R1,21R1 (LOGISTICS READINESS),https://paladindanse111.github.io/AFSC-PDFs/21R.html,https://paladindanse111.github.io/AFSC-PDFs/BASE_RAMSTEIN_AB.html,F-15E,Active Duty
RAMSTEIN AB,"49°26'23""N","7°35'47""E",32U LV 98244 77286,21R1,21R1 (LOGISTICS READINESS),https://paladindanse111.github.io/AFSC-PDFs/21R.html,https://paladindanse111.github.io/AFSC-PDFs/BASE_RAMSTEIN_AB.html,F-16,Active Duty
RAMSTEIN AB,"49°26'23""N","7°35'47""E",32U LV 98244 77286,21R1,21R1 (LOGISTICS READINESS),https://paladindanse111.github.io/AFSC-PDFs/21R.html,https://paladindanse111.github.io/AFSC-PDFs/BASE_RAMSTEIN_AB.html,HH-60,Active Duty
RAMSTEIN AB,"49°26'23""N","7°35'47""E",32U LV 98244 77286,21R1,21R1 (LOGISTICS READINESS),https://paladindanse111.github.io/AFSC-PDFs/21R.html,https://paladindanse111.github.io/AFSC-PDFs/BASE_RAMSTEIN_AB.html,KC-135,Active Duty
RAMSTEIN AB,"49°26'23""N","7°35'47""E",32U LV 98244 77286,32E1A,32E1A (CIVIL ENGINEER),https://paladindanse111.github.io/AFSC-PDFs/32E.html,https://paladindanse111.github.io/AFSC-PDFs/BASE_RAMSTEIN_AB.html,A-10,Active Duty
RAMSTEIN AB,"49°26'23""N","7°35'47""E",32U LV 98244 77286,32E1A,32E1A (CIVIL ENGINEER),https://paladindanse111.github.io/AFSC-PDFs/32E.html,https://paladindanse111.github.io/AFSC-PDFs/BASE_RAMSTEIN_AB.html,B-52,Active Duty
RAMSTEIN AB,"49°26'23""N","7°35'47""E",32U LV 98244 77286,32E1A,32E1A (CIVIL ENGINEER),https://paladindanse111.github.io/AFSC-PDFs/32E.html,https://paladindanse111.github.io/AFSC-PDFs/BASE_RAMSTEIN_AB.html,C-130J,Active Duty
RAMSTEIN AB,"49°26'23""N","7°35'47""E",32U LV 98244 77286,32E1A,32E1A (CIVIL ENGINEER),https://paladindanse111.github.io/AFSC-PDFs/32E.html,https://paladindanse111.github.io/AFSC-PDFs/BASE_RAMSTEIN_AB.html,C-17,Active Duty
RAMSTEIN AB,"49°26'23""N","7°35'47""E",32U LV 98244 77286,32E1A,32E1A (CIVIL ENGINEER),https://paladindanse111.github.io/AFSC-PDFs/32E.html,https://paladindanse111.github.io/AFSC-PDFs/BASE_RAMSTEIN_AB.html,C-20/C-37,Active Duty
RAMSTEIN AB,"49°26'23""N","7°35'47""E",32U LV 98244 77286,32E1A,32E1A (CIVIL ENGINEER),https://paladindanse111.github.io/AFSC-PDFs/32E.html,https://paladindanse111.github.io/AFSC-PDFs/BASE_RAMSTEIN_AB.html,C-21,Active Duty
RAMSTEIN AB,"49°26'23""N","7°35'47""E",32U LV 98244 77286,32E1A,32E1A (CIVIL ENGINEER),https://paladindanse111.github.io/AFSC-PDFs/32E.html,https://paladindanse111.github.io/AFSC-PDFs/BASE_RAMSTEIN_AB.html,F-15,Active Duty
RAMSTEIN AB,"49°26'23""N","7°35'47""E",32U LV 98244 77286,32E1A,32E1A (CIVIL ENGINEER),https://paladindanse111.github.io/AFSC-PDFs/32E.html,https://paladindanse111.github.io/AFSC-PDFs/BASE_RAMSTEIN_AB.html,F-15E,Active Duty
RAMSTEIN AB,"49°26'23""N","7°35'47""E",32U LV 98244 77286,32E1A,32E1A (CIVIL ENGINEER),https://paladindanse111.github.io/AFSC-PDFs/32E.html,https://paladindanse111.github.io/AFSC-PDFs/BASE_RAMSTEIN_AB.html,F-16,Active Duty
RAMSTEIN AB,"49°26'23""N","7°35'47""E",32U LV 98244 77286,32E1A,32E1A (CIVIL ENGINEER),https://paladindanse111.github.io/AFSC-PDFs/32E.html,https://paladindanse111.github.io/AFSC-PDFs/BASE_RAMSTEIN_AB.html,HH-60,Active Duty
RAMSTEIN AB,"49°26'23""N","7°35'47""E",32U LV 98244 77286,32E1A,32E1A (CIVIL ENGINEER),https://paladindanse111.github.io/AFSC-PDFs/32E.html,https://paladindanse111.github.io/AFSC-PDFs/BASE_RAMSTEIN_AB.html,KC-135,Active Duty
RAMSTEIN AB,"49°26'23""N","7°35'47""E",32U LV 98244 77286,32E1C,32E1C (CIVIL ENGINEER),https://paladindanse111.github.io/AFSC-PDFs/32E.html,https://paladindanse111.github.io/AFSC-PDFs/BASE_RAMSTEIN_AB.html,A-10,Active Duty
RAMSTEIN AB,"49°26'23""N","7°35'47""E",32U LV 98244 77286,32E1C,32E1C (CIVIL ENGINEER),https://paladindanse111.github.io/AFSC-PDFs/32E.html,https://paladindanse111.github.io/AFSC-PDFs/BASE_RAMSTEIN_AB.html,B-52,Active Duty
RAMSTEIN AB,"49°26'23""N","7°35'47""E",32U LV 98244 77286,32E1C,32E1C (CIVIL ENGINEER),https://paladindanse111.github.io/AFSC-PDFs/32E.html,https://paladindanse111.github.io/AFSC-PDFs/BASE_RAMSTEIN_AB.html,C-130J,Active Duty
RAMSTEIN AB,"49°26'23""N","7°35'47""E",32U LV 98244 77286,32E1C,32E1C (CIVIL ENGINEER),https://paladindanse111.github.io/AFSC-PDFs/32E.html,https://paladindanse111.github.io/AFSC-PDFs/BASE_RAMSTEIN_AB.html,C-17,Active Duty
RAMSTEIN AB,"49°26'23""N","7°35'47""E",32U LV 98244 77286,32E1C,32E1C (CIVIL ENGINEER),https://paladindanse111.github.io/AFSC-PDFs/32E.html,https://paladindanse111.github.io/AFSC-PDFs/BASE_RAMSTEIN_AB.html,C-20/C-37,Active Duty
RAMSTEIN AB,"49°26'23""N","7°35'47""E",32U LV 98244 77286,32E1C,32E1C (CIVIL ENGINEER),https://paladindanse111.github.io/AFSC-PDFs/32E.html,https://paladindanse111.github.io/AFSC-PDFs/BASE_RAMSTEIN_AB.html,C-21,Active Duty
RAMSTEIN AB,"49°26'23""N","7°35'47""E",32U LV 98244 77286,32E1C,32E1C (CIVIL ENGINEER),https://paladindanse111.github.io/AFSC-PDFs/32E.html,https://paladindanse111.github.io/AFSC-PDFs/BASE_RAMSTEIN_AB.html,F-15,Active Duty
RAMSTEIN AB,"49°26'23""N","7°35'47""E",32U LV 98244 77286,32E1C,32E1C (CIVIL ENGINEER),https://paladindanse111.github.io/AFSC-PDFs/32E.html,https://paladindanse111.github.io/AFSC-PDFs/BASE_RAMSTEIN_AB.html,F-15E,Active Duty
RAMSTEIN AB,"49°26'23""N","7°35'47""E",32U LV 98244 77286,32E1C,32E1C (CIVIL ENGINEER),https://paladindanse111.github.io/AFSC-PDFs/32E.html,https://paladindanse111.github.io/AFSC-PDFs/BASE_RAMSTEIN_AB.html,F-16,Active Duty
RAMSTEIN AB,"49°26'23""N","7°35'47""E",32U LV 98244 77286,32E1C,32E1C (CIVIL ENGINEER),https://paladindanse111.github.io/AFSC-PDFs/32E.html,https://paladindanse111.github.io/AFSC-PDFs/BASE_RAMSTEIN_AB.html,HH-60,Active Duty
RAMSTEIN AB,"49°26'23""N","7°35'47""E",32U LV 98244 77286,32E1C,32E1C (CIVIL ENGINEER),https://paladindanse111.github.io/AFSC-PDFs/32E.html,https://paladindanse111.github.io/AFSC-PDFs/BASE_RAMSTEIN_AB.html,KC-135,Active Duty
RAMSTEIN AB,"49°26'23""N","7°35'47""E",32U LV 98244 77286,32E1E,32E1E (CIVIL ENGINEER),https://paladindanse111.github.io/AFSC-PDFs/32E.html,https://paladindanse111.github.io/AFSC-PDFs/BASE_RAMSTEIN_AB.html,A-10,Active Duty
RAMSTEIN AB,"49°26'23""N","7°35'47""E",32U LV 98244 77286,32E1E,32E1E (CIVIL ENGINEER),https://paladindanse111.github.io/AFSC-PDFs/32E.html,https://paladindanse111.github.io/AFSC-PDFs/BASE_RAMSTEIN_AB.html,B-52,Active Duty
RAMSTEIN AB,"49°26'23""N","7°35'47""E",32U LV 98244 77286,32E1E,32E1E (CIVIL ENGINEER),https://paladindanse111.github.io/AFSC-PDFs/32E.html,https://paladindanse111.github.io/AFSC-PDFs/BASE_RAMSTEIN_AB.html,C-130J,Active Duty
RAMSTEIN AB,"49°26'23""N","7°35'47""E",32U LV 98244 77286,32E1E,32E1E (CIVIL ENGINEER),https://paladindanse111.github.io/AFSC-PDFs/32E.html,https://paladindanse111.github.io/AFSC-PDFs/BASE_RAMSTEIN_AB.html,C-17,Active Duty
RAMSTEIN AB,"49°26'23""N","7°35'47""E",32U LV 98244 77286,32E1E,32E1E (CIVIL ENGINEER),https://paladindanse111.github.io/AFSC-PDFs/32E.html,https://paladindanse111.github.io/AFSC-PDFs/BASE_RAMSTEIN_AB.html,C-20/C-37,Active Duty
RAMSTEIN AB,"49°26'23""N","7°35'47""E",32U LV 98244 77286,32E1E,32E1E (CIVIL ENGINEER),https://paladindanse111.github.io/AFSC-PDFs/32E.html,https://paladindanse111.github.io/AFSC-PDFs/BASE_RAMSTEIN_AB.html,C-21,Active Duty
RAMSTEIN AB,"49°26'23""N","7°35'47""E",32U LV 98244 77286,32E1E,32E1E (CIVIL ENGINEER),https://paladindanse111.github.io/AFSC-PDFs/32E.html,https://paladindanse111.github.io/AFSC-PDFs/BASE_RAMSTEIN_AB.html,F-15,Active Duty
RAMSTEIN AB,"49°26'23""N","7°35'47""E",32U LV 98244 77286,32E1E,32E1E (CIVIL ENGINEER),https://paladindanse111.github.io/AFSC-PDFs/32E.html,https://paladindanse111.github.io/AFSC-PDFs/BASE_RAMSTEIN_AB.html,F-15E,Active Duty
RAMSTEIN AB,"49°26'23""N","7°35'47""E",32U LV 98244 77286,32E1E,32E1E (CIVIL ENGINEER),https://paladindanse111.github.io/AFSC-PDFs/32E.html,https://paladindanse111.github.io/AFSC-PDFs/BASE_RAMSTEIN_AB.html,F-16,Active Duty
RAMSTEIN AB,"49°26'23""N","7°35'47""E",32U LV 98244 77286,32E1E,32E1E (CIVIL ENGINEER),https://paladindanse111.github.io/AFSC-PDFs/32E.html,https://paladindanse111.github.io/AFSC-PDFs/BASE_RAMSTEIN_AB.html,HH-60,Active Duty
RAMSTEIN AB,"49°26'23""N","7°35'47""E",32U LV 98244 77286,32E1E,32E1E (CIVIL ENGINEER),https://paladindanse111.github.io/AFSC-PDFs/32E.html,https://paladindanse111.github.io/AFSC-PDFs/BASE_RAMSTEIN_AB.html,KC-135,Active Duty
RAMSTEIN AB,"49°26'23""N","7°35'47""E",32U LV 98244 77286,32E1F,32E1F (CIVIL ENGINEER),https://paladindanse111.github.io/AFSC-PDFs/32E.html,https://paladindanse111.github.io/AFSC-PDFs/BASE_RAMSTEIN_AB.html,A-10,Active Duty
RAMSTEIN AB,"49°26'23""N","7°35'47""E",32U LV 98244 77286,32E1F,32E1F (CIVIL ENGINEER),https://paladindanse111.github.io/AFSC-PDFs/32E.html,https://paladindanse111.github.io/AFSC-PDFs/BASE_RAMSTEIN_AB.html,B-52,Active Duty
RAMSTEIN AB,"49°26'23""N","7°35'47""E",32U LV 98244 77286,32E1F,32E1F (CIVIL ENGINEER),https://paladindanse111.github.io/AFSC-PDFs/32E.html,https://paladindanse111.github.io/AFSC-PDFs/BASE_RAMSTEIN_AB.html,C-130J,Active Duty
RAMSTEIN AB,"49°26'23""N","7°35'47""E",32U LV 98244 77286,32E1F,32E1F (CIVIL ENGINEER),https://paladindanse111.github.io/AFSC-PDFs/32E.html,https://paladindanse111.github.io/AFSC-PDFs/BASE_RAMSTEIN_AB.html,C-17,Active Duty
RAMSTEIN AB,"49°26'23""N","7°35'47""E",32U LV 98244 77286,32E1F,32E1F (CIVIL ENGINEER),https://paladindanse111.github.io/AFSC-PDFs/32E.html,https://paladindanse111.github.io/AFSC-PDFs/BASE_RAMSTEIN_AB.html,C-20/C-37,Active Duty
RAMSTEIN AB,"49°26'23""N","7°35'47""E",32U LV 98244 77286,32E1F,32E1F (CIVIL ENGINEER),https://paladindanse111.github.io/AFSC-PDFs/32E.html,https://paladindanse111.github.io/AFSC-PDFs/BASE_RAMSTEIN_AB.html,C-21,Active Duty
RAMSTEIN AB,"49°26'23""N","7°35'47""E",32U LV 98244 77286,32E1F,32E1F (CIVIL ENGINEER),https://paladindanse111.github.io/AFSC-PDFs/32E.html,https://paladindanse111.github.io/AFSC-PDFs/BASE_RAMSTEIN_AB.html,F-15,Active Duty
RAMSTEIN AB,"49°26'23""N","7°35'47""E",32U LV 98244 77286,32E1F,32E1F (CIVIL ENGINEER),https://paladindanse111.github.io/AFSC-PDFs/32E.html,https://paladindanse111.github.io/AFSC-PDFs/BASE_RAMSTEIN_AB.html,F-15E,Active Duty
RAMSTEIN AB,"49°26'23""N","7°35'47""E",32U LV 98244 77286,32E1F,32E1F (CIVIL ENGINEER),https://paladindanse111.github.io/AFSC-PDFs/32E.html,https://paladindanse111.github.io/AFSC-PDFs/BASE_RAMSTEIN_AB.html,F-16,Active Duty
RAMSTEIN AB,"49°26'23""N","7°35'47""E",32U LV 98244 77286,32E1F,32E1F (CIVIL ENGINEER),https://paladindanse111.github.io/AFSC-PDFs/32E.html,https://paladindanse111.github.io/AFSC-PDFs/BASE_RAMSTEIN_AB.html,HH-60,Active Duty
RAMSTEIN AB,"49°26'23""N","7°35'47""E",32U LV 98244 77286,32E1F,32E1F (CIVIL ENGINEER),https://paladindanse111.github.io/AFSC-PDFs/32E.html,https://paladindanse111.github.io/AFSC-PDFs/BASE_RAMSTEIN_AB.html,KC-135,Active Duty
RAMSTEIN AB,"49°26'23""N","7°35'47""E",32U LV 98244 77286,32E1G,32E1G (CIVIL ENGINEER),https://paladindanse111.github.io/AFSC-PDFs/32E.html,https://paladindanse111.github.io/AFSC-PDFs/BASE_RAMSTEIN_AB.html,A-10,Active Duty
RAMSTEIN AB,"49°26'23""N","7°35'47""E",32U LV 98244 77286,32E1G,32E1G (CIVIL ENGINEER),https://paladindanse111.github.io/AFSC-PDFs/32E.html,https://paladindanse111.github.io/AFSC-PDFs/BASE_RAMSTEIN_AB.html,B-52,Active Duty
RAMSTEIN AB,"49°26'23""N","7°35'47""E",32U LV 98244 77286,32E1G,32E1G (CIVIL ENGINEER),https://paladindanse111.github.io/AFSC-PDFs/32E.html,https://paladindanse111.github.io/AFSC-PDFs/BASE_RAMSTEIN_AB.html,C-130J,Active Duty
RAMSTEIN AB,"49°26'23""N","7°35'47""E",32U LV 98244 77286,32E1G,32E1G (CIVIL ENGINEER),https://paladindanse111.github.io/AFSC-PDFs/32E.html,https://paladindanse111.github.io/AFSC-PDFs/BASE_RAMSTEIN_AB.html,C-17,Active Duty
RAMSTEIN AB,"49°26'23""N","7°35'47""E",32U LV 98244 77286,32E1G,32E1G (CIVIL ENGINEER),https://paladindanse111.github.io/AFSC-PDFs/32E.html,https://paladindanse111.github.io/AFSC-PDFs/BASE_RAMSTEIN_AB.html,C-20/C-37,Active Duty
RAMSTEIN AB,"49°26'23""N","7°35'47""E",32U LV 98244 77286,32E1G,32E1G (CIVIL ENGINEER),https://paladindanse111.github.io/AFSC-PDFs/32E.html,https://paladindanse111.github.io/AFSC-PDFs/BASE_RAMSTEIN_AB.html,C-21,Active Duty
RAMSTEIN AB,"49°26'23""N","7°35'47""E",32U LV 98244 77286,32E1G,32E1G (CIVIL ENGINEER),https://paladindanse111.github.io/AFSC-PDFs/32E.html,https://paladindanse111.github.io/AFSC-PDFs/BASE_RAMSTEIN_AB.html,F-15,Active Duty
RAMSTEIN AB,"49°26'23""N","7°35'47""E",32U LV 98244 77286,32E1G,32E1G (CIVIL ENGINEER),https://paladindanse111.github.io/AFSC-PDFs/32E.html,https://paladindanse111.github.io/AFSC-PDFs/BASE_RAMSTEIN_AB.html,F-15E,Active Duty
RAMSTEIN AB,"49°26'23""N","7°35'47""E",32U LV 98244 77286,32E1G,32E1G (CIVIL ENGINEER),https://paladindanse111.github.io/AFSC-PDFs/32E.html,https://paladindanse111.github.io/AFSC-PDFs/BASE_RAMSTEIN_AB.html,F-16,Active Duty
RAMSTEIN AB,"49°26'23""N","7°35'47""E",32U LV 98244 77286,32E1G,32E1G (CIVIL ENGINEER),https://paladindanse111.github.io/AFSC-PDFs/32E.html,https://paladindanse111.github.io/AFSC-PDFs/BASE_RAMSTEIN_AB.html,HH-60,Active Duty
RAMSTEIN AB,"49°26'23""N","7°35'47""E",32U LV 98244 77286,32E1G,32E1G (CIVIL ENGINEER),https://paladindanse111.github.io/AFSC-PDFs/32E.html,https://paladindanse111.github.io/AFSC-PDFs/BASE_RAMSTEIN_AB.html,KC-135,Active Duty
RAMSTEIN AB,"49°26'23""N","7°35'47""E",32U LV 98244 77286,32E1J,32E1J (CIVIL ENGINEER),https://paladindanse111.github.io/AFSC-PDFs/32E.html,https://paladindanse111.github.io/AFSC-PDFs/BASE_RAMSTEIN_AB.html,A-10,Active Duty
RAMSTEIN AB,"49°26'23""N","7°35'47""E",32U LV 98244 77286,32E1J,32E1J (CIVIL ENGINEER),https://paladindanse111.github.io/AFSC-PDFs/32E.html,https://paladindanse111.github.io/AFSC-PDFs/BASE_RAMSTEIN_AB.html,B-52,Active Duty
RAMSTEIN AB,"49°26'23""N","7°35'47""E",32U LV 98244 77286,32E1J,32E1J (CIVIL ENGINEER),https://paladindanse111.github.io/AFSC-PDFs/32E.html,https://paladindanse111.github.io/AFSC-PDFs/BASE_RAMSTEIN_AB.html,C-130J,Active Duty
RAMSTEIN AB,"49°26'23""N","7°35'47""E",32U LV 98244 77286,32E1J,32E1J (CIVIL ENGINEER),https://paladindanse111.github.io/AFSC-PDFs/32E.html,https://paladindanse111.github.io/AFSC-PDFs/BASE_RAMSTEIN_AB.html,C-17,Active Duty
RAMSTEIN AB,"49°26'23""N","7°35'47""E",32U LV 98244 77286,32E1J,32E1J (CIVIL ENGINEER),https://paladindanse111.github.io/AFSC-PDFs/32E.html,https://paladindanse111.github.io/AFSC-PDFs/BASE_RAMSTEIN_AB.html,C-20/C-37,Active Duty
RAMSTEIN AB,"49°26'23""N","7°35'47""E",32U LV 98244 77286,32E1J,32E1J (CIVIL ENGINEER),https://paladindanse111.github.io/AFSC-PDFs/32E.html,https://paladindanse111.github.io/AFSC-PDFs/BASE_RAMSTEIN_AB.html,C-21,Active Duty
RAMSTEIN AB,"49°26'23""N","7°35'47""E",32U LV 98244 77286,32E1J,32E1J (CIVIL ENGINEER),https://paladindanse111.github.io/AFSC-PDFs/32E.html,https://paladindanse111.github.io/AFSC-PDFs/BASE_RAMSTEIN_AB.html,F-15,Active Duty
RAMSTEIN AB,"49°26'23""N","7°35'47""E",32U LV 98244 77286,32E1J,32E1J (CIVIL ENGINEER),https://paladindanse111.github.io/AFSC-PDFs/32E.html,https://paladindanse111.github.io/AFSC-PDFs/BASE_RAMSTEIN_AB.html,F-15E,Active Duty
RAMSTEIN AB,"49°26'23""N","7°35'47""E",32U LV 98244 77286,32E1J,32E1J (CIVIL ENGINEER),https://paladindanse111.github.io/AFSC-PDFs/32E.html,https://paladindanse111.github.io/AFSC-PDFs/BASE_RAMSTEIN_AB.html,F-16,Active Duty
RAMSTEIN AB,"49°26'23""N","7°35'47""E",32U LV 98244 77286,32E1J,32E1J (CIVIL ENGINEER),https://paladindanse111.github.io/AFSC-PDFs/32E.html,https://paladindanse111.github.io/AFSC-PDFs/BASE_RAMSTEIN_AB.html,HH-60,Active Duty
RAMSTEIN AB,"49°26'23""N","7°35'47""E",32U LV 98244 77286,32E1J,32E1J (CIVIL ENGINEER),https://paladindanse111.github.io/AFSC-PDFs/32E.html,https://paladindanse111.github.io/AFSC-PDFs/BASE_RAMSTEIN_AB.html,KC-135,Active Duty
RAMSTEIN AB,"49°26'23""N","7°35'47""E",32U LV 98244 77286,35P1,35P1 (PUBLIC AFFAIRS),https://paladindanse111.github.io/AFSC-PDFs/35P.html,https://paladindanse111.github.io/AFSC-PDFs/BASE_RAMSTEIN_AB.html,A-10,Active Duty
RAMSTEIN AB,"49°26'23""N","7°35'47""E",32U LV 98244 77286,35P1,35P1 (PUBLIC AFFAIRS),https://paladindanse111.github.io/AFSC-PDFs/35P.html,https://paladindanse111.github.io/AFSC-PDFs/BASE_RAMSTEIN_AB.html,B-52,Active Duty
RAMSTEIN AB,"49°26'23""N","7°35'47""E",32U LV 98244 77286,35P1,35P1 (PUBLIC AFFAIRS),https://paladindanse111.github.io/AFSC-PDFs/35P.html,https://paladindanse111.github.io/AFSC-PDFs/BASE_RAMSTEIN_AB.html,C-130J,Active Duty
RAMSTEIN AB,"49°26'23""N","7°35'47""E",32U LV 98244 77286,35P1,35P1 (PUBLIC AFFAIRS),https://paladindanse111.github.io/AFSC-PDFs/35P.html,https://paladindanse111.github.io/AFSC-PDFs/BASE_RAMSTEIN_AB.html,C-17,Active Duty
RAMSTEIN AB,"49°26'23""N","7°35'47""E",32U LV 98244 77286,35P1,35P1 (PUBLIC AFFAIRS),https://paladindanse111.github.io/AFSC-PDFs/35P.html,https://paladindanse111.github.io/AFSC-PDFs/BASE_RAMSTEIN_AB.html,C-20/C-37,Active Duty
RAMSTEIN AB,"49°26'23""N","7°35'47""E",32U LV 98244 77286,35P1,35P1 (PUBLIC AFFAIRS),https://paladindanse111.github.io/AFSC-PDFs/35P.html,https://paladindanse111.github.io/AFSC-PDFs/BASE_RAMSTEIN_AB.html,C-21,Active Duty
RAMSTEIN AB,"49°26'23""N","7°35'47""E",32U LV 98244 77286,35P1,35P1 (PUBLIC AFFAIRS),https://paladindanse111.github.io/AFSC-PDFs/35P.html,https://paladindanse111.github.io/AFSC-PDFs/BASE_RAMSTEIN_AB.html,F-15,Active Duty
RAMSTEIN AB,"49°26'23""N","7°35'47""E",32U LV 98244 77286,35P1,35P1 (PUBLIC AFFAIRS),https://paladindanse111.github.io/AFSC-PDFs/35P.html,https://paladindanse111.github.io/AFSC-PDFs/BASE_RAMSTEIN_AB.html,F-15E,Active Duty
RAMSTEIN AB,"49°26'23""N","7°35'47""E",32U LV 98244 77286,35P1,35P1 (PUBLIC AFFAIRS),https://paladindanse111.github.io/AFSC-PDFs/35P.html,https://paladindanse111.github.io/AFSC-PDFs/BASE_RAMSTEIN_AB.html,F-16,Active Duty
RAMSTEIN AB,"49°26'23""N","7°35'47""E",32U LV 98244 77286,35P1,35P1 (PUBLIC AFFAIRS),https://paladindanse111.github.io/AFSC-PDFs/35P.html,https://paladindanse111.github.io/AFSC-PDFs/BASE_RAMSTEIN_AB.html,HH-60,Active Duty
RAMSTEIN AB,"49°26'23""N","7°35'47""E",32U LV 98244 77286,35P1,35P1 (PUBLIC AFFAIRS),https://paladindanse111.github.io/AFSC-PDFs/35P.html,https://paladindanse111.github.io/AFSC-PDFs/BASE_RAMSTEIN_AB.html,KC-135,Active Duty
RAMSTEIN AB,"49°26'23""N","7°35'47""E",32U LV 98244 77286,38F1,38F1 (FORCE SUPPORT),https://paladindanse111.github.io/AFSC-PDFs/38F.html,https://paladindanse111.github.io/AFSC-PDFs/BASE_RAMSTEIN_AB.html,A-10,Active Duty
RAMSTEIN AB,"49°26'23""N","7°35'47""E",32U LV 98244 77286,38F1,38F1 (FORCE SUPPORT),https://paladindanse111.github.io/AFSC-PDFs/38F.html,https://paladindanse111.github.io/AFSC-PDFs/BASE_RAMSTEIN_AB.html,B-52,Active Duty
RAMSTEIN AB,"49°26'23""N","7°35'47""E",32U LV 98244 77286,38F1,38F1 (FORCE SUPPORT),https://paladindanse111.github.io/AFSC-PDFs/38F.html,https://paladindanse111.github.io/AFSC-PDFs/BASE_RAMSTEIN_AB.html,C-130J,Active Duty
RAMSTEIN AB,"49°26'23""N","7°35'47""E",32U LV 98244 77286,38F1,38F1 (FORCE SUPPORT),https://paladindanse111.github.io/AFSC-PDFs/38F.html,https://paladindanse111.github.io/AFSC-PDFs/BASE_RAMSTEIN_AB.html,C-17,Active Duty
RAMSTEIN AB,"49°26'23""N","7°35'47""E",32U LV 98244 77286,38F1,38F1 (FORCE SUPPORT),https://paladindanse111.github.io/AFSC-PDFs/38F.html,https://paladindanse111.github.io/AFSC-PDFs/BASE_RAMSTEIN_AB.html,C-20/C-37,Active Duty
RAMSTEIN AB,"49°26'23""N","7°35'47""E",32U LV 98244 77286,38F1,38F1 (FORCE SUPPORT),https://paladindanse111.github.io/AFSC-PDFs/38F.html,https://paladindanse111.github.io/AFSC-PDFs/BASE_RAMSTEIN_AB.html,C-21,Active Duty
RAMSTEIN AB,"49°26'23""N","7°35'47""E",32U LV 98244 77286,38F1,38F1 (FORCE SUPPORT),https://paladindanse111.github.io/AFSC-PDFs/38F.html,https://paladindanse111.github.io/AFSC-PDFs/BASE_RAMSTEIN_AB.html,F-15,Active Duty
RAMSTEIN AB,"49°26'23""N","7°35'47""E",32U LV 98244 77286,38F1,38F1 (FORCE SUPPORT),https://paladindanse111.github.io/AFSC-PDFs/38F.html,https://paladindanse111.github.io/AFSC-PDFs/BASE_RAMSTEIN_AB.html,F-15E,Active Duty
RAMSTEIN AB,"49°26'23""N","7°35'47""E",32U LV 98244 77286,38F1,38F1 (FORCE SUPPORT),https://paladindanse111.github.io/AFSC-PDFs/38F.html,https://paladindanse111.github.io/AFSC-PDFs/BASE_RAMSTEIN_AB.html,F-16,Active Duty
RAMSTEIN AB,"49°26'23""N","7°35'47""E",32U LV 98244 77286,38F1,38F1 (FORCE SUPPORT),https://paladindanse111.github.io/AFSC-PDFs/38F.html,https://paladindanse111.github.io/AFSC-PDFs/BASE_RAMSTEIN_AB.html,HH-60,Active Duty
RAMSTEIN AB,"49°26'23""N","7°35'47""E",32U LV 98244 77286,38F1,38F1 (FORCE SUPPORT),https://paladindanse111.github.io/AFSC-PDFs/38F.html,https://paladindanse111.github.io/AFSC-PDFs/BASE_RAMSTEIN_AB.html,KC-135,Active Duty
RAMSTEIN AB,"49°26'23""N","7°35'47""E",32U LV 98244 77286,64P1,64P1 (CONTRACTING),https://paladindanse111.github.io/AFSC-PDFs/64P.html,https://paladindanse111.github.io/AFSC-PDFs/BASE_RAMSTEIN_AB.html,A-10,Active Duty
RAMSTEIN AB,"49°26'23""N","7°35'47""E",32U LV 98244 77286,64P1,64P1 (CONTRACTING),https://paladindanse111.github.io/AFSC-PDFs/64P.html,https://paladindanse111.github.io/AFSC-PDFs/BASE_RAMSTEIN_AB.html,B-52,Active Duty
RAMSTEIN AB,"49°26'23""N","7°35'47""E",32U LV 98244 77286,64P1,64P1 (CONTRACTING),https://paladindanse111.github.io/AFSC-PDFs/64P.html,https://paladindanse111.github.io/AFSC-PDFs/BASE_RAMSTEIN_AB.html,C-130J,Active Duty
RAMSTEIN AB,"49°26'23""N","7°35'47""E",32U LV 98244 77286,64P1,64P1 (CONTRACTING),https://paladindanse111.github.io/AFSC-PDFs/64P.html,https://paladindanse111.github.io/AFSC-PDFs/BASE_RAMSTEIN_AB.html,C-17,Active Duty
RAMSTEIN AB,"49°26'23""N","7°35'47""E",32U LV 98244 77286,64P1,64P1 (CONTRACTING),https://paladindanse111.github.io/AFSC-PDFs/64P.html,https://paladindanse111.github.io/AFSC-PDFs/BASE_RAMSTEIN_AB.html,C-20/C-37,Active Duty
RAMSTEIN AB,"49°26'23""N","7°35'47""E",32U LV 98244 77286,64P1,64P1 (CONTRACTING),https://paladindanse111.github.io/AFSC-PDFs/64P.html,https://paladindanse111.github.io/AFSC-PDFs/BASE_RAMSTEIN_AB.html,C-21,Active Duty
RAMSTEIN AB,"49°26'23""N","7°35'47""E",32U LV 98244 77286,64P1,64P1 (CONTRACTING),https://paladindanse111.github.io/AFSC-PDFs/64P.html,https://paladindanse111.github.io/AFSC-PDFs/BASE_RAMSTEIN_AB.html,F-15,Active Duty
RAMSTEIN AB,"49°26'23""N","7°35'47""E",32U LV 98244 77286,64P1,64P1 (CONTRACTING),https://paladindanse111.github.io/AFSC-PDFs/64P.html,https://paladindanse111.github.io/AFSC-PDFs/BASE_RAMSTEIN_AB.html,F-15E,Active Duty
RAMSTEIN AB,"49°26'23""N","7°35'47""E",32U LV 98244 77286,64P1,64P1 (CONTRACTING),https://paladindanse111.github.io/AFSC-PDFs/64P.html,https://paladindanse111.github.io/AFSC-PDFs/BASE_RAMSTEIN_AB.html,F-16,Active Duty
RAMSTEIN AB,"49°26'23""N","7°35'47""E",32U LV 98244 77286,64P1,64P1 (CONTRACTING),https://paladindanse111.github.io/AFSC-PDFs/64P.html,https://paladindanse111.github.io/AFSC-PDFs/BASE_RAMSTEIN_AB.html,HH-60,Active Duty
RAMSTEIN AB,"49°26'23""N","7°35'47""E",32U LV 98244 77286,64P1,64P1 (CONTRACTING),https://paladindanse111.github.io/AFSC-PDFs/64P.html,https://paladindanse111.github.io/AFSC-PDFs/BASE_RAMSTEIN_AB.html,KC-135,Active Duty
RAMSTEIN AB,"49°26'23""N","7°35'47""E",32U LV 98244 77286,65F1,65F1 (FINANCIAL MANAGEMENT),https://paladindanse111.github.io/AFSC-PDFs/65F.html,https://paladindanse111.github.io/AFSC-PDFs/BASE_RAMSTEIN_AB.html,A-10,Active Duty
RAMSTEIN AB,"49°26'23""N","7°35'47""E",32U LV 98244 77286,65F1,65F1 (FINANCIAL MANAGEMENT),https://paladindanse111.github.io/AFSC-PDFs/65F.html,https://paladindanse111.github.io/AFSC-PDFs/BASE_RAMSTEIN_AB.html,B-52,Active Duty
RAMSTEIN AB,"49°26'23""N","7°35'47""E",32U LV 98244 77286,65F1,65F1 (FINANCIAL MANAGEMENT),https://paladindanse111.github.io/AFSC-PDFs/65F.html,https://paladindanse111.github.io/AFSC-PDFs/BASE_RAMSTEIN_AB.html,C-130J,Active Duty
RAMSTEIN AB,"49°26'23""N","7°35'47""E",32U LV 98244 77286,65F1,65F1 (FINANCIAL MANAGEMENT),https://paladindanse111.github.io/AFSC-PDFs/65F.html,https://paladindanse111.github.io/AFSC-PDFs/BASE_RAMSTEIN_AB.html,C-17,Active Duty
RAMSTEIN AB,"49°26'23""N","7°35'47""E",32U LV 98244 77286,65F1,65F1 (FINANCIAL MANAGEMENT),https://paladindanse111.github.io/AFSC-PDFs/65F.html,https://paladindanse111.github.io/AFSC-PDFs/BASE_RAMSTEIN_AB.html,C-20/C-37,Active Duty
RAMSTEIN AB,"49°26'23""N","7°35'47""E",32U LV 98244 77286,65F1,65F1 (FINANCIAL MANAGEMENT),https://paladindanse111.github.io/AFSC-PDFs/65F.html,https://paladindanse111.github.io/AFSC-PDFs/BASE_RAMSTEIN_AB.html,C-21,Active Duty
RAMSTEIN AB,"49°26'23""N","7°35'47""E",32U LV 98244 77286,65F1,65F1 (FINANCIAL MANAGEMENT),https://paladindanse111.github.io/AFSC-PDFs/65F.html,https://paladindanse111.github.io/AFSC-PDFs/BASE_RAMSTEIN_AB.html,F-15,Active Duty
RAMSTEIN AB,"49°26'23""N","7°35'47""E",32U LV 98244 77286,65F1,65F1 (FINANCIAL MANAGEMENT),https://paladindanse111.github.io/AFSC-PDFs/65F.html,https://paladindanse111.github.io/AFSC-PDFs/BASE_RAMSTEIN_AB.html,F-15E,Active Duty
RAMSTEIN AB,"49°26'23""N","7°35'47""E",32U LV 98244 77286,65F1,65F1 (FINANCIAL MANAGEMENT),https://paladindanse111.github.io/AFSC-PDFs/65F.html,https://paladindanse111.github.io/AFSC-PDFs/BASE_RAMSTEIN_AB.html,F-16,Active Duty
RAMSTEIN AB,"49°26'23""N","7°35'47""E",32U LV 98244 77286,65F1,65F1 (FINANCIAL MANAGEMENT),https://paladindanse111.github.io/AFSC-PDFs/65F.html,https://paladindanse111.github.io/AFSC-PDFs/BASE_RAMSTEIN_AB.html,HH-60,Active Duty
RAMSTEIN AB,"49°26'23""N","7°35'47""E",32U LV 98244 77286,65F1,65F1 (FINANCIAL MANAGEMENT),https://paladindanse111.github.io/AFSC-PDFs/65F.html,https://paladindanse111.github.io/AFSC-PDFs/BASE_RAMSTEIN_AB.html,KC-135,Active Duty
ROBINS AFB,"32°38'23""N","83°35'30""W",17S KS 56883 14314,13M1,13M1 (AIRFIELD OPERATIONS),https://paladindanse111.github.io/AFSC-PDFs/13M.html,https://paladindanse111.github.io/AFSC-PDFs/BASE_ROBINS_AFB.html,C-130J,Active Duty
ROBINS AFB,"32°38'23""N","83°35'30""W",17S KS 56883 14314,13M1,13M1 (AIRFIELD OPERATIONS),https://paladindanse111.github.io/AFSC-PDFs/13M.html,https://paladindanse111.github.io/AFSC-PDFs/BASE_ROBINS_AFB.html,C-17,Active Duty
ROBINS AFB,"32°38'23""N","83°35'30""W",17S KS 56883 14314,13M1,13M1 (AIRFIELD OPERATIONS),https://paladindanse111.github.io/AFSC-PDFs/13M.html,https://paladindanse111.github.io/AFSC-PDFs/BASE_ROBINS_AFB.html,KC-135,Active Duty
ROBINS AFB,"32°38'23""N","83°35'30""W",17S KS 56883 14314,21R1,21R1 (LOGISTICS READINESS),https://paladindanse111.github.io/AFSC-PDFs/21R.html,https://paladindanse111.github.io/AFSC-PDFs/BASE_ROBINS_AFB.html,C-130J,Active Duty
ROBINS AFB,"32°38'23""N","83°35'30""W",17S KS 56883 14314,21R1,21R1 (LOGISTICS READINESS),https://paladindanse111.github.io/AFSC-PDFs/21R.html,https://paladindanse111.github.io/AFSC-PDFs/BASE_ROBINS_AFB.html,C-17,Active Duty
ROBINS AFB,"32°38'23""N","83°35'30""W",17S KS 56883 14314,21R1,21R1 (LOGISTICS READINESS),https://paladindanse111.github.io/AFSC-PDFs/21R.html,https://paladindanse111.github.io/AFSC-PDFs/BASE_ROBINS_AFB.html,KC-135,Active Duty
ROBINS AFB,"32°38'23""N","83°35'30""W",17S KS 56883 14314,38F1,38F1 (FORCE SUPPORT),https://paladindanse111.github.io/AFSC-PDFs/38F.html,https://paladindanse111.github.io/AFSC-PDFs/BASE_ROBINS_AFB.html,C-130J,Active Duty
ROBINS AFB,"32°38'23""N","83°35'30""W",17S KS 56883 14314,38F1,38F1 (FORCE SUPPORT),https://paladindanse111.github.io/AFSC-PDFs/38F.html,https://paladindanse111.github.io/AFSC-PDFs/BASE_ROBINS_AFB.html,C-17,Active Duty
ROBINS AFB,"32°38'23""N","83°35'30""W",17S KS 56883 14314,38F1,38F1 (FORCE SUPPORT),https://paladindanse111.github.io/AFSC-PDFs/38F.html,https://paladindanse111.github.io/AFSC-PDFs/BASE_ROBINS_AFB.html,KC-135,Active Duty
ROBINS AFB,"32°38'23""N","83°35'30""W",17S KS 56883 14314,62E1A,62E1A (DEVELOPMENTAL ENGINEER),https://paladindanse111.github.io/AFSC-PDFs/62E.html,https://paladindanse111.github.io/AFSC-PDFs/BASE_ROBINS_AFB.html,C-130J,Active Duty
ROBINS AFB,"32°38'23""N","83°35'30""W",17S KS 56883 14314,62E1A,62E1A (DEVELOPMENTAL ENGINEER),https://paladindanse111.github.io/AFSC-PDFs/62E.html,https://paladindanse111.github.io/AFSC-PDFs/BASE_ROBINS_AFB.html,C-17,Active Duty
ROBINS AFB,"32°38'23""N","83°35'30""W",17S KS 56883 14314,62E1A,62E1A (DEVELOPMENTAL ENGINEER),https://paladindanse111.github.io/AFSC-PDFs/62E.html,https://paladindanse111.github.io/AFSC-PDFs/BASE_ROBINS_AFB.html,KC-135,Active Duty
ROBINS AFB,"32°38'23""N","83°35'30""W",17S KS 56883 14314,62E1B,62E1B (DEVELOPMENTAL ENGINEER),https://paladindanse111.github.io/AFSC-PDFs/62E.html,https://paladindanse111.github.io/AFSC-PDFs/BASE_ROBINS_AFB.html,C-130J,Active Duty
ROBINS AFB,"32°38'23""N","83°35'30""W",17S KS 56883 14314,62E1B,62E1B (DEVELOPMENTAL ENGINEER),https://paladindanse111.github.io/AFSC-PDFs/62E.html,https://paladindanse111.github.io/AFSC-PDFs/BASE_ROBINS_AFB.html,C-17,Active Duty
ROBINS AFB,"32°38'23""N","83°35'30""W",17S KS 56883 14314,62E1B,62E1B (DEVELOPMENTAL ENGINEER),https://paladindanse111.github.io/AFSC-PDFs/62E.html,https://paladindanse111.github.io/AFSC-PDFs/BASE_ROBINS_AFB.html,KC-135,Active Duty
ROBINS AFB,"32°38'23""N","83°35'30""W",17S KS 56883 14314,62E1C,62E1C (DEVELOPMENTAL ENGINEER),https://paladindanse111.github.io/AFSC-PDFs/62E.html,https://paladindanse111.github.io/AFSC-PDFs/BASE_ROBINS_AFB.html,C-130J,Active Duty
ROBINS AFB,"32°38'23""N","83°35'30""W",17S KS 56883 14314,62E1C,62E1C (DEVELOPMENTAL ENGINEER),https://paladindanse111.github.io/AFSC-PDFs/62E.html,https://paladindanse111.github.io/AFSC-PDFs/BASE_ROBINS_AFB.html,C-17,Active Duty
ROBINS AFB,"32°38'23""N","83°35'30""W",17S KS 56883 14314,62E1C,62E1C (DEVELOPMENTAL ENGINEER),https://paladindanse111.github.io/AFSC-PDFs/62E.html,https://paladindanse111.github.io/AFSC-PDFs/BASE_ROBINS_AFB.html,KC-135,Active Duty
ROBINS AFB,"32°38'23""N","83°35'30""W",17S KS 56883 14314,62E1E,62E1E (DEVELOPMENTAL ENGINEER),https://paladindanse111.github.io/AFSC-PDFs/62E.html,https://paladindanse111.github.io/AFSC-PDFs/BASE_ROBINS_AFB.html,C-130J,Active Duty
ROBINS AFB,"32°38'23""N","83°35'30""W",17S KS 56883 14314,62E1E,62E1E (DEVELOPMENTAL ENGINEER),https://paladindanse111.github.io/AFSC-PDFs/62E.html,https://paladindanse111.github.io/AFSC-PDFs/BASE_ROBINS_AFB.html,C-17,Active Duty
ROBINS AFB,"32°38'23""N","83°35'30""W",17S KS 56883 14314,62E1E,62E1E (DEVELOPMENTAL ENGINEER),https://paladindanse111.github.io/AFSC-PDFs/62E.html,https://paladindanse111.github.io/AFSC-PDFs/BASE_ROBINS_AFB.html,KC-135,Active Duty
ROBINS AFB,"32°38'23""N","83°35'30""W",17S KS 56883 14314,62E1G,62E1G (DEVELOPMENTAL ENGINEER),https://paladindanse111.github.io/AFSC-PDFs/62E.html,https://paladindanse111.github.io/AFSC-PDFs/BASE_ROBINS_AFB.html,C-130J,Active Duty
ROBINS AFB,"32°38'23""N","83°35'30""W",17S KS 56883 14314,62E1G,62E1G (DEVELOPMENTAL ENGINEER),https://paladindanse111.github.io/AFSC-PDFs/62E.html,https://paladindanse111.github.io/AFSC-PDFs/BASE_ROBINS_AFB.html,C-17,Active Duty
ROBINS AFB,"32°38'23""N","83°35'30""W",17S KS 56883 14314,62E1G,62E1G (DEVELOPMENTAL ENGINEER),https://paladindanse111.github.io/AFSC-PDFs/62E.html,https://paladindanse111.github.io/AFSC-PDFs/BASE_ROBINS_AFB.html,KC-135,Active Duty
ROBINS AFB,"32°38'23""N","83°35'30""W",17S KS 56883 14314,62E1H,62E1H (DEVELOPMENTAL ENGINEER),https://paladindanse111.github.io/AFSC-PDFs/62E.html,https://paladindanse111.github.io/AFSC-PDFs/BASE_ROBINS_AFB.html,C-130J,Active Duty
ROBINS AFB,"32°38'23""N","83°35'30""W",17S KS 56883 14314,62E1H,62E1H (DEVELOPMENTAL ENGINEER),https://paladindanse111.github.io/AFSC-PDFs/62E.html,https://paladindanse111.github.io/AFSC-PDFs/BASE_ROBINS_AFB.html,C-17,Active Duty
ROBINS AFB,"32°38'23""N","83°35'30""W",17S KS 56883 14314,62E1H,62E1H (DEVELOPMENTAL ENGINEER),https://paladindanse111.github.io/AFSC-PDFs/62E.html,https://paladindanse111.github.io/AFSC-PDFs/BASE_ROBINS_AFB.html,KC-135,Active Duty
ROBINS AFB,"32°38'23""N","83°35'30""W",17S KS 56883 14314,62E1I,62E1I (DEVELOPMENTAL ENGINEER),https://paladindanse111.github.io/AFSC-PDFs/62E.html,https://paladindanse111.github.io/AFSC-PDFs/BASE_ROBINS_AFB.html,C-130J,Active Duty
ROBINS AFB,"32°38'23""N","83°35'30""W",17S KS 56883 14314,62E1I,62E1I (DEVELOPMENTAL ENGINEER),https://paladindanse111.github.io/AFSC-PDFs/62E.html,https://paladindanse111.github.io/AFSC-PDFs/BASE_ROBINS_AFB.html,C-17,Active Duty
ROBINS AFB,"32°38'23""N","83°35'30""W",17S KS 56883 14314,62E1I,62E1I (DEVELOPMENTAL ENGINEER),https://paladindanse111.github.io/AFSC-PDFs/62E.html,https://paladindanse111.github.io/AFSC-PDFs/BASE_ROBINS_AFB.html,KC-135,Active Duty
ROBINS AFB,"32°38'23""N","83°35'30""W",17S KS 56883 14314,63A1,63A1 (AQUISITION MANAGER),https://paladindanse111.github.io/AFSC-PDFs/63A.html,https://paladindanse111.github.io/AFSC-PDFs/BASE_ROBINS_AFB.html,C-130J,Active Duty
ROBINS AFB,"32°38'23""N","83°35'30""W",17S KS 56883 14314,63A1,63A1 (AQUISITION MANAGER),https://paladindanse111.github.io/AFSC-PDFs/63A.html,https://paladindanse111.github.io/AFSC-PDFs/BASE_ROBINS_AFB.html,C-17,Active Duty
ROBINS AFB,"32°38'23""N","83°35'30""W",17S KS 56883 14314,63A1,63A1 (AQUISITION MANAGER),https://paladindanse111.github.io/AFSC-PDFs/63A.html,https://paladindanse111.github.io/AFSC-PDFs/BASE_ROBINS_AFB.html,KC-135,Active Duty
ROBINS AFB,"32°38'23""N","83°35'30""W",17S KS 56883 14314,64P1,64P1 (CONTRACTING),https://paladindanse111.github.io/AFSC-PDFs/64P.html,https://paladindanse111.github.io/AFSC-PDFs/BASE_ROBINS_AFB.html,C-130J,Active Duty
ROBINS AFB,"32°38'23""N","83°35'30""W",17S KS 56883 14314,64P1,64P1 (CONTRACTING),https://paladindanse111.github.io/AFSC-PDFs/64P.html,https://paladindanse111.github.io/AFSC-PDFs/BASE_ROBINS_AFB.html,C-17,Active Duty
ROBINS AFB,"32°38'23""N","83°35'30""W",17S KS 56883 14314,64P1,64P1 (CONTRACTING),https://paladindanse111.github.io/AFSC-PDFs/64P.html,https://paladindanse111.github.io/AFSC-PDFs/BASE_ROBINS_AFB.html,KC-135,Active Duty
ROBINS AFB,"32°38'23""N","83°35'30""W",17S KS 56883 14314,65F1,65F1 (FINANCIAL MANAGEMENT),https://paladindanse111.github.io/AFSC-PDFs/65F.html,https://paladindanse111.github.io/AFSC-PDFs/BASE_ROBINS_AFB.html,C-130J,Active Duty
ROBINS AFB,"32°38'23""N","83°35'30""W",17S KS 56883 14314,65F1,65F1 (FINANCIAL MANAGEMENT),https://paladindanse111.github.io/AFSC-PDFs/65F.html,https://paladindanse111.github.io/AFSC-PDFs/BASE_ROBINS_AFB.html,C-17,Active Duty
ROBINS AFB,"32°38'23""N","83°35'30""W",17S KS 56883 14314,65F1,65F1 (FINANCIAL MANAGEMENT),https://paladindanse111.github.io/AFSC-PDFs/65F.html,https://paladindanse111.github.io/AFSC-PDFs/BASE_ROBINS_AFB.html,KC-135,Active Duty
ROBINS AFB,"32°38'23""N","83°35'30""W",17S KS 56883 14314,71S1,71S1 (SPECIAL INVESTIGATIONS),https://paladindanse111.github.io/AFSC-PDFs/71S.html,https://paladindanse111.github.io/AFSC-PDFs/BASE_ROBINS_AFB.html,C-130J,Active Duty
ROBINS AFB,"32°38'23""N","83°35'30""W",17S KS 56883 14314,71S1,71S1 (SPECIAL INVESTIGATIONS),https://paladindanse111.github.io/AFSC-PDFs/71S.html,https://paladindanse111.github.io/AFSC-PDFs/BASE_ROBINS_AFB.html,C-17,Active Duty
ROBINS AFB,"32°38'23""N","83°35'30""W",17S KS 56883 14314,71S1,71S1 (SPECIAL INVESTIGATIONS),https://paladindanse111.github.io/AFSC-PDFs/71S.html,https://paladindanse111.github.io/AFSC-PDFs/BASE_ROBINS_AFB.html,KC-135,Active Duty
ROME LAB MTC,"43° 13' 57""N","75° 25' 0""W",18T VN 66166 86718,61D1,61D1 (PHYSICIST/NUCLEAR ENGINEER),https://paladindanse111.github.io/AFSC-PDFs/61D.html,https://paladindanse111.github.io/AFSC-PDFs/BASE_ROME_LAB_MTC.html,,Active Duty
ROME LAB MTC,"43° 13' 57""N","75° 25' 0""W",18T VN 66166 86718,62E1C,62E1C (DEVELOPMENTAL ENGINEER),https://paladindanse111.github.io/AFSC-PDFs/62E.html,https://paladindanse111.github.io/AFSC-PDFs/BASE_ROME_LAB_MTC.html,,Active Duty
ROME LAB MTC,"43° 13' 57""N","75° 25' 0""W",18T VN 66166 86718,62E1E,62E1E (DEVELOPMENTAL ENGINEER),https://paladindanse111.github.io/AFSC-PDFs/62E.html,https://paladindanse111.github.io/AFSC-PDFs/BASE_ROME_LAB_MTC.html,,Active Duty
ROME LAB MTC,"43° 13' 57""N","75° 25' 0""W",18T VN 66166 86718,63A1,63A1 (AQUISITION MANAGER),https://paladindanse111.github.io/AFSC-PDFs/63A.html,https://paladindanse111.github.io/AFSC-PDFs/BASE_ROME_LAB_MTC.html,,Active Duty
SCHRIEVER SFB,"38°48'12""N","104°31'32""W",13S EC 41196 95059,32E1A,32E1A (CIVIL ENGINEER),https://paladindanse111.github.io/AFSC-PDFs/32E.html,https://paladindanse111.github.io/AFSC-PDFs/BASE_SCHRIEVER_SFB.html,,Active Duty
SCHRIEVER SFB,"38°48'12""N","104°31'32""W",13S EC 41196 95059,32E1C,32E1C (CIVIL ENGINEER),https://paladindanse111.github.io/AFSC-PDFs/32E.html,https://paladindanse111.github.io/AFSC-PDFs/BASE_SCHRIEVER_SFB.html,,Active Duty
SCHRIEVER SFB,"38°48'12""N","104°31'32""W",13S EC 41196 95059,32E1E,32E1E (CIVIL ENGINEER),https://paladindanse111.github.io/AFSC-PDFs/32E.html,https://paladindanse111.github.io/AFSC-PDFs/BASE_SCHRIEVER_SFB.html,,Active Duty
SCHRIEVER SFB,"38°48'12""N","104°31'32""W",13S EC 41196 95059,32E1F,32E1F (CIVIL ENGINEER),https://paladindanse111.github.io/AFSC-PDFs/32E.html,https://paladindanse111.github.io/AFSC-PDFs/BASE_SCHRIEVER_SFB.html,,Active Duty
SCHRIEVER SFB,"38°48'12""N","104°31'32""W",13S EC 41196 95059,32E1G,32E1G (CIVIL ENGINEER),https://paladindanse111.github.io/AFSC-PDFs/32E.html,https://paladindanse111.github.io/AFSC-PDFs/BASE_SCHRIEVER_SFB.html,,Active Duty
SCHRIEVER SFB,"38°48'12""N","104°31'32""W",13S EC 41196 95059,32E1J,32E1J (CIVIL ENGINEER),https://paladindanse111.github.io/AFSC-PDFs/32E.html,https://paladindanse111.github.io/AFSC-PDFs/BASE_SCHRIEVER_SFB.html,,Active Duty
SCHRIEVER SFB,"38°48'12""N","104°31'32""W",13S EC 41196 95059,35P1,35P1 (PUBLIC AFFAIRS),https://paladindanse111.github.io/AFSC-PDFs/35P.html,https://paladindanse111.github.io/AFSC-PDFs/BASE_SCHRIEVER_SFB.html,,Active Duty
SCHRIEVER SFB,"38°48'12""N","104°31'32""W",13S EC 41196 95059,64P1,64P1 (CONTRACTING),https://paladindanse111.github.io/AFSC-PDFs/64P.html,https://paladindanse111.github.io/AFSC-PDFs/BASE_SCHRIEVER_SFB.html,,Active Duty
SCOTT AFB,"38°32'29""N","89°51'18""W",16S BH 51169 69750,14F1,14F1 (INFORMATION OPERATIONS),https://paladindanse111.github.io/AFSC-PDFs/14F.html,https://paladindanse111.github.io/AFSC-PDFs/BASE_SCOTT_AFB.html,C-130J,Active Duty
SCOTT AFB,"38°32'29""N","89°51'18""W",16S BH 51169 69750,14F1,14F1 (INFORMATION OPERATIONS),https://paladindanse111.github.io/AFSC-PDFs/14F.html,https://paladindanse111.github.io/AFSC-PDFs/BASE_SCOTT_AFB.html,C-17,Active Duty
SCOTT AFB,"38°32'29""N","89°51'18""W",16S BH 51169 69750,14F1,14F1 (INFORMATION OPERATIONS),https://paladindanse111.github.io/AFSC-PDFs/14F.html,https://paladindanse111.github.io/AFSC-PDFs/BASE_SCOTT_AFB.html,C-20/C-37,Active Duty
SCOTT AFB,"38°32'29""N","89°51'18""W",16S BH 51169 69750,14F1,14F1 (INFORMATION OPERATIONS),https://paladindanse111.github.io/AFSC-PDFs/14F.html,https://paladindanse111.github.io/AFSC-PDFs/BASE_SCOTT_AFB.html,C-21,Active Duty
SCOTT AFB,"38°32'29""N","89°51'18""W",16S BH 51169 69750,14F1,14F1 (INFORMATION OPERATIONS),https://paladindanse111.github.io/AFSC-PDFs/14F.html,https://paladindanse111.github.io/AFSC-PDFs/BASE_SCOTT_AFB.html,C-32,Active Duty
SCOTT AFB,"38°32'29""N","89°51'18""W",16S BH 51169 69750,14F1,14F1 (INFORMATION OPERATIONS),https://paladindanse111.github.io/AFSC-PDFs/14F.html,https://paladindanse111.github.io/AFSC-PDFs/BASE_SCOTT_AFB.html,C-40,Active Duty
SCOTT AFB,"38°32'29""N","89°51'18""W",16S BH 51169 69750,14F1,14F1 (INFORMATION OPERATIONS),https://paladindanse111.github.io/AFSC-PDFs/14F.html,https://paladindanse111.github.io/AFSC-PDFs/BASE_SCOTT_AFB.html,C-5,Active Duty
SCOTT AFB,"38°32'29""N","89°51'18""W",16S BH 51169 69750,14F1,14F1 (INFORMATION OPERATIONS),https://paladindanse111.github.io/AFSC-PDFs/14F.html,https://paladindanse111.github.io/AFSC-PDFs/BASE_SCOTT_AFB.html,KC-10,Active Duty
SCOTT AFB,"38°32'29""N","89°51'18""W",16S BH 51169 69750,14F1,14F1 (INFORMATION OPERATIONS),https://paladindanse111.github.io/AFSC-PDFs/14F.html,https://paladindanse111.github.io/AFSC-PDFs/BASE_SCOTT_AFB.html,KC-135,Active Duty
SCOTT AFB,"38°32'29""N","89°51'18""W",16S BH 51169 69750,14F1,14F1 (INFORMATION OPERATIONS),https://paladindanse111.github.io/AFSC-PDFs/14F.html,https://paladindanse111.github.io/AFSC-PDFs/BASE_SCOTT_AFB.html,KC-46 (KC-X),Active Duty
SCOTT AFB,"38°32'29""N","89°51'18""W",16S BH 51169 69750,15A1,15A1 (OPERATIONS ANALYSIS OFFICER),https://paladindanse111.github.io/AFSC-PDFs/15A.html,https://paladindanse111.github.io/AFSC-PDFs/BASE_SCOTT_AFB.html,C-130J,Active Duty
SCOTT AFB,"38°32'29""N","89°51'18""W",16S BH 51169 69750,15A1,15A1 (OPERATIONS ANALYSIS OFFICER),https://paladindanse111.github.io/AFSC-PDFs/15A.html,https://paladindanse111.github.io/AFSC-PDFs/BASE_SCOTT_AFB.html,C-17,Active Duty
SCOTT AFB,"38°32'29""N","89°51'18""W",16S BH 51169 69750,15A1,15A1 (OPERATIONS ANALYSIS OFFICER),https://paladindanse111.github.io/AFSC-PDFs/15A.html,https://paladindanse111.github.io/AFSC-PDFs/BASE_SCOTT_AFB.html,C-20/C-37,Active Duty
SCOTT AFB,"38°32'29""N","89°51'18""W",16S BH 51169 69750,15A1,15A1 (OPERATIONS ANALYSIS OFFICER),https://paladindanse111.github.io/AFSC-PDFs/15A.html,https://paladindanse111.github.io/AFSC-PDFs/BASE_SCOTT_AFB.html,C-21,Active Duty
SCOTT AFB,"38°32'29""N","89°51'18""W",16S BH 51169 69750,15A1,15A1 (OPERATIONS ANALYSIS OFFICER),https://paladindanse111.github.io/AFSC-PDFs/15A.html,https://paladindanse111.github.io/AFSC-PDFs/BASE_SCOTT_AFB.html,C-32,Active Duty
SCOTT AFB,"38°32'29""N","89°51'18""W",16S BH 51169 69750,15A1,15A1 (OPERATIONS ANALYSIS OFFICER),https://paladindanse111.github.io/AFSC-PDFs/15A.html,https://paladindanse111.github.io/AFSC-PDFs/BASE_SCOTT_AFB.html,C-40,Active Duty
SCOTT AFB,"38°32'29""N","89°51'18""W",16S BH 51169 69750,15A1,15A1 (OPERATIONS ANALYSIS OFFICER),https://paladindanse111.github.io/AFSC-PDFs/15A.html,https://paladindanse111.github.io/AFSC-PDFs/BASE_SCOTT_AFB.html,C-5,Active Duty
SCOTT AFB,"38°32'29""N","89°51'18""W",16S BH 51169 69750,15A1,15A1 (OPERATIONS ANALYSIS OFFICER),https://paladindanse111.github.io/AFSC-PDFs/15A.html,https://paladindanse111.github.io/AFSC-PDFs/BASE_SCOTT_AFB.html,KC-10,Active Duty
SCOTT AFB,"38°32'29""N","89°51'18""W",16S BH 51169 69750,15A1,15A1 (OPERATIONS ANALYSIS OFFICER),https://paladindanse111.github.io/AFSC-PDFs/15A.html,https://paladindanse111.github.io/AFSC-PDFs/BASE_SCOTT_AFB.html,KC-135,Active Duty
SCOTT AFB,"38°32'29""N","89°51'18""W",16S BH 51169 69750,15A1,15A1 (OPERATIONS ANALYSIS OFFICER),https://paladindanse111.github.io/AFSC-PDFs/15A.html,https://paladindanse111.github.io/AFSC-PDFs/BASE_SCOTT_AFB.html,KC-46 (KC-X),Active Duty
SCOTT AFB,"38°32'29""N","89°51'18""W",16S BH 51169 69750,15W1,15W1 (WEATHER AND ENVIRONMENTAL SCIENCES),https://paladindanse111.github.io/AFSC-PDFs/15W.html,https://paladindanse111.github.io/AFSC-PDFs/BASE_SCOTT_AFB.html,C-130J,Active Duty
SCOTT AFB,"38°32'29""N","89°51'18""W",16S BH 51169 69750,15W1,15W1 (WEATHER AND ENVIRONMENTAL SCIENCES),https://paladindanse111.github.io/AFSC-PDFs/15W.html,https://paladindanse111.github.io/AFSC-PDFs/BASE_SCOTT_AFB.html,C-17,Active Duty
SCOTT AFB,"38°32'29""N","89°51'18""W",16S BH 51169 69750,15W1,15W1 (WEATHER AND ENVIRONMENTAL SCIENCES),https://paladindanse111.github.io/AFSC-PDFs/15W.html,https://paladindanse111.github.io/AFSC-PDFs/BASE_SCOTT_AFB.html,C-20/C-37,Active Duty
SCOTT AFB,"38°32'29""N","89°51'18""W",16S BH 51169 69750,15W1,15W1 (WEATHER AND ENVIRONMENTAL SCIENCES),https://paladindanse111.github.io/AFSC-PDFs/15W.html,https://paladindanse111.github.io/AFSC-PDFs/BASE_SCOTT_AFB.html,C-21,Active Duty
SCOTT AFB,"38°32'29""N","89°51'18""W",16S BH 51169 69750,15W1,15W1 (WEATHER AND ENVIRONMENTAL SCIENCES),https://paladindanse111.github.io/AFSC-PDFs/15W.html,https://paladindanse111.github.io/AFSC-PDFs/BASE_SCOTT_AFB.html,C-32,Active Duty
SCOTT AFB,"38°32'29""N","89°51'18""W",16S BH 51169 69750,15W1,15W1 (WEATHER AND ENVIRONMENTAL SCIENCES),https://paladindanse111.github.io/AFSC-PDFs/15W.html,https://paladindanse111.github.io/AFSC-PDFs/BASE_SCOTT_AFB.html,C-40,Active Duty
SCOTT AFB,"38°32'29""N","89°51'18""W",16S BH 51169 69750,15W1,15W1 (WEATHER AND ENVIRONMENTAL SCIENCES),https://paladindanse111.github.io/AFSC-PDFs/15W.html,https://paladindanse111.github.io/AFSC-PDFs/BASE_SCOTT_AFB.html,C-5,Active Duty
SCOTT AFB,"38°32'29""N","89°51'18""W",16S BH 51169 69750,15W1,15W1 (WEATHER AND ENVIRONMENTAL SCIENCES),https://paladindanse111.github.io/AFSC-PDFs/15W.html,https://paladindanse111.github.io/AFSC-PDFs/BASE_SCOTT_AFB.html,KC-10,Active Duty
SCOTT AFB,"38°32'29""N","89°51'18""W",16S BH 51169 69750,15W1,15W1 (WEATHER AND ENVIRONMENTAL SCIENCES),https://paladindanse111.github.io/AFSC-PDFs/15W.html,https://paladindanse111.github.io/AFSC-PDFs/BASE_SCOTT_AFB.html,KC-135,Active Duty
SCOTT AFB,"38°32'29""N","89°51'18""W",16S BH 51169 69750,15W1,15W1 (WEATHER AND ENVIRONMENTAL SCIENCES),https://paladindanse111.github.io/AFSC-PDFs/15W.html,https://paladindanse111.github.io/AFSC-PDFs/BASE_SCOTT_AFB.html,KC-46 (KC-X),Active Duty
SCOTT AFB,"38°32'29""N","89°51'18""W",16S BH 51169 69750,21R1,21R1 (LOGISTICS READINESS),https://paladindanse111.github.io/AFSC-PDFs/21R.html,https://paladindanse111.github.io/AFSC-PDFs/BASE_SCOTT_AFB.html,C-130J,Active Duty
SCOTT AFB,"38°32'29""N","89°51'18""W",16S BH 51169 69750,21R1,21R1 (LOGISTICS READINESS),https://paladindanse111.github.io/AFSC-PDFs/21R.html,https://paladindanse111.github.io/AFSC-PDFs/BASE_SCOTT_AFB.html,C-17,Active Duty
SCOTT AFB,"38°32'29""N","89°51'18""W",16S BH 51169 69750,21R1,21R1 (LOGISTICS READINESS),https://paladindanse111.github.io/AFSC-PDFs/21R.html,https://paladindanse111.github.io/AFSC-PDFs/BASE_SCOTT_AFB.html,C-20/C-37,Active Duty
SCOTT AFB,"38°32'29""N","89°51'18""W",16S BH 51169 69750,21R1,21R1 (LOGISTICS READINESS),https://paladindanse111.github.io/AFSC-PDFs/21R.html,https://paladindanse111.github.io/AFSC-PDFs/BASE_SCOTT_AFB.html,C-21,Active Duty
SCOTT AFB,"38°32'29""N","89°51'18""W",16S BH 51169 69750,21R1,21R1 (LOGISTICS READINESS),https://paladindanse111.github.io/AFSC-PDFs/21R.html,https://paladindanse111.github.io/AFSC-PDFs/BASE_SCOTT_AFB.html,C-32,Active Duty
SCOTT AFB,"38°32'29""N","89°51'18""W",16S BH 51169 69750,21R1,21R1 (LOGISTICS READINESS),https://paladindanse111.github.io/AFSC-PDFs/21R.html,https://paladindanse111.github.io/AFSC-PDFs/BASE_SCOTT_AFB.html,C-40,Active Duty
SCOTT AFB,"38°32'29""N","89°51'18""W",16S BH 51169 69750,21R1,21R1 (LOGISTICS READINESS),https://paladindanse111.github.io/AFSC-PDFs/21R.html,https://paladindanse111.github.io/AFSC-PDFs/BASE_SCOTT_AFB.html,C-5,Active Duty
SCOTT AFB,"38°32'29""N","89°51'18""W",16S BH 51169 69750,21R1,21R1 (LOGISTICS READINESS),https://paladindanse111.github.io/AFSC-PDFs/21R.html,https://paladindanse111.github.io/AFSC-PDFs/BASE_SCOTT_AFB.html,KC-10,Active Duty
SCOTT AFB,"38°32'29""N","89°51'18""W",16S BH 51169 69750,21R1,21R1 (LOGISTICS READINESS),https://paladindanse111.github.io/AFSC-PDFs/21R.html,https://paladindanse111.github.io/AFSC-PDFs/BASE_SCOTT_AFB.html,KC-135,Active Duty
SCOTT AFB,"38°32'29""N","89°51'18""W",16S BH 51169 69750,21R1,21R1 (LOGISTICS READINESS),https://paladindanse111.github.io/AFSC-PDFs/21R.html,https://paladindanse111.github.io/AFSC-PDFs/BASE_SCOTT_AFB.html,KC-46 (KC-X),Active Duty
SCOTT AFB,"38°32'29""N","89°51'18""W",16S BH 51169 69750,32E1A,32E1A (CIVIL ENGINEER),https://paladindanse111.github.io/AFSC-PDFs/32E.html,https://paladindanse111.github.io/AFSC-PDFs/BASE_SCOTT_AFB.html,C-130J,Active Duty
SCOTT AFB,"38°32'29""N","89°51'18""W",16S BH 51169 69750,32E1A,32E1A (CIVIL ENGINEER),https://paladindanse111.github.io/AFSC-PDFs/32E.html,https://paladindanse111.github.io/AFSC-PDFs/BASE_SCOTT_AFB.html,C-17,Active Duty
SCOTT AFB,"38°32'29""N","89°51'18""W",16S BH 51169 69750,32E1A,32E1A (CIVIL ENGINEER),https://paladindanse111.github.io/AFSC-PDFs/32E.html,https://paladindanse111.github.io/AFSC-PDFs/BASE_SCOTT_AFB.html,C-20/C-37,Active Duty
SCOTT AFB,"38°32'29""N","89°51'18""W",16S BH 51169 69750,32E1A,32E1A (CIVIL ENGINEER),https://paladindanse111.github.io/AFSC-PDFs/32E.html,https://paladindanse111.github.io/AFSC-PDFs/BASE_SCOTT_AFB.html,C-21,Active Duty
SCOTT AFB,"38°32'29""N","89°51'18""W",16S BH 51169 69750,32E1A,32E1A (CIVIL ENGINEER),https://paladindanse111.github.io/AFSC-PDFs/32E.html,https://paladindanse111.github.io/AFSC-PDFs/BASE_SCOTT_AFB.html,C-32,Active Duty
SCOTT AFB,"38°32'29""N","89°51'18""W",16S BH 51169 69750,32E1A,32E1A (CIVIL ENGINEER),https://paladindanse111.github.io/AFSC-PDFs/32E.html,https://paladindanse111.github.io/AFSC-PDFs/BASE_SCOTT_AFB.html,C-40,Active Duty
SCOTT AFB,"38°32'29""N","89°51'18""W",16S BH 51169 69750,32E1A,32E1A (CIVIL ENGINEER),https://paladindanse111.github.io/AFSC-PDFs/32E.html,https://paladindanse111.github.io/AFSC-PDFs/BASE_SCOTT_AFB.html,C-5,Active Duty
SCOTT AFB,"38°32'29""N","89°51'18""W",16S BH 51169 69750,32E1A,32E1A (CIVIL ENGINEER),https://paladindanse111.github.io/AFSC-PDFs/32E.html,https://paladindanse111.github.io/AFSC-PDFs/BASE_SCOTT_AFB.html,KC-10,Active Duty
SCOTT AFB,"38°32'29""N","89°51'18""W",16S BH 51169 69750,32E1A,32E1A (CIVIL ENGINEER),https://paladindanse111.github.io/AFSC-PDFs/32E.html,https://paladindanse111.github.io/AFSC-PDFs/BASE_SCOTT_AFB.html,KC-135,Active Duty
SCOTT AFB,"38°32'29""N","89°51'18""W",16S BH 51169 69750,32E1A,32E1A (CIVIL ENGINEER),https://paladindanse111.github.io/AFSC-PDFs/32E.html,https://paladindanse111.github.io/AFSC-PDFs/BASE_SCOTT_AFB.html,KC-46 (KC-X),Active Duty
SCOTT AFB,"38°32'29""N","89°51'18""W",16S BH 51169 69750,32E1C,32E1C (CIVIL ENGINEER),https://paladindanse111.github.io/AFSC-PDFs/32E.html,https://paladindanse111.github.io/AFSC-PDFs/BASE_SCOTT_AFB.html,C-130J,Active Duty
SCOTT AFB,"38°32'29""N","89°51'18""W",16S BH 51169 69750,32E1C,32E1C (CIVIL ENGINEER),https://paladindanse111.github.io/AFSC-PDFs/32E.html,https://paladindanse111.github.io/AFSC-PDFs/BASE_SCOTT_AFB.html,C-17,Active Duty
SCOTT AFB,"38°32'29""N","89°51'18""W",16S BH 51169 69750,32E1C,32E1C (CIVIL ENGINEER),https://paladindanse111.github.io/AFSC-PDFs/32E.html,https://paladindanse111.github.io/AFSC-PDFs/BASE_SCOTT_AFB.html,C-20/C-37,Active Duty
SCOTT AFB,"38°32'29""N","89°51'18""W",16S BH 51169 69750,32E1C,32E1C (CIVIL ENGINEER),https://paladindanse111.github.io/AFSC-PDFs/32E.html,https://paladindanse111.github.io/AFSC-PDFs/BASE_SCOTT_AFB.html,C-21,Active Duty
SCOTT AFB,"38°32'29""N","89°51'18""W",16S BH 51169 69750,32E1C,32E1C (CIVIL ENGINEER),https://paladindanse111.github.io/AFSC-PDFs/32E.html,https://paladindanse111.github.io/AFSC-PDFs/BASE_SCOTT_AFB.html,C-32,Active Duty
SCOTT AFB,"38°32'29""N","89°51'18""W",16S BH 51169 69750,32E1C,32E1C (CIVIL ENGINEER),https://paladindanse111.github.io/AFSC-PDFs/32E.html,https://paladindanse111.github.io/AFSC-PDFs/BASE_SCOTT_AFB.html,C-40,Active Duty
SCOTT AFB,"38°32'29""N","89°51'18""W",16S BH 51169 69750,32E1C,32E1C (CIVIL ENGINEER),https://paladindanse111.github.io/AFSC-PDFs/32E.html,https://paladindanse111.github.io/AFSC-PDFs/BASE_SCOTT_AFB.html,C-5,Active Duty
SCOTT AFB,"38°32'29""N","89°51'18""W",16S BH 51169 69750,32E1C,32E1C (CIVIL ENGINEER),https://paladindanse111.github.io/AFSC-PDFs/32E.html,https://paladindanse111.github.io/AFSC-PDFs/BASE_SCOTT_AFB.html,KC-10,Active Duty
SCOTT AFB,"38°32'29""N","89°51'18""W",16S BH 51169 69750,32E1C,32E1C (CIVIL ENGINEER),https://paladindanse111.github.io/AFSC-PDFs/32E.html,https://paladindanse111.github.io/AFSC-PDFs/BASE_SCOTT_AFB.html,KC-135,Active Duty
SCOTT AFB,"38°32'29""N","89°51'18""W",16S BH 51169 69750,32E1C,32E1C (CIVIL ENGINEER),https://paladindanse111.github.io/AFSC-PDFs/32E.html,https://paladindanse111.github.io/AFSC-PDFs/BASE_SCOTT_AFB.html,KC-46 (KC-X),Active Duty
SCOTT AFB,"38°32'29""N","89°51'18""W",16S BH 51169 69750,32E1E,32E1E (CIVIL ENGINEER),https://paladindanse111.github.io/AFSC-PDFs/32E.html,https://paladindanse111.github.io/AFSC-PDFs/BASE_SCOTT_AFB.html,C-130J,Active Duty
SCOTT AFB,"38°32'29""N","89°51'18""W",16S BH 51169 69750,32E1E,32E1E (CIVIL ENGINEER),https://paladindanse111.github.io/AFSC-PDFs/32E.html,https://paladindanse111.github.io/AFSC-PDFs/BASE_SCOTT_AFB.html,C-17,Active Duty
SCOTT AFB,"38°32'29""N","89°51'18""W",16S BH 51169 69750,32E1E,32E1E (CIVIL ENGINEER),https://paladindanse111.github.io/AFSC-PDFs/32E.html,https://paladindanse111.github.io/AFSC-PDFs/BASE_SCOTT_AFB.html,C-20/C-37,Active Duty
SCOTT AFB,"38°32'29""N","89°51'18""W",16S BH 51169 69750,32E1E,32E1E (CIVIL ENGINEER),https://paladindanse111.github.io/AFSC-PDFs/32E.html,https://paladindanse111.github.io/AFSC-PDFs/BASE_SCOTT_AFB.html,C-21,Active Duty
SCOTT AFB,"38°32'29""N","89°51'18""W",16S BH 51169 69750,32E1E,32E1E (CIVIL ENGINEER),https://paladindanse111.github.io/AFSC-PDFs/32E.html,https://paladindanse111.github.io/AFSC-PDFs/BASE_SCOTT_AFB.html,C-32,Active Duty
SCOTT AFB,"38°32'29""N","89°51'18""W",16S BH 51169 69750,32E1E,32E1E (CIVIL ENGINEER),https://paladindanse111.github.io/AFSC-PDFs/32E.html,https://paladindanse111.github.io/AFSC-PDFs/BASE_SCOTT_AFB.html,C-40,Active Duty
SCOTT AFB,"38°32'29""N","89°51'18""W",16S BH 51169 69750,32E1E,32E1E (CIVIL ENGINEER),https://paladindanse111.github.io/AFSC-PDFs/32E.html,https://paladindanse111.github.io/AFSC-PDFs/BASE_SCOTT_AFB.html,C-5,Active Duty
SCOTT AFB,"38°32'29""N","89°51'18""W",16S BH 51169 69750,32E1E,32E1E (CIVIL ENGINEER),https://paladindanse111.github.io/AFSC-PDFs/32E.html,https://paladindanse111.github.io/AFSC-PDFs/BASE_SCOTT_AFB.html,KC-10,Active Duty
SCOTT AFB,"38°32'29""N","89°51'18""W",16S BH 51169 69750,32E1E,32E1E (CIVIL ENGINEER),https://paladindanse111.github.io/AFSC-PDFs/32E.html,https://paladindanse111.github.io/AFSC-PDFs/BASE_SCOTT_AFB.html,KC-135,Active Duty
SCOTT AFB,"38°32'29""N","89°51'18""W",16S BH 51169 69750,32E1E,32E1E (CIVIL ENGINEER),https://paladindanse111.github.io/AFSC-PDFs/32E.html,https://paladindanse111.github.io/AFSC-PDFs/BASE_SCOTT_AFB.html,KC-46 (KC-X),Active Duty
SCOTT AFB,"38°32'29""N","89°51'18""W",16S BH 51169 69750,32E1F,32E1F (CIVIL ENGINEER),https://paladindanse111.github.io/AFSC-PDFs/32E.html,https://paladindanse111.github.io/AFSC-PDFs/BASE_SCOTT_AFB.html,C-130J,Active Duty
SCOTT AFB,"38°32'29""N","89°51'18""W",16S BH 51169 69750,32E1F,32E1F (CIVIL ENGINEER),https://paladindanse111.github.io/AFSC-PDFs/32E.html,https://paladindanse111.github.io/AFSC-PDFs/BASE_SCOTT_AFB.html,C-17,Active Duty
SCOTT AFB,"38°32'29""N","89°51'18""W",16S BH 51169 69750,32E1F,32E1F (CIVIL ENGINEER),https://paladindanse111.github.io/AFSC-PDFs/32E.html,https://paladindanse111.github.io/AFSC-PDFs/BASE_SCOTT_AFB.html,C-20/C-37,Active Duty
SCOTT AFB,"38°32'29""N","89°51'18""W",16S BH 51169 69750,32E1F,32E1F (CIVIL ENGINEER),https://paladindanse111.github.io/AFSC-PDFs/32E.html,https://paladindanse111.github.io/AFSC-PDFs/BASE_SCOTT_AFB.html,C-21,Active Duty
SCOTT AFB,"38°32'29""N","89°51'18""W",16S BH 51169 69750,32E1F,32E1F (CIVIL ENGINEER),https://paladindanse111.github.io/AFSC-PDFs/32E.html,https://paladindanse111.github.io/AFSC-PDFs/BASE_SCOTT_AFB.html,C-32,Active Duty
SCOTT AFB,"38°32'29""N","89°51'18""W",16S BH 51169 69750,32E1F,32E1F (CIVIL ENGINEER),https://paladindanse111.github.io/AFSC-PDFs/32E.html,https://paladindanse111.github.io/AFSC-PDFs/BASE_SCOTT_AFB.html,C-40,Active Duty
SCOTT AFB,"38°32'29""N","89°51'18""W",16S BH 51169 69750,32E1F,32E1F (CIVIL ENGINEER),https://paladindanse111.github.io/AFSC-PDFs/32E.html,https://paladindanse111.github.io/AFSC-PDFs/BASE_SCOTT_AFB.html,C-5,Active Duty
SCOTT AFB,"38°32'29""N","89°51'18""W",16S BH 51169 69750,32E1F,32E1F (CIVIL ENGINEER),https://paladindanse111.github.io/AFSC-PDFs/32E.html,https://paladindanse111.github.io/AFSC-PDFs/BASE_SCOTT_AFB.html,KC-10,Active Duty
SCOTT AFB,"38°32'29""N","89°51'18""W",16S BH 51169 69750,32E1F,32E1F (CIVIL ENGINEER),https://paladindanse111.github.io/AFSC-PDFs/32E.html,https://paladindanse111.github.io/AFSC-PDFs/BASE_SCOTT_AFB.html,KC-135,Active Duty
SCOTT AFB,"38°32'29""N","89°51'18""W",16S BH 51169 69750,32E1F,32E1F (CIVIL ENGINEER),https://paladindanse111.github.io/AFSC-PDFs/32E.html,https://paladindanse111.github.io/AFSC-PDFs/BASE_SCOTT_AFB.html,KC-46 (KC-X),Active Duty
SCOTT AFB,"38°32'29""N","89°51'18""W",16S BH 51169 69750,32E1G,32E1G (CIVIL ENGINEER),https://paladindanse111.github.io/AFSC-PDFs/32E.html,https://paladindanse111.github.io/AFSC-PDFs/BASE_SCOTT_AFB.html,C-130J,Active Duty
SCOTT AFB,"38°32'29""N","89°51'18""W",16S BH 51169 69750,32E1G,32E1G (CIVIL ENGINEER),https://paladindanse111.github.io/AFSC-PDFs/32E.html,https://paladindanse111.github.io/AFSC-PDFs/BASE_SCOTT_AFB.html,C-17,Active Duty
SCOTT AFB,"38°32'29""N","89°51'18""W",16S BH 51169 69750,32E1G,32E1G (CIVIL ENGINEER),https://paladindanse111.github.io/AFSC-PDFs/32E.html,https://paladindanse111.github.io/AFSC-PDFs/BASE_SCOTT_AFB.html,C-20/C-37,Active Duty
SCOTT AFB,"38°32'29""N","89°51'18""W",16S BH 51169 69750,32E1G,32E1G (CIVIL ENGINEER),https://paladindanse111.github.io/AFSC-PDFs/32E.html,https://paladindanse111.github.io/AFSC-PDFs/BASE_SCOTT_AFB.html,C-21,Active Duty
SCOTT AFB,"38°32'29""N","89°51'18""W",16S BH 51169 69750,32E1G,32E1G (CIVIL ENGINEER),https://paladindanse111.github.io/AFSC-PDFs/32E.html,https://paladindanse111.github.io/AFSC-PDFs/BASE_SCOTT_AFB.html,C-32,Active Duty
SCOTT AFB,"38°32'29""N","89°51'18""W",16S BH 51169 69750,32E1G,32E1G (CIVIL ENGINEER),https://paladindanse111.github.io/AFSC-PDFs/32E.html,https://paladindanse111.github.io/AFSC-PDFs/BASE_SCOTT_AFB.html,C-40,Active Duty
SCOTT AFB,"38°32'29""N","89°51'18""W",16S BH 51169 69750,32E1G,32E1G (CIVIL ENGINEER),https://paladindanse111.github.io/AFSC-PDFs/32E.html,https://paladindanse111.github.io/AFSC-PDFs/BASE_SCOTT_AFB.html,C-5,Active Duty
SCOTT AFB,"38°32'29""N","89°51'18""W",16S BH 51169 69750,32E1G,32E1G (CIVIL ENGINEER),https://paladindanse111.github.io/AFSC-PDFs/32E.html,https://paladindanse111.github.io/AFSC-PDFs/BASE_SCOTT_AFB.html,KC-10,Active Duty
SCOTT AFB,"38°32'29""N","89°51'18""W",16S BH 51169 69750,32E1G,32E1G (CIVIL ENGINEER),https://paladindanse111.github.io/AFSC-PDFs/32E.html,https://paladindanse111.github.io/AFSC-PDFs/BASE_SCOTT_AFB.html,KC-135,Active Duty
SCOTT AFB,"38°32'29""N","89°51'18""W",16S BH 51169 69750,32E1G,32E1G (CIVIL ENGINEER),https://paladindanse111.github.io/AFSC-PDFs/32E.html,https://paladindanse111.github.io/AFSC-PDFs/BASE_SCOTT_AFB.html,KC-46 (KC-X),Active Duty
SCOTT AFB,"38°32'29""N","89°51'18""W",16S BH 51169 69750,32E1J,32E1J (CIVIL ENGINEER),https://paladindanse111.github.io/AFSC-PDFs/32E.html,https://paladindanse111.github.io/AFSC-PDFs/BASE_SCOTT_AFB.html,C-130J,Active Duty
SCOTT AFB,"38°32'29""N","89°51'18""W",16S BH 51169 69750,32E1J,32E1J (CIVIL ENGINEER),https://paladindanse111.github.io/AFSC-PDFs/32E.html,https://paladindanse111.github.io/AFSC-PDFs/BASE_SCOTT_AFB.html,C-17,Active Duty
SCOTT AFB,"38°32'29""N","89°51'18""W",16S BH 51169 69750,32E1J,32E1J (CIVIL ENGINEER),https://paladindanse111.github.io/AFSC-PDFs/32E.html,https://paladindanse111.github.io/AFSC-PDFs/BASE_SCOTT_AFB.html,C-20/C-37,Active Duty
SCOTT AFB,"38°32'29""N","89°51'18""W",16S BH 51169 69750,32E1J,32E1J (CIVIL ENGINEER),https://paladindanse111.github.io/AFSC-PDFs/32E.html,https://paladindanse111.github.io/AFSC-PDFs/BASE_SCOTT_AFB.html,C-21,Active Duty
SCOTT AFB,"38°32'29""N","89°51'18""W",16S BH 51169 69750,32E1J,32E1J (CIVIL ENGINEER),https://paladindanse111.github.io/AFSC-PDFs/32E.html,https://paladindanse111.github.io/AFSC-PDFs/BASE_SCOTT_AFB.html,C-32,Active Duty
SCOTT AFB,"38°32'29""N","89°51'18""W",16S BH 51169 69750,32E1J,32E1J (CIVIL ENGINEER),https://paladindanse111.github.io/AFSC-PDFs/32E.html,https://paladindanse111.github.io/AFSC-PDFs/BASE_SCOTT_AFB.html,C-40,Active Duty
SCOTT AFB,"38°32'29""N","89°51'18""W",16S BH 51169 69750,32E1J,32E1J (CIVIL ENGINEER),https://paladindanse111.github.io/AFSC-PDFs/32E.html,https://paladindanse111.github.io/AFSC-PDFs/BASE_SCOTT_AFB.html,C-5,Active Duty
SCOTT AFB,"38°32'29""N","89°51'18""W",16S BH 51169 69750,32E1J,32E1J (CIVIL ENGINEER),https://paladindanse111.github.io/AFSC-PDFs/32E.html,https://paladindanse111.github.io/AFSC-PDFs/BASE_SCOTT_AFB.html,KC-10,Active Duty
SCOTT AFB,"38°32'29""N","89°51'18""W",16S BH 51169 69750,32E1J,32E1J (CIVIL ENGINEER),https://paladindanse111.github.io/AFSC-PDFs/32E.html,https://paladindanse111.github.io/AFSC-PDFs/BASE_SCOTT_AFB.html,KC-135,Active Duty
SCOTT AFB,"38°32'29""N","89°51'18""W",16S BH 51169 69750,32E1J,32E1J (CIVIL ENGINEER),https://paladindanse111.github.io/AFSC-PDFs/32E.html,https://paladindanse111.github.io/AFSC-PDFs/BASE_SCOTT_AFB.html,KC-46 (KC-X),Active Duty
SCOTT AFB,"38°32'29""N","89°51'18""W",16S BH 51169 69750,63A1,63A1 (AQUISITION MANAGER),https://paladindanse111.github.io/AFSC-PDFs/63A.html,https://paladindanse111.github.io/AFSC-PDFs/BASE_SCOTT_AFB.html,C-130J,Active Duty
SCOTT AFB,"38°32'29""N","89°51'18""W",16S BH 51169 69750,63A1,63A1 (AQUISITION MANAGER),https://paladindanse111.github.io/AFSC-PDFs/63A.html,https://paladindanse111.github.io/AFSC-PDFs/BASE_SCOTT_AFB.html,C-17,Active Duty
SCOTT AFB,"38°32'29""N","89°51'18""W",16S BH 51169 69750,63A1,63A1 (AQUISITION MANAGER),https://paladindanse111.github.io/AFSC-PDFs/63A.html,https://paladindanse111.github.io/AFSC-PDFs/BASE_SCOTT_AFB.html,C-20/C-37,Active Duty
SCOTT AFB,"38°32'29""N","89°51'18""W",16S BH 51169 69750,63A1,63A1 (AQUISITION MANAGER),https://paladindanse111.github.io/AFSC-PDFs/63A.html,https://paladindanse111.github.io/AFSC-PDFs/BASE_SCOTT_AFB.html,C-21,Active Duty
SCOTT AFB,"38°32'29""N","89°51'18""W",16S BH 51169 69750,63A1,63A1 (AQUISITION MANAGER),https://paladindanse111.github.io/AFSC-PDFs/63A.html,https://paladindanse111.github.io/AFSC-PDFs/BASE_SCOTT_AFB.html,C-32,Active Duty
SCOTT AFB,"38°32'29""N","89°51'18""W",16S BH 51169 69750,63A1,63A1 (AQUISITION MANAGER),https://paladindanse111.github.io/AFSC-PDFs/63A.html,https://paladindanse111.github.io/AFSC-PDFs/BASE_SCOTT_AFB.html,C-40,Active Duty
SCOTT AFB,"38°32'29""N","89°51'18""W",16S BH 51169 69750,63A1,63A1 (AQUISITION MANAGER),https://paladindanse111.github.io/AFSC-PDFs/63A.html,https://paladindanse111.github.io/AFSC-PDFs/BASE_SCOTT_AFB.html,C-5,Active Duty
SCOTT AFB,"38°32'29""N","89°51'18""W",16S BH 51169 69750,63A1,63A1 (AQUISITION MANAGER),https://paladindanse111.github.io/AFSC-PDFs/63A.html,https://paladindanse111.github.io/AFSC-PDFs/BASE_SCOTT_AFB.html,KC-10,Active Duty
SCOTT AFB,"38°32'29""N","89°51'18""W",16S BH 51169 69750,63A1,63A1 (AQUISITION MANAGER),https://paladindanse111.github.io/AFSC-PDFs/63A.html,https://paladindanse111.github.io/AFSC-PDFs/BASE_SCOTT_AFB.html,KC-135,Active Duty
SCOTT AFB,"38°32'29""N","89°51'18""W",16S BH 51169 69750,63A1,63A1 (AQUISITION MANAGER),https://paladindanse111.github.io/AFSC-PDFs/63A.html,https://paladindanse111.github.io/AFSC-PDFs/BASE_SCOTT_AFB.html,KC-46 (KC-X),Active Duty
SCOTT AFB,"38°32'29""N","89°51'18""W",16S BH 51169 69750,64P1,64P1 (CONTRACTING),https://paladindanse111.github.io/AFSC-PDFs/64P.html,https://paladindanse111.github.io/AFSC-PDFs/BASE_SCOTT_AFB.html,C-130J,Active Duty
SCOTT AFB,"38°32'29""N","89°51'18""W",16S BH 51169 69750,64P1,64P1 (CONTRACTING),https://paladindanse111.github.io/AFSC-PDFs/64P.html,https://paladindanse111.github.io/AFSC-PDFs/BASE_SCOTT_AFB.html,C-17,Active Duty
SCOTT AFB,"38°32'29""N","89°51'18""W",16S BH 51169 69750,64P1,64P1 (CONTRACTING),https://paladindanse111.github.io/AFSC-PDFs/64P.html,https://paladindanse111.github.io/AFSC-PDFs/BASE_SCOTT_AFB.html,C-20/C-37,Active Duty
SCOTT AFB,"38°32'29""N","89°51'18""W",16S BH 51169 69750,64P1,64P1 (CONTRACTING),https://paladindanse111.github.io/AFSC-PDFs/64P.html,https://paladindanse111.github.io/AFSC-PDFs/BASE_SCOTT_AFB.html,C-21,Active Duty
SCOTT AFB,"38°32'29""N","89°51'18""W",16S BH 51169 69750,64P1,64P1 (CONTRACTING),https://paladindanse111.github.io/AFSC-PDFs/64P.html,https://paladindanse111.github.io/AFSC-PDFs/BASE_SCOTT_AFB.html,C-32,Active Duty
SCOTT AFB,"38°32'29""N","89°51'18""W",16S BH 51169 69750,64P1,64P1 (CONTRACTING),https://paladindanse111.github.io/AFSC-PDFs/64P.html,https://paladindanse111.github.io/AFSC-PDFs/BASE_SCOTT_AFB.html,C-40,Active Duty
SCOTT AFB,"38°32'29""N","89°51'18""W",16S BH 51169 69750,64P1,64P1 (CONTRACTING),https://paladindanse111.github.io/AFSC-PDFs/64P.html,https://paladindanse111.github.io/AFSC-PDFs/BASE_SCOTT_AFB.html,C-5,Active Duty
SCOTT AFB,"38°32'29""N","89°51'18""W",16S BH 51169 69750,64P1,64P1 (CONTRACTING),https://paladindanse111.github.io/AFSC-PDFs/64P.html,https://paladindanse111.github.io/AFSC-PDFs/BASE_SCOTT_AFB.html,KC-10,Active Duty
SCOTT AFB,"38°32'29""N","89°51'18""W",16S BH 51169 69750,64P1,64P1 (CONTRACTING),https://paladindanse111.github.io/AFSC-PDFs/64P.html,https://paladindanse111.github.io/AFSC-PDFs/BASE_SCOTT_AFB.html,KC-135,Active Duty
SCOTT AFB,"38°32'29""N","89°51'18""W",16S BH 51169 69750,64P1,64P1 (CONTRACTING),https://paladindanse111.github.io/AFSC-PDFs/64P.html,https://paladindanse111.github.io/AFSC-PDFs/BASE_SCOTT_AFB.html,KC-46 (KC-X),Active Duty
SCOTT AFB,"38°32'29""N","89°51'18""W",16S BH 51169 69750,65F1,65F1 (FINANCIAL MANAGEMENT),https://paladindanse111.github.io/AFSC-PDFs/65F.html,https://paladindanse111.github.io/AFSC-PDFs/BASE_SCOTT_AFB.html,C-130J,Active Duty
SCOTT AFB,"38°32'29""N","89°51'18""W",16S BH 51169 69750,65F1,65F1 (FINANCIAL MANAGEMENT),https://paladindanse111.github.io/AFSC-PDFs/65F.html,https://paladindanse111.github.io/AFSC-PDFs/BASE_SCOTT_AFB.html,C-17,Active Duty
SCOTT AFB,"38°32'29""N","89°51'18""W",16S BH 51169 69750,65F1,65F1 (FINANCIAL MANAGEMENT),https://paladindanse111.github.io/AFSC-PDFs/65F.html,https://paladindanse111.github.io/AFSC-PDFs/BASE_SCOTT_AFB.html,C-20/C-37,Active Duty
SCOTT AFB,"38°32'29""N","89°51'18""W",16S BH 51169 69750,65F1,65F1 (FINANCIAL MANAGEMENT),https://paladindanse111.github.io/AFSC-PDFs/65F.html,https://paladindanse111.github.io/AFSC-PDFs/BASE_SCOTT_AFB.html,C-21,Active Duty
SCOTT AFB,"38°32'29""N","89°51'18""W",16S BH 51169 69750,65F1,65F1 (FINANCIAL MANAGEMENT),https://paladindanse111.github.io/AFSC-PDFs/65F.html,https://paladindanse111.github.io/AFSC-PDFs/BASE_SCOTT_AFB.html,C-32,Active Duty
SCOTT AFB,"38°32'29""N","89°51'18""W",16S BH 51169 69750,65F1,65F1 (FINANCIAL MANAGEMENT),https://paladindanse111.github.io/AFSC-PDFs/65F.html,https://paladindanse111.github.io/AFSC-PDFs/BASE_SCOTT_AFB.html,C-40,Active Duty
SCOTT AFB,"38°32'29""N","89°51'18""W",16S BH 51169 69750,65F1,65F1 (FINANCIAL MANAGEMENT),https://paladindanse111.github.io/AFSC-PDFs/65F.html,https://paladindanse111.github.io/AFSC-PDFs/BASE_SCOTT_AFB.html,C-5,Active Duty
SCOTT AFB,"38°32'29""N","89°51'18""W",16S BH 51169 69750,65F1,65F1 (FINANCIAL MANAGEMENT),https://paladindanse111.github.io/AFSC-PDFs/65F.html,https://paladindanse111.github.io/AFSC-PDFs/BASE_SCOTT_AFB.html,KC-10,Active Duty
SCOTT AFB,"38°32'29""N","89°51'18""W",16S BH 51169 69750,65F1,65F1 (FINANCIAL MANAGEMENT),https://paladindanse111.github.io/AFSC-PDFs/65F.html,https://paladindanse111.github.io/AFSC-PDFs/BASE_SCOTT_AFB.html,KC-135,Active Duty
SCOTT AFB,"38°32'29""N","89°51'18""W",16S BH 51169 69750,65F1,65F1 (FINANCIAL MANAGEMENT),https://paladindanse111.github.io/AFSC-PDFs/65F.html,https://paladindanse111.github.io/AFSC-PDFs/BASE_SCOTT_AFB.html,KC-46 (KC-X),Active Duty
SCOTT AFB,"38°32'29""N","89°51'18""W",16S BH 51169 69750,71S1,71S1 (SPECIAL INVESTIGATIONS),https://paladindanse111.github.io/AFSC-PDFs/71S.html,https://paladindanse111.github.io/AFSC-PDFs/BASE_SCOTT_AFB.html,C-130J,Active Duty
SCOTT AFB,"38°32'29""N","89°51'18""W",16S BH 51169 69750,71S1,71S1 (SPECIAL INVESTIGATIONS),https://paladindanse111.github.io/AFSC-PDFs/71S.html,https://paladindanse111.github.io/AFSC-PDFs/BASE_SCOTT_AFB.html,C-17,Active Duty
SCOTT AFB,"38°32'29""N","89°51'18""W",16S BH 51169 69750,71S1,71S1 (SPECIAL INVESTIGATIONS),https://paladindanse111.github.io/AFSC-PDFs/71S.html,https://paladindanse111.github.io/AFSC-PDFs/BASE_SCOTT_AFB.html,C-20/C-37,Active Duty
SCOTT AFB,"38°32'29""N","89°51'18""W",16S BH 51169 69750,71S1,71S1 (SPECIAL INVESTIGATIONS),https://paladindanse111.github.io/AFSC-PDFs/71S.html,https://paladindanse111.github.io/AFSC-PDFs/BASE_SCOTT_AFB.html,C-21,Active Duty
SCOTT AFB,"38°32'29""N","89°51'18""W",16S BH 51169 69750,71S1,71S1 (SPECIAL INVESTIGATIONS),https://paladindanse111.github.io/AFSC-PDFs/71S.html,https://paladindanse111.github.io/AFSC-PDFs/BASE_SCOTT_AFB.html,C-32,Active Duty
SCOTT AFB,"38°32'29""N","89°51'18""W",16S BH 51169 69750,71S1,71S1 (SPECIAL INVESTIGATIONS),https://paladindanse111.github.io/AFSC-PDFs/71S.html,https://paladindanse111.github.io/AFSC-PDFs/BASE_SCOTT_AFB.html,C-40,Active Duty
SCOTT AFB,"38°32'29""N","89°51'18""W",16S BH 51169 69750,71S1,71S1 (SPECIAL INVESTIGATIONS),https://paladindanse111.github.io/AFSC-PDFs/71S.html,https://paladindanse111.github.io/AFSC-PDFs/BASE_SCOTT_AFB.html,C-5,Active Duty
SCOTT AFB,"38°32'29""N","89°51'18""W",16S BH 51169 69750,71S1,71S1 (SPECIAL INVESTIGATIONS),https://paladindanse111.github.io/AFSC-PDFs/71S.html,https://paladindanse111.github.io/AFSC-PDFs/BASE_SCOTT_AFB.html,KC-10,Active Duty
SCOTT AFB,"38°32'29""N","89°51'18""W",16S BH 51169 69750,71S1,71S1 (SPECIAL INVESTIGATIONS),https://paladindanse111.github.io/AFSC-PDFs/71S.html,https://paladindanse111.github.io/AFSC-PDFs/BASE_SCOTT_AFB.html,KC-135,Active Duty
SCOTT AFB,"38°32'29""N","89°51'18""W",16S BH 51169 69750,71S1,71S1 (SPECIAL INVESTIGATIONS),https://paladindanse111.github.io/AFSC-PDFs/71S.html,https://paladindanse111.github.io/AFSC-PDFs/BASE_SCOTT_AFB.html,KC-46 (KC-X),Active Duty
SEYMOUR JOHNSON AFB,"35°20'24""N","77°57'41""W",18S TE 30850 14774,21A1,21A1 (AIRCRAFT MAINTENANCE),https://paladindanse111.github.io/AFSC-PDFs/21A.html,https://paladindanse111.github.io/AFSC-PDFs/BASE_SEYMOUR_JOHNSON_AFB.html,F-15E,Active Duty
SEYMOUR JOHNSON AFB,"35°20'24""N","77°57'41""W",18S TE 30850 14774,21A1,21A1 (AIRCRAFT MAINTENANCE),https://paladindanse111.github.io/AFSC-PDFs/21A.html,https://paladindanse111.github.io/AFSC-PDFs/BASE_SEYMOUR_JOHNSON_AFB.html,KC-46,Active Duty
SEYMOUR JOHNSON AFB,"35°20'24""N","77°57'41""W",18S TE 30850 14774,21A1,21A1 (AIRCRAFT MAINTENANCE),https://paladindanse111.github.io/AFSC-PDFs/21A.html,https://paladindanse111.github.io/AFSC-PDFs/BASE_SEYMOUR_JOHNSON_AFB.html,KC-46 (KC-X),Active Duty
SEYMOUR JOHNSON AFB,"35°20'24""N","77°57'41""W",18S TE 30850 14774,21M1,21M1 (MUNITIONS AND MISSILE MAINTENANCE),https://paladindanse111.github.io/AFSC-PDFs/21M.html,https://paladindanse111.github.io/AFSC-PDFs/BASE_SEYMOUR_JOHNSON_AFB.html,F-15E,Active Duty
SEYMOUR JOHNSON AFB,"35°20'24""N","77°57'41""W",18S TE 30850 14774,21M1,21M1 (MUNITIONS AND MISSILE MAINTENANCE),https://paladindanse111.github.io/AFSC-PDFs/21M.html,https://paladindanse111.github.io/AFSC-PDFs/BASE_SEYMOUR_JOHNSON_AFB.html,KC-46,Active Duty
SEYMOUR JOHNSON AFB,"35°20'24""N","77°57'41""W",18S TE 30850 14774,21M1,21M1 (MUNITIONS AND MISSILE MAINTENANCE),https://paladindanse111.github.io/AFSC-PDFs/21M.html,https://paladindanse111.github.io/AFSC-PDFs/BASE_SEYMOUR_JOHNSON_AFB.html,KC-46 (KC-X),Active Duty
SEYMOUR JOHNSON AFB,"35°20'24""N","77°57'41""W",18S TE 30850 14774,21R1,21R1 (LOGISTICS READINESS),https://paladindanse111.github.io/AFSC-PDFs/21R.html,https://paladindanse111.github.io/AFSC-PDFs/BASE_SEYMOUR_JOHNSON_AFB.html,F-15E,Active Duty
SEYMOUR JOHNSON AFB,"35°20'24""N","77°57'41""W",18S TE 30850 14774,21R1,21R1 (LOGISTICS READINESS),https://paladindanse111.github.io/AFSC-PDFs/21R.html,https://paladindanse111.github.io/AFSC-PDFs/BASE_SEYMOUR_JOHNSON_AFB.html,KC-46,Active Duty
SEYMOUR JOHNSON AFB,"35°20'24""N","77°57'41""W",18S TE 30850 14774,21R1,21R1 (LOGISTICS READINESS),https://paladindanse111.github.io/AFSC-PDFs/21R.html,https://paladindanse111.github.io/AFSC-PDFs/BASE_SEYMOUR_JOHNSON_AFB.html,KC-46 (KC-X),Active Duty
SEYMOUR JOHNSON AFB,"35°20'24""N","77°57'41""W",18S TE 30850 14774,32E1A,32E1A (CIVIL ENGINEER),https://paladindanse111.github.io/AFSC-PDFs/32E.html,https://paladindanse111.github.io/AFSC-PDFs/BASE_SEYMOUR_JOHNSON_AFB.html,F-15E,Active Duty
SEYMOUR JOHNSON AFB,"35°20'24""N","77°57'41""W",18S TE 30850 14774,32E1A,32E1A (CIVIL ENGINEER),https://paladindanse111.github.io/AFSC-PDFs/32E.html,https://paladindanse111.github.io/AFSC-PDFs/BASE_SEYMOUR_JOHNSON_AFB.html,KC-46,Active Duty
SEYMOUR JOHNSON AFB,"35°20'24""N","77°57'41""W",18S TE 30850 14774,32E1A,32E1A (CIVIL ENGINEER),https://paladindanse111.github.io/AFSC-PDFs/32E.html,https://paladindanse111.github.io/AFSC-PDFs/BASE_SEYMOUR_JOHNSON_AFB.html,KC-46 (KC-X),Active Duty
SEYMOUR JOHNSON AFB,"35°20'24""N","77°57'41""W",18S TE 30850 14774,32E1C,32E1C (CIVIL ENGINEER),https://paladindanse111.github.io/AFSC-PDFs/32E.html,https://paladindanse111.github.io/AFSC-PDFs/BASE_SEYMOUR_JOHNSON_AFB.html,F-15E,Active Duty
SEYMOUR JOHNSON AFB,"35°20'24""N","77°57'41""W",18S TE 30850 14774,32E1C,32E1C (CIVIL ENGINEER),https://paladindanse111.github.io/AFSC-PDFs/32E.html,https://paladindanse111.github.io/AFSC-PDFs/BASE_SEYMOUR_JOHNSON_AFB.html,KC-46,Active Duty
SEYMOUR JOHNSON AFB,"35°20'24""N","77°57'41""W",18S TE 30850 14774,32E1C,32E1C (CIVIL ENGINEER),https://paladindanse111.github.io/AFSC-PDFs/32E.html,https://paladindanse111.github.io/AFSC-PDFs/BASE_SEYMOUR_JOHNSON_AFB.html,KC-46 (KC-X),Active Duty
SEYMOUR JOHNSON AFB,"35°20'24""N","77°57'41""W",18S TE 30850 14774,32E1E,32E1E (CIVIL ENGINEER),https://paladindanse111.github.io/AFSC-PDFs/32E.html,https://paladindanse111.github.io/AFSC-PDFs/BASE_SEYMOUR_JOHNSON_AFB.html,F-15E,Active Duty
SEYMOUR JOHNSON AFB,"35°20'24""N","77°57'41""W",18S TE 30850 14774,32E1E,32E1E (CIVIL ENGINEER),https://paladindanse111.github.io/AFSC-PDFs/32E.html,https://paladindanse111.github.io/AFSC-PDFs/BASE_SEYMOUR_JOHNSON_AFB.html,KC-46,Active Duty
SEYMOUR JOHNSON AFB,"35°20'24""N","77°57'41""W",18S TE 30850 14774,32E1E,32E1E (CIVIL ENGINEER),https://paladindanse111.github.io/AFSC-PDFs/32E.html,https://paladindanse111.github.io/AFSC-PDFs/BASE_SEYMOUR_JOHNSON_AFB.html,KC-46 (KC-X),Active Duty
SEYMOUR JOHNSON AFB,"35°20'24""N","77°57'41""W",18S TE 30850 14774,32E1F,32E1F (CIVIL ENGINEER),https://paladindanse111.github.io/AFSC-PDFs/32E.html,https://paladindanse111.github.io/AFSC-PDFs/BASE_SEYMOUR_JOHNSON_AFB.html,F-15E,Active Duty
SEYMOUR JOHNSON AFB,"35°20'24""N","77°57'41""W",18S TE 30850 14774,32E1F,32E1F (CIVIL ENGINEER),https://paladindanse111.github.io/AFSC-PDFs/32E.html,https://paladindanse111.github.io/AFSC-PDFs/BASE_SEYMOUR_JOHNSON_AFB.html,KC-46,Active Duty
SEYMOUR JOHNSON AFB,"35°20'24""N","77°57'41""W",18S TE 30850 14774,32E1F,32E1F (CIVIL ENGINEER),https://paladindanse111.github.io/AFSC-PDFs/32E.html,https://paladindanse111.github.io/AFSC-PDFs/BASE_SEYMOUR_JOHNSON_AFB.html,KC-46 (KC-X),Active Duty
SEYMOUR JOHNSON AFB,"35°20'24""N","77°57'41""W",18S TE 30850 14774,32E1G,32E1G (CIVIL ENGINEER),https://paladindanse111.github.io/AFSC-PDFs/32E.html,https://paladindanse111.github.io/AFSC-PDFs/BASE_SEYMOUR_JOHNSON_AFB.html,F-15E,Active Duty
SEYMOUR JOHNSON AFB,"35°20'24""N","77°57'41""W",18S TE 30850 14774,32E1G,32E1G (CIVIL ENGINEER),https://paladindanse111.github.io/AFSC-PDFs/32E.html,https://paladindanse111.github.io/AFSC-PDFs/BASE_SEYMOUR_JOHNSON_AFB.html,KC-46,Active Duty
SEYMOUR JOHNSON AFB,"35°20'24""N","77°57'41""W",18S TE 30850 14774,32E1G,32E1G (CIVIL ENGINEER),https://paladindanse111.github.io/AFSC-PDFs/32E.html,https://paladindanse111.github.io/AFSC-PDFs/BASE_SEYMOUR_JOHNSON_AFB.html,KC-46 (KC-X),Active Duty
SEYMOUR JOHNSON AFB,"35°20'24""N","77°57'41""W",18S TE 30850 14774,32E1J,32E1J (CIVIL ENGINEER),https://paladindanse111.github.io/AFSC-PDFs/32E.html,https://paladindanse111.github.io/AFSC-PDFs/BASE_SEYMOUR_JOHNSON_AFB.html,F-15E,Active Duty
SEYMOUR JOHNSON AFB,"35°20'24""N","77°57'41""W",18S TE 30850 14774,32E1J,32E1J (CIVIL ENGINEER),https://paladindanse111.github.io/AFSC-PDFs/32E.html,https://paladindanse111.github.io/AFSC-PDFs/BASE_SEYMOUR_JOHNSON_AFB.html,KC-46,Active Duty
SEYMOUR JOHNSON AFB,"35°20'24""N","77°57'41""W",18S TE 30850 14774,32E1J,32E1J (CIVIL ENGINEER),https://paladindanse111.github.io/AFSC-PDFs/32E.html,https://paladindanse111.github.io/AFSC-PDFs/BASE_SEYMOUR_JOHNSON_AFB.html,KC-46 (KC-X),Active Duty
SEYMOUR JOHNSON AFB,"35°20'24""N","77°57'41""W",18S TE 30850 14774,35P1,35P1 (PUBLIC AFFAIRS),https://paladindanse111.github.io/AFSC-PDFs/35P.html,https://paladindanse111.github.io/AFSC-PDFs/BASE_SEYMOUR_JOHNSON_AFB.html,F-15E,Active Duty
SEYMOUR JOHNSON AFB,"35°20'24""N","77°57'41""W",18S TE 30850 14774,35P1,35P1 (PUBLIC AFFAIRS),https://paladindanse111.github.io/AFSC-PDFs/35P.html,https://paladindanse111.github.io/AFSC-PDFs/BASE_SEYMOUR_JOHNSON_AFB.html,KC-46,Active Duty
SEYMOUR JOHNSON AFB,"35°20'24""N","77°57'41""W",18S TE 30850 14774,35P1,35P1 (PUBLIC AFFAIRS),https://paladindanse111.github.io/AFSC-PDFs/35P.html,https://paladindanse111.github.io/AFSC-PDFs/BASE_SEYMOUR_JOHNSON_AFB.html,KC-46 (KC-X),Active Duty
SEYMOUR JOHNSON AFB,"35°20'24""N","77°57'41""W",18S TE 30850 14774,38F1,38F1 (FORCE SUPPORT),https://paladindanse111.github.io/AFSC-PDFs/38F.html,https://paladindanse111.github.io/AFSC-PDFs/BASE_SEYMOUR_JOHNSON_AFB.html,F-15E,Active Duty
SEYMOUR JOHNSON AFB,"35°20'24""N","77°57'41""W",18S TE 30850 14774,38F1,38F1 (FORCE SUPPORT),https://paladindanse111.github.io/AFSC-PDFs/38F.html,https://paladindanse111.github.io/AFSC-PDFs/BASE_SEYMOUR_JOHNSON_AFB.html,KC-46,Active Duty
SEYMOUR JOHNSON AFB,"35°20'24""N","77°57'41""W",18S TE 30850 14774,38F1,38F1 (FORCE SUPPORT),https://paladindanse111.github.io/AFSC-PDFs/38F.html,https://paladindanse111.github.io/AFSC-PDFs/BASE_SEYMOUR_JOHNSON_AFB.html,KC-46 (KC-X),Active Duty
SEYMOUR JOHNSON AFB,"35°20'24""N","77°57'41""W",18S TE 30850 14774,64P1,64P1 (CONTRACTING),https://paladindanse111.github.io/AFSC-PDFs/64P.html,https://paladindanse111.github.io/AFSC-PDFs/BASE_SEYMOUR_JOHNSON_AFB.html,F-15E,Active Duty
SEYMOUR JOHNSON AFB,"35°20'24""N","77°57'41""W",18S TE 30850 14774,64P1,64P1 (CONTRACTING),https://paladindanse111.github.io/AFSC-PDFs/64P.html,https://paladindanse111.github.io/AFSC-PDFs/BASE_SEYMOUR_JOHNSON_AFB.html,KC-46,Active Duty
SEYMOUR JOHNSON AFB,"35°20'24""N","77°57'41""W",18S TE 30850 14774,64P1,64P1 (CONTRACTING),https://paladindanse111.github.io/AFSC-PDFs/64P.html,https://paladindanse111.github.io/AFSC-PDFs/BASE_SEYMOUR_JOHNSON_AFB.html,KC-46 (KC-X),Active Duty
SEYMOUR JOHNSON AFB,"35°20'24""N","77°57'41""W",18S TE 30850 14774,65F1,65F1 (FINANCIAL MANAGEMENT),https://paladindanse111.github.io/AFSC-PDFs/65F.html,https://paladindanse111.github.io/AFSC-PDFs/BASE_SEYMOUR_JOHNSON_AFB.html,F-15E,Active Duty
SEYMOUR JOHNSON AFB,"35°20'24""N","77°57'41""W",18S TE 30850 14774,65F1,65F1 (FINANCIAL MANAGEMENT),https://paladindanse111.github.io/AFSC-PDFs/65F.html,https://paladindanse111.github.io/AFSC-PDFs/BASE_SEYMOUR_JOHNSON_AFB.html,KC-46,Active Duty
SEYMOUR JOHNSON AFB,"35°20'24""N","77°57'41""W",18S TE 30850 14774,65F1,65F1 (FINANCIAL MANAGEMENT),https://paladindanse111.github.io/AFSC-PDFs/65F.html,https://paladindanse111.github.io/AFSC-PDFs/BASE_SEYMOUR_JOHNSON_AFB.html,KC-46 (KC-X),Active Duty
SHAW AFB,"33°58'02""N","80°29'05""W",17S NT 47603 58641,15W1,15W1 (WEATHER AND ENVIRONMENTAL SCIENCES),https://paladindanse111.github.io/AFSC-PDFs/15W.html,https://paladindanse111.github.io/AFSC-PDFs/BASE_SHAW_AFB.html,B-2,Active Duty
SHAW AFB,"33°58'02""N","80°29'05""W",17S NT 47603 58641,15W1,15W1 (WEATHER AND ENVIRONMENTAL SCIENCES),https://paladindanse111.github.io/AFSC-PDFs/15W.html,https://paladindanse111.github.io/AFSC-PDFs/BASE_SHAW_AFB.html,C-17,Active Duty
SHAW AFB,"33°58'02""N","80°29'05""W",17S NT 47603 58641,15W1,15W1 (WEATHER AND ENVIRONMENTAL SCIENCES),https://paladindanse111.github.io/AFSC-PDFs/15W.html,https://paladindanse111.github.io/AFSC-PDFs/BASE_SHAW_AFB.html,E-8,Active Duty
SHAW AFB,"33°58'02""N","80°29'05""W",17S NT 47603 58641,15W1,15W1 (WEATHER AND ENVIRONMENTAL SCIENCES),https://paladindanse111.github.io/AFSC-PDFs/15W.html,https://paladindanse111.github.io/AFSC-PDFs/BASE_SHAW_AFB.html,F-15,Active Duty
SHAW AFB,"33°58'02""N","80°29'05""W",17S NT 47603 58641,15W1,15W1 (WEATHER AND ENVIRONMENTAL SCIENCES),https://paladindanse111.github.io/AFSC-PDFs/15W.html,https://paladindanse111.github.io/AFSC-PDFs/BASE_SHAW_AFB.html,F-15E,Active Duty
SHAW AFB,"33°58'02""N","80°29'05""W",17S NT 47603 58641,15W1,15W1 (WEATHER AND ENVIRONMENTAL SCIENCES),https://paladindanse111.github.io/AFSC-PDFs/15W.html,https://paladindanse111.github.io/AFSC-PDFs/BASE_SHAW_AFB.html,F-16,Active Duty
SHAW AFB,"33°58'02""N","80°29'05""W",17S NT 47603 58641,15W1,15W1 (WEATHER AND ENVIRONMENTAL SCIENCES),https://paladindanse111.github.io/AFSC-PDFs/15W.html,https://paladindanse111.github.io/AFSC-PDFs/BASE_SHAW_AFB.html,F-22,Active Duty
SHAW AFB,"33°58'02""N","80°29'05""W",17S NT 47603 58641,15W1,15W1 (WEATHER AND ENVIRONMENTAL SCIENCES),https://paladindanse111.github.io/AFSC-PDFs/15W.html,https://paladindanse111.github.io/AFSC-PDFs/BASE_SHAW_AFB.html,F-35,Active Duty
SHAW AFB,"33°58'02""N","80°29'05""W",17S NT 47603 58641,15W1,15W1 (WEATHER AND ENVIRONMENTAL SCIENCES),https://paladindanse111.github.io/AFSC-PDFs/15W.html,https://paladindanse111.github.io/AFSC-PDFs/BASE_SHAW_AFB.html,HC-130 P/N,Active Duty
SHAW AFB,"33°58'02""N","80°29'05""W",17S NT 47603 58641,15W1,15W1 (WEATHER AND ENVIRONMENTAL SCIENCES),https://paladindanse111.github.io/AFSC-PDFs/15W.html,https://paladindanse111.github.io/AFSC-PDFs/BASE_SHAW_AFB.html,TR-1/U-2,Active Duty
SHAW AFB,"33°58'02""N","80°29'05""W",17S NT 47603 58641,21A1,21A1 (AIRCRAFT MAINTENANCE),https://paladindanse111.github.io/AFSC-PDFs/21A.html,https://paladindanse111.github.io/AFSC-PDFs/BASE_SHAW_AFB.html,B-2,Active Duty
SHAW AFB,"33°58'02""N","80°29'05""W",17S NT 47603 58641,21A1,21A1 (AIRCRAFT MAINTENANCE),https://paladindanse111.github.io/AFSC-PDFs/21A.html,https://paladindanse111.github.io/AFSC-PDFs/BASE_SHAW_AFB.html,C-17,Active Duty
SHAW AFB,"33°58'02""N","80°29'05""W",17S NT 47603 58641,21A1,21A1 (AIRCRAFT MAINTENANCE),https://paladindanse111.github.io/AFSC-PDFs/21A.html,https://paladindanse111.github.io/AFSC-PDFs/BASE_SHAW_AFB.html,E-8,Active Duty
SHAW AFB,"33°58'02""N","80°29'05""W",17S NT 47603 58641,21A1,21A1 (AIRCRAFT MAINTENANCE),https://paladindanse111.github.io/AFSC-PDFs/21A.html,https://paladindanse111.github.io/AFSC-PDFs/BASE_SHAW_AFB.html,F-15,Active Duty
SHAW AFB,"33°58'02""N","80°29'05""W",17S NT 47603 58641,21A1,21A1 (AIRCRAFT MAINTENANCE),https://paladindanse111.github.io/AFSC-PDFs/21A.html,https://paladindanse111.github.io/AFSC-PDFs/BASE_SHAW_AFB.html,F-15E,Active Duty
SHAW AFB,"33°58'02""N","80°29'05""W",17S NT 47603 58641,21A1,21A1 (AIRCRAFT MAINTENANCE),https://paladindanse111.github.io/AFSC-PDFs/21A.html,https://paladindanse111.github.io/AFSC-PDFs/BASE_SHAW_AFB.html,F-16,Active Duty
SHAW AFB,"33°58'02""N","80°29'05""W",17S NT 47603 58641,21A1,21A1 (AIRCRAFT MAINTENANCE),https://paladindanse111.github.io/AFSC-PDFs/21A.html,https://paladindanse111.github.io/AFSC-PDFs/BASE_SHAW_AFB.html,F-22,Active Duty
SHAW AFB,"33°58'02""N","80°29'05""W",17S NT 47603 58641,21A1,21A1 (AIRCRAFT MAINTENANCE),https://paladindanse111.github.io/AFSC-PDFs/21A.html,https://paladindanse111.github.io/AFSC-PDFs/BASE_SHAW_AFB.html,F-35,Active Duty
SHAW AFB,"33°58'02""N","80°29'05""W",17S NT 47603 58641,21A1,21A1 (AIRCRAFT MAINTENANCE),https://paladindanse111.github.io/AFSC-PDFs/21A.html,https://paladindanse111.github.io/AFSC-PDFs/BASE_SHAW_AFB.html,HC-130 P/N,Active Duty
SHAW AFB,"33°58'02""N","80°29'05""W",17S NT 47603 58641,21A1,21A1 (AIRCRAFT MAINTENANCE),https://paladindanse111.github.io/AFSC-PDFs/21A.html,https://paladindanse111.github.io/AFSC-PDFs/BASE_SHAW_AFB.html,TR-1/U-2,Active Duty
SHAW AFB,"33°58'02""N","80°29'05""W",17S NT 47603 58641,21M1,21M1 (MUNITIONS AND MISSILE MAINTENANCE),https://paladindanse111.github.io/AFSC-PDFs/21M.html,https://paladindanse111.github.io/AFSC-PDFs/BASE_SHAW_AFB.html,B-2,Active Duty
SHAW AFB,"33°58'02""N","80°29'05""W",17S NT 47603 58641,21M1,21M1 (MUNITIONS AND MISSILE MAINTENANCE),https://paladindanse111.github.io/AFSC-PDFs/21M.html,https://paladindanse111.github.io/AFSC-PDFs/BASE_SHAW_AFB.html,C-17,Active Duty
SHAW AFB,"33°58'02""N","80°29'05""W",17S NT 47603 58641,21M1,21M1 (MUNITIONS AND MISSILE MAINTENANCE),https://paladindanse111.github.io/AFSC-PDFs/21M.html,https://paladindanse111.github.io/AFSC-PDFs/BASE_SHAW_AFB.html,E-8,Active Duty
SHAW AFB,"33°58'02""N","80°29'05""W",17S NT 47603 58641,21M1,21M1 (MUNITIONS AND MISSILE MAINTENANCE),https://paladindanse111.github.io/AFSC-PDFs/21M.html,https://paladindanse111.github.io/AFSC-PDFs/BASE_SHAW_AFB.html,F-15,Active Duty
SHAW AFB,"33°58'02""N","80°29'05""W",17S NT 47603 58641,21M1,21M1 (MUNITIONS AND MISSILE MAINTENANCE),https://paladindanse111.github.io/AFSC-PDFs/21M.html,https://paladindanse111.github.io/AFSC-PDFs/BASE_SHAW_AFB.html,F-15E,Active Duty
SHAW AFB,"33°58'02""N","80°29'05""W",17S NT 47603 58641,21M1,21M1 (MUNITIONS AND MISSILE MAINTENANCE),https://paladindanse111.github.io/AFSC-PDFs/21M.html,https://paladindanse111.github.io/AFSC-PDFs/BASE_SHAW_AFB.html,F-16,Active Duty
SHAW AFB,"33°58'02""N","80°29'05""W",17S NT 47603 58641,21M1,21M1 (MUNITIONS AND MISSILE MAINTENANCE),https://paladindanse111.github.io/AFSC-PDFs/21M.html,https://paladindanse111.github.io/AFSC-PDFs/BASE_SHAW_AFB.html,F-22,Active Duty
SHAW AFB,"33°58'02""N","80°29'05""W",17S NT 47603 58641,21M1,21M1 (MUNITIONS AND MISSILE MAINTENANCE),https://paladindanse111.github.io/AFSC-PDFs/21M.html,https://paladindanse111.github.io/AFSC-PDFs/BASE_SHAW_AFB.html,F-35,Active Duty
SHAW AFB,"33°58'02""N","80°29'05""W",17S NT 47603 58641,21M1,21M1 (MUNITIONS AND MISSILE MAINTENANCE),https://paladindanse111.github.io/AFSC-PDFs/21M.html,https://paladindanse111.github.io/AFSC-PDFs/BASE_SHAW_AFB.html,HC-130 P/N,Active Duty
SHAW AFB,"33°58'02""N","80°29'05""W",17S NT 47603 58641,21M1,21M1 (MUNITIONS AND MISSILE MAINTENANCE),https://paladindanse111.github.io/AFSC-PDFs/21M.html,https://paladindanse111.github.io/AFSC-PDFs/BASE_SHAW_AFB.html,TR-1/U-2,Active Duty
SHAW AFB,"33°58'02""N","80°29'05""W",17S NT 47603 58641,21R1,21R1 (LOGISTICS READINESS),https://paladindanse111.github.io/AFSC-PDFs/21R.html,https://paladindanse111.github.io/AFSC-PDFs/BASE_SHAW_AFB.html,B-2,Active Duty
SHAW AFB,"33°58'02""N","80°29'05""W",17S NT 47603 58641,21R1,21R1 (LOGISTICS READINESS),https://paladindanse111.github.io/AFSC-PDFs/21R.html,https://paladindanse111.github.io/AFSC-PDFs/BASE_SHAW_AFB.html,C-17,Active Duty
SHAW AFB,"33°58'02""N","80°29'05""W",17S NT 47603 58641,21R1,21R1 (LOGISTICS READINESS),https://paladindanse111.github.io/AFSC-PDFs/21R.html,https://paladindanse111.github.io/AFSC-PDFs/BASE_SHAW_AFB.html,E-8,Active Duty
SHAW AFB,"33°58'02""N","80°29'05""W",17S NT 47603 58641,21R1,21R1 (LOGISTICS READINESS),https://paladindanse111.github.io/AFSC-PDFs/21R.html,https://paladindanse111.github.io/AFSC-PDFs/BASE_SHAW_AFB.html,F-15,Active Duty
SHAW AFB,"33°58'02""N","80°29'05""W",17S NT 47603 58641,21R1,21R1 (LOGISTICS READINESS),https://paladindanse111.github.io/AFSC-PDFs/21R.html,https://paladindanse111.github.io/AFSC-PDFs/BASE_SHAW_AFB.html,F-15E,Active Duty
SHAW AFB,"33°58'02""N","80°29'05""W",17S NT 47603 58641,21R1,21R1 (LOGISTICS READINESS),https://paladindanse111.github.io/AFSC-PDFs/21R.html,https://paladindanse111.github.io/AFSC-PDFs/BASE_SHAW_AFB.html,F-16,Active Duty
SHAW AFB,"33°58'02""N","80°29'05""W",17S NT 47603 58641,21R1,21R1 (LOGISTICS READINESS),https://paladindanse111.github.io/AFSC-PDFs/21R.html,https://paladindanse111.github.io/AFSC-PDFs/BASE_SHAW_AFB.html,F-22,Active Duty
SHAW AFB,"33°58'02""N","80°29'05""W",17S NT 47603 58641,21R1,21R1 (LOGISTICS READINESS),https://paladindanse111.github.io/AFSC-PDFs/21R.html,https://paladindanse111.github.io/AFSC-PDFs/BASE_SHAW_AFB.html,F-35,Active Duty
SHAW AFB,"33°58'02""N","80°29'05""W",17S NT 47603 58641,21R1,21R1 (LOGISTICS READINESS),https://paladindanse111.github.io/AFSC-PDFs/21R.html,https://paladindanse111.github.io/AFSC-PDFs/BASE_SHAW_AFB.html,HC-130 P/N,Active Duty
SHAW AFB,"33°58'02""N","80°29'05""W",17S NT 47603 58641,21R1,21R1 (LOGISTICS READINESS),https://paladindanse111.github.io/AFSC-PDFs/21R.html,https://paladindanse111.github.io/AFSC-PDFs/BASE_SHAW_AFB.html,TR-1/U-2,Active Duty
SHAW AFB,"33°58'02""N","80°29'05""W",17S NT 47603 58641,32E1A,32E1A (CIVIL ENGINEER),https://paladindanse111.github.io/AFSC-PDFs/32E.html,https://paladindanse111.github.io/AFSC-PDFs/BASE_SHAW_AFB.html,B-2,Active Duty
SHAW AFB,"33°58'02""N","80°29'05""W",17S NT 47603 58641,32E1A,32E1A (CIVIL ENGINEER),https://paladindanse111.github.io/AFSC-PDFs/32E.html,https://paladindanse111.github.io/AFSC-PDFs/BASE_SHAW_AFB.html,C-17,Active Duty
SHAW AFB,"33°58'02""N","80°29'05""W",17S NT 47603 58641,32E1A,32E1A (CIVIL ENGINEER),https://paladindanse111.github.io/AFSC-PDFs/32E.html,https://paladindanse111.github.io/AFSC-PDFs/BASE_SHAW_AFB.html,E-8,Active Duty
SHAW AFB,"33°58'02""N","80°29'05""W",17S NT 47603 58641,32E1A,32E1A (CIVIL ENGINEER),https://paladindanse111.github.io/AFSC-PDFs/32E.html,https://paladindanse111.github.io/AFSC-PDFs/BASE_SHAW_AFB.html,F-15,Active Duty
SHAW AFB,"33°58'02""N","80°29'05""W",17S NT 47603 58641,32E1A,32E1A (CIVIL ENGINEER),https://paladindanse111.github.io/AFSC-PDFs/32E.html,https://paladindanse111.github.io/AFSC-PDFs/BASE_SHAW_AFB.html,F-15E,Active Duty
SHAW AFB,"33°58'02""N","80°29'05""W",17S NT 47603 58641,32E1A,32E1A (CIVIL ENGINEER),https://paladindanse111.github.io/AFSC-PDFs/32E.html,https://paladindanse111.github.io/AFSC-PDFs/BASE_SHAW_AFB.html,F-16,Active Duty
SHAW AFB,"33°58'02""N","80°29'05""W",17S NT 47603 58641,32E1A,32E1A (CIVIL ENGINEER),https://paladindanse111.github.io/AFSC-PDFs/32E.html,https://paladindanse111.github.io/AFSC-PDFs/BASE_SHAW_AFB.html,F-22,Active Duty
SHAW AFB,"33°58'02""N","80°29'05""W",17S NT 47603 58641,32E1A,32E1A (CIVIL ENGINEER),https://paladindanse111.github.io/AFSC-PDFs/32E.html,https://paladindanse111.github.io/AFSC-PDFs/BASE_SHAW_AFB.html,F-35,Active Duty
SHAW AFB,"33°58'02""N","80°29'05""W",17S NT 47603 58641,32E1A,32E1A (CIVIL ENGINEER),https://paladindanse111.github.io/AFSC-PDFs/32E.html,https://paladindanse111.github.io/AFSC-PDFs/BASE_SHAW_AFB.html,HC-130 P/N,Active Duty
SHAW AFB,"33°58'02""N","80°29'05""W",17S NT 47603 58641,32E1A,32E1A (CIVIL ENGINEER),https://paladindanse111.github.io/AFSC-PDFs/32E.html,https://paladindanse111.github.io/AFSC-PDFs/BASE_SHAW_AFB.html,TR-1/U-2,Active Duty
SHAW AFB,"33°58'02""N","80°29'05""W",17S NT 47603 58641,32E1C,32E1C (CIVIL ENGINEER),https://paladindanse111.github.io/AFSC-PDFs/32E.html,https://paladindanse111.github.io/AFSC-PDFs/BASE_SHAW_AFB.html,B-2,Active Duty
SHAW AFB,"33°58'02""N","80°29'05""W",17S NT 47603 58641,32E1C,32E1C (CIVIL ENGINEER),https://paladindanse111.github.io/AFSC-PDFs/32E.html,https://paladindanse111.github.io/AFSC-PDFs/BASE_SHAW_AFB.html,C-17,Active Duty
SHAW AFB,"33°58'02""N","80°29'05""W",17S NT 47603 58641,32E1C,32E1C (CIVIL ENGINEER),https://paladindanse111.github.io/AFSC-PDFs/32E.html,https://paladindanse111.github.io/AFSC-PDFs/BASE_SHAW_AFB.html,E-8,Active Duty
SHAW AFB,"33°58'02""N","80°29'05""W",17S NT 47603 58641,32E1C,32E1C (CIVIL ENGINEER),https://paladindanse111.github.io/AFSC-PDFs/32E.html,https://paladindanse111.github.io/AFSC-PDFs/BASE_SHAW_AFB.html,F-15,Active Duty
SHAW AFB,"33°58'02""N","80°29'05""W",17S NT 47603 58641,32E1C,32E1C (CIVIL ENGINEER),https://paladindanse111.github.io/AFSC-PDFs/32E.html,https://paladindanse111.github.io/AFSC-PDFs/BASE_SHAW_AFB.html,F-15E,Active Duty
SHAW AFB,"33°58'02""N","80°29'05""W",17S NT 47603 58641,32E1C,32E1C (CIVIL ENGINEER),https://paladindanse111.github.io/AFSC-PDFs/32E.html,https://paladindanse111.github.io/AFSC-PDFs/BASE_SHAW_AFB.html,F-16,Active Duty
SHAW AFB,"33°58'02""N","80°29'05""W",17S NT 47603 58641,32E1C,32E1C (CIVIL ENGINEER),https://paladindanse111.github.io/AFSC-PDFs/32E.html,https://paladindanse111.github.io/AFSC-PDFs/BASE_SHAW_AFB.html,F-22,Active Duty
SHAW AFB,"33°58'02""N","80°29'05""W",17S NT 47603 58641,32E1C,32E1C (CIVIL ENGINEER),https://paladindanse111.github.io/AFSC-PDFs/32E.html,https://paladindanse111.github.io/AFSC-PDFs/BASE_SHAW_AFB.html,F-35,Active Duty
SHAW AFB,"33°58'02""N","80°29'05""W",17S NT 47603 58641,32E1C,32E1C (CIVIL ENGINEER),https://paladindanse111.github.io/AFSC-PDFs/32E.html,https://paladindanse111.github.io/AFSC-PDFs/BASE_SHAW_AFB.html,HC-130 P/N,Active Duty
SHAW AFB,"33°58'02""N","80°29'05""W",17S NT 47603 58641,32E1C,32E1C (CIVIL ENGINEER),https://paladindanse111.github.io/AFSC-PDFs/32E.html,https://paladindanse111.github.io/AFSC-PDFs/BASE_SHAW_AFB.html,TR-1/U-2,Active Duty
SHAW AFB,"33°58'02""N","80°29'05""W",17S NT 47603 58641,32E1E,32E1E (CIVIL ENGINEER),https://paladindanse111.github.io/AFSC-PDFs/32E.html,https://paladindanse111.github.io/AFSC-PDFs/BASE_SHAW_AFB.html,B-2,Active Duty
SHAW AFB,"33°58'02""N","80°29'05""W",17S NT 47603 58641,32E1E,32E1E (CIVIL ENGINEER),https://paladindanse111.github.io/AFSC-PDFs/32E.html,https://paladindanse111.github.io/AFSC-PDFs/BASE_SHAW_AFB.html,C-17,Active Duty
SHAW AFB,"33°58'02""N","80°29'05""W",17S NT 47603 58641,32E1E,32E1E (CIVIL ENGINEER),https://paladindanse111.github.io/AFSC-PDFs/32E.html,https://paladindanse111.github.io/AFSC-PDFs/BASE_SHAW_AFB.html,E-8,Active Duty
SHAW AFB,"33°58'02""N","80°29'05""W",17S NT 47603 58641,32E1E,32E1E (CIVIL ENGINEER),https://paladindanse111.github.io/AFSC-PDFs/32E.html,https://paladindanse111.github.io/AFSC-PDFs/BASE_SHAW_AFB.html,F-15,Active Duty
SHAW AFB,"33°58'02""N","80°29'05""W",17S NT 47603 58641,32E1E,32E1E (CIVIL ENGINEER),https://paladindanse111.github.io/AFSC-PDFs/32E.html,https://paladindanse111.github.io/AFSC-PDFs/BASE_SHAW_AFB.html,F-15E,Active Duty
SHAW AFB,"33°58'02""N","80°29'05""W",17S NT 47603 58641,32E1E,32E1E (CIVIL ENGINEER),https://paladindanse111.github.io/AFSC-PDFs/32E.html,https://paladindanse111.github.io/AFSC-PDFs/BASE_SHAW_AFB.html,F-16,Active Duty
SHAW AFB,"33°58'02""N","80°29'05""W",17S NT 47603 58641,32E1E,32E1E (CIVIL ENGINEER),https://paladindanse111.github.io/AFSC-PDFs/32E.html,https://paladindanse111.github.io/AFSC-PDFs/BASE_SHAW_AFB.html,F-22,Active Duty
SHAW AFB,"33°58'02""N","80°29'05""W",17S NT 47603 58641,32E1E,32E1E (CIVIL ENGINEER),https://paladindanse111.github.io/AFSC-PDFs/32E.html,https://paladindanse111.github.io/AFSC-PDFs/BASE_SHAW_AFB.html,F-35,Active Duty
SHAW AFB,"33°58'02""N","80°29'05""W",17S NT 47603 58641,32E1E,32E1E (CIVIL ENGINEER),https://paladindanse111.github.io/AFSC-PDFs/32E.html,https://paladindanse111.github.io/AFSC-PDFs/BASE_SHAW_AFB.html,HC-130 P/N,Active Duty
SHAW AFB,"33°58'02""N","80°29'05""W",17S NT 47603 58641,32E1E,32E1E (CIVIL ENGINEER),https://paladindanse111.github.io/AFSC-PDFs/32E.html,https://paladindanse111.github.io/AFSC-PDFs/BASE_SHAW_AFB.html,TR-1/U-2,Active Duty
SHAW AFB,"33°58'02""N","80°29'05""W",17S NT 47603 58641,32E1F,32E1F (CIVIL ENGINEER),https://paladindanse111.github.io/AFSC-PDFs/32E.html,https://paladindanse111.github.io/AFSC-PDFs/BASE_SHAW_AFB.html,B-2,Active Duty
SHAW AFB,"33°58'02""N","80°29'05""W",17S NT 47603 58641,32E1F,32E1F (CIVIL ENGINEER),https://paladindanse111.github.io/AFSC-PDFs/32E.html,https://paladindanse111.github.io/AFSC-PDFs/BASE_SHAW_AFB.html,C-17,Active Duty
SHAW AFB,"33°58'02""N","80°29'05""W",17S NT 47603 58641,32E1F,32E1F (CIVIL ENGINEER),https://paladindanse111.github.io/AFSC-PDFs/32E.html,https://paladindanse111.github.io/AFSC-PDFs/BASE_SHAW_AFB.html,E-8,Active Duty
SHAW AFB,"33°58'02""N","80°29'05""W",17S NT 47603 58641,32E1F,32E1F (CIVIL ENGINEER),https://paladindanse111.github.io/AFSC-PDFs/32E.html,https://paladindanse111.github.io/AFSC-PDFs/BASE_SHAW_AFB.html,F-15,Active Duty
SHAW AFB,"33°58'02""N","80°29'05""W",17S NT 47603 58641,32E1F,32E1F (CIVIL ENGINEER),https://paladindanse111.github.io/AFSC-PDFs/32E.html,https://paladindanse111.github.io/AFSC-PDFs/BASE_SHAW_AFB.html,F-15E,Active Duty
SHAW AFB,"33°58'02""N","80°29'05""W",17S NT 47603 58641,32E1F,32E1F (CIVIL ENGINEER),https://paladindanse111.github.io/AFSC-PDFs/32E.html,https://paladindanse111.github.io/AFSC-PDFs/BASE_SHAW_AFB.html,F-16,Active Duty
SHAW AFB,"33°58'02""N","80°29'05""W",17S NT 47603 58641,32E1F,32E1F (CIVIL ENGINEER),https://paladindanse111.github.io/AFSC-PDFs/32E.html,https://paladindanse111.github.io/AFSC-PDFs/BASE_SHAW_AFB.html,F-22,Active Duty
SHAW AFB,"33°58'02""N","80°29'05""W",17S NT 47603 58641,32E1F,32E1F (CIVIL ENGINEER),https://paladindanse111.github.io/AFSC-PDFs/32E.html,https://paladindanse111.github.io/AFSC-PDFs/BASE_SHAW_AFB.html,F-35,Active Duty
SHAW AFB,"33°58'02""N","80°29'05""W",17S NT 47603 58641,32E1F,32E1F (CIVIL ENGINEER),https://paladindanse111.github.io/AFSC-PDFs/32E.html,https://paladindanse111.github.io/AFSC-PDFs/BASE_SHAW_AFB.html,HC-130 P/N,Active Duty
SHAW AFB,"33°58'02""N","80°29'05""W",17S NT 47603 58641,32E1F,32E1F (CIVIL ENGINEER),https://paladindanse111.github.io/AFSC-PDFs/32E.html,https://paladindanse111.github.io/AFSC-PDFs/BASE_SHAW_AFB.html,TR-1/U-2,Active Duty
SHAW AFB,"33°58'02""N","80°29'05""W",17S NT 47603 58641,32E1G,32E1G (CIVIL ENGINEER),https://paladindanse111.github.io/AFSC-PDFs/32E.html,https://paladindanse111.github.io/AFSC-PDFs/BASE_SHAW_AFB.html,B-2,Active Duty
SHAW AFB,"33°58'02""N","80°29'05""W",17S NT 47603 58641,32E1G,32E1G (CIVIL ENGINEER),https://paladindanse111.github.io/AFSC-PDFs/32E.html,https://paladindanse111.github.io/AFSC-PDFs/BASE_SHAW_AFB.html,C-17,Active Duty
SHAW AFB,"33°58'02""N","80°29'05""W",17S NT 47603 58641,32E1G,32E1G (CIVIL ENGINEER),https://paladindanse111.github.io/AFSC-PDFs/32E.html,https://paladindanse111.github.io/AFSC-PDFs/BASE_SHAW_AFB.html,E-8,Active Duty
SHAW AFB,"33°58'02""N","80°29'05""W",17S NT 47603 58641,32E1G,32E1G (CIVIL ENGINEER),https://paladindanse111.github.io/AFSC-PDFs/32E.html,https://paladindanse111.github.io/AFSC-PDFs/BASE_SHAW_AFB.html,F-15,Active Duty
SHAW AFB,"33°58'02""N","80°29'05""W",17S NT 47603 58641,32E1G,32E1G (CIVIL ENGINEER),https://paladindanse111.github.io/AFSC-PDFs/32E.html,https://paladindanse111.github.io/AFSC-PDFs/BASE_SHAW_AFB.html,F-15E,Active Duty
SHAW AFB,"33°58'02""N","80°29'05""W",17S NT 47603 58641,32E1G,32E1G (CIVIL ENGINEER),https://paladindanse111.github.io/AFSC-PDFs/32E.html,https://paladindanse111.github.io/AFSC-PDFs/BASE_SHAW_AFB.html,F-16,Active Duty
SHAW AFB,"33°58'02""N","80°29'05""W",17S NT 47603 58641,32E1G,32E1G (CIVIL ENGINEER),https://paladindanse111.github.io/AFSC-PDFs/32E.html,https://paladindanse111.github.io/AFSC-PDFs/BASE_SHAW_AFB.html,F-22,Active Duty
SHAW AFB,"33°58'02""N","80°29'05""W",17S NT 47603 58641,32E1G,32E1G (CIVIL ENGINEER),https://paladindanse111.github.io/AFSC-PDFs/32E.html,https://paladindanse111.github.io/AFSC-PDFs/BASE_SHAW_AFB.html,F-35,Active Duty
SHAW AFB,"33°58'02""N","80°29'05""W",17S NT 47603 58641,32E1G,32E1G (CIVIL ENGINEER),https://paladindanse111.github.io/AFSC-PDFs/32E.html,https://paladindanse111.github.io/AFSC-PDFs/BASE_SHAW_AFB.html,HC-130 P/N,Active Duty
SHAW AFB,"33°58'02""N","80°29'05""W",17S NT 47603 58641,32E1G,32E1G (CIVIL ENGINEER),https://paladindanse111.github.io/AFSC-PDFs/32E.html,https://paladindanse111.github.io/AFSC-PDFs/BASE_SHAW_AFB.html,TR-1/U-2,Active Duty
SHAW AFB,"33°58'02""N","80°29'05""W",17S NT 47603 58641,32E1J,32E1J (CIVIL ENGINEER),https://paladindanse111.github.io/AFSC-PDFs/32E.html,https://paladindanse111.github.io/AFSC-PDFs/BASE_SHAW_AFB.html,B-2,Active Duty
SHAW AFB,"33°58'02""N","80°29'05""W",17S NT 47603 58641,32E1J,32E1J (CIVIL ENGINEER),https://paladindanse111.github.io/AFSC-PDFs/32E.html,https://paladindanse111.github.io/AFSC-PDFs/BASE_SHAW_AFB.html,C-17,Active Duty
SHAW AFB,"33°58'02""N","80°29'05""W",17S NT 47603 58641,32E1J,32E1J (CIVIL ENGINEER),https://paladindanse111.github.io/AFSC-PDFs/32E.html,https://paladindanse111.github.io/AFSC-PDFs/BASE_SHAW_AFB.html,E-8,Active Duty
SHAW AFB,"33°58'02""N","80°29'05""W",17S NT 47603 58641,32E1J,32E1J (CIVIL ENGINEER),https://paladindanse111.github.io/AFSC-PDFs/32E.html,https://paladindanse111.github.io/AFSC-PDFs/BASE_SHAW_AFB.html,F-15,Active Duty
SHAW AFB,"33°58'02""N","80°29'05""W",17S NT 47603 58641,32E1J,32E1J (CIVIL ENGINEER),https://paladindanse111.github.io/AFSC-PDFs/32E.html,https://paladindanse111.github.io/AFSC-PDFs/BASE_SHAW_AFB.html,F-15E,Active Duty
SHAW AFB,"33°58'02""N","80°29'05""W",17S NT 47603 58641,32E1J,32E1J (CIVIL ENGINEER),https://paladindanse111.github.io/AFSC-PDFs/32E.html,https://paladindanse111.github.io/AFSC-PDFs/BASE_SHAW_AFB.html,F-16,Active Duty
SHAW AFB,"33°58'02""N","80°29'05""W",17S NT 47603 58641,32E1J,32E1J (CIVIL ENGINEER),https://paladindanse111.github.io/AFSC-PDFs/32E.html,https://paladindanse111.github.io/AFSC-PDFs/BASE_SHAW_AFB.html,F-22,Active Duty
SHAW AFB,"33°58'02""N","80°29'05""W",17S NT 47603 58641,32E1J,32E1J (CIVIL ENGINEER),https://paladindanse111.github.io/AFSC-PDFs/32E.html,https://paladindanse111.github.io/AFSC-PDFs/BASE_SHAW_AFB.html,F-35,Active Duty
SHAW AFB,"33°58'02""N","80°29'05""W",17S NT 47603 58641,32E1J,32E1J (CIVIL ENGINEER),https://paladindanse111.github.io/AFSC-PDFs/32E.html,https://paladindanse111.github.io/AFSC-PDFs/BASE_SHAW_AFB.html,HC-130 P/N,Active Duty
SHAW AFB,"33°58'02""N","80°29'05""W",17S NT 47603 58641,32E1J,32E1J (CIVIL ENGINEER),https://paladindanse111.github.io/AFSC-PDFs/32E.html,https://paladindanse111.github.io/AFSC-PDFs/BASE_SHAW_AFB.html,TR-1/U-2,Active Duty
SHAW AFB,"33°58'02""N","80°29'05""W",17S NT 47603 58641,35P1,35P1 (PUBLIC AFFAIRS),https://paladindanse111.github.io/AFSC-PDFs/35P.html,https://paladindanse111.github.io/AFSC-PDFs/BASE_SHAW_AFB.html,B-2,Active Duty
SHAW AFB,"33°58'02""N","80°29'05""W",17S NT 47603 58641,35P1,35P1 (PUBLIC AFFAIRS),https://paladindanse111.github.io/AFSC-PDFs/35P.html,https://paladindanse111.github.io/AFSC-PDFs/BASE_SHAW_AFB.html,C-17,Active Duty
SHAW AFB,"33°58'02""N","80°29'05""W",17S NT 47603 58641,35P1,35P1 (PUBLIC AFFAIRS),https://paladindanse111.github.io/AFSC-PDFs/35P.html,https://paladindanse111.github.io/AFSC-PDFs/BASE_SHAW_AFB.html,E-8,Active Duty
SHAW AFB,"33°58'02""N","80°29'05""W",17S NT 47603 58641,35P1,35P1 (PUBLIC AFFAIRS),https://paladindanse111.github.io/AFSC-PDFs/35P.html,https://paladindanse111.github.io/AFSC-PDFs/BASE_SHAW_AFB.html,F-15,Active Duty
SHAW AFB,"33°58'02""N","80°29'05""W",17S NT 47603 58641,35P1,35P1 (PUBLIC AFFAIRS),https://paladindanse111.github.io/AFSC-PDFs/35P.html,https://paladindanse111.github.io/AFSC-PDFs/BASE_SHAW_AFB.html,F-15E,Active Duty
SHAW AFB,"33°58'02""N","80°29'05""W",17S NT 47603 58641,35P1,35P1 (PUBLIC AFFAIRS),https://paladindanse111.github.io/AFSC-PDFs/35P.html,https://paladindanse111.github.io/AFSC-PDFs/BASE_SHAW_AFB.html,F-16,Active Duty
SHAW AFB,"33°58'02""N","80°29'05""W",17S NT 47603 58641,35P1,35P1 (PUBLIC AFFAIRS),https://paladindanse111.github.io/AFSC-PDFs/35P.html,https://paladindanse111.github.io/AFSC-PDFs/BASE_SHAW_AFB.html,F-22,Active Duty
SHAW AFB,"33°58'02""N","80°29'05""W",17S NT 47603 58641,35P1,35P1 (PUBLIC AFFAIRS),https://paladindanse111.github.io/AFSC-PDFs/35P.html,https://paladindanse111.github.io/AFSC-PDFs/BASE_SHAW_AFB.html,F-35,Active Duty
SHAW AFB,"33°58'02""N","80°29'05""W",17S NT 47603 58641,35P1,35P1 (PUBLIC AFFAIRS),https://paladindanse111.github.io/AFSC-PDFs/35P.html,https://paladindanse111.github.io/AFSC-PDFs/BASE_SHAW_AFB.html,HC-130 P/N,Active Duty
SHAW AFB,"33°58'02""N","80°29'05""W",17S NT 47603 58641,35P1,35P1 (PUBLIC AFFAIRS),https://paladindanse111.github.io/AFSC-PDFs/35P.html,https://paladindanse111.github.io/AFSC-PDFs/BASE_SHAW_AFB.html,TR-1/U-2,Active Duty
SHAW AFB,"33°58'02""N","80°29'05""W",17S NT 47603 58641,38F1,38F1 (FORCE SUPPORT),https://paladindanse111.github.io/AFSC-PDFs/38F.html,https://paladindanse111.github.io/AFSC-PDFs/BASE_SHAW_AFB.html,B-2,Active Duty
SHAW AFB,"33°58'02""N","80°29'05""W",17S NT 47603 58641,38F1,38F1 (FORCE SUPPORT),https://paladindanse111.github.io/AFSC-PDFs/38F.html,https://paladindanse111.github.io/AFSC-PDFs/BASE_SHAW_AFB.html,C-17,Active Duty
SHAW AFB,"33°58'02""N","80°29'05""W",17S NT 47603 58641,38F1,38F1 (FORCE SUPPORT),https://paladindanse111.github.io/AFSC-PDFs/38F.html,https://paladindanse111.github.io/AFSC-PDFs/BASE_SHAW_AFB.html,E-8,Active Duty
SHAW AFB,"33°58'02""N","80°29'05""W",17S NT 47603 58641,38F1,38F1 (FORCE SUPPORT),https://paladindanse111.github.io/AFSC-PDFs/38F.html,https://paladindanse111.github.io/AFSC-PDFs/BASE_SHAW_AFB.html,F-15,Active Duty
SHAW AFB,"33°58'02""N","80°29'05""W",17S NT 47603 58641,38F1,38F1 (FORCE SUPPORT),https://paladindanse111.github.io/AFSC-PDFs/38F.html,https://paladindanse111.github.io/AFSC-PDFs/BASE_SHAW_AFB.html,F-15E,Active Duty
SHAW AFB,"33°58'02""N","80°29'05""W",17S NT 47603 58641,38F1,38F1 (FORCE SUPPORT),https://paladindanse111.github.io/AFSC-PDFs/38F.html,https://paladindanse111.github.io/AFSC-PDFs/BASE_SHAW_AFB.html,F-16,Active Duty
SHAW AFB,"33°58'02""N","80°29'05""W",17S NT 47603 58641,38F1,38F1 (FORCE SUPPORT),https://paladindanse111.github.io/AFSC-PDFs/38F.html,https://paladindanse111.github.io/AFSC-PDFs/BASE_SHAW_AFB.html,F-22,Active Duty
SHAW AFB,"33°58'02""N","80°29'05""W",17S NT 47603 58641,38F1,38F1 (FORCE SUPPORT),https://paladindanse111.github.io/AFSC-PDFs/38F.html,https://paladindanse111.github.io/AFSC-PDFs/BASE_SHAW_AFB.html,F-35,Active Duty
SHAW AFB,"33°58'02""N","80°29'05""W",17S NT 47603 58641,38F1,38F1 (FORCE SUPPORT),https://paladindanse111.github.io/AFSC-PDFs/38F.html,https://paladindanse111.github.io/AFSC-PDFs/BASE_SHAW_AFB.html,HC-130 P/N,Active Duty
SHAW AFB,"33°58'02""N","80°29'05""W",17S NT 47603 58641,38F1,38F1 (FORCE SUPPORT),https://paladindanse111.github.io/AFSC-PDFs/38F.html,https://paladindanse111.github.io/AFSC-PDFs/BASE_SHAW_AFB.html,TR-1/U-2,Active Duty
SHAW AFB,"33°58'02""N","80°29'05""W",17S NT 47603 58641,64P1,64P1 (CONTRACTING),https://paladindanse111.github.io/AFSC-PDFs/64P.html,https://paladindanse111.github.io/AFSC-PDFs/BASE_SHAW_AFB.html,B-2,Active Duty
SHAW AFB,"33°58'02""N","80°29'05""W",17S NT 47603 58641,64P1,64P1 (CONTRACTING),https://paladindanse111.github.io/AFSC-PDFs/64P.html,https://paladindanse111.github.io/AFSC-PDFs/BASE_SHAW_AFB.html,C-17,Active Duty
SHAW AFB,"33°58'02""N","80°29'05""W",17S NT 47603 58641,64P1,64P1 (CONTRACTING),https://paladindanse111.github.io/AFSC-PDFs/64P.html,https://paladindanse111.github.io/AFSC-PDFs/BASE_SHAW_AFB.html,E-8,Active Duty
SHAW AFB,"33°58'02""N","80°29'05""W",17S NT 47603 58641,64P1,64P1 (CONTRACTING),https://paladindanse111.github.io/AFSC-PDFs/64P.html,https://paladindanse111.github.io/AFSC-PDFs/BASE_SHAW_AFB.html,F-15,Active Duty
SHAW AFB,"33°58'02""N","80°29'05""W",17S NT 47603 58641,64P1,64P1 (CONTRACTING),https://paladindanse111.github.io/AFSC-PDFs/64P.html,https://paladindanse111.github.io/AFSC-PDFs/BASE_SHAW_AFB.html,F-15E,Active Duty
SHAW AFB,"33°58'02""N","80°29'05""W",17S NT 47603 58641,64P1,64P1 (CONTRACTING),https://paladindanse111.github.io/AFSC-PDFs/64P.html,https://paladindanse111.github.io/AFSC-PDFs/BASE_SHAW_AFB.html,F-16,Active Duty
SHAW AFB,"33°58'02""N","80°29'05""W",17S NT 47603 58641,64P1,64P1 (CONTRACTING),https://paladindanse111.github.io/AFSC-PDFs/64P.html,https://paladindanse111.github.io/AFSC-PDFs/BASE_SHAW_AFB.html,F-22,Active Duty
SHAW AFB,"33°58'02""N","80°29'05""W",17S NT 47603 58641,64P1,64P1 (CONTRACTING),https://paladindanse111.github.io/AFSC-PDFs/64P.html,https://paladindanse111.github.io/AFSC-PDFs/BASE_SHAW_AFB.html,F-35,Active Duty
SHAW AFB,"33°58'02""N","80°29'05""W",17S NT 47603 58641,64P1,64P1 (CONTRACTING),https://paladindanse111.github.io/AFSC-PDFs/64P.html,https://paladindanse111.github.io/AFSC-PDFs/BASE_SHAW_AFB.html,HC-130 P/N,Active Duty
SHAW AFB,"33°58'02""N","80°29'05""W",17S NT 47603 58641,64P1,64P1 (CONTRACTING),https://paladindanse111.github.io/AFSC-PDFs/64P.html,https://paladindanse111.github.io/AFSC-PDFs/BASE_SHAW_AFB.html,TR-1/U-2,Active Duty
SHAW AFB,"33°58'02""N","80°29'05""W",17S NT 47603 58641,65F1,65F1 (FINANCIAL MANAGEMENT),https://paladindanse111.github.io/AFSC-PDFs/65F.html,https://paladindanse111.github.io/AFSC-PDFs/BASE_SHAW_AFB.html,B-2,Active Duty
SHAW AFB,"33°58'02""N","80°29'05""W",17S NT 47603 58641,65F1,65F1 (FINANCIAL MANAGEMENT),https://paladindanse111.github.io/AFSC-PDFs/65F.html,https://paladindanse111.github.io/AFSC-PDFs/BASE_SHAW_AFB.html,C-17,Active Duty
SHAW AFB,"33°58'02""N","80°29'05""W",17S NT 47603 58641,65F1,65F1 (FINANCIAL MANAGEMENT),https://paladindanse111.github.io/AFSC-PDFs/65F.html,https://paladindanse111.github.io/AFSC-PDFs/BASE_SHAW_AFB.html,E-8,Active Duty
SHAW AFB,"33°58'02""N","80°29'05""W",17S NT 47603 58641,65F1,65F1 (FINANCIAL MANAGEMENT),https://paladindanse111.github.io/AFSC-PDFs/65F.html,https://paladindanse111.github.io/AFSC-PDFs/BASE_SHAW_AFB.html,F-15,Active Duty
SHAW AFB,"33°58'02""N","80°29'05""W",17S NT 47603 58641,65F1,65F1 (FINANCIAL MANAGEMENT),https://paladindanse111.github.io/AFSC-PDFs/65F.html,https://paladindanse111.github.io/AFSC-PDFs/BASE_SHAW_AFB.html,F-15E,Active Duty
SHAW AFB,"33°58'02""N","80°29'05""W",17S NT 47603 58641,65F1,65F1 (FINANCIAL MANAGEMENT),https://paladindanse111.github.io/AFSC-PDFs/65F.html,https://paladindanse111.github.io/AFSC-PDFs/BASE_SHAW_AFB.html,F-16,Active Duty
SHAW AFB,"33°58'02""N","80°29'05""W",17S NT 47603 58641,65F1,65F1 (FINANCIAL MANAGEMENT),https://paladindanse111.github.io/AFSC-PDFs/65F.html,https://paladindanse111.github.io/AFSC-PDFs/BASE_SHAW_AFB.html,F-22,Active Duty
SHAW AFB,"33°58'02""N","80°29'05""W",17S NT 47603 58641,65F1,65F1 (FINANCIAL MANAGEMENT),https://paladindanse111.github.io/AFSC-PDFs/65F.html,https://paladindanse111.github.io/AFSC-PDFs/BASE_SHAW_AFB.html,F-35,Active Duty
SHAW AFB,"33°58'02""N","80°29'05""W",17S NT 47603 58641,65F1,65F1 (FINANCIAL MANAGEMENT),https://paladindanse111.github.io/AFSC-PDFs/65F.html,https://paladindanse111.github.io/AFSC-PDFs/BASE_SHAW_AFB.html,HC-130 P/N,Active Duty
SHAW AFB,"33°58'02""N","80°29'05""W",17S NT 47603 58641,65F1,65F1 (FINANCIAL MANAGEMENT),https://paladindanse111.github.io/AFSC-PDFs/65F.html,https://paladindanse111.github.io/AFSC-PDFs/BASE_SHAW_AFB.html,TR-1/U-2,Active Duty
SHAW AFB,"33°58'02""N","80°29'05""W",17S NT 47603 58641,71S1,71S1 (SPECIAL INVESTIGATIONS),https://paladindanse111.github.io/AFSC-PDFs/71S.html,https://paladindanse111.github.io/AFSC-PDFs/BASE_SHAW_AFB.html,B-2,Active Duty
SHAW AFB,"33°58'02""N","80°29'05""W",17S NT 47603 58641,71S1,71S1 (SPECIAL INVESTIGATIONS),https://paladindanse111.github.io/AFSC-PDFs/71S.html,https://paladindanse111.github.io/AFSC-PDFs/BASE_SHAW_AFB.html,C-17,Active Duty
SHAW AFB,"33°58'02""N","80°29'05""W",17S NT 47603 58641,71S1,71S1 (SPECIAL INVESTIGATIONS),https://paladindanse111.github.io/AFSC-PDFs/71S.html,https://paladindanse111.github.io/AFSC-PDFs/BASE_SHAW_AFB.html,E-8,Active Duty
SHAW AFB,"33°58'02""N","80°29'05""W",17S NT 47603 58641,71S1,71S1 (SPECIAL INVESTIGATIONS),https://paladindanse111.github.io/AFSC-PDFs/71S.html,https://paladindanse111.github.io/AFSC-PDFs/BASE_SHAW_AFB.html,F-15,Active Duty
SHAW AFB,"33°58'02""N","80°29'05""W",17S NT 47603 58641,71S1,71S1 (SPECIAL INVESTIGATIONS),https://paladindanse111.github.io/AFSC-PDFs/71S.html,https://paladindanse111.github.io/AFSC-PDFs/BASE_SHAW_AFB.html,F-15E,Active Duty
SHAW AFB,"33°58'02""N","80°29'05""W",17S NT 47603 58641,71S1,71S1 (SPECIAL INVESTIGATIONS),https://paladindanse111.github.io/AFSC-PDFs/71S.html,https://paladindanse111.github.io/AFSC-PDFs/BASE_SHAW_AFB.html,F-16,Active Duty
SHAW AFB,"33°58'02""N","80°29'05""W",17S NT 47603 58641,71S1,71S1 (SPECIAL INVESTIGATIONS),https://paladindanse111.github.io/AFSC-PDFs/71S.html,https://paladindanse111.github.io/AFSC-PDFs/BASE_SHAW_AFB.html,F-22,Active Duty
SHAW AFB,"33°58'02""N","80°29'05""W",17S NT 47603 58641,71S1,71S1 (SPECIAL INVESTIGATIONS),https://paladindanse111.github.io/AFSC-PDFs/71S.html,https://paladindanse111.github.io/AFSC-PDFs/BASE_SHAW_AFB.html,F-35,Active Duty
SHAW AFB,"33°58'02""N","80°29'05""W",17S NT 47603 58641,71S1,71S1 (SPECIAL INVESTIGATIONS),https://paladindanse111.github.io/AFSC-PDFs/71S.html,https://paladindanse111.github.io/AFSC-PDFs/BASE_SHAW_AFB.html,HC-130 P/N,Active Duty
SHAW AFB,"33°58'02""N","80°29'05""W",17S NT 47603 58641,71S1,71S1 (SPECIAL INVESTIGATIONS),https://paladindanse111.github.io/AFSC-PDFs/71S.html,https://paladindanse111.github.io/AFSC-PDFs/BASE_SHAW_AFB.html,TR-1/U-2,Active Duty
SHEPPARD AFB,"33°58'06""N","98°30'38""W",14S NC 45216 58752,13H1,13H1 (AEROSPACE PHYSIOLOGIST),https://paladindanse111.github.io/AFSC-PDFs/13H.html,https://paladindanse111.github.io/AFSC-PDFs/BASE_SHEPPARD_AFB.html,T-38,Active Duty
SHEPPARD AFB,"33°58'06""N","98°30'38""W",14S NC 45216 58752,13H1,13H1 (AEROSPACE PHYSIOLOGIST),https://paladindanse111.github.io/AFSC-PDFs/13H.html,https://paladindanse111.github.io/AFSC-PDFs/BASE_SHEPPARD_AFB.html,T-6,Active Duty
SHEPPARD AFB,"33°58'06""N","98°30'38""W",14S NC 45216 58752,15W1,15W1 (WEATHER AND ENVIRONMENTAL SCIENCES),https://paladindanse111.github.io/AFSC-PDFs/15W.html,https://paladindanse111.github.io/AFSC-PDFs/BASE_SHEPPARD_AFB.html,T-38,Active Duty
SHEPPARD AFB,"33°58'06""N","98°30'38""W",14S NC 45216 58752,15W1,15W1 (WEATHER AND ENVIRONMENTAL SCIENCES),https://paladindanse111.github.io/AFSC-PDFs/15W.html,https://paladindanse111.github.io/AFSC-PDFs/BASE_SHEPPARD_AFB.html,T-6,Active Duty
SHEPPARD AFB,"33°58'06""N","98°30'38""W",14S NC 45216 58752,35P1,35P1 (PUBLIC AFFAIRS),https://paladindanse111.github.io/AFSC-PDFs/35P.html,https://paladindanse111.github.io/AFSC-PDFs/BASE_SHEPPARD_AFB.html,T-38,Active Duty
SHEPPARD AFB,"33°58'06""N","98°30'38""W",14S NC 45216 58752,35P1,35P1 (PUBLIC AFFAIRS),https://paladindanse111.github.io/AFSC-PDFs/35P.html,https://paladindanse111.github.io/AFSC-PDFs/BASE_SHEPPARD_AFB.html,T-6,Active Duty
SHEPPARD AFB,"33°58'06""N","98°30'38""W",14S NC 45216 58752,38F1,38F1 (FORCE SUPPORT),https://paladindanse111.github.io/AFSC-PDFs/38F.html,https://paladindanse111.github.io/AFSC-PDFs/BASE_SHEPPARD_AFB.html,T-38,Active Duty
SHEPPARD AFB,"33°58'06""N","98°30'38""W",14S NC 45216 58752,38F1,38F1 (FORCE SUPPORT),https://paladindanse111.github.io/AFSC-PDFs/38F.html,https://paladindanse111.github.io/AFSC-PDFs/BASE_SHEPPARD_AFB.html,T-6,Active Duty
SHEPPARD AFB,"33°58'06""N","98°30'38""W",14S NC 45216 58752,64P1,64P1 (CONTRACTING),https://paladindanse111.github.io/AFSC-PDFs/64P.html,https://paladindanse111.github.io/AFSC-PDFs/BASE_SHEPPARD_AFB.html,T-38,Active Duty
SHEPPARD AFB,"33°58'06""N","98°30'38""W",14S NC 45216 58752,64P1,64P1 (CONTRACTING),https://paladindanse111.github.io/AFSC-PDFs/64P.html,https://paladindanse111.github.io/AFSC-PDFs/BASE_SHEPPARD_AFB.html,T-6,Active Duty
SHEPPARD AFB,"33°58'06""N","98°30'38""W",14S NC 45216 58752,65F1,65F1 (FINANCIAL MANAGEMENT),https://paladindanse111.github.io/AFSC-PDFs/65F.html,https://paladindanse111.github.io/AFSC-PDFs/BASE_SHEPPARD_AFB.html,T-38,Active Duty
SHEPPARD AFB,"33°58'06""N","98°30'38""W",14S NC 45216 58752,65F1,65F1 (FINANCIAL MANAGEMENT),https://paladindanse111.github.io/AFSC-PDFs/65F.html,https://paladindanse111.github.io/AFSC-PDFs/BASE_SHEPPARD_AFB.html,T-6,Active Duty
SHEPPARD AFB,"33°58'06""N","98°30'38""W",14S NC 45216 58752,71S1,71S1 (SPECIAL INVESTIGATIONS),https://paladindanse111.github.io/AFSC-PDFs/71S.html,https://paladindanse111.github.io/AFSC-PDFs/BASE_SHEPPARD_AFB.html,T-38,Active Duty
SHEPPARD AFB,"33°58'06""N","98°30'38""W",14S NC 45216 58752,71S1,71S1 (SPECIAL INVESTIGATIONS),https://paladindanse111.github.io/AFSC-PDFs/71S.html,https://paladindanse111.github.io/AFSC-PDFs/BASE_SHEPPARD_AFB.html,T-6,Active Duty
SHEPPARD AFB,"33°58'06""N","98°30'38""W",14S NC 45216 58752,92T0E,92T0E (PILOT TRAINEE ENJJPT),,https://paladindanse111.github.io/AFSC-PDFs/BASE_SHEPPARD_AFB.html,T-38,Active Duty
SHEPPARD AFB,"33°58'06""N","98°30'38""W",14S NC 45216 58752,92T0E,92T0E (PILOT TRAINEE ENJJPT),,https://paladindanse111.github.io/AFSC-PDFs/BASE_SHEPPARD_AFB.html,T-6,Active Duty
SPANGDAHLEM AB,"49°59'38""N","6°41'55""E",32U LA 35052 40489,21A1,21A1 (AIRCRAFT MAINTENANCE),https://paladindanse111.github.io/AFSC-PDFs/21A.html,https://paladindanse111.github.io/AFSC-PDFs/BASE_SPANGDAHLEM_AB.html,,Active Duty
SPANGDAHLEM AB,"49°59'38""N","6°41'55""E",32U LA 35052 40489,21M1,21M1 (MUNITIONS AND MISSILE MAINTENANCE),https://paladindanse111.github.io/AFSC-PDFs/21M.html,https://paladindanse111.github.io/AFSC-PDFs/BASE_SPANGDAHLEM_AB.html,,Active Duty
SPANGDAHLEM AB,"49°59'38""N","6°41'55""E",32U LA 35052 40489,21R1,21R1 (LOGISTICS READINESS),https://paladindanse111.github.io/AFSC-PDFs/21R.html,https://paladindanse111.github.io/AFSC-PDFs/BASE_SPANGDAHLEM_AB.html,,Active Duty
SPANGDAHLEM AB,"49°59'38""N","6°41'55""E",32U LA 35052 40489,32E1A,32E1A (CIVIL ENGINEER),https://paladindanse111.github.io/AFSC-PDFs/32E.html,https://paladindanse111.github.io/AFSC-PDFs/BASE_SPANGDAHLEM_AB.html,,Active Duty
SPANGDAHLEM AB,"49°59'38""N","6°41'55""E",32U LA 35052 40489,32E1C,32E1C (CIVIL ENGINEER),https://paladindanse111.github.io/AFSC-PDFs/32E.html,https://paladindanse111.github.io/AFSC-PDFs/BASE_SPANGDAHLEM_AB.html,,Active Duty
SPANGDAHLEM AB,"49°59'38""N","6°41'55""E",32U LA 35052 40489,32E1E,32E1E (CIVIL ENGINEER),https://paladindanse111.github.io/AFSC-PDFs/32E.html,https://paladindanse111.github.io/AFSC-PDFs/BASE_SPANGDAHLEM_AB.html,,Active Duty
SPANGDAHLEM AB,"49°59'38""N","6°41'55""E",32U LA 35052 40489,32E1F,32E1F (CIVIL ENGINEER),https://paladindanse111.github.io/AFSC-PDFs/32E.html,https://paladindanse111.github.io/AFSC-PDFs/BASE_SPANGDAHLEM_AB.html,,Active Duty
SPANGDAHLEM AB,"49°59'38""N","6°41'55""E",32U LA 35052 40489,32E1G,32E1G (CIVIL ENGINEER),https://paladindanse111.github.io/AFSC-PDFs/32E.html,https://paladindanse111.github.io/AFSC-PDFs/BASE_SPANGDAHLEM_AB.html,,Active Duty
SPANGDAHLEM AB,"49°59'38""N","6°41'55""E",32U LA 35052 40489,32E1J,32E1J (CIVIL ENGINEER),https://paladindanse111.github.io/AFSC-PDFs/32E.html,https://paladindanse111.github.io/AFSC-PDFs/BASE_SPANGDAHLEM_AB.html,,Active Duty
SPANGDAHLEM AB,"49°59'38""N","6°41'55""E",32U LA 35052 40489,64P1,64P1 (CONTRACTING),https://paladindanse111.github.io/AFSC-PDFs/64P.html,https://paladindanse111.github.io/AFSC-PDFs/BASE_SPANGDAHLEM_AB.html,,Active Duty
SPANGDAHLEM AB,"49°59'38""N","6°41'55""E",32U LA 35052 40489,65F1,65F1 (FINANCIAL MANAGEMENT),https://paladindanse111.github.io/AFSC-PDFs/65F.html,https://paladindanse111.github.io/AFSC-PDFs/BASE_SPANGDAHLEM_AB.html,,Active Duty
TINKER AFB,"35°25'09""N","97°24'15""W",14S PE 44882 20698,13M1,13M1 (AIRFIELD OPERATIONS),https://paladindanse111.github.io/AFSC-PDFs/13M.html,https://paladindanse111.github.io/AFSC-PDFs/BASE_TINKER_AFB.html,E-3,Active Duty
TINKER AFB,"35°25'09""N","97°24'15""W",14S PE 44882 20698,15A1,15A1 (OPERATIONS ANALYSIS OFFICER),https://paladindanse111.github.io/AFSC-PDFs/15A.html,https://paladindanse111.github.io/AFSC-PDFs/BASE_TINKER_AFB.html,E-3,Active Duty
TINKER AFB,"35°25'09""N","97°24'15""W",14S PE 44882 20698,21A1,21A1 (AIRCRAFT MAINTENANCE),https://paladindanse111.github.io/AFSC-PDFs/21A.html,https://paladindanse111.github.io/AFSC-PDFs/BASE_TINKER_AFB.html,E-3,Active Duty
TINKER AFB,"35°25'09""N","97°24'15""W",14S PE 44882 20698,35P1,35P1 (PUBLIC AFFAIRS),https://paladindanse111.github.io/AFSC-PDFs/35P.html,https://paladindanse111.github.io/AFSC-PDFs/BASE_TINKER_AFB.html,E-3,Active Duty
TINKER AFB,"35°25'09""N","97°24'15""W",14S PE 44882 20698,38F1,38F1 (FORCE SUPPORT),https://paladindanse111.github.io/AFSC-PDFs/38F.html,https://paladindanse111.github.io/AFSC-PDFs/BASE_TINKER_AFB.html,E-3,Active Duty
TINKER AFB,"35°25'09""N","97°24'15""W",14S PE 44882 20698,62E1A,62E1A (DEVELOPMENTAL ENGINEER),https://paladindanse111.github.io/AFSC-PDFs/62E.html,https://paladindanse111.github.io/AFSC-PDFs/BASE_TINKER_AFB.html,E-3,Active Duty
TINKER AFB,"35°25'09""N","97°24'15""W",14S PE 44882 20698,62E1B,62E1B (DEVELOPMENTAL ENGINEER),https://paladindanse111.github.io/AFSC-PDFs/62E.html,https://paladindanse111.github.io/AFSC-PDFs/BASE_TINKER_AFB.html,E-3,Active Duty
TINKER AFB,"35°25'09""N","97°24'15""W",14S PE 44882 20698,62E1C,62E1C (DEVELOPMENTAL ENGINEER),https://paladindanse111.github.io/AFSC-PDFs/62E.html,https://paladindanse111.github.io/AFSC-PDFs/BASE_TINKER_AFB.html,E-3,Active Duty
TINKER AFB,"35°25'09""N","97°24'15""W",14S PE 44882 20698,62E1E,62E1E (DEVELOPMENTAL ENGINEER),https://paladindanse111.github.io/AFSC-PDFs/62E.html,https://paladindanse111.github.io/AFSC-PDFs/BASE_TINKER_AFB.html,E-3,Active Duty
TINKER AFB,"35°25'09""N","97°24'15""W",14S PE 44882 20698,62E1G,62E1G (DEVELOPMENTAL ENGINEER),https://paladindanse111.github.io/AFSC-PDFs/62E.html,https://paladindanse111.github.io/AFSC-PDFs/BASE_TINKER_AFB.html,E-3,Active Duty
TINKER AFB,"35°25'09""N","97°24'15""W",14S PE 44882 20698,62E1H,62E1H (DEVELOPMENTAL ENGINEER),https://paladindanse111.github.io/AFSC-PDFs/62E.html,https://paladindanse111.github.io/AFSC-PDFs/BASE_TINKER_AFB.html,E-3,Active Duty
TINKER AFB,"35°25'09""N","97°24'15""W",14S PE 44882 20698,62E1I,62E1I (DEVELOPMENTAL ENGINEER),https://paladindanse111.github.io/AFSC-PDFs/62E.html,https://paladindanse111.github.io/AFSC-PDFs/BASE_TINKER_AFB.html,E-3,Active Duty
TINKER AFB,"35°25'09""N","97°24'15""W",14S PE 44882 20698,63A1,63A1 (AQUISITION MANAGER),https://paladindanse111.github.io/AFSC-PDFs/63A.html,https://paladindanse111.github.io/AFSC-PDFs/BASE_TINKER_AFB.html,E-3,Active Duty
TINKER AFB,"35°25'09""N","97°24'15""W",14S PE 44882 20698,64P1,64P1 (CONTRACTING),https://paladindanse111.github.io/AFSC-PDFs/64P.html,https://paladindanse111.github.io/AFSC-PDFs/BASE_TINKER_AFB.html,E-3,Active Duty
TINKER AFB,"35°25'09""N","97°24'15""W",14S PE 44882 20698,65F1,65F1 (FINANCIAL MANAGEMENT),https://paladindanse111.github.io/AFSC-PDFs/65F.html,https://paladindanse111.github.io/AFSC-PDFs/BASE_TINKER_AFB.html,E-3,Active Duty
TINKER AFB,"35°25'09""N","97°24'15""W",14S PE 44882 20698,71S1,71S1 (SPECIAL INVESTIGATIONS),https://paladindanse111.github.io/AFSC-PDFs/71S.html,https://paladindanse111.github.io/AFSC-PDFs/BASE_TINKER_AFB.html,E-3,Active Duty
TRAVIS AFB,"38°16'09""N","121°56'51""W",10S EH 92069 36204,21A1,21A1 (AIRCRAFT MAINTENANCE),https://paladindanse111.github.io/AFSC-PDFs/21A.html,https://paladindanse111.github.io/AFSC-PDFs/BASE_TRAVIS_AFB.html,C-130J,Active Duty
TRAVIS AFB,"38°16'09""N","121°56'51""W",10S EH 92069 36204,21A1,21A1 (AIRCRAFT MAINTENANCE),https://paladindanse111.github.io/AFSC-PDFs/21A.html,https://paladindanse111.github.io/AFSC-PDFs/BASE_TRAVIS_AFB.html,C-17,Active Duty
TRAVIS AFB,"38°16'09""N","121°56'51""W",10S EH 92069 36204,21A1,21A1 (AIRCRAFT MAINTENANCE),https://paladindanse111.github.io/AFSC-PDFs/21A.html,https://paladindanse111.github.io/AFSC-PDFs/BASE_TRAVIS_AFB.html,C-5,Active Duty
TRAVIS AFB,"38°16'09""N","121°56'51""W",10S EH 92069 36204,21A1,21A1 (AIRCRAFT MAINTENANCE),https://paladindanse111.github.io/AFSC-PDFs/21A.html,https://paladindanse111.github.io/AFSC-PDFs/BASE_TRAVIS_AFB.html,KC-46,Active Duty
TRAVIS AFB,"38°16'09""N","121°56'51""W",10S EH 92069 36204,21A1,21A1 (AIRCRAFT MAINTENANCE),https://paladindanse111.github.io/AFSC-PDFs/21A.html,https://paladindanse111.github.io/AFSC-PDFs/BASE_TRAVIS_AFB.html,KC-46 (KC-X),Active Duty
TRAVIS AFB,"38°16'09""N","121°56'51""W",10S EH 92069 36204,21R1,21R1 (LOGISTICS READINESS),https://paladindanse111.github.io/AFSC-PDFs/21R.html,https://paladindanse111.github.io/AFSC-PDFs/BASE_TRAVIS_AFB.html,C-130J,Active Duty
TRAVIS AFB,"38°16'09""N","121°56'51""W",10S EH 92069 36204,21R1,21R1 (LOGISTICS READINESS),https://paladindanse111.github.io/AFSC-PDFs/21R.html,https://paladindanse111.github.io/AFSC-PDFs/BASE_TRAVIS_AFB.html,C-17,Active Duty
TRAVIS AFB,"38°16'09""N","121°56'51""W",10S EH 92069 36204,21R1,21R1 (LOGISTICS READINESS),https://paladindanse111.github.io/AFSC-PDFs/21R.html,https://paladindanse111.github.io/AFSC-PDFs/BASE_TRAVIS_AFB.html,C-5,Active Duty
TRAVIS AFB,"38°16'09""N","121°56'51""W",10S EH 92069 36204,21R1,21R1 (LOGISTICS READINESS),https://paladindanse111.github.io/AFSC-PDFs/21R.html,https://paladindanse111.github.io/AFSC-PDFs/BASE_TRAVIS_AFB.html,KC-46,Active Duty
TRAVIS AFB,"38°16'09""N","121°56'51""W",10S EH 92069 36204,21R1,21R1 (LOGISTICS READINESS),https://paladindanse111.github.io/AFSC-PDFs/21R.html,https://paladindanse111.github.io/AFSC-PDFs/BASE_TRAVIS_AFB.html,KC-46 (KC-X),Active Duty
TRAVIS AFB,"38°16'09""N","121°56'51""W",10S EH 92069 36204,32E1A,32E1A (CIVIL ENGINEER),https://paladindanse111.github.io/AFSC-PDFs/32E.html,https://paladindanse111.github.io/AFSC-PDFs/BASE_TRAVIS_AFB.html,C-130J,Active Duty
TRAVIS AFB,"38°16'09""N","121°56'51""W",10S EH 92069 36204,32E1A,32E1A (CIVIL ENGINEER),https://paladindanse111.github.io/AFSC-PDFs/32E.html,https://paladindanse111.github.io/AFSC-PDFs/BASE_TRAVIS_AFB.html,C-17,Active Duty
TRAVIS AFB,"38°16'09""N","121°56'51""W",10S EH 92069 36204,32E1A,32E1A (CIVIL ENGINEER),https://paladindanse111.github.io/AFSC-PDFs/32E.html,https://paladindanse111.github.io/AFSC-PDFs/BASE_TRAVIS_AFB.html,C-5,Active Duty
TRAVIS AFB,"38°16'09""N","121°56'51""W",10S EH 92069 36204,32E1A,32E1A (CIVIL ENGINEER),https://paladindanse111.github.io/AFSC-PDFs/32E.html,https://paladindanse111.github.io/AFSC-PDFs/BASE_TRAVIS_AFB.html,KC-46,Active Duty
TRAVIS AFB,"38°16'09""N","121°56'51""W",10S EH 92069 36204,32E1A,32E1A (CIVIL ENGINEER),https://paladindanse111.github.io/AFSC-PDFs/32E.html,https://paladindanse111.github.io/AFSC-PDFs/BASE_TRAVIS_AFB.html,KC-46 (KC-X),Active Duty
TRAVIS AFB,"38°16'09""N","121°56'51""W",10S EH 92069 36204,32E1C,32E1C (CIVIL ENGINEER),https://paladindanse111.github.io/AFSC-PDFs/32E.html,https://paladindanse111.github.io/AFSC-PDFs/BASE_TRAVIS_AFB.html,C-130J,Active Duty
TRAVIS AFB,"38°16'09""N","121°56'51""W",10S EH 92069 36204,32E1C,32E1C (CIVIL ENGINEER),https://paladindanse111.github.io/AFSC-PDFs/32E.html,https://paladindanse111.github.io/AFSC-PDFs/BASE_TRAVIS_AFB.html,C-17,Active Duty
TRAVIS AFB,"38°16'09""N","121°56'51""W",10S EH 92069 36204,32E1C,32E1C (CIVIL ENGINEER),https://paladindanse111.github.io/AFSC-PDFs/32E.html,https://paladindanse111.github.io/AFSC-PDFs/BASE_TRAVIS_AFB.html,C-5,Active Duty
TRAVIS AFB,"38°16'09""N","121°56'51""W",10S EH 92069 36204,32E1C,32E1C (CIVIL ENGINEER),https://paladindanse111.github.io/AFSC-PDFs/32E.html,https://paladindanse111.github.io/AFSC-PDFs/BASE_TRAVIS_AFB.html,KC-46,Active Duty
TRAVIS AFB,"38°16'09""N","121°56'51""W",10S EH 92069 36204,32E1C,32E1C (CIVIL ENGINEER),https://paladindanse111.github.io/AFSC-PDFs/32E.html,https://paladindanse111.github.io/AFSC-PDFs/BASE_TRAVIS_AFB.html,KC-46 (KC-X),Active Duty
TRAVIS AFB,"38°16'09""N","121°56'51""W",10S EH 92069 36204,32E1E,32E1E (CIVIL ENGINEER),https://paladindanse111.github.io/AFSC-PDFs/32E.html,https://paladindanse111.github.io/AFSC-PDFs/BASE_TRAVIS_AFB.html,C-130J,Active Duty
TRAVIS AFB,"38°16'09""N","121°56'51""W",10S EH 92069 36204,32E1E,32E1E (CIVIL ENGINEER),https://paladindanse111.github.io/AFSC-PDFs/32E.html,https://paladindanse111.github.io/AFSC-PDFs/BASE_TRAVIS_AFB.html,C-17,Active Duty
TRAVIS AFB,"38°16'09""N","121°56'51""W",10S EH 92069 36204,32E1E,32E1E (CIVIL ENGINEER),https://paladindanse111.github.io/AFSC-PDFs/32E.html,https://paladindanse111.github.io/AFSC-PDFs/BASE_TRAVIS_AFB.html,C-5,Active Duty
TRAVIS AFB,"38°16'09""N","121°56'51""W",10S EH 92069 36204,32E1E,32E1E (CIVIL ENGINEER),https://paladindanse111.github.io/AFSC-PDFs/32E.html,https://paladindanse111.github.io/AFSC-PDFs/BASE_TRAVIS_AFB.html,KC-46,Active Duty
TRAVIS AFB,"38°16'09""N","121°56'51""W",10S EH 92069 36204,32E1E,32E1E (CIVIL ENGINEER),https://paladindanse111.github.io/AFSC-PDFs/32E.html,https://paladindanse111.github.io/AFSC-PDFs/BASE_TRAVIS_AFB.html,KC-46 (KC-X),Active Duty
TRAVIS AFB,"38°16'09""N","121°56'51""W",10S EH 92069 36204,32E1F,32E1F (CIVIL ENGINEER),https://paladindanse111.github.io/AFSC-PDFs/32E.html,https://paladindanse111.github.io/AFSC-PDFs/BASE_TRAVIS_AFB.html,C-130J,Active Duty
TRAVIS AFB,"38°16'09""N","121°56'51""W",10S EH 92069 36204,32E1F,32E1F (CIVIL ENGINEER),https://paladindanse111.github.io/AFSC-PDFs/32E.html,https://paladindanse111.github.io/AFSC-PDFs/BASE_TRAVIS_AFB.html,C-17,Active Duty
TRAVIS AFB,"38°16'09""N","121°56'51""W",10S EH 92069 36204,32E1F,32E1F (CIVIL ENGINEER),https://paladindanse111.github.io/AFSC-PDFs/32E.html,https://paladindanse111.github.io/AFSC-PDFs/BASE_TRAVIS_AFB.html,C-5,Active Duty
TRAVIS AFB,"38°16'09""N","121°56'51""W",10S EH 92069 36204,32E1F,32E1F (CIVIL ENGINEER),https://paladindanse111.github.io/AFSC-PDFs/32E.html,https://paladindanse111.github.io/AFSC-PDFs/BASE_TRAVIS_AFB.html,KC-46,Active Duty
TRAVIS AFB,"38°16'09""N","121°56'51""W",10S EH 92069 36204,32E1F,32E1F (CIVIL ENGINEER),https://paladindanse111.github.io/AFSC-PDFs/32E.html,https://paladindanse111.github.io/AFSC-PDFs/BASE_TRAVIS_AFB.html,KC-46 (KC-X),Active Duty
TRAVIS AFB,"38°16'09""N","121°56'51""W",10S EH 92069 36204,32E1G,32E1G (CIVIL ENGINEER),https://paladindanse111.github.io/AFSC-PDFs/32E.html,https://paladindanse111.github.io/AFSC-PDFs/BASE_TRAVIS_AFB.html,C-130J,Active Duty
TRAVIS AFB,"38°16'09""N","121°56'51""W",10S EH 92069 36204,32E1G,32E1G (CIVIL ENGINEER),https://paladindanse111.github.io/AFSC-PDFs/32E.html,https://paladindanse111.github.io/AFSC-PDFs/BASE_TRAVIS_AFB.html,C-17,Active Duty
TRAVIS AFB,"38°16'09""N","121°56'51""W",10S EH 92069 36204,32E1G,32E1G (CIVIL ENGINEER),https://paladindanse111.github.io/AFSC-PDFs/32E.html,https://paladindanse111.github.io/AFSC-PDFs/BASE_TRAVIS_AFB.html,C-5,Active Duty
TRAVIS AFB,"38°16'09""N","121°56'51""W",10S EH 92069 36204,32E1G,32E1G (CIVIL ENGINEER),https://paladindanse111.github.io/AFSC-PDFs/32E.html,https://paladindanse111.github.io/AFSC-PDFs/BASE_TRAVIS_AFB.html,KC-46,Active Duty
TRAVIS AFB,"38°16'09""N","121°56'51""W",10S EH 92069 36204,32E1G,32E1G (CIVIL ENGINEER),https://paladindanse111.github.io/AFSC-PDFs/32E.html,https://paladindanse111.github.io/AFSC-PDFs/BASE_TRAVIS_AFB.html,KC-46 (KC-X),Active Duty
TRAVIS AFB,"38°16'09""N","121°56'51""W",10S EH 92069 36204,32E1J,32E1J (CIVIL ENGINEER),https://paladindanse111.github.io/AFSC-PDFs/32E.html,https://paladindanse111.github.io/AFSC-PDFs/BASE_TRAVIS_AFB.html,C-130J,Active Duty
TRAVIS AFB,"38°16'09""N","121°56'51""W",10S EH 92069 36204,32E1J,32E1J (CIVIL ENGINEER),https://paladindanse111.github.io/AFSC-PDFs/32E.html,https://paladindanse111.github.io/AFSC-PDFs/BASE_TRAVIS_AFB.html,C-17,Active Duty
TRAVIS AFB,"38°16'09""N","121°56'51""W",10S EH 92069 36204,32E1J,32E1J (CIVIL ENGINEER),https://paladindanse111.github.io/AFSC-PDFs/32E.html,https://paladindanse111.github.io/AFSC-PDFs/BASE_TRAVIS_AFB.html,C-5,Active Duty
TRAVIS AFB,"38°16'09""N","121°56'51""W",10S EH 92069 36204,32E1J,32E1J (CIVIL ENGINEER),https://paladindanse111.github.io/AFSC-PDFs/32E.html,https://paladindanse111.github.io/AFSC-PDFs/BASE_TRAVIS_AFB.html,KC-46,Active Duty
TRAVIS AFB,"38°16'09""N","121°56'51""W",10S EH 92069 36204,32E1J,32E1J (CIVIL ENGINEER),https://paladindanse111.github.io/AFSC-PDFs/32E.html,https://paladindanse111.github.io/AFSC-PDFs/BASE_TRAVIS_AFB.html,KC-46 (KC-X),Active Duty
TRAVIS AFB,"38°16'09""N","121°56'51""W",10S EH 92069 36204,35P1,35P1 (PUBLIC AFFAIRS),https://paladindanse111.github.io/AFSC-PDFs/35P.html,https://paladindanse111.github.io/AFSC-PDFs/BASE_TRAVIS_AFB.html,C-130J,Active Duty
TRAVIS AFB,"38°16'09""N","121°56'51""W",10S EH 92069 36204,35P1,35P1 (PUBLIC AFFAIRS),https://paladindanse111.github.io/AFSC-PDFs/35P.html,https://paladindanse111.github.io/AFSC-PDFs/BASE_TRAVIS_AFB.html,C-17,Active Duty
TRAVIS AFB,"38°16'09""N","121°56'51""W",10S EH 92069 36204,35P1,35P1 (PUBLIC AFFAIRS),https://paladindanse111.github.io/AFSC-PDFs/35P.html,https://paladindanse111.github.io/AFSC-PDFs/BASE_TRAVIS_AFB.html,C-5,Active Duty
TRAVIS AFB,"38°16'09""N","121°56'51""W",10S EH 92069 36204,35P1,35P1 (PUBLIC AFFAIRS),https://paladindanse111.github.io/AFSC-PDFs/35P.html,https://paladindanse111.github.io/AFSC-PDFs/BASE_TRAVIS_AFB.html,KC-46,Active Duty
TRAVIS AFB,"38°16'09""N","121°56'51""W",10S EH 92069 36204,35P1,35P1 (PUBLIC AFFAIRS),https://paladindanse111.github.io/AFSC-PDFs/35P.html,https://paladindanse111.github.io/AFSC-PDFs/BASE_TRAVIS_AFB.html,KC-46 (KC-X),Active Duty
TRAVIS AFB,"38°16'09""N","121°56'51""W",10S EH 92069 36204,38F1,38F1 (FORCE SUPPORT),https://paladindanse111.github.io/AFSC-PDFs/38F.html,https://paladindanse111.github.io/AFSC-PDFs/BASE_TRAVIS_AFB.html,C-130J,Active Duty
TRAVIS AFB,"38°16'09""N","121°56'51""W",10S EH 92069 36204,38F1,38F1 (FORCE SUPPORT),https://paladindanse111.github.io/AFSC-PDFs/38F.html,https://paladindanse111.github.io/AFSC-PDFs/BASE_TRAVIS_AFB.html,C-17,Active Duty
TRAVIS AFB,"38°16'09""N","121°56'51""W",10S EH 92069 36204,38F1,38F1 (FORCE SUPPORT),https://paladindanse111.github.io/AFSC-PDFs/38F.html,https://paladindanse111.github.io/AFSC-PDFs/BASE_TRAVIS_AFB.html,C-5,Active Duty
TRAVIS AFB,"38°16'09""N","121°56'51""W",10S EH 92069 36204,38F1,38F1 (FORCE SUPPORT),https://paladindanse111.github.io/AFSC-PDFs/38F.html,https://paladindanse111.github.io/AFSC-PDFs/BASE_TRAVIS_AFB.html,KC-46,Active Duty
TRAVIS AFB,"38°16'09""N","121°56'51""W",10S EH 92069 36204,38F1,38F1 (FORCE SUPPORT),https://paladindanse111.github.io/AFSC-PDFs/38F.html,https://paladindanse111.github.io/AFSC-PDFs/BASE_TRAVIS_AFB.html,KC-46 (KC-X),Active Duty
TRAVIS AFB,"38°16'09""N","121°56'51""W",10S EH 92069 36204,64P1,64P1 (CONTRACTING),https://paladindanse111.github.io/AFSC-PDFs/64P.html,https://paladindanse111.github.io/AFSC-PDFs/BASE_TRAVIS_AFB.html,C-130J,Active Duty
TRAVIS AFB,"38°16'09""N","121°56'51""W",10S EH 92069 36204,64P1,64P1 (CONTRACTING),https://paladindanse111.github.io/AFSC-PDFs/64P.html,https://paladindanse111.github.io/AFSC-PDFs/BASE_TRAVIS_AFB.html,C-17,Active Duty
TRAVIS AFB,"38°16'09""N","121°56'51""W",10S EH 92069 36204,64P1,64P1 (CONTRACTING),https://paladindanse111.github.io/AFSC-PDFs/64P.html,https://paladindanse111.github.io/AFSC-PDFs/BASE_TRAVIS_AFB.html,C-5,Active Duty
TRAVIS AFB,"38°16'09""N","121°56'51""W",10S EH 92069 36204,64P1,64P1 (CONTRACTING),https://paladindanse111.github.io/AFSC-PDFs/64P.html,https://paladindanse111.github.io/AFSC-PDFs/BASE_TRAVIS_AFB.html,KC-46,Active Duty
TRAVIS AFB,"38°16'09""N","121°56'51""W",10S EH 92069 36204,64P1,64P1 (CONTRACTING),https://paladindanse111.github.io/AFSC-PDFs/64P.html,https://paladindanse111.github.io/AFSC-PDFs/BASE_TRAVIS_AFB.html,KC-46 (KC-X),Active Duty
TRAVIS AFB,"38°16'09""N","121°56'51""W",10S EH 92069 36204,65F1,65F1 (FINANCIAL MANAGEMENT),https://paladindanse111.github.io/AFSC-PDFs/65F.html,https://paladindanse111.github.io/AFSC-PDFs/BASE_TRAVIS_AFB.html,C-130J,Active Duty
TRAVIS AFB,"38°16'09""N","121°56'51""W",10S EH 92069 36204,65F1,65F1 (FINANCIAL MANAGEMENT),https://paladindanse111.github.io/AFSC-PDFs/65F.html,https://paladindanse111.github.io/AFSC-PDFs/BASE_TRAVIS_AFB.html,C-17,Active Duty
TRAVIS AFB,"38°16'09""N","121°56'51""W",10S EH 92069 36204,65F1,65F1 (FINANCIAL MANAGEMENT),https://paladindanse111.github.io/AFSC-PDFs/65F.html,https://paladindanse111.github.io/AFSC-PDFs/BASE_TRAVIS_AFB.html,C-5,Active Duty
TRAVIS AFB,"38°16'09""N","121°56'51""W",10S EH 92069 36204,65F1,65F1 (FINANCIAL MANAGEMENT),https://paladindanse111.github.io/AFSC-PDFs/65F.html,https://paladindanse111.github.io/AFSC-PDFs/BASE_TRAVIS_AFB.html,KC-46,Active Duty
TRAVIS AFB,"38°16'09""N","121°56'51""W",10S EH 92069 36204,65F1,65F1 (FINANCIAL MANAGEMENT),https://paladindanse111.github.io/AFSC-PDFs/65F.html,https://paladindanse111.github.io/AFSC-PDFs/BASE_TRAVIS_AFB.html,KC-46 (KC-X),Active Duty
TRAVIS AFB,"38°16'09""N","121°56'51""W",10S EH 92069 36204,71S1,71S1 (SPECIAL INVESTIGATIONS),https://paladindanse111.github.io/AFSC-PDFs/71S.html,https://paladindanse111.github.io/AFSC-PDFs/BASE_TRAVIS_AFB.html,C-130J,Active Duty
TRAVIS AFB,"38°16'09""N","121°56'51""W",10S EH 92069 36204,71S1,71S1 (SPECIAL INVESTIGATIONS),https://paladindanse111.github.io/AFSC-PDFs/71S.html,https://paladindanse111.github.io/AFSC-PDFs/BASE_TRAVIS_AFB.html,C-17,Active Duty
TRAVIS AFB,"38°16'09""N","121°56'51""W",10S EH 92069 36204,71S1,71S1 (SPECIAL INVESTIGATIONS),https://paladindanse111.github.io/AFSC-PDFs/71S.html,https://paladindanse111.github.io/AFSC-PDFs/BASE_TRAVIS_AFB.html,C-5,Active Duty
TRAVIS AFB,"38°16'09""N","121°56'51""W",10S EH 92069 36204,71S1,71S1 (SPECIAL INVESTIGATIONS),https://paladindanse111.github.io/AFSC-PDFs/71S.html,https://paladindanse111.github.io/AFSC-PDFs/BASE_TRAVIS_AFB.html,KC-46,Active Duty
TRAVIS AFB,"38°16'09""N","121°56'51""W",10S EH 92069 36204,71S1,71S1 (SPECIAL INVESTIGATIONS),https://paladindanse111.github.io/AFSC-PDFs/71S.html,https://paladindanse111.github.io/AFSC-PDFs/BASE_TRAVIS_AFB.html,KC-46 (KC-X),Active Duty
TUCSON INTL,"32° 6' 58""N","110° 56' 28""W",12S WA 05555 53307,62E1A,62E1A (DEVELOPMENTAL ENGINEER),https://paladindanse111.github.io/AFSC-PDFs/62E.html,https://paladindanse111.github.io/AFSC-PDFs/BASE_TUCSON_INTL.html,,Active Duty
TUCSON INTL,"32° 6' 58""N","110° 56' 28""W",12S WA 05555 53307,62E1B,62E1B (DEVELOPMENTAL ENGINEER),https://paladindanse111.github.io/AFSC-PDFs/62E.html,https://paladindanse111.github.io/AFSC-PDFs/BASE_TUCSON_INTL.html,,Active Duty
TUCSON INTL,"32° 6' 58""N","110° 56' 28""W",12S WA 05555 53307,62E1C,62E1C (DEVELOPMENTAL ENGINEER),https://paladindanse111.github.io/AFSC-PDFs/62E.html,https://paladindanse111.github.io/AFSC-PDFs/BASE_TUCSON_INTL.html,,Active Duty
TUCSON INTL,"32° 6' 58""N","110° 56' 28""W",12S WA 05555 53307,62E1E,62E1E (DEVELOPMENTAL ENGINEER),https://paladindanse111.github.io/AFSC-PDFs/62E.html,https://paladindanse111.github.io/AFSC-PDFs/BASE_TUCSON_INTL.html,,Active Duty
TUCSON INTL,"32° 6' 58""N","110° 56' 28""W",12S WA 05555 53307,62E1G,62E1G (DEVELOPMENTAL ENGINEER),https://paladindanse111.github.io/AFSC-PDFs/62E.html,https://paladindanse111.github.io/AFSC-PDFs/BASE_TUCSON_INTL.html,,Active Duty
TUCSON INTL,"32° 6' 58""N","110° 56' 28""W",12S WA 05555 53307,62E1H,62E1H (DEVELOPMENTAL ENGINEER),https://paladindanse111.github.io/AFSC-PDFs/62E.html,https://paladindanse111.github.io/AFSC-PDFs/BASE_TUCSON_INTL.html,,Active Duty
TUCSON INTL,"32° 6' 58""N","110° 56' 28""W",12S WA 05555 53307,62E1I,62E1I (DEVELOPMENTAL ENGINEER),https://paladindanse111.github.io/AFSC-PDFs/62E.html,https://paladindanse111.github.io/AFSC-PDFs/BASE_TUCSON_INTL.html,,Active Duty
TYNDALL AFB,"30°04'47""N","85°36'26""W",16R FU 34229 28437,15A1,15A1 (OPERATIONS ANALYSIS OFFICER),https://paladindanse111.github.io/AFSC-PDFs/15A.html,https://paladindanse111.github.io/AFSC-PDFs/BASE_TYNDALL_AFB.html,F-15,Active Duty
TYNDALL AFB,"30°04'47""N","85°36'26""W",16R FU 34229 28437,15A1,15A1 (OPERATIONS ANALYSIS OFFICER),https://paladindanse111.github.io/AFSC-PDFs/15A.html,https://paladindanse111.github.io/AFSC-PDFs/BASE_TYNDALL_AFB.html,F-15E,Active Duty
TYNDALL AFB,"30°04'47""N","85°36'26""W",16R FU 34229 28437,15A1,15A1 (OPERATIONS ANALYSIS OFFICER),https://paladindanse111.github.io/AFSC-PDFs/15A.html,https://paladindanse111.github.io/AFSC-PDFs/BASE_TYNDALL_AFB.html,F-16,Active Duty
TYNDALL AFB,"30°04'47""N","85°36'26""W",16R FU 34229 28437,15A1,15A1 (OPERATIONS ANALYSIS OFFICER),https://paladindanse111.github.io/AFSC-PDFs/15A.html,https://paladindanse111.github.io/AFSC-PDFs/BASE_TYNDALL_AFB.html,F-22,Active Duty
TYNDALL AFB,"30°04'47""N","85°36'26""W",16R FU 34229 28437,15A1,15A1 (OPERATIONS ANALYSIS OFFICER),https://paladindanse111.github.io/AFSC-PDFs/15A.html,https://paladindanse111.github.io/AFSC-PDFs/BASE_TYNDALL_AFB.html,F-35,Active Duty
TYNDALL AFB,"30°04'47""N","85°36'26""W",16R FU 34229 28437,21A1,21A1 (AIRCRAFT MAINTENANCE),https://paladindanse111.github.io/AFSC-PDFs/21A.html,https://paladindanse111.github.io/AFSC-PDFs/BASE_TYNDALL_AFB.html,F-15,Active Duty
TYNDALL AFB,"30°04'47""N","85°36'26""W",16R FU 34229 28437,21A1,21A1 (AIRCRAFT MAINTENANCE),https://paladindanse111.github.io/AFSC-PDFs/21A.html,https://paladindanse111.github.io/AFSC-PDFs/BASE_TYNDALL_AFB.html,F-15E,Active Duty
TYNDALL AFB,"30°04'47""N","85°36'26""W",16R FU 34229 28437,21A1,21A1 (AIRCRAFT MAINTENANCE),https://paladindanse111.github.io/AFSC-PDFs/21A.html,https://paladindanse111.github.io/AFSC-PDFs/BASE_TYNDALL_AFB.html,F-16,Active Duty
TYNDALL AFB,"30°04'47""N","85°36'26""W",16R FU 34229 28437,21A1,21A1 (AIRCRAFT MAINTENANCE),https://paladindanse111.github.io/AFSC-PDFs/21A.html,https://paladindanse111.github.io/AFSC-PDFs/BASE_TYNDALL_AFB.html,F-22,Active Duty
TYNDALL AFB,"30°04'47""N","85°36'26""W",16R FU 34229 28437,21A1,21A1 (AIRCRAFT MAINTENANCE),https://paladindanse111.github.io/AFSC-PDFs/21A.html,https://paladindanse111.github.io/AFSC-PDFs/BASE_TYNDALL_AFB.html,F-35,Active Duty
TYNDALL AFB,"30°04'47""N","85°36'26""W",16R FU 34229 28437,21M1,21M1 (MUNITIONS AND MISSILE MAINTENANCE),https://paladindanse111.github.io/AFSC-PDFs/21M.html,https://paladindanse111.github.io/AFSC-PDFs/BASE_TYNDALL_AFB.html,F-15,Active Duty
TYNDALL AFB,"30°04'47""N","85°36'26""W",16R FU 34229 28437,21M1,21M1 (MUNITIONS AND MISSILE MAINTENANCE),https://paladindanse111.github.io/AFSC-PDFs/21M.html,https://paladindanse111.github.io/AFSC-PDFs/BASE_TYNDALL_AFB.html,F-15E,Active Duty
TYNDALL AFB,"30°04'47""N","85°36'26""W",16R FU 34229 28437,21M1,21M1 (MUNITIONS AND MISSILE MAINTENANCE),https://paladindanse111.github.io/AFSC-PDFs/21M.html,https://paladindanse111.github.io/AFSC-PDFs/BASE_TYNDALL_AFB.html,F-16,Active Duty
TYNDALL AFB,"30°04'47""N","85°36'26""W",16R FU 34229 28437,21M1,21M1 (MUNITIONS AND MISSILE MAINTENANCE),https://paladindanse111.github.io/AFSC-PDFs/21M.html,https://paladindanse111.github.io/AFSC-PDFs/BASE_TYNDALL_AFB.html,F-22,Active Duty
TYNDALL AFB,"30°04'47""N","85°36'26""W",16R FU 34229 28437,21M1,21M1 (MUNITIONS AND MISSILE MAINTENANCE),https://paladindanse111.github.io/AFSC-PDFs/21M.html,https://paladindanse111.github.io/AFSC-PDFs/BASE_TYNDALL_AFB.html,F-35,Active Duty
TYNDALL AFB,"30°04'47""N","85°36'26""W",16R FU 34229 28437,21R1,21R1 (LOGISTICS READINESS),https://paladindanse111.github.io/AFSC-PDFs/21R.html,https://paladindanse111.github.io/AFSC-PDFs/BASE_TYNDALL_AFB.html,F-15,Active Duty
TYNDALL AFB,"30°04'47""N","85°36'26""W",16R FU 34229 28437,21R1,21R1 (LOGISTICS READINESS),https://paladindanse111.github.io/AFSC-PDFs/21R.html,https://paladindanse111.github.io/AFSC-PDFs/BASE_TYNDALL_AFB.html,F-15E,Active Duty
TYNDALL AFB,"30°04'47""N","85°36'26""W",16R FU 34229 28437,21R1,21R1 (LOGISTICS READINESS),https://paladindanse111.github.io/AFSC-PDFs/21R.html,https://paladindanse111.github.io/AFSC-PDFs/BASE_TYNDALL_AFB.html,F-16,Active Duty
TYNDALL AFB,"30°04'47""N","85°36'26""W",16R FU 34229 28437,21R1,21R1 (LOGISTICS READINESS),https://paladindanse111.github.io/AFSC-PDFs/21R.html,https://paladindanse111.github.io/AFSC-PDFs/BASE_TYNDALL_AFB.html,F-22,Active Duty
TYNDALL AFB,"30°04'47""N","85°36'26""W",16R FU 34229 28437,21R1,21R1 (LOGISTICS READINESS),https://paladindanse111.github.io/AFSC-PDFs/21R.html,https://paladindanse111.github.io/AFSC-PDFs/BASE_TYNDALL_AFB.html,F-35,Active Duty
TYNDALL AFB,"30°04'47""N","85°36'26""W",16R FU 34229 28437,32E1A,32E1A (CIVIL ENGINEER),https://paladindanse111.github.io/AFSC-PDFs/32E.html,https://paladindanse111.github.io/AFSC-PDFs/BASE_TYNDALL_AFB.html,F-15,Active Duty
TYNDALL AFB,"30°04'47""N","85°36'26""W",16R FU 34229 28437,32E1A,32E1A (CIVIL ENGINEER),https://paladindanse111.github.io/AFSC-PDFs/32E.html,https://paladindanse111.github.io/AFSC-PDFs/BASE_TYNDALL_AFB.html,F-15E,Active Duty
TYNDALL AFB,"30°04'47""N","85°36'26""W",16R FU 34229 28437,32E1A,32E1A (CIVIL ENGINEER),https://paladindanse111.github.io/AFSC-PDFs/32E.html,https://paladindanse111.github.io/AFSC-PDFs/BASE_TYNDALL_AFB.html,F-16,Active Duty
TYNDALL AFB,"30°04'47""N","85°36'26""W",16R FU 34229 28437,32E1A,32E1A (CIVIL ENGINEER),https://paladindanse111.github.io/AFSC-PDFs/32E.html,https://paladindanse111.github.io/AFSC-PDFs/BASE_TYNDALL_AFB.html,F-22,Active Duty
TYNDALL AFB,"30°04'47""N","85°36'26""W",16R FU 34229 28437,32E1A,32E1A (CIVIL ENGINEER),https://paladindanse111.github.io/AFSC-PDFs/32E.html,https://paladindanse111.github.io/AFSC-PDFs/BASE_TYNDALL_AFB.html,F-35,Active Duty
TYNDALL AFB,"30°04'47""N","85°36'26""W",16R FU 34229 28437,32E1C,32E1C (CIVIL ENGINEER),https://paladindanse111.github.io/AFSC-PDFs/32E.html,https://paladindanse111.github.io/AFSC-PDFs/BASE_TYNDALL_AFB.html,F-15,Active Duty
TYNDALL AFB,"30°04'47""N","85°36'26""W",16R FU 34229 28437,32E1C,32E1C (CIVIL ENGINEER),https://paladindanse111.github.io/AFSC-PDFs/32E.html,https://paladindanse111.github.io/AFSC-PDFs/BASE_TYNDALL_AFB.html,F-15E,Active Duty
TYNDALL AFB,"30°04'47""N","85°36'26""W",16R FU 34229 28437,32E1C,32E1C (CIVIL ENGINEER),https://paladindanse111.github.io/AFSC-PDFs/32E.html,https://paladindanse111.github.io/AFSC-PDFs/BASE_TYNDALL_AFB.html,F-16,Active Duty
TYNDALL AFB,"30°04'47""N","85°36'26""W",16R FU 34229 28437,32E1C,32E1C (CIVIL ENGINEER),https://paladindanse111.github.io/AFSC-PDFs/32E.html,https://paladindanse111.github.io/AFSC-PDFs/BASE_TYNDALL_AFB.html,F-22,Active Duty
TYNDALL AFB,"30°04'47""N","85°36'26""W",16R FU 34229 28437,32E1C,32E1C (CIVIL ENGINEER),https://paladindanse111.github.io/AFSC-PDFs/32E.html,https://paladindanse111.github.io/AFSC-PDFs/BASE_TYNDALL_AFB.html,F-35,Active Duty
TYNDALL AFB,"30°04'47""N","85°36'26""W",16R FU 34229 28437,32E1E,32E1E (CIVIL ENGINEER),https://paladindanse111.github.io/AFSC-PDFs/32E.html,https://paladindanse111.github.io/AFSC-PDFs/BASE_TYNDALL_AFB.html,F-15,Active Duty
TYNDALL AFB,"30°04'47""N","85°36'26""W",16R FU 34229 28437,32E1E,32E1E (CIVIL ENGINEER),https://paladindanse111.github.io/AFSC-PDFs/32E.html,https://paladindanse111.github.io/AFSC-PDFs/BASE_TYNDALL_AFB.html,F-15E,Active Duty
TYNDALL AFB,"30°04'47""N","85°36'26""W",16R FU 34229 28437,32E1E,32E1E (CIVIL ENGINEER),https://paladindanse111.github.io/AFSC-PDFs/32E.html,https://paladindanse111.github.io/AFSC-PDFs/BASE_TYNDALL_AFB.html,F-16,Active Duty
TYNDALL AFB,"30°04'47""N","85°36'26""W",16R FU 34229 28437,32E1E,32E1E (CIVIL ENGINEER),https://paladindanse111.github.io/AFSC-PDFs/32E.html,https://paladindanse111.github.io/AFSC-PDFs/BASE_TYNDALL_AFB.html,F-22,Active Duty
TYNDALL AFB,"30°04'47""N","85°36'26""W",16R FU 34229 28437,32E1E,32E1E (CIVIL ENGINEER),https://paladindanse111.github.io/AFSC-PDFs/32E.html,https://paladindanse111.github.io/AFSC-PDFs/BASE_TYNDALL_AFB.html,F-35,Active Duty
TYNDALL AFB,"30°04'47""N","85°36'26""W",16R FU 34229 28437,32E1F,32E1F (CIVIL ENGINEER),https://paladindanse111.github.io/AFSC-PDFs/32E.html,https://paladindanse111.github.io/AFSC-PDFs/BASE_TYNDALL_AFB.html,F-15,Active Duty
TYNDALL AFB,"30°04'47""N","85°36'26""W",16R FU 34229 28437,32E1F,32E1F (CIVIL ENGINEER),https://paladindanse111.github.io/AFSC-PDFs/32E.html,https://paladindanse111.github.io/AFSC-PDFs/BASE_TYNDALL_AFB.html,F-15E,Active Duty
TYNDALL AFB,"30°04'47""N","85°36'26""W",16R FU 34229 28437,32E1F,32E1F (CIVIL ENGINEER),https://paladindanse111.github.io/AFSC-PDFs/32E.html,https://paladindanse111.github.io/AFSC-PDFs/BASE_TYNDALL_AFB.html,F-16,Active Duty
TYNDALL AFB,"30°04'47""N","85°36'26""W",16R FU 34229 28437,32E1F,32E1F (CIVIL ENGINEER),https://paladindanse111.github.io/AFSC-PDFs/32E.html,https://paladindanse111.github.io/AFSC-PDFs/BASE_TYNDALL_AFB.html,F-22,Active Duty
TYNDALL AFB,"30°04'47""N","85°36'26""W",16R FU 34229 28437,32E1F,32E1F (CIVIL ENGINEER),https://paladindanse111.github.io/AFSC-PDFs/32E.html,https://paladindanse111.github.io/AFSC-PDFs/BASE_TYNDALL_AFB.html,F-35,Active Duty
TYNDALL AFB,"30°04'47""N","85°36'26""W",16R FU 34229 28437,32E1G,32E1G (CIVIL ENGINEER),https://paladindanse111.github.io/AFSC-PDFs/32E.html,https://paladindanse111.github.io/AFSC-PDFs/BASE_TYNDALL_AFB.html,F-15,Active Duty
TYNDALL AFB,"30°04'47""N","85°36'26""W",16R FU 34229 28437,32E1G,32E1G (CIVIL ENGINEER),https://paladindanse111.github.io/AFSC-PDFs/32E.html,https://paladindanse111.github.io/AFSC-PDFs/BASE_TYNDALL_AFB.html,F-15E,Active Duty
TYNDALL AFB,"30°04'47""N","85°36'26""W",16R FU 34229 28437,32E1G,32E1G (CIVIL ENGINEER),https://paladindanse111.github.io/AFSC-PDFs/32E.html,https://paladindanse111.github.io/AFSC-PDFs/BASE_TYNDALL_AFB.html,F-16,Active Duty
TYNDALL AFB,"30°04'47""N","85°36'26""W",16R FU 34229 28437,32E1G,32E1G (CIVIL ENGINEER),https://paladindanse111.github.io/AFSC-PDFs/32E.html,https://paladindanse111.github.io/AFSC-PDFs/BASE_TYNDALL_AFB.html,F-22,Active Duty
TYNDALL AFB,"30°04'47""N","85°36'26""W",16R FU 34229 28437,32E1G,32E1G (CIVIL ENGINEER),https://paladindanse111.github.io/AFSC-PDFs/32E.html,https://paladindanse111.github.io/AFSC-PDFs/BASE_TYNDALL_AFB.html,F-35,Active Duty
TYNDALL AFB,"30°04'47""N","85°36'26""W",16R FU 34229 28437,32E1J,32E1J (CIVIL ENGINEER),https://paladindanse111.github.io/AFSC-PDFs/32E.html,https://paladindanse111.github.io/AFSC-PDFs/BASE_TYNDALL_AFB.html,F-15,Active Duty
TYNDALL AFB,"30°04'47""N","85°36'26""W",16R FU 34229 28437,32E1J,32E1J (CIVIL ENGINEER),https://paladindanse111.github.io/AFSC-PDFs/32E.html,https://paladindanse111.github.io/AFSC-PDFs/BASE_TYNDALL_AFB.html,F-15E,Active Duty
TYNDALL AFB,"30°04'47""N","85°36'26""W",16R FU 34229 28437,32E1J,32E1J (CIVIL ENGINEER),https://paladindanse111.github.io/AFSC-PDFs/32E.html,https://paladindanse111.github.io/AFSC-PDFs/BASE_TYNDALL_AFB.html,F-16,Active Duty
TYNDALL AFB,"30°04'47""N","85°36'26""W",16R FU 34229 28437,32E1J,32E1J (CIVIL ENGINEER),https://paladindanse111.github.io/AFSC-PDFs/32E.html,https://paladindanse111.github.io/AFSC-PDFs/BASE_TYNDALL_AFB.html,F-22,Active Duty
TYNDALL AFB,"30°04'47""N","85°36'26""W",16R FU 34229 28437,32E1J,32E1J (CIVIL ENGINEER),https://paladindanse111.github.io/AFSC-PDFs/32E.html,https://paladindanse111.github.io/AFSC-PDFs/BASE_TYNDALL_AFB.html,F-35,Active Duty
TYNDALL AFB,"30°04'47""N","85°36'26""W",16R FU 34229 28437,35P1,35P1 (PUBLIC AFFAIRS),https://paladindanse111.github.io/AFSC-PDFs/35P.html,https://paladindanse111.github.io/AFSC-PDFs/BASE_TYNDALL_AFB.html,F-15,Active Duty
TYNDALL AFB,"30°04'47""N","85°36'26""W",16R FU 34229 28437,35P1,35P1 (PUBLIC AFFAIRS),https://paladindanse111.github.io/AFSC-PDFs/35P.html,https://paladindanse111.github.io/AFSC-PDFs/BASE_TYNDALL_AFB.html,F-15E,Active Duty
TYNDALL AFB,"30°04'47""N","85°36'26""W",16R FU 34229 28437,35P1,35P1 (PUBLIC AFFAIRS),https://paladindanse111.github.io/AFSC-PDFs/35P.html,https://paladindanse111.github.io/AFSC-PDFs/BASE_TYNDALL_AFB.html,F-16,Active Duty
TYNDALL AFB,"30°04'47""N","85°36'26""W",16R FU 34229 28437,35P1,35P1 (PUBLIC AFFAIRS),https://paladindanse111.github.io/AFSC-PDFs/35P.html,https://paladindanse111.github.io/AFSC-PDFs/BASE_TYNDALL_AFB.html,F-22,Active Duty
TYNDALL AFB,"30°04'47""N","85°36'26""W",16R FU 34229 28437,35P1,35P1 (PUBLIC AFFAIRS),https://paladindanse111.github.io/AFSC-PDFs/35P.html,https://paladindanse111.github.io/AFSC-PDFs/BASE_TYNDALL_AFB.html,F-35,Active Duty
TYNDALL AFB,"30°04'47""N","85°36'26""W",16R FU 34229 28437,62E1A,62E1A (DEVELOPMENTAL ENGINEER),https://paladindanse111.github.io/AFSC-PDFs/62E.html,https://paladindanse111.github.io/AFSC-PDFs/BASE_TYNDALL_AFB.html,F-15,Active Duty
TYNDALL AFB,"30°04'47""N","85°36'26""W",16R FU 34229 28437,62E1A,62E1A (DEVELOPMENTAL ENGINEER),https://paladindanse111.github.io/AFSC-PDFs/62E.html,https://paladindanse111.github.io/AFSC-PDFs/BASE_TYNDALL_AFB.html,F-15E,Active Duty
TYNDALL AFB,"30°04'47""N","85°36'26""W",16R FU 34229 28437,62E1A,62E1A (DEVELOPMENTAL ENGINEER),https://paladindanse111.github.io/AFSC-PDFs/62E.html,https://paladindanse111.github.io/AFSC-PDFs/BASE_TYNDALL_AFB.html,F-16,Active Duty
TYNDALL AFB,"30°04'47""N","85°36'26""W",16R FU 34229 28437,62E1A,62E1A (DEVELOPMENTAL ENGINEER),https://paladindanse111.github.io/AFSC-PDFs/62E.html,https://paladindanse111.github.io/AFSC-PDFs/BASE_TYNDALL_AFB.html,F-22,Active Duty
TYNDALL AFB,"30°04'47""N","85°36'26""W",16R FU 34229 28437,62E1A,62E1A (DEVELOPMENTAL ENGINEER),https://paladindanse111.github.io/AFSC-PDFs/62E.html,https://paladindanse111.github.io/AFSC-PDFs/BASE_TYNDALL_AFB.html,F-35,Active Duty
TYNDALL AFB,"30°04'47""N","85°36'26""W",16R FU 34229 28437,62E1B,62E1B (DEVELOPMENTAL ENGINEER),https://paladindanse111.github.io/AFSC-PDFs/62E.html,https://paladindanse111.github.io/AFSC-PDFs/BASE_TYNDALL_AFB.html,F-15,Active Duty
TYNDALL AFB,"30°04'47""N","85°36'26""W",16R FU 34229 28437,62E1B,62E1B (DEVELOPMENTAL ENGINEER),https://paladindanse111.github.io/AFSC-PDFs/62E.html,https://paladindanse111.github.io/AFSC-PDFs/BASE_TYNDALL_AFB.html,F-15E,Active Duty
TYNDALL AFB,"30°04'47""N","85°36'26""W",16R FU 34229 28437,62E1B,62E1B (DEVELOPMENTAL ENGINEER),https://paladindanse111.github.io/AFSC-PDFs/62E.html,https://paladindanse111.github.io/AFSC-PDFs/BASE_TYNDALL_AFB.html,F-16,Active Duty
TYNDALL AFB,"30°04'47""N","85°36'26""W",16R FU 34229 28437,62E1B,62E1B (DEVELOPMENTAL ENGINEER),https://paladindanse111.github.io/AFSC-PDFs/62E.html,https://paladindanse111.github.io/AFSC-PDFs/BASE_TYNDALL_AFB.html,F-22,Active Duty
TYNDALL AFB,"30°04'47""N","85°36'26""W",16R FU 34229 28437,62E1B,62E1B (DEVELOPMENTAL ENGINEER),https://paladindanse111.github.io/AFSC-PDFs/62E.html,https://paladindanse111.github.io/AFSC-PDFs/BASE_TYNDALL_AFB.html,F-35,Active Duty
TYNDALL AFB,"30°04'47""N","85°36'26""W",16R FU 34229 28437,62E1C,62E1C (DEVELOPMENTAL ENGINEER),https://paladindanse111.github.io/AFSC-PDFs/62E.html,https://paladindanse111.github.io/AFSC-PDFs/BASE_TYNDALL_AFB.html,F-15,Active Duty
TYNDALL AFB,"30°04'47""N","85°36'26""W",16R FU 34229 28437,62E1C,62E1C (DEVELOPMENTAL ENGINEER),https://paladindanse111.github.io/AFSC-PDFs/62E.html,https://paladindanse111.github.io/AFSC-PDFs/BASE_TYNDALL_AFB.html,F-15E,Active Duty
TYNDALL AFB,"30°04'47""N","85°36'26""W",16R FU 34229 28437,62E1C,62E1C (DEVELOPMENTAL ENGINEER),https://paladindanse111.github.io/AFSC-PDFs/62E.html,https://paladindanse111.github.io/AFSC-PDFs/BASE_TYNDALL_AFB.html,F-16,Active Duty
TYNDALL AFB,"30°04'47""N","85°36'26""W",16R FU 34229 28437,62E1C,62E1C (DEVELOPMENTAL ENGINEER),https://paladindanse111.github.io/AFSC-PDFs/62E.html,https://paladindanse111.github.io/AFSC-PDFs/BASE_TYNDALL_AFB.html,F-22,Active Duty
TYNDALL AFB,"30°04'47""N","85°36'26""W",16R FU 34229 28437,62E1C,62E1C (DEVELOPMENTAL ENGINEER),https://paladindanse111.github.io/AFSC-PDFs/62E.html,https://paladindanse111.github.io/AFSC-PDFs/BASE_TYNDALL_AFB.html,F-35,Active Duty
TYNDALL AFB,"30°04'47""N","85°36'26""W",16R FU 34229 28437,62E1E,62E1E (DEVELOPMENTAL ENGINEER),https://paladindanse111.github.io/AFSC-PDFs/62E.html,https://paladindanse111.github.io/AFSC-PDFs/BASE_TYNDALL_AFB.html,F-15,Active Duty
TYNDALL AFB,"30°04'47""N","85°36'26""W",16R FU 34229 28437,62E1E,62E1E (DEVELOPMENTAL ENGINEER),https://paladindanse111.github.io/AFSC-PDFs/62E.html,https://paladindanse111.github.io/AFSC-PDFs/BASE_TYNDALL_AFB.html,F-15E,Active Duty
TYNDALL AFB,"30°04'47""N","85°36'26""W",16R FU 34229 28437,62E1E,62E1E (DEVELOPMENTAL ENGINEER),https://paladindanse111.github.io/AFSC-PDFs/62E.html,https://paladindanse111.github.io/AFSC-PDFs/BASE_TYNDALL_AFB.html,F-16,Active Duty
TYNDALL AFB,"30°04'47""N","85°36'26""W",16R FU 34229 28437,62E1E,62E1E (DEVELOPMENTAL ENGINEER),https://paladindanse111.github.io/AFSC-PDFs/62E.html,https://paladindanse111.github.io/AFSC-PDFs/BASE_TYNDALL_AFB.html,F-22,Active Duty
TYNDALL AFB,"30°04'47""N","85°36'26""W",16R FU 34229 28437,62E1E,62E1E (DEVELOPMENTAL ENGINEER),https://paladindanse111.github.io/AFSC-PDFs/62E.html,https://paladindanse111.github.io/AFSC-PDFs/BASE_TYNDALL_AFB.html,F-35,Active Duty
TYNDALL AFB,"30°04'47""N","85°36'26""W",16R FU 34229 28437,62E1G,62E1G (DEVELOPMENTAL ENGINEER),https://paladindanse111.github.io/AFSC-PDFs/62E.html,https://paladindanse111.github.io/AFSC-PDFs/BASE_TYNDALL_AFB.html,F-15,Active Duty
TYNDALL AFB,"30°04'47""N","85°36'26""W",16R FU 34229 28437,62E1G,62E1G (DEVELOPMENTAL ENGINEER),https://paladindanse111.github.io/AFSC-PDFs/62E.html,https://paladindanse111.github.io/AFSC-PDFs/BASE_TYNDALL_AFB.html,F-15E,Active Duty
TYNDALL AFB,"30°04'47""N","85°36'26""W",16R FU 34229 28437,62E1G,62E1G (DEVELOPMENTAL ENGINEER),https://paladindanse111.github.io/AFSC-PDFs/62E.html,https://paladindanse111.github.io/AFSC-PDFs/BASE_TYNDALL_AFB.html,F-16,Active Duty
TYNDALL AFB,"30°04'47""N","85°36'26""W",16R FU 34229 28437,62E1G,62E1G (DEVELOPMENTAL ENGINEER),https://paladindanse111.github.io/AFSC-PDFs/62E.html,https://paladindanse111.github.io/AFSC-PDFs/BASE_TYNDALL_AFB.html,F-22,Active Duty
TYNDALL AFB,"30°04'47""N","85°36'26""W",16R FU 34229 28437,62E1G,62E1G (DEVELOPMENTAL ENGINEER),https://paladindanse111.github.io/AFSC-PDFs/62E.html,https://paladindanse111.github.io/AFSC-PDFs/BASE_TYNDALL_AFB.html,F-35,Active Duty
TYNDALL AFB,"30°04'47""N","85°36'26""W",16R FU 34229 28437,62E1H,62E1H (DEVELOPMENTAL ENGINEER),https://paladindanse111.github.io/AFSC-PDFs/62E.html,https://paladindanse111.github.io/AFSC-PDFs/BASE_TYNDALL_AFB.html,F-15,Active Duty
TYNDALL AFB,"30°04'47""N","85°36'26""W",16R FU 34229 28437,62E1H,62E1H (DEVELOPMENTAL ENGINEER),https://paladindanse111.github.io/AFSC-PDFs/62E.html,https://paladindanse111.github.io/AFSC-PDFs/BASE_TYNDALL_AFB.html,F-15E,Active Duty
TYNDALL AFB,"30°04'47""N","85°36'26""W",16R FU 34229 28437,62E1H,62E1H (DEVELOPMENTAL ENGINEER),https://paladindanse111.github.io/AFSC-PDFs/62E.html,https://paladindanse111.github.io/AFSC-PDFs/BASE_TYNDALL_AFB.html,F-16,Active Duty
TYNDALL AFB,"30°04'47""N","85°36'26""W",16R FU 34229 28437,62E1H,62E1H (DEVELOPMENTAL ENGINEER),https://paladindanse111.github.io/AFSC-PDFs/62E.html,https://paladindanse111.github.io/AFSC-PDFs/BASE_TYNDALL_AFB.html,F-22,Active Duty
TYNDALL AFB,"30°04'47""N","85°36'26""W",16R FU 34229 28437,62E1H,62E1H (DEVELOPMENTAL ENGINEER),https://paladindanse111.github.io/AFSC-PDFs/62E.html,https://paladindanse111.github.io/AFSC-PDFs/BASE_TYNDALL_AFB.html,F-35,Active Duty
TYNDALL AFB,"30°04'47""N","85°36'26""W",16R FU 34229 28437,62E1I,62E1I (DEVELOPMENTAL ENGINEER),https://paladindanse111.github.io/AFSC-PDFs/62E.html,https://paladindanse111.github.io/AFSC-PDFs/BASE_TYNDALL_AFB.html,F-15,Active Duty
TYNDALL AFB,"30°04'47""N","85°36'26""W",16R FU 34229 28437,62E1I,62E1I (DEVELOPMENTAL ENGINEER),https://paladindanse111.github.io/AFSC-PDFs/62E.html,https://paladindanse111.github.io/AFSC-PDFs/BASE_TYNDALL_AFB.html,F-15E,Active Duty
TYNDALL AFB,"30°04'47""N","85°36'26""W",16R FU 34229 28437,62E1I,62E1I (DEVELOPMENTAL ENGINEER),https://paladindanse111.github.io/AFSC-PDFs/62E.html,https://paladindanse111.github.io/AFSC-PDFs/BASE_TYNDALL_AFB.html,F-16,Active Duty
TYNDALL AFB,"30°04'47""N","85°36'26""W",16R FU 34229 28437,62E1I,62E1I (DEVELOPMENTAL ENGINEER),https://paladindanse111.github.io/AFSC-PDFs/62E.html,https://paladindanse111.github.io/AFSC-PDFs/BASE_TYNDALL_AFB.html,F-22,Active Duty
TYNDALL AFB,"30°04'47""N","85°36'26""W",16R FU 34229 28437,62E1I,62E1I (DEVELOPMENTAL ENGINEER),https://paladindanse111.github.io/AFSC-PDFs/62E.html,https://paladindanse111.github.io/AFSC-PDFs/BASE_TYNDALL_AFB.html,F-35,Active Duty
TYNDALL AFB,"30°04'47""N","85°36'26""W",16R FU 34229 28437,63A1,63A1 (AQUISITION MANAGER),https://paladindanse111.github.io/AFSC-PDFs/63A.html,https://paladindanse111.github.io/AFSC-PDFs/BASE_TYNDALL_AFB.html,F-15,Active Duty
TYNDALL AFB,"30°04'47""N","85°36'26""W",16R FU 34229 28437,63A1,63A1 (AQUISITION MANAGER),https://paladindanse111.github.io/AFSC-PDFs/63A.html,https://paladindanse111.github.io/AFSC-PDFs/BASE_TYNDALL_AFB.html,F-15E,Active Duty
TYNDALL AFB,"30°04'47""N","85°36'26""W",16R FU 34229 28437,63A1,63A1 (AQUISITION MANAGER),https://paladindanse111.github.io/AFSC-PDFs/63A.html,https://paladindanse111.github.io/AFSC-PDFs/BASE_TYNDALL_AFB.html,F-16,Active Duty
TYNDALL AFB,"30°04'47""N","85°36'26""W",16R FU 34229 28437,63A1,63A1 (AQUISITION MANAGER),https://paladindanse111.github.io/AFSC-PDFs/63A.html,https://paladindanse111.github.io/AFSC-PDFs/BASE_TYNDALL_AFB.html,F-22,Active Duty
TYNDALL AFB,"30°04'47""N","85°36'26""W",16R FU 34229 28437,63A1,63A1 (AQUISITION MANAGER),https://paladindanse111.github.io/AFSC-PDFs/63A.html,https://paladindanse111.github.io/AFSC-PDFs/BASE_TYNDALL_AFB.html,F-35,Active Duty
TYNDALL AFB,"30°04'47""N","85°36'26""W",16R FU 34229 28437,64P1,64P1 (CONTRACTING),https://paladindanse111.github.io/AFSC-PDFs/64P.html,https://paladindanse111.github.io/AFSC-PDFs/BASE_TYNDALL_AFB.html,F-15,Active Duty
TYNDALL AFB,"30°04'47""N","85°36'26""W",16R FU 34229 28437,64P1,64P1 (CONTRACTING),https://paladindanse111.github.io/AFSC-PDFs/64P.html,https://paladindanse111.github.io/AFSC-PDFs/BASE_TYNDALL_AFB.html,F-15E,Active Duty
TYNDALL AFB,"30°04'47""N","85°36'26""W",16R FU 34229 28437,64P1,64P1 (CONTRACTING),https://paladindanse111.github.io/AFSC-PDFs/64P.html,https://paladindanse111.github.io/AFSC-PDFs/BASE_TYNDALL_AFB.html,F-16,Active Duty
TYNDALL AFB,"30°04'47""N","85°36'26""W",16R FU 34229 28437,64P1,64P1 (CONTRACTING),https://paladindanse111.github.io/AFSC-PDFs/64P.html,https://paladindanse111.github.io/AFSC-PDFs/BASE_TYNDALL_AFB.html,F-22,Active Duty
TYNDALL AFB,"30°04'47""N","85°36'26""W",16R FU 34229 28437,64P1,64P1 (CONTRACTING),https://paladindanse111.github.io/AFSC-PDFs/64P.html,https://paladindanse111.github.io/AFSC-PDFs/BASE_TYNDALL_AFB.html,F-35,Active Duty
TYNDALL AFB,"30°04'47""N","85°36'26""W",16R FU 34229 28437,65F1,65F1 (FINANCIAL MANAGEMENT),https://paladindanse111.github.io/AFSC-PDFs/65F.html,https://paladindanse111.github.io/AFSC-PDFs/BASE_TYNDALL_AFB.html,F-15,Active Duty
TYNDALL AFB,"30°04'47""N","85°36'26""W",16R FU 34229 28437,65F1,65F1 (FINANCIAL MANAGEMENT),https://paladindanse111.github.io/AFSC-PDFs/65F.html,https://paladindanse111.github.io/AFSC-PDFs/BASE_TYNDALL_AFB.html,F-15E,Active Duty
TYNDALL AFB,"30°04'47""N","85°36'26""W",16R FU 34229 28437,65F1,65F1 (FINANCIAL MANAGEMENT),https://paladindanse111.github.io/AFSC-PDFs/65F.html,https://paladindanse111.github.io/AFSC-PDFs/BASE_TYNDALL_AFB.html,F-16,Active Duty
TYNDALL AFB,"30°04'47""N","85°36'26""W",16R FU 34229 28437,65F1,65F1 (FINANCIAL MANAGEMENT),https://paladindanse111.github.io/AFSC-PDFs/65F.html,https://paladindanse111.github.io/AFSC-PDFs/BASE_TYNDALL_AFB.html,F-22,Active Duty
TYNDALL AFB,"30°04'47""N","85°36'26""W",16R FU 34229 28437,65F1,65F1 (FINANCIAL MANAGEMENT),https://paladindanse111.github.io/AFSC-PDFs/65F.html,https://paladindanse111.github.io/AFSC-PDFs/BASE_TYNDALL_AFB.html,F-35,Active Duty
TYNDALL AFB,"30°04'47""N","85°36'26""W",16R FU 34229 28437,92T2,92T2 (AIR BATTLE MANAGER TRAINEE),,https://paladindanse111.github.io/AFSC-PDFs/BASE_TYNDALL_AFB.html,F-15,Active Duty
TYNDALL AFB,"30°04'47""N","85°36'26""W",16R FU 34229 28437,92T2,92T2 (AIR BATTLE MANAGER TRAINEE),,https://paladindanse111.github.io/AFSC-PDFs/BASE_TYNDALL_AFB.html,F-15E,Active Duty
TYNDALL AFB,"30°04'47""N","85°36'26""W",16R FU 34229 28437,92T2,92T2 (AIR BATTLE MANAGER TRAINEE),,https://paladindanse111.github.io/AFSC-PDFs/BASE_TYNDALL_AFB.html,F-16,Active Duty
TYNDALL AFB,"30°04'47""N","85°36'26""W",16R FU 34229 28437,92T2,92T2 (AIR BATTLE MANAGER TRAINEE),,https://paladindanse111.github.io/AFSC-PDFs/BASE_TYNDALL_AFB.html,F-22,Active Duty
TYNDALL AFB,"30°04'47""N","85°36'26""W",16R FU 34229 28437,92T2,92T2 (AIR BATTLE MANAGER TRAINEE),,https://paladindanse111.github.io/AFSC-PDFs/BASE_TYNDALL_AFB.html,F-35,Active Duty
VANCE AFB,"36°20'21""N","97°54'47""W",14S NF 97544 22116,13H1,13H1 (AEROSPACE PHYSIOLOGIST),https://paladindanse111.github.io/AFSC-PDFs/13H.html,https://paladindanse111.github.io/AFSC-PDFs/BASE_VANCE_AFB.html,T-1,Active Duty
VANCE AFB,"36°20'21""N","97°54'47""W",14S NF 97544 22116,13H1,13H1 (AEROSPACE PHYSIOLOGIST),https://paladindanse111.github.io/AFSC-PDFs/13H.html,https://paladindanse111.github.io/AFSC-PDFs/BASE_VANCE_AFB.html,T-38,Active Duty
VANCE AFB,"36°20'21""N","97°54'47""W",14S NF 97544 22116,13H1,13H1 (AEROSPACE PHYSIOLOGIST),https://paladindanse111.github.io/AFSC-PDFs/13H.html,https://paladindanse111.github.io/AFSC-PDFs/BASE_VANCE_AFB.html,T-6,Active Duty
VANCE AFB,"36°20'21""N","97°54'47""W",14S NF 97544 22116,15W1,15W1 (WEATHER AND ENVIRONMENTAL SCIENCES),https://paladindanse111.github.io/AFSC-PDFs/15W.html,https://paladindanse111.github.io/AFSC-PDFs/BASE_VANCE_AFB.html,T-1,Active Duty
VANCE AFB,"36°20'21""N","97°54'47""W",14S NF 97544 22116,15W1,15W1 (WEATHER AND ENVIRONMENTAL SCIENCES),https://paladindanse111.github.io/AFSC-PDFs/15W.html,https://paladindanse111.github.io/AFSC-PDFs/BASE_VANCE_AFB.html,T-38,Active Duty
VANCE AFB,"36°20'21""N","97°54'47""W",14S NF 97544 22116,15W1,15W1 (WEATHER AND ENVIRONMENTAL SCIENCES),https://paladindanse111.github.io/AFSC-PDFs/15W.html,https://paladindanse111.github.io/AFSC-PDFs/BASE_VANCE_AFB.html,T-6,Active Duty
VANCE AFB,"36°20'21""N","97°54'47""W",14S NF 97544 22116,35P1,35P1 (PUBLIC AFFAIRS),https://paladindanse111.github.io/AFSC-PDFs/35P.html,https://paladindanse111.github.io/AFSC-PDFs/BASE_VANCE_AFB.html,T-1,Active Duty
VANCE AFB,"36°20'21""N","97°54'47""W",14S NF 97544 22116,35P1,35P1 (PUBLIC AFFAIRS),https://paladindanse111.github.io/AFSC-PDFs/35P.html,https://paladindanse111.github.io/AFSC-PDFs/BASE_VANCE_AFB.html,T-38,Active Duty
VANCE AFB,"36°20'21""N","97°54'47""W",14S NF 97544 22116,35P1,35P1 (PUBLIC AFFAIRS),https://paladindanse111.github.io/AFSC-PDFs/35P.html,https://paladindanse111.github.io/AFSC-PDFs/BASE_VANCE_AFB.html,T-6,Active Duty
VANCE AFB,"36°20'21""N","97°54'47""W",14S NF 97544 22116,64P1,64P1 (CONTRACTING),https://paladindanse111.github.io/AFSC-PDFs/64P.html,https://paladindanse111.github.io/AFSC-PDFs/BASE_VANCE_AFB.html,T-1,Active Duty
VANCE AFB,"36°20'21""N","97°54'47""W",14S NF 97544 22116,64P1,64P1 (CONTRACTING),https://paladindanse111.github.io/AFSC-PDFs/64P.html,https://paladindanse111.github.io/AFSC-PDFs/BASE_VANCE_AFB.html,T-38,Active Duty
VANCE AFB,"36°20'21""N","97°54'47""W",14S NF 97544 22116,64P1,64P1 (CONTRACTING),https://paladindanse111.github.io/AFSC-PDFs/64P.html,https://paladindanse111.github.io/AFSC-PDFs/BASE_VANCE_AFB.html,T-6,Active Duty
VANCE AFB,"36°20'21""N","97°54'47""W",14S NF 97544 22116,65F1,65F1 (FINANCIAL MANAGEMENT),https://paladindanse111.github.io/AFSC-PDFs/65F.html,https://paladindanse111.github.io/AFSC-PDFs/BASE_VANCE_AFB.html,T-1,Active Duty
VANCE AFB,"36°20'21""N","97°54'47""W",14S NF 97544 22116,65F1,65F1 (FINANCIAL MANAGEMENT),https://paladindanse111.github.io/AFSC-PDFs/65F.html,https://paladindanse111.github.io/AFSC-PDFs/BASE_VANCE_AFB.html,T-38,Active Duty
VANCE AFB,"36°20'21""N","97°54'47""W",14S NF 97544 22116,65F1,65F1 (FINANCIAL MANAGEMENT),https://paladindanse111.github.io/AFSC-PDFs/65F.html,https://paladindanse111.github.io/AFSC-PDFs/BASE_VANCE_AFB.html,T-6,Active Duty
VANCE AFB,"36°20'21""N","97°54'47""W",14S NF 97544 22116,92T0,92T0 (PILOT TRAINEE),,https://paladindanse111.github.io/AFSC-PDFs/BASE_VANCE_AFB.html,T-1,Active Duty
VANCE AFB,"36°20'21""N","97°54'47""W",14S NF 97544 22116,92T0,92T0 (PILOT TRAINEE),,https://paladindanse111.github.io/AFSC-PDFs/BASE_VANCE_AFB.html,T-38,Active Duty
VANCE AFB,"36°20'21""N","97°54'47""W",14S NF 97544 22116,92T0,92T0 (PILOT TRAINEE),,https://paladindanse111.github.io/AFSC-PDFs/BASE_VANCE_AFB.html,T-6,Active Duty
VANDENBERG SFB,"34°44'31""N","120°34'20""W",10S GD 22255 47110,13N1,13N1 (NUCLEAR AND MISSILE OPERATIONS),https://paladindanse111.github.io/AFSC-PDFs/13N.html,https://paladindanse111.github.io/AFSC-PDFs/BASE_VANDENBERG_SFB.html,,Active Duty
VANDENBERG SFB,"34°44'31""N","120°34'20""W",10S GD 22255 47110,21M1,21M1 (MUNITIONS AND MISSILE MAINTENANCE),https://paladindanse111.github.io/AFSC-PDFs/21M.html,https://paladindanse111.github.io/AFSC-PDFs/BASE_VANDENBERG_SFB.html,,Active Duty
VANDENBERG SFB,"34°44'31""N","120°34'20""W",10S GD 22255 47110,32E1A,32E1A (CIVIL ENGINEER),https://paladindanse111.github.io/AFSC-PDFs/32E.html,https://paladindanse111.github.io/AFSC-PDFs/BASE_VANDENBERG_SFB.html,,Active Duty
VANDENBERG SFB,"34°44'31""N","120°34'20""W",10S GD 22255 47110,32E1C,32E1C (CIVIL ENGINEER),https://paladindanse111.github.io/AFSC-PDFs/32E.html,https://paladindanse111.github.io/AFSC-PDFs/BASE_VANDENBERG_SFB.html,,Active Duty
VANDENBERG SFB,"34°44'31""N","120°34'20""W",10S GD 22255 47110,32E1E,32E1E (CIVIL ENGINEER),https://paladindanse111.github.io/AFSC-PDFs/32E.html,https://paladindanse111.github.io/AFSC-PDFs/BASE_VANDENBERG_SFB.html,,Active Duty
VANDENBERG SFB,"34°44'31""N","120°34'20""W",10S GD 22255 47110,32E1F,32E1F (CIVIL ENGINEER),https://paladindanse111.github.io/AFSC-PDFs/32E.html,https://paladindanse111.github.io/AFSC-PDFs/BASE_VANDENBERG_SFB.html,,Active Duty
VANDENBERG SFB,"34°44'31""N","120°34'20""W",10S GD 22255 47110,32E1G,32E1G (CIVIL ENGINEER),https://paladindanse111.github.io/AFSC-PDFs/32E.html,https://paladindanse111.github.io/AFSC-PDFs/BASE_VANDENBERG_SFB.html,,Active Duty
VANDENBERG SFB,"34°44'31""N","120°34'20""W",10S GD 22255 47110,32E1J,32E1J (CIVIL ENGINEER),https://paladindanse111.github.io/AFSC-PDFs/32E.html,https://paladindanse111.github.io/AFSC-PDFs/BASE_VANDENBERG_SFB.html,,Active Duty
VANDENBERG SFB,"34°44'31""N","120°34'20""W",10S GD 22255 47110,35P1,35P1 (PUBLIC AFFAIRS),https://paladindanse111.github.io/AFSC-PDFs/35P.html,https://paladindanse111.github.io/AFSC-PDFs/BASE_VANDENBERG_SFB.html,,Active Duty
VANDENBERG SFB,"34°44'31""N","120°34'20""W",10S GD 22255 47110,38F1,38F1 (FORCE SUPPORT),https://paladindanse111.github.io/AFSC-PDFs/38F.html,https://paladindanse111.github.io/AFSC-PDFs/BASE_VANDENBERG_SFB.html,,Active Duty
VANDENBERG SFB,"34°44'31""N","120°34'20""W",10S GD 22255 47110,64P1,64P1 (CONTRACTING),https://paladindanse111.github.io/AFSC-PDFs/64P.html,https://paladindanse111.github.io/AFSC-PDFs/BASE_VANDENBERG_SFB.html,,Active Duty
VANDENBERG SFB,"34°44'31""N","120°34'20""W",10S GD 22255 47110,65F1,65F1 (FINANCIAL MANAGEMENT),https://paladindanse111.github.io/AFSC-PDFs/65F.html,https://paladindanse111.github.io/AFSC-PDFs/BASE_VANDENBERG_SFB.html,,Active Duty
WRIGHT-PATTERSON AFB,"39°48'37""N","84°01'55""W",16S GK 54072 10915,13H1,13H1 (AEROSPACE PHYSIOLOGIST),https://paladindanse111.github.io/AFSC-PDFs/13H.html,https://paladindanse111.github.io/AFSC-PDFs/BASE_WRIGHT-PATTERSON_AFB.html,,Active Duty
WRIGHT-PATTERSON AFB,"39°48'37""N","84°01'55""W",16S GK 54072 10915,13M1,13M1 (AIRFIELD OPERATIONS),https://paladindanse111.github.io/AFSC-PDFs/13M.html,https://paladindanse111.github.io/AFSC-PDFs/BASE_WRIGHT-PATTERSON_AFB.html,,Active Duty
WRIGHT-PATTERSON AFB,"39°48'37""N","84°01'55""W",16S GK 54072 10915,14F1,14F1 (INFORMATION OPERATIONS),https://paladindanse111.github.io/AFSC-PDFs/14F.html,https://paladindanse111.github.io/AFSC-PDFs/BASE_WRIGHT-PATTERSON_AFB.html,,Active Duty
WRIGHT-PATTERSON AFB,"39°48'37""N","84°01'55""W",16S GK 54072 10915,15A1,15A1 (OPERATIONS ANALYSIS OFFICER),https://paladindanse111.github.io/AFSC-PDFs/15A.html,https://paladindanse111.github.io/AFSC-PDFs/BASE_WRIGHT-PATTERSON_AFB.html,,Active Duty
WRIGHT-PATTERSON AFB,"39°48'37""N","84°01'55""W",16S GK 54072 10915,38F1,38F1 (FORCE SUPPORT),https://paladindanse111.github.io/AFSC-PDFs/38F.html,https://paladindanse111.github.io/AFSC-PDFs/BASE_WRIGHT-PATTERSON_AFB.html,,Active Duty
WRIGHT-PATTERSON AFB,"39°48'37""N","84°01'55""W",16S GK 54072 10915,61C1,61C1 (CHEMIST/NUCLEAR CHEMIST),https://paladindanse111.github.io/AFSC-PDFs/61C.html,https://paladindanse111.github.io/AFSC-PDFs/BASE_WRIGHT-PATTERSON_AFB.html,,Active Duty
WRIGHT-PATTERSON AFB,"39°48'37""N","84°01'55""W",16S GK 54072 10915,61D1,61D1 (PHYSICIST/NUCLEAR ENGINEER),https://paladindanse111.github.io/AFSC-PDFs/61D.html,https://paladindanse111.github.io/AFSC-PDFs/BASE_WRIGHT-PATTERSON_AFB.html,,Active Duty
WRIGHT-PATTERSON AFB,"39°48'37""N","84°01'55""W",16S GK 54072 10915,62E1A,62E1A (DEVELOPMENTAL ENGINEER),https://paladindanse111.github.io/AFSC-PDFs/62E.html,https://paladindanse111.github.io/AFSC-PDFs/BASE_WRIGHT-PATTERSON_AFB.html,,Active Duty
WRIGHT-PATTERSON AFB,"39°48'37""N","84°01'55""W",16S GK 54072 10915,62E1B,62E1B (DEVELOPMENTAL ENGINEER),https://paladindanse111.github.io/AFSC-PDFs/62E.html,https://paladindanse111.github.io/AFSC-PDFs/BASE_WRIGHT-PATTERSON_AFB.html,,Active Duty
WRIGHT-PATTERSON AFB,"39°48'37""N","84°01'55""W",16S GK 54072 10915,62E1C,62E1C (DEVELOPMENTAL ENGINEER),https://paladindanse111.github.io/AFSC-PDFs/62E.html,https://paladindanse111.github.io/AFSC-PDFs/BASE_WRIGHT-PATTERSON_AFB.html,,Active Duty
WRIGHT-PATTERSON AFB,"39°48'37""N","84°01'55""W",16S GK 54072 10915,62E1E,62E1E (DEVELOPMENTAL ENGINEER),https://paladindanse111.github.io/AFSC-PDFs/62E.html,https://paladindanse111.github.io/AFSC-PDFs/BASE_WRIGHT-PATTERSON_AFB.html,,Active Duty
WRIGHT-PATTERSON AFB,"39°48'37""N","84°01'55""W",16S GK 54072 10915,62E1G,62E1G (DEVELOPMENTAL ENGINEER),https://paladindanse111.github.io/AFSC-PDFs/62E.html,https://paladindanse111.github.io/AFSC-PDFs/BASE_WRIGHT-PATTERSON_AFB.html,,Active Duty
WRIGHT-PATTERSON AFB,"39°48'37""N","84°01'55""W",16S GK 54072 10915,62E1H,62E1H (DEVELOPMENTAL ENGINEER),https://paladindanse111.github.io/AFSC-PDFs/62E.html,https://paladindanse111.github.io/AFSC-PDFs/BASE_WRIGHT-PATTERSON_AFB.html,,Active Duty
WRIGHT-PATTERSON AFB,"39°48'37""N","84°01'55""W",16S GK 54072 10915,62E1I,62E1I (DEVELOPMENTAL ENGINEER),https://paladindanse111.github.io/AFSC-PDFs/62E.html,https://paladindanse111.github.io/AFSC-PDFs/BASE_WRIGHT-PATTERSON_AFB.html,,Active Duty
WRIGHT-PATTERSON AFB,"39°48'37""N","84°01'55""W",16S GK 54072 10915,63A1,63A1 (AQUISITION MANAGER),https://paladindanse111.github.io/AFSC-PDFs/63A.html,https://paladindanse111.github.io/AFSC-PDFs/BASE_WRIGHT-PATTERSON_AFB.html,,Active Duty
WRIGHT-PATTERSON AFB,"39°48'37""N","84°01'55""W",16S GK 54072 10915,64P1,64P1 (CONTRACTING),https://paladindanse111.github.io/AFSC-PDFs/64P.html,https://paladindanse111.github.io/AFSC-PDFs/BASE_WRIGHT-PATTERSON_AFB.html,,Active Duty
WRIGHT-PATTERSON AFB,"39°48'37""N","84°01'55""W",16S GK 54072 10915,65F1,65F1 (FINANCIAL MANAGEMENT),https://paladindanse111.github.io/AFSC-PDFs/65F.html,https://paladindanse111.github.io/AFSC-PDFs/BASE_WRIGHT-PATTERSON_AFB.html,,Active Duty
WRIGHT-PATTERSON AFB,"39°48'37""N","84°01'55""W",16S GK 54072 10915,71S1,71S1 (SPECIAL INVESTIGATIONS),https://paladindanse111.github.io/AFSC-PDFs/71S.html,https://paladindanse111.github.io/AFSC-PDFs/BASE_WRIGHT-PATTERSON_AFB.html,,Active Duty
WHITEMAN AFB,"38°43'44""N","93°33'37""W",15S VC 51299 86840,15A1,15A1 (OPERATIONS ANALYSIS OFFICER),https://paladindanse111.github.io/AFSC-PDFs/15A.html,https://paladindanse111.github.io/AFSC-PDFs/BASE_WHITEMAN_AFB.html,A-10,Active Duty
WHITEMAN AFB,"38°43'44""N","93°33'37""W",15S VC 51299 86840,15A1,15A1 (OPERATIONS ANALYSIS OFFICER),https://paladindanse111.github.io/AFSC-PDFs/15A.html,https://paladindanse111.github.io/AFSC-PDFs/BASE_WHITEMAN_AFB.html,B-2,Active Duty
WHITEMAN AFB,"38°43'44""N","93°33'37""W",15S VC 51299 86840,15A1,15A1 (OPERATIONS ANALYSIS OFFICER),https://paladindanse111.github.io/AFSC-PDFs/15A.html,https://paladindanse111.github.io/AFSC-PDFs/BASE_WHITEMAN_AFB.html,T-38,Active Duty
WHITEMAN AFB,"38°43'44""N","93°33'37""W",15S VC 51299 86840,15W1,15W1 (WEATHER AND ENVIRONMENTAL SCIENCES),https://paladindanse111.github.io/AFSC-PDFs/15W.html,https://paladindanse111.github.io/AFSC-PDFs/BASE_WHITEMAN_AFB.html,A-10,Active Duty
WHITEMAN AFB,"38°43'44""N","93°33'37""W",15S VC 51299 86840,15W1,15W1 (WEATHER AND ENVIRONMENTAL SCIENCES),https://paladindanse111.github.io/AFSC-PDFs/15W.html,https://paladindanse111.github.io/AFSC-PDFs/BASE_WHITEMAN_AFB.html,B-2,Active Duty
WHITEMAN AFB,"38°43'44""N","93°33'37""W",15S VC 51299 86840,15W1,15W1 (WEATHER AND ENVIRONMENTAL SCIENCES),https://paladindanse111.github.io/AFSC-PDFs/15W.html,https://paladindanse111.github.io/AFSC-PDFs/BASE_WHITEMAN_AFB.html,T-38,Active Duty
WHITEMAN AFB,"38°43'44""N","93°33'37""W",15S VC 51299 86840,21A1,21A1 (AIRCRAFT MAINTENANCE),https://paladindanse111.github.io/AFSC-PDFs/21A.html,https://paladindanse111.github.io/AFSC-PDFs/BASE_WHITEMAN_AFB.html,A-10,Active Duty
WHITEMAN AFB,"38°43'44""N","93°33'37""W",15S VC 51299 86840,21A1,21A1 (AIRCRAFT MAINTENANCE),https://paladindanse111.github.io/AFSC-PDFs/21A.html,https://paladindanse111.github.io/AFSC-PDFs/BASE_WHITEMAN_AFB.html,B-2,Active Duty
WHITEMAN AFB,"38°43'44""N","93°33'37""W",15S VC 51299 86840,21A1,21A1 (AIRCRAFT MAINTENANCE),https://paladindanse111.github.io/AFSC-PDFs/21A.html,https://paladindanse111.github.io/AFSC-PDFs/BASE_WHITEMAN_AFB.html,T-38,Active Duty
WHITEMAN AFB,"38°43'44""N","93°33'37""W",15S VC 51299 86840,21M1,21M1 (MUNITIONS AND MISSILE MAINTENANCE),https://paladindanse111.github.io/AFSC-PDFs/21M.html,https://paladindanse111.github.io/AFSC-PDFs/BASE_WHITEMAN_AFB.html,A-10,Active Duty
WHITEMAN AFB,"38°43'44""N","93°33'37""W",15S VC 51299 86840,21M1,21M1 (MUNITIONS AND MISSILE MAINTENANCE),https://paladindanse111.github.io/AFSC-PDFs/21M.html,https://paladindanse111.github.io/AFSC-PDFs/BASE_WHITEMAN_AFB.html,B-2,Active Duty
WHITEMAN AFB,"38°43'44""N","93°33'37""W",15S VC 51299 86840,21M1,21M1 (MUNITIONS AND MISSILE MAINTENANCE),https://paladindanse111.github.io/AFSC-PDFs/21M.html,https://paladindanse111.github.io/AFSC-PDFs/BASE_WHITEMAN_AFB.html,T-38,Active Duty
WHITEMAN AFB,"38°43'44""N","93°33'37""W",15S VC 51299 86840,21R1,21R1 (LOGISTICS READINESS),https://paladindanse111.github.io/AFSC-PDFs/21R.html,https://paladindanse111.github.io/AFSC-PDFs/BASE_WHITEMAN_AFB.html,A-10,Active Duty
WHITEMAN AFB,"38°43'44""N","93°33'37""W",15S VC 51299 86840,21R1,21R1 (LOGISTICS READINESS),https://paladindanse111.github.io/AFSC-PDFs/21R.html,https://paladindanse111.github.io/AFSC-PDFs/BASE_WHITEMAN_AFB.html,B-2,Active Duty
WHITEMAN AFB,"38°43'44""N","93°33'37""W",15S VC 51299 86840,21R1,21R1 (LOGISTICS READINESS),https://paladindanse111.github.io/AFSC-PDFs/21R.html,https://paladindanse111.github.io/AFSC-PDFs/BASE_WHITEMAN_AFB.html,T-38,Active Duty
WHITEMAN AFB,"38°43'44""N","93°33'37""W",15S VC 51299 86840,31P1,31P1 (SECURITY FORCES),https://paladindanse111.github.io/AFSC-PDFs/31P.html,https://paladindanse111.github.io/AFSC-PDFs/BASE_WHITEMAN_AFB.html,A-10,Active Duty
WHITEMAN AFB,"38°43'44""N","93°33'37""W",15S VC 51299 86840,31P1,31P1 (SECURITY FORCES),https://paladindanse111.github.io/AFSC-PDFs/31P.html,https://paladindanse111.github.io/AFSC-PDFs/BASE_WHITEMAN_AFB.html,B-2,Active Duty
WHITEMAN AFB,"38°43'44""N","93°33'37""W",15S VC 51299 86840,31P1,31P1 (SECURITY FORCES),https://paladindanse111.github.io/AFSC-PDFs/31P.html,https://paladindanse111.github.io/AFSC-PDFs/BASE_WHITEMAN_AFB.html,T-38,Active Duty
WHITEMAN AFB,"38°43'44""N","93°33'37""W",15S VC 51299 86840,32E1A,32E1A (CIVIL ENGINEER),https://paladindanse111.github.io/AFSC-PDFs/32E.html,https://paladindanse111.github.io/AFSC-PDFs/BASE_WHITEMAN_AFB.html,A-10,Active Duty
WHITEMAN AFB,"38°43'44""N","93°33'37""W",15S VC 51299 86840,32E1A,32E1A (CIVIL ENGINEER),https://paladindanse111.github.io/AFSC-PDFs/32E.html,https://paladindanse111.github.io/AFSC-PDFs/BASE_WHITEMAN_AFB.html,B-2,Active Duty
WHITEMAN AFB,"38°43'44""N","93°33'37""W",15S VC 51299 86840,32E1A,32E1A (CIVIL ENGINEER),https://paladindanse111.github.io/AFSC-PDFs/32E.html,https://paladindanse111.github.io/AFSC-PDFs/BASE_WHITEMAN_AFB.html,T-38,Active Duty
WHITEMAN AFB,"38°43'44""N","93°33'37""W",15S VC 51299 86840,32E1C,32E1C (CIVIL ENGINEER),https://paladindanse111.github.io/AFSC-PDFs/32E.html,https://paladindanse111.github.io/AFSC-PDFs/BASE_WHITEMAN_AFB.html,A-10,Active Duty
WHITEMAN AFB,"38°43'44""N","93°33'37""W",15S VC 51299 86840,32E1C,32E1C (CIVIL ENGINEER),https://paladindanse111.github.io/AFSC-PDFs/32E.html,https://paladindanse111.github.io/AFSC-PDFs/BASE_WHITEMAN_AFB.html,B-2,Active Duty
WHITEMAN AFB,"38°43'44""N","93°33'37""W",15S VC 51299 86840,32E1C,32E1C (CIVIL ENGINEER),https://paladindanse111.github.io/AFSC-PDFs/32E.html,https://paladindanse111.github.io/AFSC-PDFs/BASE_WHITEMAN_AFB.html,T-38,Active Duty
WHITEMAN AFB,"38°43'44""N","93°33'37""W",15S VC 51299 86840,32E1E,32E1E (CIVIL ENGINEER),https://paladindanse111.github.io/AFSC-PDFs/32E.html,https://paladindanse111.github.io/AFSC-PDFs/BASE_WHITEMAN_AFB.html,A-10,Active Duty
WHITEMAN AFB,"38°43'44""N","93°33'37""W",15S VC 51299 86840,32E1E,32E1E (CIVIL ENGINEER),https://paladindanse111.github.io/AFSC-PDFs/32E.html,https://paladindanse111.github.io/AFSC-PDFs/BASE_WHITEMAN_AFB.html,B-2,Active Duty
WHITEMAN AFB,"38°43'44""N","93°33'37""W",15S VC 51299 86840,32E1E,32E1E (CIVIL ENGINEER),https://paladindanse111.github.io/AFSC-PDFs/32E.html,https://paladindanse111.github.io/AFSC-PDFs/BASE_WHITEMAN_AFB.html,T-38,Active Duty
WHITEMAN AFB,"38°43'44""N","93°33'37""W",15S VC 51299 86840,32E1F,32E1F (CIVIL ENGINEER),https://paladindanse111.github.io/AFSC-PDFs/32E.html,https://paladindanse111.github.io/AFSC-PDFs/BASE_WHITEMAN_AFB.html,A-10,Active Duty
WHITEMAN AFB,"38°43'44""N","93°33'37""W",15S VC 51299 86840,32E1F,32E1F (CIVIL ENGINEER),https://paladindanse111.github.io/AFSC-PDFs/32E.html,https://paladindanse111.github.io/AFSC-PDFs/BASE_WHITEMAN_AFB.html,B-2,Active Duty
WHITEMAN AFB,"38°43'44""N","93°33'37""W",15S VC 51299 86840,32E1F,32E1F (CIVIL ENGINEER),https://paladindanse111.github.io/AFSC-PDFs/32E.html,https://paladindanse111.github.io/AFSC-PDFs/BASE_WHITEMAN_AFB.html,T-38,Active Duty
WHITEMAN AFB,"38°43'44""N","93°33'37""W",15S VC 51299 86840,32E1G,32E1G (CIVIL ENGINEER),https://paladindanse111.github.io/AFSC-PDFs/32E.html,https://paladindanse111.github.io/AFSC-PDFs/BASE_WHITEMAN_AFB.html,A-10,Active Duty
WHITEMAN AFB,"38°43'44""N","93°33'37""W",15S VC 51299 86840,32E1G,32E1G (CIVIL ENGINEER),https://paladindanse111.github.io/AFSC-PDFs/32E.html,https://paladindanse111.github.io/AFSC-PDFs/BASE_WHITEMAN_AFB.html,B-2,Active Duty
WHITEMAN AFB,"38°43'44""N","93°33'37""W",15S VC 51299 86840,32E1G,32E1G (CIVIL ENGINEER),https://paladindanse111.github.io/AFSC-PDFs/32E.html,https://paladindanse111.github.io/AFSC-PDFs/BASE_WHITEMAN_AFB.html,T-38,Active Duty
WHITEMAN AFB,"38°43'44""N","93°33'37""W",15S VC 51299 86840,32E1J,32E1J (CIVIL ENGINEER),https://paladindanse111.github.io/AFSC-PDFs/32E.html,https://paladindanse111.github.io/AFSC-PDFs/BASE_WHITEMAN_AFB.html,A-10,Active Duty
WHITEMAN AFB,"38°43'44""N","93°33'37""W",15S VC 51299 86840,32E1J,32E1J (CIVIL ENGINEER),https://paladindanse111.github.io/AFSC-PDFs/32E.html,https://paladindanse111.github.io/AFSC-PDFs/BASE_WHITEMAN_AFB.html,B-2,Active Duty
WHITEMAN AFB,"38°43'44""N","93°33'37""W",15S VC 51299 86840,32E1J,32E1J (CIVIL ENGINEER),https://paladindanse111.github.io/AFSC-PDFs/32E.html,https://paladindanse111.github.io/AFSC-PDFs/BASE_WHITEMAN_AFB.html,T-38,Active Duty
WHITEMAN AFB,"38°43'44""N","93°33'37""W",15S VC 51299 86840,35P1,35P1 (PUBLIC AFFAIRS),https://paladindanse111.github.io/AFSC-PDFs/35P.html,https://paladindanse111.github.io/AFSC-PDFs/BASE_WHITEMAN_AFB.html,A-10,Active Duty
WHITEMAN AFB,"38°43'44""N","93°33'37""W",15S VC 51299 86840,35P1,35P1 (PUBLIC AFFAIRS),https://paladindanse111.github.io/AFSC-PDFs/35P.html,https://paladindanse111.github.io/AFSC-PDFs/BASE_WHITEMAN_AFB.html,B-2,Active Duty
WHITEMAN AFB,"38°43'44""N","93°33'37""W",15S VC 51299 86840,35P1,35P1 (PUBLIC AFFAIRS),https://paladindanse111.github.io/AFSC-PDFs/35P.html,https://paladindanse111.github.io/AFSC-PDFs/BASE_WHITEMAN_AFB.html,T-38,Active Duty
WHITEMAN AFB,"38°43'44""N","93°33'37""W",15S VC 51299 86840,38F1,38F1 (FORCE SUPPORT),https://paladindanse111.github.io/AFSC-PDFs/38F.html,https://paladindanse111.github.io/AFSC-PDFs/BASE_WHITEMAN_AFB.html,A-10,Active Duty
WHITEMAN AFB,"38°43'44""N","93°33'37""W",15S VC 51299 86840,38F1,38F1 (FORCE SUPPORT),https://paladindanse111.github.io/AFSC-PDFs/38F.html,https://paladindanse111.github.io/AFSC-PDFs/BASE_WHITEMAN_AFB.html,B-2,Active Duty
WHITEMAN AFB,"38°43'44""N","93°33'37""W",15S VC 51299 86840,38F1,38F1 (FORCE SUPPORT),https://paladindanse111.github.io/AFSC-PDFs/38F.html,https://paladindanse111.github.io/AFSC-PDFs/BASE_WHITEMAN_AFB.html,T-38,Active Duty
WHITEMAN AFB,"38°43'44""N","93°33'37""W",15S VC 51299 86840,62E1C,62E1C (DEVELOPMENTAL ENGINEER),https://paladindanse111.github.io/AFSC-PDFs/62E.html,https://paladindanse111.github.io/AFSC-PDFs/BASE_WHITEMAN_AFB.html,A-10,Active Duty
WHITEMAN AFB,"38°43'44""N","93°33'37""W",15S VC 51299 86840,62E1C,62E1C (DEVELOPMENTAL ENGINEER),https://paladindanse111.github.io/AFSC-PDFs/62E.html,https://paladindanse111.github.io/AFSC-PDFs/BASE_WHITEMAN_AFB.html,B-2,Active Duty
WHITEMAN AFB,"38°43'44""N","93°33'37""W",15S VC 51299 86840,62E1C,62E1C (DEVELOPMENTAL ENGINEER),https://paladindanse111.github.io/AFSC-PDFs/62E.html,https://paladindanse111.github.io/AFSC-PDFs/BASE_WHITEMAN_AFB.html,T-38,Active Duty
WHITEMAN AFB,"38°43'44""N","93°33'37""W",15S VC 51299 86840,62E1E,62E1E (DEVELOPMENTAL ENGINEER),https://paladindanse111.github.io/AFSC-PDFs/62E.html,https://paladindanse111.github.io/AFSC-PDFs/BASE_WHITEMAN_AFB.html,A-10,Active Duty
WHITEMAN AFB,"38°43'44""N","93°33'37""W",15S VC 51299 86840,62E1E,62E1E (DEVELOPMENTAL ENGINEER),https://paladindanse111.github.io/AFSC-PDFs/62E.html,https://paladindanse111.github.io/AFSC-PDFs/BASE_WHITEMAN_AFB.html,B-2,Active Duty
WHITEMAN AFB,"38°43'44""N","93°33'37""W",15S VC 51299 86840,62E1E,62E1E (DEVELOPMENTAL ENGINEER),https://paladindanse111.github.io/AFSC-PDFs/62E.html,https://paladindanse111.github.io/AFSC-PDFs/BASE_WHITEMAN_AFB.html,T-38,Active Duty
WHITEMAN AFB,"38°43'44""N","93°33'37""W",15S VC 51299 86840,64P1,64P1 (CONTRACTING),https://paladindanse111.github.io/AFSC-PDFs/64P.html,https://paladindanse111.github.io/AFSC-PDFs/BASE_WHITEMAN_AFB.html,A-10,Active Duty
WHITEMAN AFB,"38°43'44""N","93°33'37""W",15S VC 51299 86840,64P1,64P1 (CONTRACTING),https://paladindanse111.github.io/AFSC-PDFs/64P.html,https://paladindanse111.github.io/AFSC-PDFs/BASE_WHITEMAN_AFB.html,B-2,Active Duty
WHITEMAN AFB,"38°43'44""N","93°33'37""W",15S VC 51299 86840,64P1,64P1 (CONTRACTING),https://paladindanse111.github.io/AFSC-PDFs/64P.html,https://paladindanse111.github.io/AFSC-PDFs/BASE_WHITEMAN_AFB.html,T-38,Active Duty
WHITEMAN AFB,"38°43'44""N","93°33'37""W",15S VC 51299 86840,65F1,65F1 (FINANCIAL MANAGEMENT),https://paladindanse111.github.io/AFSC-PDFs/65F.html,https://paladindanse111.github.io/AFSC-PDFs/BASE_WHITEMAN_AFB.html,A-10,Active Duty
WHITEMAN AFB,"38°43'44""N","93°33'37""W",15S VC 51299 86840,65F1,65F1 (FINANCIAL MANAGEMENT),https://paladindanse111.github.io/AFSC-PDFs/65F.html,https://paladindanse111.github.io/AFSC-PDFs/BASE_WHITEMAN_AFB.html,B-2,Active Duty
WHITEMAN AFB,"38°43'44""N","93°33'37""W",15S VC 51299 86840,65F1,65F1 (FINANCIAL MANAGEMENT),https://paladindanse111.github.io/AFSC-PDFs/65F.html,https://paladindanse111.github.io/AFSC-PDFs/BASE_WHITEMAN_AFB.html,T-38,Active Duty
WHITEMAN AFB,"38°43'44""N","93°33'37""W",15S VC 51299 86840,71S1,71S1 (SPECIAL INVESTIGATIONS),https://paladindanse111.github.io/AFSC-PDFs/71S.html,https://paladindanse111.github.io/AFSC-PDFs/BASE_WHITEMAN_AFB.html,A-10,Active Duty
WHITEMAN AFB,"38°43'44""N","93°33'37""W",15S VC 51299 86840,71S1,71S1 (SPECIAL INVESTIGATIONS),https://paladindanse111.github.io/AFSC-PDFs/71S.html,https://paladindanse111.github.io/AFSC-PDFs/BASE_WHITEMAN_AFB.html,B-2,Active Duty
WHITEMAN AFB,"38°43'44""N","93°33'37""W",15S VC 51299 86840,71S1,71S1 (SPECIAL INVESTIGATIONS),https://paladindanse111.github.io/AFSC-PDFs/71S.html,https://paladindanse111.github.io/AFSC-PDFs/BASE_WHITEMAN_AFB.html,T-38,Active Duty
WHITE SAND MSL RG,"32° 24' 0""N","106° 24' 0""W",13S CR 68334 85636,62E1A,62E1A (DEVELOPMENTAL ENGINEER),https://paladindanse111.github.io/AFSC-PDFs/62E.html,https://paladindanse111.github.io/AFSC-PDFs/BASE_WHITE_SAND_MSL_RG.html,,Active Duty
WHITE SAND MSL RG,"32° 24' 0""N","106° 24' 0""W",13S CR 68334 85636,62E1B,62E1B (DEVELOPMENTAL ENGINEER),https://paladindanse111.github.io/AFSC-PDFs/62E.html,https://paladindanse111.github.io/AFSC-PDFs/BASE_WHITE_SAND_MSL_RG.html,,Active Duty
WHITE SAND MSL RG,"32° 24' 0""N","106° 24' 0""W",13S CR 68334 85636,62E1C,62E1C (DEVELOPMENTAL ENGINEER),https://paladindanse111.github.io/AFSC-PDFs/62E.html,https://paladindanse111.github.io/AFSC-PDFs/BASE_WHITE_SAND_MSL_RG.html,,Active Duty
WHITE SAND MSL RG,"32° 24' 0""N","106° 24' 0""W",13S CR 68334 85636,62E1E,62E1E (DEVELOPMENTAL ENGINEER),https://paladindanse111.github.io/AFSC-PDFs/62E.html,https://paladindanse111.github.io/AFSC-PDFs/BASE_WHITE_SAND_MSL_RG.html,,Active Duty
WHITE SAND MSL RG,"32° 24' 0""N","106° 24' 0""W",13S CR 68334 85636,62E1G,62E1G (DEVELOPMENTAL ENGINEER),https://paladindanse111.github.io/AFSC-PDFs/62E.html,https://paladindanse111.github.io/AFSC-PDFs/BASE_WHITE_SAND_MSL_RG.html,,Active Duty
WHITE SAND MSL RG,"32° 24' 0""N","106° 24' 0""W",13S CR 68334 85636,62E1H,62E1H (DEVELOPMENTAL ENGINEER),https://paladindanse111.github.io/AFSC-PDFs/62E.html,https://paladindanse111.github.io/AFSC-PDFs/BASE_WHITE_SAND_MSL_RG.html,,Active Duty
WHITE SAND MSL RG,"32° 24' 0""N","106° 24' 0""W",13S CR 68334 85636,62E1I,62E1I (DEVELOPMENTAL ENGINEER),https://paladindanse111.github.io/AFSC-PDFs/62E.html,https://paladindanse111.github.io/AFSC-PDFs/BASE_WHITE_SAND_MSL_RG.html,,Active Duty
WHITE SAND MSL RG,"32° 24' 0""N","106° 24' 0""W",13S CR 68334 85636,63A1,63A1 (AQUISITION MANAGER),https://paladindanse111.github.io/AFSC-PDFs/63A.html,https://paladindanse111.github.io/AFSC-PDFs/BASE_WHITE_SAND_MSL_RG.html,,Active Duty
YOKOTA AB,"35°44'35""N","139°20'23""E",54S UE 49872 56720,21A1,21A1 (AIRCRAFT MAINTENANCE),https://paladindanse111.github.io/AFSC-PDFs/21A.html,https://paladindanse111.github.io/AFSC-PDFs/BASE_YOKOTA_AB.html,C-12,Active Duty
YOKOTA AB,"35°44'35""N","139°20'23""E",54S UE 49872 56720,21A1,21A1 (AIRCRAFT MAINTENANCE),https://paladindanse111.github.io/AFSC-PDFs/21A.html,https://paladindanse111.github.io/AFSC-PDFs/BASE_YOKOTA_AB.html,C-130J,Active Duty
YOKOTA AB,"35°44'35""N","139°20'23""E",54S UE 49872 56720,21A1,21A1 (AIRCRAFT MAINTENANCE),https://paladindanse111.github.io/AFSC-PDFs/21A.html,https://paladindanse111.github.io/AFSC-PDFs/BASE_YOKOTA_AB.html,CV-22,Active Duty
YOKOTA AB,"35°44'35""N","139°20'23""E",54S UE 49872 56720,21A1,21A1 (AIRCRAFT MAINTENANCE),https://paladindanse111.github.io/AFSC-PDFs/21A.html,https://paladindanse111.github.io/AFSC-PDFs/BASE_YOKOTA_AB.html,F-15,Active Duty
YOKOTA AB,"35°44'35""N","139°20'23""E",54S UE 49872 56720,21A1,21A1 (AIRCRAFT MAINTENANCE),https://paladindanse111.github.io/AFSC-PDFs/21A.html,https://paladindanse111.github.io/AFSC-PDFs/BASE_YOKOTA_AB.html,KC-135,Active Duty
YOKOTA AB,"35°44'35""N","139°20'23""E",54S UE 49872 56720,21A1,21A1 (AIRCRAFT MAINTENANCE),https://paladindanse111.github.io/AFSC-PDFs/21A.html,https://paladindanse111.github.io/AFSC-PDFs/BASE_YOKOTA_AB.html,UH-1N,Active Duty
YOKOTA AB,"35°44'35""N","139°20'23""E",54S UE 49872 56720,21R1,21R1 (LOGISTICS READINESS),https://paladindanse111.github.io/AFSC-PDFs/21R.html,https://paladindanse111.github.io/AFSC-PDFs/BASE_YOKOTA_AB.html,C-12,Active Duty
YOKOTA AB,"35°44'35""N","139°20'23""E",54S UE 49872 56720,21R1,21R1 (LOGISTICS READINESS),https://paladindanse111.github.io/AFSC-PDFs/21R.html,https://paladindanse111.github.io/AFSC-PDFs/BASE_YOKOTA_AB.html,C-130J,Active Duty
YOKOTA AB,"35°44'35""N","139°20'23""E",54S UE 49872 56720,21R1,21R1 (LOGISTICS READINESS),https://paladindanse111.github.io/AFSC-PDFs/21R.html,https://paladindanse111.github.io/AFSC-PDFs/BASE_YOKOTA_AB.html,CV-22,Active Duty
YOKOTA AB,"35°44'35""N","139°20'23""E",54S UE 49872 56720,21R1,21R1 (LOGISTICS READINESS),https://paladindanse111.github.io/AFSC-PDFs/21R.html,https://paladindanse111.github.io/AFSC-PDFs/BASE_YOKOTA_AB.html,F-15,Active Duty
YOKOTA AB,"35°44'35""N","139°20'23""E",54S UE 49872 56720,21R1,21R1 (LOGISTICS READINESS),https://paladindanse111.github.io/AFSC-PDFs/21R.html,https://paladindanse111.github.io/AFSC-PDFs/BASE_YOKOTA_AB.html,KC-135,Active Duty
YOKOTA AB,"35°44'35""N","139°20'23""E",54S UE 49872 56720,21R1,21R1 (LOGISTICS READINESS),https://paladindanse111.github.io/AFSC-PDFs/21R.html,https://paladindanse111.github.io/AFSC-PDFs/BASE_YOKOTA_AB.html,UH-1N,Active Duty
YOKOTA AB,"35°44'35""N","139°20'23""E",54S UE 49872 56720,32E1A,32E1A (CIVIL ENGINEER),https://paladindanse111.github.io/AFSC-PDFs/32E.html,https://paladindanse111.github.io/AFSC-PDFs/BASE_YOKOTA_AB.html,C-12,Active Duty
YOKOTA AB,"35°44'35""N","139°20'23""E",54S UE 49872 56720,32E1A,32E1A (CIVIL ENGINEER),https://paladindanse111.github.io/AFSC-PDFs/32E.html,https://paladindanse111.github.io/AFSC-PDFs/BASE_YOKOTA_AB.html,C-130J,Active Duty
YOKOTA AB,"35°44'35""N","139°20'23""E",54S UE 49872 56720,32E1A,32E1A (CIVIL ENGINEER),https://paladindanse111.github.io/AFSC-PDFs/32E.html,https://paladindanse111.github.io/AFSC-PDFs/BASE_YOKOTA_AB.html,CV-22,Active Duty
YOKOTA AB,"35°44'35""N","139°20'23""E",54S UE 49872 56720,32E1A,32E1A (CIVIL ENGINEER),https://paladindanse111.github.io/AFSC-PDFs/32E.html,https://paladindanse111.github.io/AFSC-PDFs/BASE_YOKOTA_AB.html,F-15,Active Duty
YOKOTA AB,"35°44'35""N","139°20'23""E",54S UE 49872 56720,32E1A,32E1A (CIVIL ENGINEER),https://paladindanse111.github.io/AFSC-PDFs/32E.html,https://paladindanse111.github.io/AFSC-PDFs/BASE_YOKOTA_AB.html,KC-135,Active Duty
YOKOTA AB,"35°44'35""N","139°20'23""E",54S UE 49872 56720,32E1A,32E1A (CIVIL ENGINEER),https://paladindanse111.github.io/AFSC-PDFs/32E.html,https://paladindanse111.github.io/AFSC-PDFs/BASE_YOKOTA_AB.html,UH-1N,Active Duty
YOKOTA AB,"35°44'35""N","139°20'23""E",54S UE 49872 56720,32E1C,32E1C (CIVIL ENGINEER),https://paladindanse111.github.io/AFSC-PDFs/32E.html,https://paladindanse111.github.io/AFSC-PDFs/BASE_YOKOTA_AB.html,C-12,Active Duty
YOKOTA AB,"35°44'35""N","139°20'23""E",54S UE 49872 56720,32E1C,32E1C (CIVIL ENGINEER),https://paladindanse111.github.io/AFSC-PDFs/32E.html,https://paladindanse111.github.io/AFSC-PDFs/BASE_YOKOTA_AB.html,C-130J,Active Duty
YOKOTA AB,"35°44'35""N","139°20'23""E",54S UE 49872 56720,32E1C,32E1C (CIVIL ENGINEER),https://paladindanse111.github.io/AFSC-PDFs/32E.html,https://paladindanse111.github.io/AFSC-PDFs/BASE_YOKOTA_AB.html,CV-22,Active Duty
YOKOTA AB,"35°44'35""N","139°20'23""E",54S UE 49872 56720,32E1C,32E1C (CIVIL ENGINEER),https://paladindanse111.github.io/AFSC-PDFs/32E.html,https://paladindanse111.github.io/AFSC-PDFs/BASE_YOKOTA_AB.html,F-15,Active Duty
YOKOTA AB,"35°44'35""N","139°20'23""E",54S UE 49872 56720,32E1C,32E1C (CIVIL ENGINEER),https://paladindanse111.github.io/AFSC-PDFs/32E.html,https://paladindanse111.github.io/AFSC-PDFs/BASE_YOKOTA_AB.html,KC-135,Active Duty
YOKOTA AB,"35°44'35""N","139°20'23""E",54S UE 49872 56720,32E1C,32E1C (CIVIL ENGINEER),https://paladindanse111.github.io/AFSC-PDFs/32E.html,https://paladindanse111.github.io/AFSC-PDFs/BASE_YOKOTA_AB.html,UH-1N,Active Duty
YOKOTA AB,"35°44'35""N","139°20'23""E",54S UE 49872 56720,32E1E,32E1E (CIVIL ENGINEER),https://paladindanse111.github.io/AFSC-PDFs/32E.html,https://paladindanse111.github.io/AFSC-PDFs/BASE_YOKOTA_AB.html,C-12,Active Duty
YOKOTA AB,"35°44'35""N","139°20'23""E",54S UE 49872 56720,32E1E,32E1E (CIVIL ENGINEER),https://paladindanse111.github.io/AFSC-PDFs/32E.html,https://paladindanse111.github.io/AFSC-PDFs/BASE_YOKOTA_AB.html,C-130J,Active Duty
YOKOTA AB,"35°44'35""N","139°20'23""E",54S UE 49872 56720,32E1E,32E1E (CIVIL ENGINEER),https://paladindanse111.github.io/AFSC-PDFs/32E.html,https://paladindanse111.github.io/AFSC-PDFs/BASE_YOKOTA_AB.html,CV-22,Active Duty
YOKOTA AB,"35°44'35""N","139°20'23""E",54S UE 49872 56720,32E1E,32E1E (CIVIL ENGINEER),https://paladindanse111.github.io/AFSC-PDFs/32E.html,https://paladindanse111.github.io/AFSC-PDFs/BASE_YOKOTA_AB.html,F-15,Active Duty
YOKOTA AB,"35°44'35""N","139°20'23""E",54S UE 49872 56720,32E1E,32E1E (CIVIL ENGINEER),https://paladindanse111.github.io/AFSC-PDFs/32E.html,https://paladindanse111.github.io/AFSC-PDFs/BASE_YOKOTA_AB.html,KC-135,Active Duty
YOKOTA AB,"35°44'35""N","139°20'23""E",54S UE 49872 56720,32E1E,32E1E (CIVIL ENGINEER),https://paladindanse111.github.io/AFSC-PDFs/32E.html,https://paladindanse111.github.io/AFSC-PDFs/BASE_YOKOTA_AB.html,UH-1N,Active Duty
YOKOTA AB,"35°44'35""N","139°20'23""E",54S UE 49872 56720,32E1F,32E1F (CIVIL ENGINEER),https://paladindanse111.github.io/AFSC-PDFs/32E.html,https://paladindanse111.github.io/AFSC-PDFs/BASE_YOKOTA_AB.html,C-12,Active Duty
YOKOTA AB,"35°44'35""N","139°20'23""E",54S UE 49872 56720,32E1F,32E1F (CIVIL ENGINEER),https://paladindanse111.github.io/AFSC-PDFs/32E.html,https://paladindanse111.github.io/AFSC-PDFs/BASE_YOKOTA_AB.html,C-130J,Active Duty
YOKOTA AB,"35°44'35""N","139°20'23""E",54S UE 49872 56720,32E1F,32E1F (CIVIL ENGINEER),https://paladindanse111.github.io/AFSC-PDFs/32E.html,https://paladindanse111.github.io/AFSC-PDFs/BASE_YOKOTA_AB.html,CV-22,Active Duty
YOKOTA AB,"35°44'35""N","139°20'23""E",54S UE 49872 56720,32E1F,32E1F (CIVIL ENGINEER),https://paladindanse111.github.io/AFSC-PDFs/32E.html,https://paladindanse111.github.io/AFSC-PDFs/BASE_YOKOTA_AB.html,F-15,Active Duty
YOKOTA AB,"35°44'35""N","139°20'23""E",54S UE 49872 56720,32E1F,32E1F (CIVIL ENGINEER),https://paladindanse111.github.io/AFSC-PDFs/32E.html,https://paladindanse111.github.io/AFSC-PDFs/BASE_YOKOTA_AB.html,KC-135,Active Duty
YOKOTA AB,"35°44'35""N","139°20'23""E",54S UE 49872 56720,32E1F,32E1F (CIVIL ENGINEER),https://paladindanse111.github.io/AFSC-PDFs/32E.html,https://paladindanse111.github.io/AFSC-PDFs/BASE_YOKOTA_AB.html,UH-1N,Active Duty
YOKOTA AB,"35°44'35""N","139°20'23""E",54S UE 49872 56720,32E1G,32E1G (CIVIL ENGINEER),https://paladindanse111.github.io/AFSC-PDFs/32E.html,https://paladindanse111.github.io/AFSC-PDFs/BASE_YOKOTA_AB.html,C-12,Active Duty
YOKOTA AB,"35°44'35""N","139°20'23""E",54S UE 49872 56720,32E1G,32E1G (CIVIL ENGINEER),https://paladindanse111.github.io/AFSC-PDFs/32E.html,https://paladindanse111.github.io/AFSC-PDFs/BASE_YOKOTA_AB.html,C-130J,Active Duty
YOKOTA AB,"35°44'35""N","139°20'23""E",54S UE 49872 56720,32E1G,32E1G (CIVIL ENGINEER),https://paladindanse111.github.io/AFSC-PDFs/32E.html,https://paladindanse111.github.io/AFSC-PDFs/BASE_YOKOTA_AB.html,CV-22,Active Duty
YOKOTA AB,"35°44'35""N","139°20'23""E",54S UE 49872 56720,32E1G,32E1G (CIVIL ENGINEER),https://paladindanse111.github.io/AFSC-PDFs/32E.html,https://paladindanse111.github.io/AFSC-PDFs/BASE_YOKOTA_AB.html,F-15,Active Duty
YOKOTA AB,"35°44'35""N","139°20'23""E",54S UE 49872 56720,32E1G,32E1G (CIVIL ENGINEER),https://paladindanse111.github.io/AFSC-PDFs/32E.html,https://paladindanse111.github.io/AFSC-PDFs/BASE_YOKOTA_AB.html,KC-135,Active Duty
YOKOTA AB,"35°44'35""N","139°20'23""E",54S UE 49872 56720,32E1G,32E1G (CIVIL ENGINEER),https://paladindanse111.github.io/AFSC-PDFs/32E.html,https://paladindanse111.github.io/AFSC-PDFs/BASE_YOKOTA_AB.html,UH-1N,Active Duty
YOKOTA AB,"35°44'35""N","139°20'23""E",54S UE 49872 56720,32E1J,32E1J (CIVIL ENGINEER),https://paladindanse111.github.io/AFSC-PDFs/32E.html,https://paladindanse111.github.io/AFSC-PDFs/BASE_YOKOTA_AB.html,C-12,Active Duty
YOKOTA AB,"35°44'35""N","139°20'23""E",54S UE 49872 56720,32E1J,32E1J (CIVIL ENGINEER),https://paladindanse111.github.io/AFSC-PDFs/32E.html,https://paladindanse111.github.io/AFSC-PDFs/BASE_YOKOTA_AB.html,C-130J,Active Duty
YOKOTA AB,"35°44'35""N","139°20'23""E",54S UE 49872 56720,32E1J,32E1J (CIVIL ENGINEER),https://paladindanse111.github.io/AFSC-PDFs/32E.html,https://paladindanse111.github.io/AFSC-PDFs/BASE_YOKOTA_AB.html,CV-22,Active Duty
YOKOTA AB,"35°44'35""N","139°20'23""E",54S UE 49872 56720,32E1J,32E1J (CIVIL ENGINEER),https://paladindanse111.github.io/AFSC-PDFs/32E.html,https://paladindanse111.github.io/AFSC-PDFs/BASE_YOKOTA_AB.html,F-15,Active Duty
YOKOTA AB,"35°44'35""N","139°20'23""E",54S UE 49872 56720,32E1J,32E1J (CIVIL ENGINEER),https://paladindanse111.github.io/AFSC-PDFs/32E.html,https://paladindanse111.github.io/AFSC-PDFs/BASE_YOKOTA_AB.html,KC-135,Active Duty
YOKOTA AB,"35°44'35""N","139°20'23""E",54S UE 49872 56720,32E1J,32E1J (CIVIL ENGINEER),https://paladindanse111.github.io/AFSC-PDFs/32E.html,https://paladindanse111.github.io/AFSC-PDFs/BASE_YOKOTA_AB.html,UH-1N,Active Duty
YOKOTA AB,"35°44'35""N","139°20'23""E",54S UE 49872 56720,38F1,38F1 (FORCE SUPPORT),https://paladindanse111.github.io/AFSC-PDFs/38F.html,https://paladindanse111.github.io/AFSC-PDFs/BASE_YOKOTA_AB.html,C-12,Active Duty
YOKOTA AB,"35°44'35""N","139°20'23""E",54S UE 49872 56720,38F1,38F1 (FORCE SUPPORT),https://paladindanse111.github.io/AFSC-PDFs/38F.html,https://paladindanse111.github.io/AFSC-PDFs/BASE_YOKOTA_AB.html,C-130J,Active Duty
YOKOTA AB,"35°44'35""N","139°20'23""E",54S UE 49872 56720,38F1,38F1 (FORCE SUPPORT),https://paladindanse111.github.io/AFSC-PDFs/38F.html,https://paladindanse111.github.io/AFSC-PDFs/BASE_YOKOTA_AB.html,CV-22,Active Duty
YOKOTA AB,"35°44'35""N","139°20'23""E",54S UE 49872 56720,38F1,38F1 (FORCE SUPPORT),https://paladindanse111.github.io/AFSC-PDFs/38F.html,https://paladindanse111.github.io/AFSC-PDFs/BASE_YOKOTA_AB.html,F-15,Active Duty
YOKOTA AB,"35°44'35""N","139°20'23""E",54S UE 49872 56720,38F1,38F1 (FORCE SUPPORT),https://paladindanse111.github.io/AFSC-PDFs/38F.html,https://paladindanse111.github.io/AFSC-PDFs/BASE_YOKOTA_AB.html,KC-135,Active Duty
YOKOTA AB,"35°44'35""N","139°20'23""E",54S UE 49872 56720,38F1,38F1 (FORCE SUPPORT),https://paladindanse111.github.io/AFSC-PDFs/38F.html,https://paladindanse111.github.io/AFSC-PDFs/BASE_YOKOTA_AB.html,UH-1N,Active Duty
YOKOTA AB,"35°44'35""N","139°20'23""E",54S UE 49872 56720,62E1C,62E1C (DEVELOPMENTAL ENGINEER),https://paladindanse111.github.io/AFSC-PDFs/62E.html,https://paladindanse111.github.io/AFSC-PDFs/BASE_YOKOTA_AB.html,C-12,Active Duty
YOKOTA AB,"35°44'35""N","139°20'23""E",54S UE 49872 56720,62E1C,62E1C (DEVELOPMENTAL ENGINEER),https://paladindanse111.github.io/AFSC-PDFs/62E.html,https://paladindanse111.github.io/AFSC-PDFs/BASE_YOKOTA_AB.html,C-130J,Active Duty
YOKOTA AB,"35°44'35""N","139°20'23""E",54S UE 49872 56720,62E1C,62E1C (DEVELOPMENTAL ENGINEER),https://paladindanse111.github.io/AFSC-PDFs/62E.html,https://paladindanse111.github.io/AFSC-PDFs/BASE_YOKOTA_AB.html,CV-22,Active Duty
YOKOTA AB,"35°44'35""N","139°20'23""E",54S UE 49872 56720,62E1C,62E1C (DEVELOPMENTAL ENGINEER),https://paladindanse111.github.io/AFSC-PDFs/62E.html,https://paladindanse111.github.io/AFSC-PDFs/BASE_YOKOTA_AB.html,F-15,Active Duty
YOKOTA AB,"35°44'35""N","139°20'23""E",54S UE 49872 56720,62E1C,62E1C (DEVELOPMENTAL ENGINEER),https://paladindanse111.github.io/AFSC-PDFs/62E.html,https://paladindanse111.github.io/AFSC-PDFs/BASE_YOKOTA_AB.html,KC-135,Active Duty
YOKOTA AB,"35°44'35""N","139°20'23""E",54S UE 49872 56720,62E1C,62E1C (DEVELOPMENTAL ENGINEER),https://paladindanse111.github.io/AFSC-PDFs/62E.html,https://paladindanse111.github.io/AFSC-PDFs/BASE_YOKOTA_AB.html,UH-1N,Active Duty
YOKOTA AB,"35°44'35""N","139°20'23""E",54S UE 49872 56720,62E1E,62E1E (DEVELOPMENTAL ENGINEER),https://paladindanse111.github.io/AFSC-PDFs/62E.html,https://paladindanse111.github.io/AFSC-PDFs/BASE_YOKOTA_AB.html,C-12,Active Duty
YOKOTA AB,"35°44'35""N","139°20'23""E",54S UE 49872 56720,62E1E,62E1E (DEVELOPMENTAL ENGINEER),https://paladindanse111.github.io/AFSC-PDFs/62E.html,https://paladindanse111.github.io/AFSC-PDFs/BASE_YOKOTA_AB.html,C-130J,Active Duty
YOKOTA AB,"35°44'35""N","139°20'23""E",54S UE 49872 56720,62E1E,62E1E (DEVELOPMENTAL ENGINEER),https://paladindanse111.github.io/AFSC-PDFs/62E.html,https://paladindanse111.github.io/AFSC-PDFs/BASE_YOKOTA_AB.html,CV-22,Active Duty
YOKOTA AB,"35°44'35""N","139°20'23""E",54S UE 49872 56720,62E1E,62E1E (DEVELOPMENTAL ENGINEER),https://paladindanse111.github.io/AFSC-PDFs/62E.html,https://paladindanse111.github.io/AFSC-PDFs/BASE_YOKOTA_AB.html,F-15,Active Duty
YOKOTA AB,"35°44'35""N","139°20'23""E",54S UE 49872 56720,62E1E,62E1E (DEVELOPMENTAL ENGINEER),https://paladindanse111.github.io/AFSC-PDFs/62E.html,https://paladindanse111.github.io/AFSC-PDFs/BASE_YOKOTA_AB.html,KC-135,Active Duty
YOKOTA AB,"35°44'35""N","139°20'23""E",54S UE 49872 56720,62E1E,62E1E (DEVELOPMENTAL ENGINEER),https://paladindanse111.github.io/AFSC-PDFs/62E.html,https://paladindanse111.github.io/AFSC-PDFs/BASE_YOKOTA_AB.html,UH-1N,Active Duty
YOKOTA AB,"35°44'35""N","139°20'23""E",54S UE 49872 56720,64P1,64P1 (CONTRACTING),https://paladindanse111.github.io/AFSC-PDFs/64P.html,https://paladindanse111.github.io/AFSC-PDFs/BASE_YOKOTA_AB.html,C-12,Active Duty
YOKOTA AB,"35°44'35""N","139°20'23""E",54S UE 49872 56720,64P1,64P1 (CONTRACTING),https://paladindanse111.github.io/AFSC-PDFs/64P.html,https://paladindanse111.github.io/AFSC-PDFs/BASE_YOKOTA_AB.html,C-130J,Active Duty
YOKOTA AB,"35°44'35""N","139°20'23""E",54S UE 49872 56720,64P1,64P1 (CONTRACTING),https://paladindanse111.github.io/AFSC-PDFs/64P.html,https://paladindanse111.github.io/AFSC-PDFs/BASE_YOKOTA_AB.html,CV-22,Active Duty
YOKOTA AB,"35°44'35""N","139°20'23""E",54S UE 49872 56720,64P1,64P1 (CONTRACTING),https://paladindanse111.github.io/AFSC-PDFs/64P.html,https://paladindanse111.github.io/AFSC-PDFs/BASE_YOKOTA_AB.html,F-15,Active Duty
YOKOTA AB,"35°44'35""N","139°20'23""E",54S UE 49872 56720,64P1,64P1 (CONTRACTING),https://paladindanse111.github.io/AFSC-PDFs/64P.html,https://paladindanse111.github.io/AFSC-PDFs/BASE_YOKOTA_AB.html,KC-135,Active Duty
YOKOTA AB,"35°44'35""N","139°20'23""E",54S UE 49872 56720,64P1,64P1 (CONTRACTING),https://paladindanse111.github.io/AFSC-PDFs/64P.html,https://paladindanse111.github.io/AFSC-PDFs/BASE_YOKOTA_AB.html,UH-1N,Active Duty
YOKOTA AB,"35°44'35""N","139°20'23""E",54S UE 49872 56720,65F1,65F1 (FINANCIAL MANAGEMENT),https://paladindanse111.github.io/AFSC-PDFs/65F.html,https://paladindanse111.github.io/AFSC-PDFs/BASE_YOKOTA_AB.html,C-12,Active Duty
YOKOTA AB,"35°44'35""N","139°20'23""E",54S UE 49872 56720,65F1,65F1 (FINANCIAL MANAGEMENT),https://paladindanse111.github.io/AFSC-PDFs/65F.html,https://paladindanse111.github.io/AFSC-PDFs/BASE_YOKOTA_AB.html,C-130J,Active Duty
YOKOTA AB,"35°44'35""N","139°20'23""E",54S UE 49872 56720,65F1,65F1 (FINANCIAL MANAGEMENT),https://paladindanse111.github.io/AFSC-PDFs/65F.html,https://paladindanse111.github.io/AFSC-PDFs/BASE_YOKOTA_AB.html,CV-22,Active Duty
YOKOTA AB,"35°44'35""N","139°20'23""E",54S UE 49872 56720,65F1,65F1 (FINANCIAL MANAGEMENT),https://paladindanse111.github.io/AFSC-PDFs/65F.html,https://paladindanse111.github.io/AFSC-PDFs/BASE_YOKOTA_AB.html,F-15,Active Duty
YOKOTA AB,"35°44'35""N","139°20'23""E",54S UE 49872 56720,65F1,65F1 (FINANCIAL MANAGEMENT),https://paladindanse111.github.io/AFSC-PDFs/65F.html,https://paladindanse111.github.io/AFSC-PDFs/BASE_YOKOTA_AB.html,KC-135,Active Duty
YOKOTA AB,"35°44'35""N","139°20'23""E",54S UE 49872 56720,65F1,65F1 (FINANCIAL MANAGEMENT),https://paladindanse111.github.io/AFSC-PDFs/65F.html,https://paladindanse111.github.io/AFSC-PDFs/BASE_YOKOTA_AB.html,UH-1N,Active Duty
ATLANTIC CITY ANGB,"39°26'42.05""N","74°35'00.46""W",18S WJ 35841 66244,NONE,NO AFSCS ASSIGNED,,https://www.177fw.ang.af.mil/,F-16,ANG
BIRMINGHAM ANGB,"33°34'07.46""N","86°45'19.27""W",16S EC 22706 14367,NONE,NO AFSCS ASSIGNED,,https://www.117arw.ang.af.mil/,KC-135,ANG
BOISE AIR TERMINAL,"43°33'48.03""N","116°13'42.28""W",11T NJ 62313 23665,NONE,NO AFSCS ASSIGNED,,https://www.124fw.ang.af.mil/,A-10,ANG
BURLINGTON ANGB,"44°28'26.48""N","73°08'44.61""W",18T XQ 47476 26195,NONE,NO AFSCS ASSIGNED,,https://www.158fw.ang.af.mil/,F-35,ANG
DANE CO REGIONAL,"43°07'43.64""N","89°19'59.14""W",16T CN 10227 77758,NONE,NO AFSCS ASSIGNED,,https://www.115fw.ang.af.mil/,F-35,ANG
DOBBINS ARB,"33°55'10.69""N","84°30'11.59""W",16S GC 30816 56052,NONE,NO AFSCS ASSIGNED,,https://www.dobbins.afrc.af.mil/,C-130J,Reserve
DOTHAN RGNL,"31°19'45.80""N","85°28'00.41""W",16R FV 45872 67122,NONE,NO AFSCS ASSIGNED,,https://www.187fw.ang.af.mil/,F-35,ANG
DUKE FIELD,"30°38'39.32""N","86°31'42.41""W",16R EU 45183 90272,NONE,NO AFSCS ASSIGNED,,https://www.919sow.afrc.af.mil/,MC-130J,Reserve
DUKE FIELD,"30°38'39.32""N","86°31'42.41""W",16R EU 45183 90272,NONE,NO AFSCS ASSIGNED,,https://www.919sow.afrc.af.mil/,AC-130J,Reserve
DUKE FIELD,"30°38'39.32""N","86°31'42.41""W",16R EU 45183 90272,NONE,NO AFSCS ASSIGNED,,https://www.919sow.afrc.af.mil/,U-28,Reserve
DULUTH INTL,"46°50'51.90""N","92°10'17.62""W",15T WM 63161 88578,NONE,NO AFSCS ASSIGNED,,https://www.148fw.ang.af.mil/,F-16,ANG
EBBING ANGB,"35°20'20.84""N","94°22'15.13""W",15S UV 75420 11513,NONE,NO AFSCS ASSIGNED,,https://www.188wg.ang.af.mil/,F-35,ANG
FORT WAYNE ANGB,"40°59'18.94""N","85°10'27.33""W",16T FL 53577 39096,NONE,NO AFSCS ASSIGNED,,https://www.122fw.ang.af.mil/,F-16,ANG
FORT WORTH NAS JRB,"32°47'05.32""N","97°25'42.50""W",14S PB 47168 28524,NONE,NO AFSCS ASSIGNED,,https://www.136aw.ang.af.mil/,C-130J,ANG
FRESNO YOSEMITE IAP,"36°45'55.32""N","119°42'51.19""W",11S KA 57733 72280,NONE,NO AFSCS ASSIGNED,,https://www.144fw.ang.af.mil/,F-15,ANG
HOMESTEAD ARB,"25°29'38.75""N","80°23'38.92""W",17R NJ 60890 19798,NONE,NO AFSCS ASSIGNED,,https://www.482fw.afrc.af.mil/,F-16,Reserve
JACKSONVILLE ANGB,"30°29'12.57""N","81°42'09.47""W",17R MP 32565 72941,NONE,NO AFSCS ASSIGNED,,https://www.125fw.ang.af.mil/,F-15,ANG
JACKSONVILLE ANGB,"30°29'12.57""N","81°42'09.47""W",17R MP 32565 72941,NONE,NO AFSCS ASSIGNED,,https://www.125fw.ang.af.mil/,F-35,ANG
JOE FOSS FIELD,"43°34'20.99""N","96°44'36.80""W",14T PP 82204 26866,NONE,NO AFSCS ASSIGNED,,https://www.114fw.ang.af.mil/,F-16,ANG
KINGSLEY FIELD,"42°09'39.98""N","121°44'37.36""W",10T FM 03780 68427,NONE,NO AFSCS ASSIGNED,,https://www.173fw.ang.af.mil/,F-15,ANG
KINGSLEY FIELD,"42°09'39.98""N","121°44'37.36""W",10T FM 03780 68427,NONE,NO AFSCS ASSIGNED,,https://www.173fw.ang.af.mil/,F-35,ANG
MARCH ARB,"33°53'26.85""N","117°15'42.24""W",11S MT 75798 50078,NONE,NO AFSCS ASSIGNED,,https://www.452amw.afrc.af.mil/,C-17,Reserve
MARTIN STATE ANGB,"39°20'04.63""N","76°25'05.12""W",18S UJ 77783 54869,NONE,NO AFSCS ASSIGNED,,https://www.175wg.ang.af.mil/,A-10,ANG
MCENTIRE ANGB,"33°56'21.44""N","80°48'04.75""W",17S NT 18360 55442,NONE,NO AFSCS ASSIGNED,,https://www.169fw.ang.af.mil/,F-16,ANG
MINNEAPOLIS ST PAUL,"44°53'34.04""N","93°12'02.19""W",15T VK 84159 71060,NONE,NO AFSCS ASSIGNED,,https://www.133aw.ang.af.mil/,C-130J,ANG
MONTGOMERY RGNL,"32°18'17.80""N","86°24'16.52""W",16S EA 56053 74392,NONE,NO AFSCS ASSIGNED,,https://www.187fw.ang.af.mil/,F-35,ANG
NEW ORLEANS NAS,"29°49'36.42""N","90°01'15.36""W",15R YP 87887 03316,NONE,NO AFSCS ASSIGNED,,https://www.159fw.ang.af.mil/,F-15,ANG
WILL ROGERS WORLD,"35°24'27.86""N","97°36'36.18""W",14S PE 26206 19148,NONE,NO AFSCS ASSIGNED,,https://www.137sow.ang.af.mil/,OA-1K,ANG
PEASE ANGB,"43°05'15.99""N","70°48'57.47""W",19T CH 52192 72162,NONE,NO AFSCS ASSIGNED,,https://www.157arw.ang.af.mil/,KC-46,ANG
PHILADELPHIA ANGB,"40°12'20.78""N","75°08'25.02""W",18T VK 88061 50605,NONE,NO AFSCS ASSIGNED,,https://www.111atkw.ang.af.mil/,F-16,ANG
PORTLAND INTL ANGB,"45°34'31.71""N","122°35'32.03""W",10T ER 31815 46962,NONE,NO AFSCS ASSIGNED,,https://www.142wg.ang.af.mil/,F-15,ANG
PUEBLO MEM,"38°16'48.21""N","104°30'25.32""W",13S EC 43116 37003,NONE,NO AFSCS ASSIGNED,,https://www.140wg.ang.af.mil/,F-16,ANG
ROSECRANS MEM,"39°46'03.55""N","94°54'10.34""W",15S UE 37016 03701,NONE,NO AFSCS ASSIGNED,,https://www.139aw.ang.af.mil/,C-130J,ANG
SAVANNAH HILTON HEAD,"32°07'13.83""N","81°11'27.61""W",17S MR 81982 53809,NONE,NO AFSCS ASSIGNED,,https://www.165aw.ang.af.mil/,C-130J,ANG
SELFRIDGE ANGB,"42°36'53.11""N","82°49'43.95""W",17T LH 50001 19656,NONE,NO AFSCS ASSIGNED,,https://www.127wg.ang.af.mil/,A-10,ANG
SELFRIDGE ANGB,"42°36'53.11""N","82°49'43.95""W",17T LH 50001 19656,NONE,NO AFSCS ASSIGNED,,https://www.127wg.ang.af.mil/,KC-135,ANG
SPRINGFIELD BECKLEY,"39°50'50.45""N","83°50'35.14""W",17S KE 56756 14683,NONE,NO AFSCS ASSIGNED,,https://www.178wg.ang.af.mil/,F-16,ANG
ST LOUIS LAMBERT,"38°30'11.64""N","90°16'37.73""W",15S YC 37436 65166,NONE,NO AFSCS ASSIGNED,,https://www.131bw.ang.af.mil/,B-2,ANG
TOLEDO EXPRESS,"41°35'12.89""N","83°47'43.99""W",17T KG 66976 07688,NONE,NO AFSCS ASSIGNED,,https://www.180fw.ang.af.mil/,F-16,ANG
TULSA INTL,"36°13'12.24""N","95°52'31.49""W",15S TA 41534 12191,NONE,NO AFSCS ASSIGNED,,https://www.138fw.ang.af.mil/,F-16,ANG
WESTFIELD BARNES,"42°10'03.56""N","72°43'28.62""W",18T XM 87951 70897,NONE,NO AFSCS ASSIGNED,,https://www.104fw.ang.af.mil/,F-15,ANG
WESTFIELD BARNES,"42°10'03.56""N","72°43'28.62""W",18T XM 87951 70897,NONE,NO AFSCS ASSIGNED,,https://www.104fw.ang.af.mil/,F-35,ANG
YEAGER,"38°22'22.84""N","81°35'10.29""W",17S MC 48795 47365,NONE,NO AFSCS ASSIGNED,,https://www.130aw.ang.af.mil/,C-130J,ANG
TUCSON ANGB,"32°07'51.61""N","110°56'56.82""W",12S WA 04799 54957,NONE,NO AFSCS ASSIGNED,,https://www.162wg.ang.af.mil/,F-16,ANG
AMARILLO TRADEWIND,"35°12'37.21""N","101°43'05.79""W",14S KD 52557 99754,NONE,NO AFSCS ASSIGNED,,https://www.afrc.af.mil/,C-130J,Reserve
