Base,Latitude,Longitude,MGRS,AFSC_Code,AFSC_Full_Name,PDF_URL,Base_URL
ABERDEEN PROVING GROUND,"39°27'47""N","76°07'13""W",18S VJ 03627 68763,61C1,61C1 (CHEMIST/NUCLEAR CHEMIST),https://paladindanse111.github.io/AFSC-PDFs/61C.html,https://paladindanse111.github.io/AFSC-PDFs/BASE_ABERDEEN_PROVING_GROUND.html
ABERDEEN PROVING GROUND,"39°27'47""N","76°07'13""W",18S VJ 03627 68763,62E1A,62E1A (DEVELOPMENTAL ENGINEER),https://paladindanse111.github.io/AFSC-PDFs/62E.html,https://paladindanse111.github.io/AFSC-PDFs/BASE_ABERDEEN_PROVING_GROUND.html
ABERDEEN PROVING GROUND,"39°27'47""N","76°07'13""W",18S VJ 03627 68763,62E1B,62E1B (DEVELOPMENTAL ENGINEER),https://paladindanse111.github.io/AFSC-PDFs/62E.html,https://paladindanse111.github.io/AFSC-PDFs/BASE_ABERDEEN_PROVING_GROUND.html
ABERDEEN PROVING GROUND,"39°27'47""N","76°07'13""W",18S VJ 03627 68763,62E1C,62E1C (DEVELOPMENTAL ENGINEER),https://paladindanse111.github.io/AFSC-PDFs/62E.html,https://paladindanse111.github.io/AFSC-PDFs/BASE_ABERDEEN_PROVING_GROUND.html
ABERDEEN PROVING GROUND,"39°27'47""N","76°07'13""W",18S VJ 03627 68763,62E1E,62E1E (DEVELOPMENTAL ENGINEER),https://paladindanse111.github.io/AFSC-PDFs/62E.html,https://paladindanse111.github.io/AFSC-PDFs/BASE_ABERDEEN_PROVING_GROUND.html
ABERDEEN PROVING GROUND,"39°27'47""N","76°07'13""W",18S VJ 03627 68763,62E1G,62E1G (DEVELOPMENTAL ENGINEER),https://paladindanse111.github.io/AFSC-PDFs/62E.html,https://paladindanse111.github.io/AFSC-PDFs/BASE_ABERDEEN_PROVING_GROUND.html
ABERDEEN PROVING GROUND,"39°27'47""N","76°07'13""W",18S VJ 03627 68763,62E1H,62E1H (DEVELOPMENTAL ENGINEER),https://paladindanse111.github.io/AFSC-PDFs/62E.html,https://paladindanse111.github.io/AFSC-PDFs/BASE_ABERDEEN_PROVING_GROUND.html
ABERDEEN PROVING GROUND,"39°27'47""N","76°07'13""W",18S VJ 03627 68763,62E1I,62E1I (DEVELOPMENTAL ENGINEER),https://paladindanse111.github.io/AFSC-PDFs/62E.html,https://paladindanse111.github.io/AFSC-PDFs/BASE_ABERDEEN_PROVING_GROUND.html
ALCONBURY RAF,"52°22'09""N","0°13'43""W",30U XD 88669 05714,32E1A,32E1A (CIVIL ENGINEER),https://paladindanse111.github.io/AFSC-PDFs/32E.html,https://paladindanse111.github.io/AFSC-PDFs/BASE_ALCONBURY_RAF.html
ALCONBURY RAF,"52°22'09""N","0°13'43""W",30U XD 88669 05714,32E1C,32E1C (CIVIL ENGINEER),https://paladindanse111.github.io/AFSC-PDFs/32E.html,https://paladindanse111.github.io/AFSC-PDFs/BASE_ALCONBURY_RAF.html
ALCONBURY RAF,"52°22'09""N","0°13'43""W",30U XD 88669 05714,32E1E,32E1E (CIVIL ENGINEER),https://paladindanse111.github.io/AFSC-PDFs/32E.html,https://paladindanse111.github.io/AFSC-PDFs/BASE_ALCONBURY_RAF.html
ALCONBURY RAF,"52°22'09""N","0°13'43""W",30U XD 88669 05714,32E1F,32E1F (CIVIL ENGINEER),https://paladindanse111.github.io/AFSC-PDFs/32E.html,https://paladindanse111.github.io/AFSC-PDFs/BASE_ALCONBURY_RAF.html
ALCONBURY RAF,"52°22'09""N","0°13'43""W",30U XD 88669 05714,32E1G,32E1G (CIVIL ENGINEER),https://paladindanse111.github.io/AFSC-PDFs/32E.html,https://paladindanse111.github.io/AFSC-PDFs/BASE_ALCONBURY_RAF.html
ALCONBURY RAF,"52°22'09""N","0°13'43""W",30U XD 88669 05714,32E1J,32E1J (CIVIL ENGINEER),https://paladindanse111.github.io/AFSC-PDFs/32E.html,https://paladindanse111.github.io/AFSC-PDFs/BASE_ALCONBURY_RAF.html
ALCONBURY RAF,"52°22'09""N","0°13'43""W",30U XD 88669 05714,65F1,65F1 (FINANCIAL MANAGEMENT),https://paladindanse111.github.io/AFSC-PDFs/65F.html,https://paladindanse111.github.io/AFSC-PDFs/BASE_ALCONBURY_RAF.html
ALTUS AFB,"34°39'18""N","99°17'04""W",14S MD 73935 34821,21R1,21R1 (LOGISTICS READINESS),https://paladindanse111.github.io/AFSC-PDFs/21R.html,https://paladindanse111.github.io/AFSC-PDFs/BASE_ALTUS_AFB.html
ALTUS AFB,"34°39'18""N","99°17'04""W",14S MD 73935 34821,32E1A,32E1A (CIVIL ENGINEER),https://paladindanse111.github.io/AFSC-PDFs/32E.html,https://paladindanse111.github.io/AFSC-PDFs/BASE_ALTUS_AFB.html
ALTUS AFB,"34°39'18""N","99°17'04""W",14S MD 73935 34821,32E1C,32E1C (CIVIL ENGINEER),https://paladindanse111.github.io/AFSC-PDFs/32E.html,https://paladindanse111.github.io/AFSC-PDFs/BASE_ALTUS_AFB.html
ALTUS AFB,"34°39'18""N","99°17'04""W",14S MD 73935 34821,32E1E,32E1E (CIVIL ENGINEER),https://paladindanse111.github.io/AFSC-PDFs/32E.html,https://paladindanse111.github.io/AFSC-PDFs/BASE_ALTUS_AFB.html
ALTUS AFB,"34°39'18""N","99°17'04""W",14S MD 73935 34821,32E1F,32E1F (CIVIL ENGINEER),https://paladindanse111.github.io/AFSC-PDFs/32E.html,https://paladindanse111.github.io/AFSC-PDFs/BASE_ALTUS_AFB.html
ALTUS AFB,"34°39'18""N","99°17'04""W",14S MD 73935 34821,32E1G,32E1G (CIVIL ENGINEER),https://paladindanse111.github.io/AFSC-PDFs/32E.html,https://paladindanse111.github.io/AFSC-PDFs/BASE_ALTUS_AFB.html
ALTUS AFB,"34°39'18""N","99°17'04""W",14S MD 73935 34821,32E1J,32E1J (CIVIL ENGINEER),https://paladindanse111.github.io/AFSC-PDFs/32E.html,https://paladindanse111.github.io/AFSC-PDFs/BASE_ALTUS_AFB.html
ALTUS AFB,"34°39'18""N","99°17'04""W",14S MD 73935 34821,35P1,35P1 (PUBLIC AFFAIRS),https://paladindanse111.github.io/AFSC-PDFs/35P.html,https://paladindanse111.github.io/AFSC-PDFs/BASE_ALTUS_AFB.html
ALTUS AFB,"34°39'18""N","99°17'04""W",14S MD 73935 34821,64P1,64P1 (CONTRACTING),https://paladindanse111.github.io/AFSC-PDFs/64P.html,https://paladindanse111.github.io/AFSC-PDFs/BASE_ALTUS_AFB.html
ALTUS AFB,"34°39'18""N","99°17'04""W",14S MD 73935 34821,65F1,65F1 (FINANCIAL MANAGEMENT),https://paladindanse111.github.io/AFSC-PDFs/65F.html,https://paladindanse111.github.io/AFSC-PDFs/BASE_ALTUS_AFB.html
ANDERSEN AFB,"13°33'46""N","144°55'25""E",55P BR 75307 00327,15W1,15W1 (WEATHER AND ENVIRONMENTAL SCIENCES),https://paladindanse111.github.io/AFSC-PDFs/15W.html,https://paladindanse111.github.io/AFSC-PDFs/BASE_ANDERSEN_AFB.html
ANDERSEN AFB,"13°33'46""N","144°55'25""E",55P BR 75307 00327,21M1,21M1 (MUNITIONS AND MISSILE MAINTENANCE),https://paladindanse111.github.io/AFSC-PDFs/21M.html,https://paladindanse111.github.io/AFSC-PDFs/BASE_ANDERSEN_AFB.html
ANDERSEN AFB,"13°33'46""N","144°55'25""E",55P BR 75307 00327,21R1,21R1 (LOGISTICS READINESS),https://paladindanse111.github.io/AFSC-PDFs/21R.html,https://paladindanse111.github.io/AFSC-PDFs/BASE_ANDERSEN_AFB.html
ANDERSEN AFB,"13°33'46""N","144°55'25""E",55P BR 75307 00327,32E1A,32E1A (CIVIL ENGINEER),https://paladindanse111.github.io/AFSC-PDFs/32E.html,https://paladindanse111.github.io/AFSC-PDFs/BASE_ANDERSEN_AFB.html
ANDERSEN AFB,"13°33'46""N","144°55'25""E",55P BR 75307 00327,32E1C,32E1C (CIVIL ENGINEER),https://paladindanse111.github.io/AFSC-PDFs/32E.html,https://paladindanse111.github.io/AFSC-PDFs/BASE_ANDERSEN_AFB.html
ANDERSEN AFB,"13°33'46""N","144°55'25""E",55P BR 75307 00327,32E1E,32E1E (CIVIL ENGINEER),https://paladindanse111.github.io/AFSC-PDFs/32E.html,https://paladindanse111.github.io/AFSC-PDFs/BASE_ANDERSEN_AFB.html
ANDERSEN AFB,"13°33'46""N","144°55'25""E",55P BR 75307 00327,32E1F,32E1F (CIVIL ENGINEER),https://paladindanse111.github.io/AFSC-PDFs/32E.html,https://paladindanse111.github.io/AFSC-PDFs/BASE_ANDERSEN_AFB.html
ANDERSEN AFB,"13°33'46""N","144°55'25""E",55P BR 75307 00327,32E1G,32E1G (CIVIL ENGINEER),https://paladindanse111.github.io/AFSC-PDFs/32E.html,https://paladindanse111.github.io/AFSC-PDFs/BASE_ANDERSEN_AFB.html
ANDERSEN AFB,"13°33'46""N","144°55'25""E",55P BR 75307 00327,32E1J,32E1J (CIVIL ENGINEER),https://paladindanse111.github.io/AFSC-PDFs/32E.html,https://paladindanse111.github.io/AFSC-PDFs/BASE_ANDERSEN_AFB.html
ANDERSEN AFB,"13°33'46""N","144°55'25""E",55P BR 75307 00327,64P1,64P1 (CONTRACTING),https://paladindanse111.github.io/AFSC-PDFs/64P.html,https://paladindanse111.github.io/AFSC-PDFs/BASE_ANDERSEN_AFB.html
ANDERSEN AFB,"13°33'46""N","144°55'25""E",55P BR 75307 00327,65F1,65F1 (FINANCIAL MANAGEMENT),https://paladindanse111.github.io/AFSC-PDFs/65F.html,https://paladindanse111.github.io/AFSC-PDFs/BASE_ANDERSEN_AFB.html
ANDREWS JB,"38°47'46""N","76°53'00""W",18S UH 36445 95835,13H1,13H1 (AEROSPACE PHYSIOLOGIST),https://paladindanse111.github.io/AFSC-PDFs/13H.html,https://paladindanse111.github.io/AFSC-PDFs/BASE_ANDREWS_JB.html
ANDREWS JB,"38°47'46""N","76°53'00""W",18S UH 36445 95835,21R1,21R1 (LOGISTICS READINESS),https://paladindanse111.github.io/AFSC-PDFs/21R.html,https://paladindanse111.github.io/AFSC-PDFs/BASE_ANDREWS_JB.html
ANDREWS JB,"38°47'46""N","76°53'00""W",18S UH 36445 95835,31P1,31P1 (SECURITY FORCES),https://paladindanse111.github.io/AFSC-PDFs/31P.html,https://paladindanse111.github.io/AFSC-PDFs/BASE_ANDREWS_JB.html
ANDREWS JB,"38°47'46""N","76°53'00""W",18S UH 36445 95835,32E1A,32E1A (CIVIL ENGINEER),https://paladindanse111.github.io/AFSC-PDFs/32E.html,https://paladindanse111.github.io/AFSC-PDFs/BASE_ANDREWS_JB.html
ANDREWS JB,"38°47'46""N","76°53'00""W",18S UH 36445 95835,32E1C,32E1C (CIVIL ENGINEER),https://paladindanse111.github.io/AFSC-PDFs/32E.html,https://paladindanse111.github.io/AFSC-PDFs/BASE_ANDREWS_JB.html
ANDREWS JB,"38°47'46""N","76°53'00""W",18S UH 36445 95835,32E1E,32E1E (CIVIL ENGINEER),https://paladindanse111.github.io/AFSC-PDFs/32E.html,https://paladindanse111.github.io/AFSC-PDFs/BASE_ANDREWS_JB.html
ANDREWS JB,"38°47'46""N","76°53'00""W",18S UH 36445 95835,32E1F,32E1F (CIVIL ENGINEER),https://paladindanse111.github.io/AFSC-PDFs/32E.html,https://paladindanse111.github.io/AFSC-PDFs/BASE_ANDREWS_JB.html
ANDREWS JB,"38°47'46""N","76°53'00""W",18S UH 36445 95835,32E1G,32E1G (CIVIL ENGINEER),https://paladindanse111.github.io/AFSC-PDFs/32E.html,https://paladindanse111.github.io/AFSC-PDFs/BASE_ANDREWS_JB.html
ANDREWS JB,"38°47'46""N","76°53'00""W",18S UH 36445 95835,32E1J,32E1J (CIVIL ENGINEER),https://paladindanse111.github.io/AFSC-PDFs/32E.html,https://paladindanse111.github.io/AFSC-PDFs/BASE_ANDREWS_JB.html
ANDREWS JB,"38°47'46""N","76°53'00""W",18S UH 36445 95835,35P1,35P1 (PUBLIC AFFAIRS),https://paladindanse111.github.io/AFSC-PDFs/35P.html,https://paladindanse111.github.io/AFSC-PDFs/BASE_ANDREWS_JB.html
ANDREWS JB,"38°47'46""N","76°53'00""W",18S UH 36445 95835,38F1,38F1 (FORCE SUPPORT),https://paladindanse111.github.io/AFSC-PDFs/38F.html,https://paladindanse111.github.io/AFSC-PDFs/BASE_ANDREWS_JB.html
ANDREWS JB,"38°47'46""N","76°53'00""W",18S UH 36445 95835,64P1,64P1 (CONTRACTING),https://paladindanse111.github.io/AFSC-PDFs/64P.html,https://paladindanse111.github.io/AFSC-PDFs/BASE_ANDREWS_JB.html
ANDREWS JB,"38°47'46""N","76°53'00""W",18S UH 36445 95835,65F1,65F1 (FINANCIAL MANAGEMENT),https://paladindanse111.github.io/AFSC-PDFs/65F.html,https://paladindanse111.github.io/AFSC-PDFs/BASE_ANDREWS_JB.html
ANDREWS JB,"38°47'46""N","76°53'00""W",18S UH 36445 95835,71S1,71S1 (SPECIAL INVESTIGATIONS),https://paladindanse111.github.io/AFSC-PDFs/71S.html,https://paladindanse111.github.io/AFSC-PDFs/BASE_ANDREWS_JB.html
ARLINGTON,"38° 55' 0""N","77° 10' 0""W",18S UJ 12155 09760,63A1,63A1 (DEVELOPMENTAL ENGINEER),https://paladindanse111.github.io/AFSC-PDFs/63A.html,https://paladindanse111.github.io/AFSC-PDFs/BASE_ARLINGTON.html
ARNOLD AFB,"35°22'58""N","86°01'49""W",16S EE 88076 15924,61D1,61D1 (PHYSICIST/NUCLEAR ENGINEER),https://paladindanse111.github.io/AFSC-PDFs/61D.html,https://paladindanse111.github.io/AFSC-PDFs/BASE_ARNOLD_AFB.html
ARNOLD AFB,"35°22'58""N","86°01'49""W",16S EE 88076 15924,62E1A,62E1A (DEVELOPMENTAL ENGINEER),https://paladindanse111.github.io/AFSC-PDFs/62E.html,https://paladindanse111.github.io/AFSC-PDFs/BASE_ARNOLD_AFB.html
ARNOLD AFB,"35°22'58""N","86°01'49""W",16S EE 88076 15924,62E1B,62E1B (DEVELOPMENTAL ENGINEER),https://paladindanse111.github.io/AFSC-PDFs/62E.html,https://paladindanse111.github.io/AFSC-PDFs/BASE_ARNOLD_AFB.html
ARNOLD AFB,"35°22'58""N","86°01'49""W",16S EE 88076 15924,62E1C,62E1C (DEVELOPMENTAL ENGINEER),https://paladindanse111.github.io/AFSC-PDFs/62E.html,https://paladindanse111.github.io/AFSC-PDFs/BASE_ARNOLD_AFB.html
ARNOLD AFB,"35°22'58""N","86°01'49""W",16S EE 88076 15924,62E1E,62E1E (DEVELOPMENTAL ENGINEER),https://paladindanse111.github.io/AFSC-PDFs/62E.html,https://paladindanse111.github.io/AFSC-PDFs/BASE_ARNOLD_AFB.html
ARNOLD AFB,"35°22'58""N","86°01'49""W",16S EE 88076 15924,62E1H,62E1H (DEVELOPMENTAL ENGINEER),https://paladindanse111.github.io/AFSC-PDFs/62E.html,https://paladindanse111.github.io/AFSC-PDFs/BASE_ARNOLD_AFB.html
ARNOLD AFB,"35°22'58""N","86°01'49""W",16S EE 88076 15924,63A1,63A1 (DEVELOPMENTAL ENGINEER),https://paladindanse111.github.io/AFSC-PDFs/63A.html,https://paladindanse111.github.io/AFSC-PDFs/BASE_ARNOLD_AFB.html
ARNOLD AFB,"35°22'58""N","86°01'49""W",16S EE 88076 15924,65F1,65F1 (FINANCIAL MANAGEMENT),https://paladindanse111.github.io/AFSC-PDFs/65F.html,https://paladindanse111.github.io/AFSC-PDFs/BASE_ARNOLD_AFB.html
AVIANO AB,"46°01'49""N","12°36'41""E",33T UM 15147 00185,21A1,21A1 (AIRCRAFT MAINTENANCE),https://paladindanse111.github.io/AFSC-PDFs/21A.html,https://paladindanse111.github.io/AFSC-PDFs/BASE_AVIANO_AB.html
AVIANO AB,"46°01'49""N","12°36'41""E",33T UM 15147 00185,21M1,21M1 (MUNITIONS AND MISSILE MAINTENANCE),https://paladindanse111.github.io/AFSC-PDFs/21M.html,https://paladindanse111.github.io/AFSC-PDFs/BASE_AVIANO_AB.html
AVIANO AB,"46°01'49""N","12°36'41""E",33T UM 15147 00185,21R1,21R1 (LOGISTICS READINESS),https://paladindanse111.github.io/AFSC-PDFs/21R.html,https://paladindanse111.github.io/AFSC-PDFs/BASE_AVIANO_AB.html
AVIANO AB,"46°01'49""N","12°36'41""E",33T UM 15147 00185,31P1,31P1 (SECURITY FORCES),https://paladindanse111.github.io/AFSC-PDFs/31P.html,https://paladindanse111.github.io/AFSC-PDFs/BASE_AVIANO_AB.html
AVIANO AB,"46°01'49""N","12°36'41""E",33T UM 15147 00185,32E1A,32E1A (CIVIL ENGINEER),https://paladindanse111.github.io/AFSC-PDFs/32E.html,https://paladindanse111.github.io/AFSC-PDFs/BASE_AVIANO_AB.html
AVIANO AB,"46°01'49""N","12°36'41""E",33T UM 15147 00185,32E1C,32E1C (CIVIL ENGINEER),https://paladindanse111.github.io/AFSC-PDFs/32E.html,https://paladindanse111.github.io/AFSC-PDFs/BASE_AVIANO_AB.html
AVIANO AB,"46°01'49""N","12°36'41""E",33T UM 15147 00185,32E1E,32E1E (CIVIL ENGINEER),https://paladindanse111.github.io/AFSC-PDFs/32E.html,https://paladindanse111.github.io/AFSC-PDFs/BASE_AVIANO_AB.html
AVIANO AB,"46°01'49""N","12°36'41""E",33T UM 15147 00185,32E1F,32E1F (CIVIL ENGINEER),https://paladindanse111.github.io/AFSC-PDFs/32E.html,https://paladindanse111.github.io/AFSC-PDFs/BASE_AVIANO_AB.html
AVIANO AB,"46°01'49""N","12°36'41""E",33T UM 15147 00185,32E1G,32E1G (CIVIL ENGINEER),https://paladindanse111.github.io/AFSC-PDFs/32E.html,https://paladindanse111.github.io/AFSC-PDFs/BASE_AVIANO_AB.html
AVIANO AB,"46°01'49""N","12°36'41""E",33T UM 15147 00185,32E1J,32E1J (CIVIL ENGINEER),https://paladindanse111.github.io/AFSC-PDFs/32E.html,https://paladindanse111.github.io/AFSC-PDFs/BASE_AVIANO_AB.html
AVIANO AB,"46°01'49""N","12°36'41""E",33T UM 15147 00185,35P1,35P1 (PUBLIC AFFAIRS),https://paladindanse111.github.io/AFSC-PDFs/35P.html,https://paladindanse111.github.io/AFSC-PDFs/BASE_AVIANO_AB.html
AVIANO AB,"46°01'49""N","12°36'41""E",33T UM 15147 00185,38F1,38F1 (FORCE SUPPORT),https://paladindanse111.github.io/AFSC-PDFs/38F.html,https://paladindanse111.github.io/AFSC-PDFs/BASE_AVIANO_AB.html
AVIANO AB,"46°01'49""N","12°36'41""E",33T UM 15147 00185,64P1,64P1 (CONTRACTING),https://paladindanse111.github.io/AFSC-PDFs/64P.html,https://paladindanse111.github.io/AFSC-PDFs/BASE_AVIANO_AB.html
AVIANO AB,"46°01'49""N","12°36'41""E",33T UM 15147 00185,65F1,65F1 (FINANCIAL MANAGEMENT),https://paladindanse111.github.io/AFSC-PDFs/65F.html,https://paladindanse111.github.io/AFSC-PDFs/BASE_AVIANO_AB.html
BARKSDALE AFB,"32°29'45""N","93°40'21""W",15S VR 36822 95596,14F1,14F1 (INFORMATION OPERATIONS),https://paladindanse111.github.io/AFSC-PDFs/14F.html,https://paladindanse111.github.io/AFSC-PDFs/BASE_BARKSDALE_AFB.html
BARKSDALE AFB,"32°29'45""N","93°40'21""W",15S VR 36822 95596,15A1,15A1 (OPERATIONS ANALYSIS OFFICER),https://paladindanse111.github.io/AFSC-PDFs/15A.html,https://paladindanse111.github.io/AFSC-PDFs/BASE_BARKSDALE_AFB.html
BARKSDALE AFB,"32°29'45""N","93°40'21""W",15S VR 36822 95596,15W1,15W1 (WEATHER AND ENVIRONMENTAL SCIENCES),https://paladindanse111.github.io/AFSC-PDFs/15W.html,https://paladindanse111.github.io/AFSC-PDFs/BASE_BARKSDALE_AFB.html
BARKSDALE AFB,"32°29'45""N","93°40'21""W",15S VR 36822 95596,21A1,21A1 (AIRCRAFT MAINTENANCE),https://paladindanse111.github.io/AFSC-PDFs/21A.html,https://paladindanse111.github.io/AFSC-PDFs/BASE_BARKSDALE_AFB.html
BARKSDALE AFB,"32°29'45""N","93°40'21""W",15S VR 36822 95596,21M1,21M1 (MUNITIONS AND MISSILE MAINTENANCE),https://paladindanse111.github.io/AFSC-PDFs/21M.html,https://paladindanse111.github.io/AFSC-PDFs/BASE_BARKSDALE_AFB.html
BARKSDALE AFB,"32°29'45""N","93°40'21""W",15S VR 36822 95596,21R1,21R1 (LOGISTICS READINESS),https://paladindanse111.github.io/AFSC-PDFs/21R.html,https://paladindanse111.github.io/AFSC-PDFs/BASE_BARKSDALE_AFB.html
BARKSDALE AFB,"32°29'45""N","93°40'21""W",15S VR 36822 95596,32E1A,32E1A (CIVIL ENGINEER),https://paladindanse111.github.io/AFSC-PDFs/32E.html,https://paladindanse111.github.io/AFSC-PDFs/BASE_BARKSDALE_AFB.html
BARKSDALE AFB,"32°29'45""N","93°40'21""W",15S VR 36822 95596,32E1C,32E1C (CIVIL ENGINEER),https://paladindanse111.github.io/AFSC-PDFs/32E.html,https://paladindanse111.github.io/AFSC-PDFs/BASE_BARKSDALE_AFB.html
BARKSDALE AFB,"32°29'45""N","93°40'21""W",15S VR 36822 95596,32E1E,32E1E (CIVIL ENGINEER),https://paladindanse111.github.io/AFSC-PDFs/32E.html,https://paladindanse111.github.io/AFSC-PDFs/BASE_BARKSDALE_AFB.html
BARKSDALE AFB,"32°29'45""N","93°40'21""W",15S VR 36822 95596,32E1F,32E1F (CIVIL ENGINEER),https://paladindanse111.github.io/AFSC-PDFs/32E.html,https://paladindanse111.github.io/AFSC-PDFs/BASE_BARKSDALE_AFB.html
BARKSDALE AFB,"32°29'45""N","93°40'21""W",15S VR 36822 95596,32E1G,32E1G (CIVIL ENGINEER),https://paladindanse111.github.io/AFSC-PDFs/32E.html,https://paladindanse111.github.io/AFSC-PDFs/BASE_BARKSDALE_AFB.html
BARKSDALE AFB,"32°29'45""N","93°40'21""W",15S VR 36822 95596,32E1J,32E1J (CIVIL ENGINEER),https://paladindanse111.github.io/AFSC-PDFs/32E.html,https://paladindanse111.github.io/AFSC-PDFs/BASE_BARKSDALE_AFB.html
BARKSDALE AFB,"32°29'45""N","93°40'21""W",15S VR 36822 95596,35P1,35P1 (PUBLIC AFFAIRS),https://paladindanse111.github.io/AFSC-PDFs/35P.html,https://paladindanse111.github.io/AFSC-PDFs/BASE_BARKSDALE_AFB.html
BARKSDALE AFB,"32°29'45""N","93°40'21""W",15S VR 36822 95596,38F1,38F1 (FORCE SUPPORT),https://paladindanse111.github.io/AFSC-PDFs/38F.html,https://paladindanse111.github.io/AFSC-PDFs/BASE_BARKSDALE_AFB.html
BARKSDALE AFB,"32°29'45""N","93°40'21""W",15S VR 36822 95596,61D1,61D1 (PHYSICIST/NUCLEAR ENGINEER),https://paladindanse111.github.io/AFSC-PDFs/61D.html,https://paladindanse111.github.io/AFSC-PDFs/BASE_BARKSDALE_AFB.html
BARKSDALE AFB,"32°29'45""N","93°40'21""W",15S VR 36822 95596,62E1A,62E1A (DEVELOPMENTAL ENGINEER),https://paladindanse111.github.io/AFSC-PDFs/62E.html,https://paladindanse111.github.io/AFSC-PDFs/BASE_BARKSDALE_AFB.html
BARKSDALE AFB,"32°29'45""N","93°40'21""W",15S VR 36822 95596,62E1B,62E1B (DEVELOPMENTAL ENGINEER),https://paladindanse111.github.io/AFSC-PDFs/62E.html,https://paladindanse111.github.io/AFSC-PDFs/BASE_BARKSDALE_AFB.html
BARKSDALE AFB,"32°29'45""N","93°40'21""W",15S VR 36822 95596,62E1C,62E1C (DEVELOPMENTAL ENGINEER),https://paladindanse111.github.io/AFSC-PDFs/62E.html,https://paladindanse111.github.io/AFSC-PDFs/BASE_BARKSDALE_AFB.html
BARKSDALE AFB,"32°29'45""N","93°40'21""W",15S VR 36822 95596,62E1E,62E1E (DEVELOPMENTAL ENGINEER),https://paladindanse111.github.io/AFSC-PDFs/62E.html,https://paladindanse111.github.io/AFSC-PDFs/BASE_BARKSDALE_AFB.html
BARKSDALE AFB,"32°29'45""N","93°40'21""W",15S VR 36822 95596,62E1G,62E1G (DEVELOPMENTAL ENGINEER),https://paladindanse111.github.io/AFSC-PDFs/62E.html,https://paladindanse111.github.io/AFSC-PDFs/BASE_BARKSDALE_AFB.html
BARKSDALE AFB,"32°29'45""N","93°40'21""W",15S VR 36822 95596,62E1H,62E1H (DEVELOPMENTAL ENGINEER),https://paladindanse111.github.io/AFSC-PDFs/62E.html,https://paladindanse111.github.io/AFSC-PDFs/BASE_BARKSDALE_AFB.html
BARKSDALE AFB,"32°29'45""N","93°40'21""W",15S VR 36822 95596,62E1I,62E1I (DEVELOPMENTAL ENGINEER),https://paladindanse111.github.io/AFSC-PDFs/62E.html,https://paladindanse111.github.io/AFSC-PDFs/BASE_BARKSDALE_AFB.html
BARKSDALE AFB,"32°29'45""N","93°40'21""W",15S VR 36822 95596,64P1,64P1 (CONTRACTING),https://paladindanse111.github.io/AFSC-PDFs/64P.html,https://paladindanse111.github.io/AFSC-PDFs/BASE_BARKSDALE_AFB.html
BARKSDALE AFB,"32°29'45""N","93°40'21""W",15S VR 36822 95596,65F1,65F1 (FINANCIAL MANAGEMENT),https://paladindanse111.github.io/AFSC-PDFs/65F.html,https://paladindanse111.github.io/AFSC-PDFs/BASE_BARKSDALE_AFB.html
BARKSDALE AFB,"32°29'45""N","93°40'21""W",15S VR 36822 95596,71S1,71S1 (SPECIAL INVESTIGATIONS),https://paladindanse111.github.io/AFSC-PDFs/71S.html,https://paladindanse111.github.io/AFSC-PDFs/BASE_BARKSDALE_AFB.html
BEALE AFB,"39°06'41""N","121°21'35""W",10S FJ 41815 30418,21A1,21A1 (AIRCRAFT MAINTENANCE),https://paladindanse111.github.io/AFSC-PDFs/21A.html,https://paladindanse111.github.io/AFSC-PDFs/BASE_BEALE_AFB.html
BEALE AFB,"39°06'41""N","121°21'35""W",10S FJ 41815 30418,21M1,21M1 (MUNITIONS AND MISSILE MAINTENANCE),https://paladindanse111.github.io/AFSC-PDFs/21M.html,https://paladindanse111.github.io/AFSC-PDFs/BASE_BEALE_AFB.html
BEALE AFB,"39°06'41""N","121°21'35""W",10S FJ 41815 30418,21R1,21R1 (LOGISTICS READINESS),https://paladindanse111.github.io/AFSC-PDFs/21R.html,https://paladindanse111.github.io/AFSC-PDFs/BASE_BEALE_AFB.html
BEALE AFB,"39°06'41""N","121°21'35""W",10S FJ 41815 30418,32E1A,32E1A (CIVIL ENGINEER),https://paladindanse111.github.io/AFSC-PDFs/32E.html,https://paladindanse111.github.io/AFSC-PDFs/BASE_BEALE_AFB.html
BEALE AFB,"39°06'41""N","121°21'35""W",10S FJ 41815 30418,32E1C,32E1C (CIVIL ENGINEER),https://paladindanse111.github.io/AFSC-PDFs/32E.html,https://paladindanse111.github.io/AFSC-PDFs/BASE_BEALE_AFB.html
BEALE AFB,"39°06'41""N","121°21'35""W",10S FJ 41815 30418,32E1E,32E1E (CIVIL ENGINEER),https://paladindanse111.github.io/AFSC-PDFs/32E.html,https://paladindanse111.github.io/AFSC-PDFs/BASE_BEALE_AFB.html
BEALE AFB,"39°06'41""N","121°21'35""W",10S FJ 41815 30418,32E1F,32E1F (CIVIL ENGINEER),https://paladindanse111.github.io/AFSC-PDFs/32E.html,https://paladindanse111.github.io/AFSC-PDFs/BASE_BEALE_AFB.html
BEALE AFB,"39°06'41""N","121°21'35""W",10S FJ 41815 30418,32E1G,32E1G (CIVIL ENGINEER),https://paladindanse111.github.io/AFSC-PDFs/32E.html,https://paladindanse111.github.io/AFSC-PDFs/BASE_BEALE_AFB.html
BEALE AFB,"39°06'41""N","121°21'35""W",10S FJ 41815 30418,32E1J,32E1J (CIVIL ENGINEER),https://paladindanse111.github.io/AFSC-PDFs/32E.html,https://paladindanse111.github.io/AFSC-PDFs/BASE_BEALE_AFB.html
BEALE AFB,"39°06'41""N","121°21'35""W",10S FJ 41815 30418,35P1,35P1 (PUBLIC AFFAIRS),https://paladindanse111.github.io/AFSC-PDFs/35P.html,https://paladindanse111.github.io/AFSC-PDFs/BASE_BEALE_AFB.html
BEALE AFB,"39°06'41""N","121°21'35""W",10S FJ 41815 30418,38F1,38F1 (FORCE SUPPORT),https://paladindanse111.github.io/AFSC-PDFs/38F.html,https://paladindanse111.github.io/AFSC-PDFs/BASE_BEALE_AFB.html
BEALE AFB,"39°06'41""N","121°21'35""W",10S FJ 41815 30418,62E1A,62E1A (DEVELOPMENTAL ENGINEER),https://paladindanse111.github.io/AFSC-PDFs/62E.html,https://paladindanse111.github.io/AFSC-PDFs/BASE_BEALE_AFB.html
BEALE AFB,"39°06'41""N","121°21'35""W",10S FJ 41815 30418,62E1B,62E1B (DEVELOPMENTAL ENGINEER),https://paladindanse111.github.io/AFSC-PDFs/62E.html,https://paladindanse111.github.io/AFSC-PDFs/BASE_BEALE_AFB.html
BEALE AFB,"39°06'41""N","121°21'35""W",10S FJ 41815 30418,62E1C,62E1C (DEVELOPMENTAL ENGINEER),https://paladindanse111.github.io/AFSC-PDFs/62E.html,https://paladindanse111.github.io/AFSC-PDFs/BASE_BEALE_AFB.html
BEALE AFB,"39°06'41""N","121°21'35""W",10S FJ 41815 30418,62E1E,62E1E (DEVELOPMENTAL ENGINEER),https://paladindanse111.github.io/AFSC-PDFs/62E.html,https://paladindanse111.github.io/AFSC-PDFs/BASE_BEALE_AFB.html
BEALE AFB,"39°06'41""N","121°21'35""W",10S FJ 41815 30418,62E1G,62E1G (DEVELOPMENTAL ENGINEER),https://paladindanse111.github.io/AFSC-PDFs/62E.html,https://paladindanse111.github.io/AFSC-PDFs/BASE_BEALE_AFB.html
BEALE AFB,"39°06'41""N","121°21'35""W",10S FJ 41815 30418,62E1H,62E1H (DEVELOPMENTAL ENGINEER),https://paladindanse111.github.io/AFSC-PDFs/62E.html,https://paladindanse111.github.io/AFSC-PDFs/BASE_BEALE_AFB.html
BEALE AFB,"39°06'41""N","121°21'35""W",10S FJ 41815 30418,62E1I,62E1I (DEVELOPMENTAL ENGINEER),https://paladindanse111.github.io/AFSC-PDFs/62E.html,https://paladindanse111.github.io/AFSC-PDFs/BASE_BEALE_AFB.html
BEALE AFB,"39°06'41""N","121°21'35""W",10S FJ 41815 30418,64P1,64P1 (CONTRACTING),https://paladindanse111.github.io/AFSC-PDFs/64P.html,https://paladindanse111.github.io/AFSC-PDFs/BASE_BEALE_AFB.html
BEALE AFB,"39°06'41""N","121°21'35""W",10S FJ 41815 30418,65F1,65F1 (FINANCIAL MANAGEMENT),https://paladindanse111.github.io/AFSC-PDFs/65F.html,https://paladindanse111.github.io/AFSC-PDFs/BASE_BEALE_AFB.html
BOSTON,"42° 20' 0""N","71° 5' 0""W",19T CG 28363 88888,63A1,63A1 (DEVELOPMENTAL ENGINEER),https://paladindanse111.github.io/AFSC-PDFs/63A.html,https://paladindanse111.github.io/AFSC-PDFs/BASE_BOSTON.html
BUCKLEY SFB,"39°42'09""N","104°45'29""W",13S ED 20741 94766,32E1A,32E1A (CIVIL ENGINEER),https://paladindanse111.github.io/AFSC-PDFs/32E.html,https://paladindanse111.github.io/AFSC-PDFs/BASE_BUCKLEY_SFB.html
BUCKLEY SFB,"39°42'09""N","104°45'29""W",13S ED 20741 94766,32E1C,32E1C (CIVIL ENGINEER),https://paladindanse111.github.io/AFSC-PDFs/32E.html,https://paladindanse111.github.io/AFSC-PDFs/BASE_BUCKLEY_SFB.html
BUCKLEY SFB,"39°42'09""N","104°45'29""W",13S ED 20741 94766,32E1E,32E1E (CIVIL ENGINEER),https://paladindanse111.github.io/AFSC-PDFs/32E.html,https://paladindanse111.github.io/AFSC-PDFs/BASE_BUCKLEY_SFB.html
BUCKLEY SFB,"39°42'09""N","104°45'29""W",13S ED 20741 94766,32E1F,32E1F (CIVIL ENGINEER),https://paladindanse111.github.io/AFSC-PDFs/32E.html,https://paladindanse111.github.io/AFSC-PDFs/BASE_BUCKLEY_SFB.html
BUCKLEY SFB,"39°42'09""N","104°45'29""W",13S ED 20741 94766,32E1G,32E1G (CIVIL ENGINEER),https://paladindanse111.github.io/AFSC-PDFs/32E.html,https://paladindanse111.github.io/AFSC-PDFs/BASE_BUCKLEY_SFB.html
BUCKLEY SFB,"39°42'09""N","104°45'29""W",13S ED 20741 94766,32E1J,32E1J (CIVIL ENGINEER),https://paladindanse111.github.io/AFSC-PDFs/32E.html,https://paladindanse111.github.io/AFSC-PDFs/BASE_BUCKLEY_SFB.html
BUCKLEY SFB,"39°42'09""N","104°45'29""W",13S ED 20741 94766,35P1,35P1 (PUBLIC AFFAIRS),https://paladindanse111.github.io/AFSC-PDFs/35P.html,https://paladindanse111.github.io/AFSC-PDFs/BASE_BUCKLEY_SFB.html
BUCKLEY SFB,"39°42'09""N","104°45'29""W",13S ED 20741 94766,61D1,61D1 (PHYSICIST/NUCLEAR ENGINEER),https://paladindanse111.github.io/AFSC-PDFs/61D.html,https://paladindanse111.github.io/AFSC-PDFs/BASE_BUCKLEY_SFB.html
BUCKLEY SFB,"39°42'09""N","104°45'29""W",13S ED 20741 94766,62E1A,62E1A (DEVELOPMENTAL ENGINEER),https://paladindanse111.github.io/AFSC-PDFs/62E.html,https://paladindanse111.github.io/AFSC-PDFs/BASE_BUCKLEY_SFB.html
BUCKLEY SFB,"39°42'09""N","104°45'29""W",13S ED 20741 94766,62E1B,62E1B (DEVELOPMENTAL ENGINEER),https://paladindanse111.github.io/AFSC-PDFs/62E.html,https://paladindanse111.github.io/AFSC-PDFs/BASE_BUCKLEY_SFB.html
BUCKLEY SFB,"39°42'09""N","104°45'29""W",13S ED 20741 94766,64P1,64P1 (CONTRACTING),https://paladindanse111.github.io/AFSC-PDFs/64P.html,https://paladindanse111.github.io/AFSC-PDFs/BASE_BUCKLEY_SFB.html
BUCKLEY SFB,"39°42'09""N","104°45'29""W",13S ED 20741 94766,65F1,65F1 (FINANCIAL MANAGEMENT),https://paladindanse111.github.io/AFSC-PDFs/65F.html,https://paladindanse111.github.io/AFSC-PDFs/BASE_BUCKLEY_SFB.html
CANNON AFB,"34°23'20""N","103°19'05""W",13S FU 54620 06558,14F1,14F1 (INFORMATION OPERATIONS),https://paladindanse111.github.io/AFSC-PDFs/14F.html,https://paladindanse111.github.io/AFSC-PDFs/BASE_CANNON_AFB.html
CANNON AFB,"34°23'20""N","103°19'05""W",13S FU 54620 06558,15W1,15W1 (WEATHER AND ENVIRONMENTAL SCIENCES),https://paladindanse111.github.io/AFSC-PDFs/15W.html,https://paladindanse111.github.io/AFSC-PDFs/BASE_CANNON_AFB.html
CANNON AFB,"34°23'20""N","103°19'05""W",13S FU 54620 06558,21A1,21A1 (AIRCRAFT MAINTENANCE),https://paladindanse111.github.io/AFSC-PDFs/21A.html,https://paladindanse111.github.io/AFSC-PDFs/BASE_CANNON_AFB.html
CANNON AFB,"34°23'20""N","103°19'05""W",13S FU 54620 06558,21M1,21M1 (MUNITIONS AND MISSILE MAINTENANCE),https://paladindanse111.github.io/AFSC-PDFs/21M.html,https://paladindanse111.github.io/AFSC-PDFs/BASE_CANNON_AFB.html
CANNON AFB,"34°23'20""N","103°19'05""W",13S FU 54620 06558,21R1,21R1 (LOGISTICS READINESS),https://paladindanse111.github.io/AFSC-PDFs/21R.html,https://paladindanse111.github.io/AFSC-PDFs/BASE_CANNON_AFB.html
CANNON AFB,"34°23'20""N","103°19'05""W",13S FU 54620 06558,32E1A,32E1A (CIVIL ENGINEER),https://paladindanse111.github.io/AFSC-PDFs/32E.html,https://paladindanse111.github.io/AFSC-PDFs/BASE_CANNON_AFB.html
CANNON AFB,"34°23'20""N","103°19'05""W",13S FU 54620 06558,32E1C,32E1C (CIVIL ENGINEER),https://paladindanse111.github.io/AFSC-PDFs/32E.html,https://paladindanse111.github.io/AFSC-PDFs/BASE_CANNON_AFB.html
CANNON AFB,"34°23'20""N","103°19'05""W",13S FU 54620 06558,32E1E,32E1E (CIVIL ENGINEER),https://paladindanse111.github.io/AFSC-PDFs/32E.html,https://paladindanse111.github.io/AFSC-PDFs/BASE_CANNON_AFB.html
CANNON AFB,"34°23'20""N","103°19'05""W",13S FU 54620 06558,32E1F,32E1F (CIVIL ENGINEER),https://paladindanse111.github.io/AFSC-PDFs/32E.html,https://paladindanse111.github.io/AFSC-PDFs/BASE_CANNON_AFB.html
CANNON AFB,"34°23'20""N","103°19'05""W",13S FU 54620 06558,32E1G,32E1G (CIVIL ENGINEER),https://paladindanse111.github.io/AFSC-PDFs/32E.html,https://paladindanse111.github.io/AFSC-PDFs/BASE_CANNON_AFB.html
CANNON AFB,"34°23'20""N","103°19'05""W",13S FU 54620 06558,32E1J,32E1J (CIVIL ENGINEER),https://paladindanse111.github.io/AFSC-PDFs/32E.html,https://paladindanse111.github.io/AFSC-PDFs/BASE_CANNON_AFB.html
CANNON AFB,"34°23'20""N","103°19'05""W",13S FU 54620 06558,35P1,35P1 (PUBLIC AFFAIRS),https://paladindanse111.github.io/AFSC-PDFs/35P.html,https://paladindanse111.github.io/AFSC-PDFs/BASE_CANNON_AFB.html
CANNON AFB,"34°23'20""N","103°19'05""W",13S FU 54620 06558,38F1,38F1 (FORCE SUPPORT),https://paladindanse111.github.io/AFSC-PDFs/38F.html,https://paladindanse111.github.io/AFSC-PDFs/BASE_CANNON_AFB.html
CANNON AFB,"34°23'20""N","103°19'05""W",13S FU 54620 06558,64P1,64P1 (CONTRACTING),https://paladindanse111.github.io/AFSC-PDFs/64P.html,https://paladindanse111.github.io/AFSC-PDFs/BASE_CANNON_AFB.html
CANNON AFB,"34°23'20""N","103°19'05""W",13S FU 54620 06558,65F1,65F1 (FINANCIAL MANAGEMENT),https://paladindanse111.github.io/AFSC-PDFs/65F.html,https://paladindanse111.github.io/AFSC-PDFs/BASE_CANNON_AFB.html
CHARLOTTESVILLE,"38° 2' 0""N","78° 29' 0""W",17S QC 20873 12503,61C1,61C1 (CHEMIST/NUCLEAR CHEMIST),https://paladindanse111.github.io/AFSC-PDFs/61C.html,https://paladindanse111.github.io/AFSC-PDFs/BASE_CHARLOTTESVILLE.html
CHARLOTTESVILLE,"38° 2' 0""N","78° 29' 0""W",17S QC 20873 12503,61D1,61D1 (PHYSICIST/NUCLEAR ENGINEER),https://paladindanse111.github.io/AFSC-PDFs/61D.html,https://paladindanse111.github.io/AFSC-PDFs/BASE_CHARLOTTESVILLE.html
COLORADO SPRINGS,"38° 50' 2""N","104° 49' 15""W",13S EC 15550 98358,61D1,61D1 (PHYSICIST/NUCLEAR ENGINEER),https://paladindanse111.github.io/AFSC-PDFs/61D.html,https://paladindanse111.github.io/AFSC-PDFs/BASE_COLORADO_SPRINGS.html
COLUMBUS AFB,"33°37'38""N","88°26'51""W",16S CC 65739 21763,13H1,13H1 (AEROSPACE PHYSIOLOGIST),https://paladindanse111.github.io/AFSC-PDFs/13H.html,https://paladindanse111.github.io/AFSC-PDFs/BASE_COLUMBUS_AFB.html
COLUMBUS AFB,"33°37'38""N","88°26'51""W",16S CC 65739 21763,15W1,15W1 (WEATHER AND ENVIRONMENTAL SCIENCES),https://paladindanse111.github.io/AFSC-PDFs/15W.html,https://paladindanse111.github.io/AFSC-PDFs/BASE_COLUMBUS_AFB.html
COLUMBUS AFB,"33°37'38""N","88°26'51""W",16S CC 65739 21763,32E1A,32E1A (CIVIL ENGINEER),https://paladindanse111.github.io/AFSC-PDFs/32E.html,https://paladindanse111.github.io/AFSC-PDFs/BASE_COLUMBUS_AFB.html
COLUMBUS AFB,"33°37'38""N","88°26'51""W",16S CC 65739 21763,32E1C,32E1C (CIVIL ENGINEER),https://paladindanse111.github.io/AFSC-PDFs/32E.html,https://paladindanse111.github.io/AFSC-PDFs/BASE_COLUMBUS_AFB.html
COLUMBUS AFB,"33°37'38""N","88°26'51""W",16S CC 65739 21763,32E1E,32E1E (CIVIL ENGINEER),https://paladindanse111.github.io/AFSC-PDFs/32E.html,https://paladindanse111.github.io/AFSC-PDFs/BASE_COLUMBUS_AFB.html
COLUMBUS AFB,"33°37'38""N","88°26'51""W",16S CC 65739 21763,32E1F,32E1F (CIVIL ENGINEER),https://paladindanse111.github.io/AFSC-PDFs/32E.html,https://paladindanse111.github.io/AFSC-PDFs/BASE_COLUMBUS_AFB.html
COLUMBUS AFB,"33°37'38""N","88°26'51""W",16S CC 65739 21763,32E1G,32E1G (CIVIL ENGINEER),https://paladindanse111.github.io/AFSC-PDFs/32E.html,https://paladindanse111.github.io/AFSC-PDFs/BASE_COLUMBUS_AFB.html
COLUMBUS AFB,"33°37'38""N","88°26'51""W",16S CC 65739 21763,32E1J,32E1J (CIVIL ENGINEER),https://paladindanse111.github.io/AFSC-PDFs/32E.html,https://paladindanse111.github.io/AFSC-PDFs/BASE_COLUMBUS_AFB.html
COLUMBUS AFB,"33°37'38""N","88°26'51""W",16S CC 65739 21763,35P1,35P1 (PUBLIC AFFAIRS),https://paladindanse111.github.io/AFSC-PDFs/35P.html,https://paladindanse111.github.io/AFSC-PDFs/BASE_COLUMBUS_AFB.html
COLUMBUS AFB,"33°37'38""N","88°26'51""W",16S CC 65739 21763,38F1,38F1 (FORCE SUPPORT),https://paladindanse111.github.io/AFSC-PDFs/38F.html,https://paladindanse111.github.io/AFSC-PDFs/BASE_COLUMBUS_AFB.html
COLUMBUS AFB,"33°37'38""N","88°26'51""W",16S CC 65739 21763,64P1,64P1 (CONTRACTING),https://paladindanse111.github.io/AFSC-PDFs/64P.html,https://paladindanse111.github.io/AFSC-PDFs/BASE_COLUMBUS_AFB.html
COLUMBUS AFB,"33°37'38""N","88°26'51""W",16S CC 65739 21763,65F1,65F1 (FINANCIAL MANAGEMENT),https://paladindanse111.github.io/AFSC-PDFs/65F.html,https://paladindanse111.github.io/AFSC-PDFs/BASE_COLUMBUS_AFB.html
COLUMBUS AFB,"33°37'38""N","88°26'51""W",16S CC 65739 21763,92T0,92T0 (PILOT TRAINEE),,https://paladindanse111.github.io/AFSC-PDFs/BASE_COLUMBUS_AFB.html
CAPE CANAVERAL SFS,"28°29'19""N","80°34'22""W",17R NM 41814 51404,NONE,NO AFSCS ASSIGNED,,https://paladindanse111.github.io/AFSC-PDFs/BASE_CAPE_CANAVERAL_SFS.html
CREECH AFB,"36°34'41""N","115°39'29""W",11S PA 20060 48904,21A1,21A1 (AIRCRAFT MAINTENANCE),https://paladindanse111.github.io/AFSC-PDFs/21A.html,https://paladindanse111.github.io/AFSC-PDFs/BASE_CREECH_AFB.html
CREECH AFB,"36°34'41""N","115°39'29""W",11S PA 20060 48904,21M1,21M1 (MUNITIONS AND MISSILE MAINTENANCE),https://paladindanse111.github.io/AFSC-PDFs/21M.html,https://paladindanse111.github.io/AFSC-PDFs/BASE_CREECH_AFB.html
CREECH AFB,"36°34'41""N","115°39'29""W",11S PA 20060 48904,35P1,35P1 (PUBLIC AFFAIRS),https://paladindanse111.github.io/AFSC-PDFs/35P.html,https://paladindanse111.github.io/AFSC-PDFs/BASE_CREECH_AFB.html
DAVIS-MONTHAN AFB,"32°10'14""N","110°52'39""W",12S WA 11549 59347,14F1,14F1 (INFORMATION OPERATIONS),https://paladindanse111.github.io/AFSC-PDFs/14F.html,https://paladindanse111.github.io/AFSC-PDFs/BASE_DAVIS-MONTHAN_AFB.html
DAVIS-MONTHAN AFB,"32°10'14""N","110°52'39""W",12S WA 11549 59347,15A1,15A1 (OPERATIONS ANALYSIS OFFICER),https://paladindanse111.github.io/AFSC-PDFs/15A.html,https://paladindanse111.github.io/AFSC-PDFs/BASE_DAVIS-MONTHAN_AFB.html
DAVIS-MONTHAN AFB,"32°10'14""N","110°52'39""W",12S WA 11549 59347,15W1,15W1 (WEATHER AND ENVIRONMENTAL SCIENCES),https://paladindanse111.github.io/AFSC-PDFs/15W.html,https://paladindanse111.github.io/AFSC-PDFs/BASE_DAVIS-MONTHAN_AFB.html
DAVIS-MONTHAN AFB,"32°10'14""N","110°52'39""W",12S WA 11549 59347,21A1,21A1 (AIRCRAFT MAINTENANCE),https://paladindanse111.github.io/AFSC-PDFs/21A.html,https://paladindanse111.github.io/AFSC-PDFs/BASE_DAVIS-MONTHAN_AFB.html
DAVIS-MONTHAN AFB,"32°10'14""N","110°52'39""W",12S WA 11549 59347,21M1,21M1 (MUNITIONS AND MISSILE MAINTENANCE),https://paladindanse111.github.io/AFSC-PDFs/21M.html,https://paladindanse111.github.io/AFSC-PDFs/BASE_DAVIS-MONTHAN_AFB.html
DAVIS-MONTHAN AFB,"32°10'14""N","110°52'39""W",12S WA 11549 59347,21R1,21R1 (LOGISTICS READINESS),https://paladindanse111.github.io/AFSC-PDFs/21R.html,https://paladindanse111.github.io/AFSC-PDFs/BASE_DAVIS-MONTHAN_AFB.html
DAVIS-MONTHAN AFB,"32°10'14""N","110°52'39""W",12S WA 11549 59347,32E1A,32E1A (CIVIL ENGINEER),https://paladindanse111.github.io/AFSC-PDFs/32E.html,https://paladindanse111.github.io/AFSC-PDFs/BASE_DAVIS-MONTHAN_AFB.html
DAVIS-MONTHAN AFB,"32°10'14""N","110°52'39""W",12S WA 11549 59347,32E1C,32E1C (CIVIL ENGINEER),https://paladindanse111.github.io/AFSC-PDFs/32E.html,https://paladindanse111.github.io/AFSC-PDFs/BASE_DAVIS-MONTHAN_AFB.html
DAVIS-MONTHAN AFB,"32°10'14""N","110°52'39""W",12S WA 11549 59347,32E1E,32E1E (CIVIL ENGINEER),https://paladindanse111.github.io/AFSC-PDFs/32E.html,https://paladindanse111.github.io/AFSC-PDFs/BASE_DAVIS-MONTHAN_AFB.html
DAVIS-MONTHAN AFB,"32°10'14""N","110°52'39""W",12S WA 11549 59347,32E1F,32E1F (CIVIL ENGINEER),https://paladindanse111.github.io/AFSC-PDFs/32E.html,https://paladindanse111.github.io/AFSC-PDFs/BASE_DAVIS-MONTHAN_AFB.html
DAVIS-MONTHAN AFB,"32°10'14""N","110°52'39""W",12S WA 11549 59347,32E1G,32E1G (CIVIL ENGINEER),https://paladindanse111.github.io/AFSC-PDFs/32E.html,https://paladindanse111.github.io/AFSC-PDFs/BASE_DAVIS-MONTHAN_AFB.html
DAVIS-MONTHAN AFB,"32°10'14""N","110°52'39""W",12S WA 11549 59347,32E1J,32E1J (CIVIL ENGINEER),https://paladindanse111.github.io/AFSC-PDFs/32E.html,https://paladindanse111.github.io/AFSC-PDFs/BASE_DAVIS-MONTHAN_AFB.html
DAVIS-MONTHAN AFB,"32°10'14""N","110°52'39""W",12S WA 11549 59347,35P1,35P1 (PUBLIC AFFAIRS),https://paladindanse111.github.io/AFSC-PDFs/35P.html,https://paladindanse111.github.io/AFSC-PDFs/BASE_DAVIS-MONTHAN_AFB.html
DAVIS-MONTHAN AFB,"32°10'14""N","110°52'39""W",12S WA 11549 59347,38F1,38F1 (FORCE SUPPORT),https://paladindanse111.github.io/AFSC-PDFs/38F.html,https://paladindanse111.github.io/AFSC-PDFs/BASE_DAVIS-MONTHAN_AFB.html
DAVIS-MONTHAN AFB,"32°10'14""N","110°52'39""W",12S WA 11549 59347,64P1,64P1 (CONTRACTING),https://paladindanse111.github.io/AFSC-PDFs/64P.html,https://paladindanse111.github.io/AFSC-PDFs/BASE_DAVIS-MONTHAN_AFB.html
DAVIS-MONTHAN AFB,"32°10'14""N","110°52'39""W",12S WA 11549 59347,65F1,65F1 (FINANCIAL MANAGEMENT),https://paladindanse111.github.io/AFSC-PDFs/65F.html,https://paladindanse111.github.io/AFSC-PDFs/BASE_DAVIS-MONTHAN_AFB.html
DAVIS-MONTHAN AFB,"32°10'14""N","110°52'39""W",12S WA 11549 59347,71S1,71S1 (SPECIAL INVESTIGATIONS),https://paladindanse111.github.io/AFSC-PDFs/71S.html,https://paladindanse111.github.io/AFSC-PDFs/BASE_DAVIS-MONTHAN_AFB.html
DOVER AFB,"39°07'39""N","75°28'06""W",18S VJ 59518 31029,21A1,21A1 (AIRCRAFT MAINTENANCE),https://paladindanse111.github.io/AFSC-PDFs/21A.html,https://paladindanse111.github.io/AFSC-PDFs/BASE_DOVER_AFB.html
DOVER AFB,"39°07'39""N","75°28'06""W",18S VJ 59518 31029,21R1,21R1 (LOGISTICS READINESS),https://paladindanse111.github.io/AFSC-PDFs/21R.html,https://paladindanse111.github.io/AFSC-PDFs/BASE_DOVER_AFB.html
DOVER AFB,"39°07'39""N","75°28'06""W",18S VJ 59518 31029,32E1A,32E1A (CIVIL ENGINEER),https://paladindanse111.github.io/AFSC-PDFs/32E.html,https://paladindanse111.github.io/AFSC-PDFs/BASE_DOVER_AFB.html
DOVER AFB,"39°07'39""N","75°28'06""W",18S VJ 59518 31029,32E1C,32E1C (CIVIL ENGINEER),https://paladindanse111.github.io/AFSC-PDFs/32E.html,https://paladindanse111.github.io/AFSC-PDFs/BASE_DOVER_AFB.html
DOVER AFB,"39°07'39""N","75°28'06""W",18S VJ 59518 31029,32E1E,32E1E (CIVIL ENGINEER),https://paladindanse111.github.io/AFSC-PDFs/32E.html,https://paladindanse111.github.io/AFSC-PDFs/BASE_DOVER_AFB.html
DOVER AFB,"39°07'39""N","75°28'06""W",18S VJ 59518 31029,32E1F,32E1F (CIVIL ENGINEER),https://paladindanse111.github.io/AFSC-PDFs/32E.html,https://paladindanse111.github.io/AFSC-PDFs/BASE_DOVER_AFB.html
DOVER AFB,"39°07'39""N","75°28'06""W",18S VJ 59518 31029,32E1G,32E1G (CIVIL ENGINEER),https://paladindanse111.github.io/AFSC-PDFs/32E.html,https://paladindanse111.github.io/AFSC-PDFs/BASE_DOVER_AFB.html
DOVER AFB,"39°07'39""N","75°28'06""W",18S VJ 59518 31029,32E1J,32E1J (CIVIL ENGINEER),https://paladindanse111.github.io/AFSC-PDFs/32E.html,https://paladindanse111.github.io/AFSC-PDFs/BASE_DOVER_AFB.html
DOVER AFB,"39°07'39""N","75°28'06""W",18S VJ 59518 31029,35P1,35P1 (PUBLIC AFFAIRS),https://paladindanse111.github.io/AFSC-PDFs/35P.html,https://paladindanse111.github.io/AFSC-PDFs/BASE_DOVER_AFB.html
DOVER AFB,"39°07'39""N","75°28'06""W",18S VJ 59518 31029,38F1,38F1 (FORCE SUPPORT),https://paladindanse111.github.io/AFSC-PDFs/38F.html,https://paladindanse111.github.io/AFSC-PDFs/BASE_DOVER_AFB.html
DOVER AFB,"39°07'39""N","75°28'06""W",18S VJ 59518 31029,64P1,64P1 (CONTRACTING),https://paladindanse111.github.io/AFSC-PDFs/64P.html,https://paladindanse111.github.io/AFSC-PDFs/BASE_DOVER_AFB.html
DOVER AFB,"39°07'39""N","75°28'06""W",18S VJ 59518 31029,65F1,65F1 (FINANCIAL MANAGEMENT),https://paladindanse111.github.io/AFSC-PDFs/65F.html,https://paladindanse111.github.io/AFSC-PDFs/BASE_DOVER_AFB.html
DYESS AFB,"32°25'17""N","99°50'31""W",14S MA 20838 87456,15A1,15A1 (OPERATIONS ANALYSIS OFFICER),https://paladindanse111.github.io/AFSC-PDFs/15A.html,https://paladindanse111.github.io/AFSC-PDFs/BASE_DYESS_AFB.html
DYESS AFB,"32°25'17""N","99°50'31""W",14S MA 20838 87456,21A1,21A1 (AIRCRAFT MAINTENANCE),https://paladindanse111.github.io/AFSC-PDFs/21A.html,https://paladindanse111.github.io/AFSC-PDFs/BASE_DYESS_AFB.html
DYESS AFB,"32°25'17""N","99°50'31""W",14S MA 20838 87456,21M1,21M1 (MUNITIONS AND MISSILE MAINTENANCE),https://paladindanse111.github.io/AFSC-PDFs/21M.html,https://paladindanse111.github.io/AFSC-PDFs/BASE_DYESS_AFB.html
DYESS AFB,"32°25'17""N","99°50'31""W",14S MA 20838 87456,21R1,21R1 (LOGISTICS READINESS),https://paladindanse111.github.io/AFSC-PDFs/21R.html,https://paladindanse111.github.io/AFSC-PDFs/BASE_DYESS_AFB.html
DYESS AFB,"32°25'17""N","99°50'31""W",14S MA 20838 87456,32E1A,32E1A (CIVIL ENGINEER),https://paladindanse111.github.io/AFSC-PDFs/32E.html,https://paladindanse111.github.io/AFSC-PDFs/BASE_DYESS_AFB.html
DYESS AFB,"32°25'17""N","99°50'31""W",14S MA 20838 87456,32E1C,32E1C (CIVIL ENGINEER),https://paladindanse111.github.io/AFSC-PDFs/32E.html,https://paladindanse111.github.io/AFSC-PDFs/BASE_DYESS_AFB.html
DYESS AFB,"32°25'17""N","99°50'31""W",14S MA 20838 87456,32E1E,32E1E (CIVIL ENGINEER),https://paladindanse111.github.io/AFSC-PDFs/32E.html,https://paladindanse111.github.io/AFSC-PDFs/BASE_DYESS_AFB.html
DYESS AFB,"32°25'17""N","99°50'31""W",14S MA 20838 87456,32E1F,32E1F (CIVIL ENGINEER),https://paladindanse111.github.io/AFSC-PDFs/32E.html,https://paladindanse111.github.io/AFSC-PDFs/BASE_DYESS_AFB.html
DYESS AFB,"32°25'17""N","99°50'31""W",14S MA 20838 87456,32E1G,32E1G (CIVIL ENGINEER),https://paladindanse111.github.io/AFSC-PDFs/32E.html,https://paladindanse111.github.io/AFSC-PDFs/BASE_DYESS_AFB.html
DYESS AFB,"32°25'17""N","99°50'31""W",14S MA 20838 87456,32E1J,32E1J (CIVIL ENGINEER),https://paladindanse111.github.io/AFSC-PDFs/32E.html,https://paladindanse111.github.io/AFSC-PDFs/BASE_DYESS_AFB.html
DYESS AFB,"32°25'17""N","99°50'31""W",14S MA 20838 87456,35P1,35P1 (PUBLIC AFFAIRS),https://paladindanse111.github.io/AFSC-PDFs/35P.html,https://paladindanse111.github.io/AFSC-PDFs/BASE_DYESS_AFB.html
DYESS AFB,"32°25'17""N","99°50'31""W",14S MA 20838 87456,38F1,38F1 (FORCE SUPPORT),https://paladindanse111.github.io/AFSC-PDFs/38F.html,https://paladindanse111.github.io/AFSC-PDFs/BASE_DYESS_AFB.html
DYESS AFB,"32°25'17""N","99°50'31""W",14S MA 20838 87456,62E1A,62E1A (DEVELOPMENTAL ENGINEER),https://paladindanse111.github.io/AFSC-PDFs/62E.html,https://paladindanse111.github.io/AFSC-PDFs/BASE_DYESS_AFB.html
DYESS AFB,"32°25'17""N","99°50'31""W",14S MA 20838 87456,62E1B,62E1B (DEVELOPMENTAL ENGINEER),https://paladindanse111.github.io/AFSC-PDFs/62E.html,https://paladindanse111.github.io/AFSC-PDFs/BASE_DYESS_AFB.html
DYESS AFB,"32°25'17""N","99°50'31""W",14S MA 20838 87456,62E1C,62E1C (DEVELOPMENTAL ENGINEER),https://paladindanse111.github.io/AFSC-PDFs/62E.html,https://paladindanse111.github.io/AFSC-PDFs/BASE_DYESS_AFB.html
DYESS AFB,"32°25'17""N","99°50'31""W",14S MA 20838 87456,62E1E,62E1E (DEVELOPMENTAL ENGINEER),https://paladindanse111.github.io/AFSC-PDFs/62E.html,https://paladindanse111.github.io/AFSC-PDFs/BASE_DYESS_AFB.html
DYESS AFB,"32°25'17""N","99°50'31""W",14S MA 20838 87456,62E1G,62E1G (DEVELOPMENTAL ENGINEER),https://paladindanse111.github.io/AFSC-PDFs/62E.html,https://paladindanse111.github.io/AFSC-PDFs/BASE_DYESS_AFB.html
DYESS AFB,"32°25'17""N","99°50'31""W",14S MA 20838 87456,62E1H,62E1H (DEVELOPMENTAL ENGINEER),https://paladindanse111.github.io/AFSC-PDFs/62E.html,https://paladindanse111.github.io/AFSC-PDFs/BASE_DYESS_AFB.html
DYESS AFB,"32°25'17""N","99°50'31""W",14S MA 20838 87456,62E1I,62E1I (DEVELOPMENTAL ENGINEER),https://paladindanse111.github.io/AFSC-PDFs/62E.html,https://paladindanse111.github.io/AFSC-PDFs/BASE_DYESS_AFB.html
DYESS AFB,"32°25'17""N","99°50'31""W",14S MA 20838 87456,64P1,64P1 (CONTRACTING),https://paladindanse111.github.io/AFSC-PDFs/64P.html,https://paladindanse111.github.io/AFSC-PDFs/BASE_DYESS_AFB.html
DYESS AFB,"32°25'17""N","99°50'31""W",14S MA 20838 87456,65F1,65F1 (FINANCIAL MANAGEMENT),https://paladindanse111.github.io/AFSC-PDFs/65F.html,https://paladindanse111.github.io/AFSC-PDFs/BASE_DYESS_AFB.html
EDWARDS AFB,"34°55'25""N","117°53'29""W",11S MU 18582 64934,15A1,15A1 (OPERATIONS ANALYSIS OFFICER),https://paladindanse111.github.io/AFSC-PDFs/15A.html,https://paladindanse111.github.io/AFSC-PDFs/BASE_EDWARDS_AFB.html
EDWARDS AFB,"34°55'25""N","117°53'29""W",11S MU 18582 64934,21A1,21A1 (AIRCRAFT MAINTENANCE),https://paladindanse111.github.io/AFSC-PDFs/21A.html,https://paladindanse111.github.io/AFSC-PDFs/BASE_EDWARDS_AFB.html
EDWARDS AFB,"34°55'25""N","117°53'29""W",11S MU 18582 64934,38F1,38F1 (FORCE SUPPORT),https://paladindanse111.github.io/AFSC-PDFs/38F.html,https://paladindanse111.github.io/AFSC-PDFs/BASE_EDWARDS_AFB.html
EDWARDS AFB,"34°55'25""N","117°53'29""W",11S MU 18582 64934,61C1,61C1 (CHEMIST/NUCLEAR CHEMIST),https://paladindanse111.github.io/AFSC-PDFs/61C.html,https://paladindanse111.github.io/AFSC-PDFs/BASE_EDWARDS_AFB.html
EDWARDS AFB,"34°55'25""N","117°53'29""W",11S MU 18582 64934,61D1,61D1 (PHYSICIST/NUCLEAR ENGINEER),https://paladindanse111.github.io/AFSC-PDFs/61D.html,https://paladindanse111.github.io/AFSC-PDFs/BASE_EDWARDS_AFB.html
EDWARDS AFB,"34°55'25""N","117°53'29""W",11S MU 18582 64934,62E1A,62E1A (DEVELOPMENTAL ENGINEER),https://paladindanse111.github.io/AFSC-PDFs/62E.html,https://paladindanse111.github.io/AFSC-PDFs/BASE_EDWARDS_AFB.html
EDWARDS AFB,"34°55'25""N","117°53'29""W",11S MU 18582 64934,62E1B,62E1B (DEVELOPMENTAL ENGINEER),https://paladindanse111.github.io/AFSC-PDFs/62E.html,https://paladindanse111.github.io/AFSC-PDFs/BASE_EDWARDS_AFB.html
EDWARDS AFB,"34°55'25""N","117°53'29""W",11S MU 18582 64934,62E1C,62E1C (DEVELOPMENTAL ENGINEER),https://paladindanse111.github.io/AFSC-PDFs/62E.html,https://paladindanse111.github.io/AFSC-PDFs/BASE_EDWARDS_AFB.html
EDWARDS AFB,"34°55'25""N","117°53'29""W",11S MU 18582 64934,62E1E,62E1E (DEVELOPMENTAL ENGINEER),https://paladindanse111.github.io/AFSC-PDFs/62E.html,https://paladindanse111.github.io/AFSC-PDFs/BASE_EDWARDS_AFB.html
EDWARDS AFB,"34°55'25""N","117°53'29""W",11S MU 18582 64934,62E1G,62E1G (DEVELOPMENTAL ENGINEER),https://paladindanse111.github.io/AFSC-PDFs/62E.html,https://paladindanse111.github.io/AFSC-PDFs/BASE_EDWARDS_AFB.html
EDWARDS AFB,"34°55'25""N","117°53'29""W",11S MU 18582 64934,62E1H,62E1H (DEVELOPMENTAL ENGINEER),https://paladindanse111.github.io/AFSC-PDFs/62E.html,https://paladindanse111.github.io/AFSC-PDFs/BASE_EDWARDS_AFB.html
EDWARDS AFB,"34°55'25""N","117°53'29""W",11S MU 18582 64934,62E1I,62E1I (DEVELOPMENTAL ENGINEER),https://paladindanse111.github.io/AFSC-PDFs/62E.html,https://paladindanse111.github.io/AFSC-PDFs/BASE_EDWARDS_AFB.html
EDWARDS AFB,"34°55'25""N","117°53'29""W",11S MU 18582 64934,64P1,64P1 (CONTRACTING),https://paladindanse111.github.io/AFSC-PDFs/64P.html,https://paladindanse111.github.io/AFSC-PDFs/BASE_EDWARDS_AFB.html
EDWARDS AFB,"34°55'25""N","117°53'29""W",11S MU 18582 64934,65F1,65F1 (FINANCIAL MANAGEMENT),https://paladindanse111.github.io/AFSC-PDFs/65F.html,https://paladindanse111.github.io/AFSC-PDFs/BASE_EDWARDS_AFB.html
EDWARDS AFB,"34°55'25""N","117°53'29""W",11S MU 18582 64934,71S1,71S1 (SPECIAL INVESTIGATIONS),https://paladindanse111.github.io/AFSC-PDFs/71S.html,https://paladindanse111.github.io/AFSC-PDFs/BASE_EDWARDS_AFB.html
EGLIN AFB,"30°27'49""N","86°33'11""W",16R EU 42905 70243,13M1,13M1 (AIRFIELD OPERATIONS),https://paladindanse111.github.io/AFSC-PDFs/13M.html,https://paladindanse111.github.io/AFSC-PDFs/BASE_EGLIN_AFB.html
EGLIN AFB,"30°27'49""N","86°33'11""W",16R EU 42905 70243,15A1,15A1 (OPERATIONS ANALYSIS OFFICER),https://paladindanse111.github.io/AFSC-PDFs/15A.html,https://paladindanse111.github.io/AFSC-PDFs/BASE_EGLIN_AFB.html
EGLIN AFB,"30°27'49""N","86°33'11""W",16R EU 42905 70243,21A1,21A1 (AIRCRAFT MAINTENANCE),https://paladindanse111.github.io/AFSC-PDFs/21A.html,https://paladindanse111.github.io/AFSC-PDFs/BASE_EGLIN_AFB.html
EGLIN AFB,"30°27'49""N","86°33'11""W",16R EU 42905 70243,21M1,21M1 (MUNITIONS AND MISSILE MAINTENANCE),https://paladindanse111.github.io/AFSC-PDFs/21M.html,https://paladindanse111.github.io/AFSC-PDFs/BASE_EGLIN_AFB.html
EGLIN AFB,"30°27'49""N","86°33'11""W",16R EU 42905 70243,21R1,21R1 (LOGISTICS READINESS),https://paladindanse111.github.io/AFSC-PDFs/21R.html,https://paladindanse111.github.io/AFSC-PDFs/BASE_EGLIN_AFB.html
EGLIN AFB,"30°27'49""N","86°33'11""W",16R EU 42905 70243,32E1A,32E1A (CIVIL ENGINEER),https://paladindanse111.github.io/AFSC-PDFs/32E.html,https://paladindanse111.github.io/AFSC-PDFs/BASE_EGLIN_AFB.html
EGLIN AFB,"30°27'49""N","86°33'11""W",16R EU 42905 70243,32E1C,32E1C (CIVIL ENGINEER),https://paladindanse111.github.io/AFSC-PDFs/32E.html,https://paladindanse111.github.io/AFSC-PDFs/BASE_EGLIN_AFB.html
EGLIN AFB,"30°27'49""N","86°33'11""W",16R EU 42905 70243,32E1E,32E1E (CIVIL ENGINEER),https://paladindanse111.github.io/AFSC-PDFs/32E.html,https://paladindanse111.github.io/AFSC-PDFs/BASE_EGLIN_AFB.html
EGLIN AFB,"30°27'49""N","86°33'11""W",16R EU 42905 70243,32E1F,32E1F (CIVIL ENGINEER),https://paladindanse111.github.io/AFSC-PDFs/32E.html,https://paladindanse111.github.io/AFSC-PDFs/BASE_EGLIN_AFB.html
EGLIN AFB,"30°27'49""N","86°33'11""W",16R EU 42905 70243,32E1G,32E1G (CIVIL ENGINEER),https://paladindanse111.github.io/AFSC-PDFs/32E.html,https://paladindanse111.github.io/AFSC-PDFs/BASE_EGLIN_AFB.html
EGLIN AFB,"30°27'49""N","86°33'11""W",16R EU 42905 70243,32E1J,32E1J (CIVIL ENGINEER),https://paladindanse111.github.io/AFSC-PDFs/32E.html,https://paladindanse111.github.io/AFSC-PDFs/BASE_EGLIN_AFB.html
EGLIN AFB,"30°27'49""N","86°33'11""W",16R EU 42905 70243,35P1,35P1 (PUBLIC AFFAIRS),https://paladindanse111.github.io/AFSC-PDFs/35P.html,https://paladindanse111.github.io/AFSC-PDFs/BASE_EGLIN_AFB.html
EGLIN AFB,"30°27'49""N","86°33'11""W",16R EU 42905 70243,38F1,38F1 (FORCE SUPPORT),https://paladindanse111.github.io/AFSC-PDFs/38F.html,https://paladindanse111.github.io/AFSC-PDFs/BASE_EGLIN_AFB.html
EGLIN AFB,"30°27'49""N","86°33'11""W",16R EU 42905 70243,61C1,61C1 (CHEMIST/NUCLEAR CHEMIST),https://paladindanse111.github.io/AFSC-PDFs/61C.html,https://paladindanse111.github.io/AFSC-PDFs/BASE_EGLIN_AFB.html
EGLIN AFB,"30°27'49""N","86°33'11""W",16R EU 42905 70243,61D1,61D1 (PHYSICIST/NUCLEAR ENGINEER),https://paladindanse111.github.io/AFSC-PDFs/61D.html,https://paladindanse111.github.io/AFSC-PDFs/BASE_EGLIN_AFB.html
EGLIN AFB,"30°27'49""N","86°33'11""W",16R EU 42905 70243,62E1A,62E1A (DEVELOPMENTAL ENGINEER),https://paladindanse111.github.io/AFSC-PDFs/62E.html,https://paladindanse111.github.io/AFSC-PDFs/BASE_EGLIN_AFB.html
EGLIN AFB,"30°27'49""N","86°33'11""W",16R EU 42905 70243,62E1B,62E1B (DEVELOPMENTAL ENGINEER),https://paladindanse111.github.io/AFSC-PDFs/62E.html,https://paladindanse111.github.io/AFSC-PDFs/BASE_EGLIN_AFB.html
EGLIN AFB,"30°27'49""N","86°33'11""W",16R EU 42905 70243,62E1C,62E1C (DEVELOPMENTAL ENGINEER),https://paladindanse111.github.io/AFSC-PDFs/62E.html,https://paladindanse111.github.io/AFSC-PDFs/BASE_EGLIN_AFB.html
EGLIN AFB,"30°27'49""N","86°33'11""W",16R EU 42905 70243,62E1E,62E1E (DEVELOPMENTAL ENGINEER),https://paladindanse111.github.io/AFSC-PDFs/62E.html,https://paladindanse111.github.io/AFSC-PDFs/BASE_EGLIN_AFB.html
EGLIN AFB,"30°27'49""N","86°33'11""W",16R EU 42905 70243,62E1G,62E1G (DEVELOPMENTAL ENGINEER),https://paladindanse111.github.io/AFSC-PDFs/62E.html,https://paladindanse111.github.io/AFSC-PDFs/BASE_EGLIN_AFB.html
EGLIN AFB,"30°27'49""N","86°33'11""W",16R EU 42905 70243,62E1H,62E1H (DEVELOPMENTAL ENGINEER),https://paladindanse111.github.io/AFSC-PDFs/62E.html,https://paladindanse111.github.io/AFSC-PDFs/BASE_EGLIN_AFB.html
EGLIN AFB,"30°27'49""N","86°33'11""W",16R EU 42905 70243,62E1I,62E1I (DEVELOPMENTAL ENGINEER),https://paladindanse111.github.io/AFSC-PDFs/62E.html,https://paladindanse111.github.io/AFSC-PDFs/BASE_EGLIN_AFB.html
EGLIN AFB,"30°27'49""N","86°33'11""W",16R EU 42905 70243,63A1,63A1 (DEVELOPMENTAL ENGINEER),https://paladindanse111.github.io/AFSC-PDFs/63A.html,https://paladindanse111.github.io/AFSC-PDFs/BASE_EGLIN_AFB.html
EGLIN AFB,"30°27'49""N","86°33'11""W",16R EU 42905 70243,64P1,64P1 (CONTRACTING),https://paladindanse111.github.io/AFSC-PDFs/64P.html,https://paladindanse111.github.io/AFSC-PDFs/BASE_EGLIN_AFB.html
EGLIN AFB,"30°27'49""N","86°33'11""W",16R EU 42905 70243,65F1,65F1 (FINANCIAL MANAGEMENT),https://paladindanse111.github.io/AFSC-PDFs/65F.html,https://paladindanse111.github.io/AFSC-PDFs/BASE_EGLIN_AFB.html
EGLIN AFB,"30°27'49""N","86°33'11""W",16R EU 42905 70243,71S1,71S1 (SPECIAL INVESTIGATIONS),https://paladindanse111.github.io/AFSC-PDFs/71S.html,https://paladindanse111.github.io/AFSC-PDFs/BASE_EGLIN_AFB.html
EIELSON AFB,"64°39'52""N","147°05'45""W",6W VS 95424 71061,21A1,21A1 (AIRCRAFT MAINTENANCE),https://paladindanse111.github.io/AFSC-PDFs/21A.html,https://paladindanse111.github.io/AFSC-PDFs/BASE_EIELSON_AFB.html
EIELSON AFB,"64°39'52""N","147°05'45""W",6W VS 95424 71061,21M1,21M1 (MUNITIONS AND MISSILE MAINTENANCE),https://paladindanse111.github.io/AFSC-PDFs/21M.html,https://paladindanse111.github.io/AFSC-PDFs/BASE_EIELSON_AFB.html
EIELSON AFB,"64°39'52""N","147°05'45""W",6W VS 95424 71061,21R1,21R1 (LOGISTICS READINESS),https://paladindanse111.github.io/AFSC-PDFs/21R.html,https://paladindanse111.github.io/AFSC-PDFs/BASE_EIELSON_AFB.html
EIELSON AFB,"64°39'52""N","147°05'45""W",6W VS 95424 71061,32E1A,32E1A (CIVIL ENGINEER),https://paladindanse111.github.io/AFSC-PDFs/32E.html,https://paladindanse111.github.io/AFSC-PDFs/BASE_EIELSON_AFB.html
EIELSON AFB,"64°39'52""N","147°05'45""W",6W VS 95424 71061,32E1C,32E1C (CIVIL ENGINEER),https://paladindanse111.github.io/AFSC-PDFs/32E.html,https://paladindanse111.github.io/AFSC-PDFs/BASE_EIELSON_AFB.html
EIELSON AFB,"64°39'52""N","147°05'45""W",6W VS 95424 71061,32E1E,32E1E (CIVIL ENGINEER),https://paladindanse111.github.io/AFSC-PDFs/32E.html,https://paladindanse111.github.io/AFSC-PDFs/BASE_EIELSON_AFB.html
EIELSON AFB,"64°39'52""N","147°05'45""W",6W VS 95424 71061,32E1F,32E1F (CIVIL ENGINEER),https://paladindanse111.github.io/AFSC-PDFs/32E.html,https://paladindanse111.github.io/AFSC-PDFs/BASE_EIELSON_AFB.html
EIELSON AFB,"64°39'52""N","147°05'45""W",6W VS 95424 71061,32E1G,32E1G (CIVIL ENGINEER),https://paladindanse111.github.io/AFSC-PDFs/32E.html,https://paladindanse111.github.io/AFSC-PDFs/BASE_EIELSON_AFB.html
EIELSON AFB,"64°39'52""N","147°05'45""W",6W VS 95424 71061,32E1J,32E1J (CIVIL ENGINEER),https://paladindanse111.github.io/AFSC-PDFs/32E.html,https://paladindanse111.github.io/AFSC-PDFs/BASE_EIELSON_AFB.html
EIELSON AFB,"64°39'52""N","147°05'45""W",6W VS 95424 71061,35P1,35P1 (PUBLIC AFFAIRS),https://paladindanse111.github.io/AFSC-PDFs/35P.html,https://paladindanse111.github.io/AFSC-PDFs/BASE_EIELSON_AFB.html
EIELSON AFB,"64°39'52""N","147°05'45""W",6W VS 95424 71061,38F1,38F1 (FORCE SUPPORT),https://paladindanse111.github.io/AFSC-PDFs/38F.html,https://paladindanse111.github.io/AFSC-PDFs/BASE_EIELSON_AFB.html
EIELSON AFB,"64°39'52""N","147°05'45""W",6W VS 95424 71061,64P1,64P1 (CONTRACTING),https://paladindanse111.github.io/AFSC-PDFs/64P.html,https://paladindanse111.github.io/AFSC-PDFs/BASE_EIELSON_AFB.html
EIELSON AFB,"64°39'52""N","147°05'45""W",6W VS 95424 71061,65F1,65F1 (FINANCIAL MANAGEMENT),https://paladindanse111.github.io/AFSC-PDFs/65F.html,https://paladindanse111.github.io/AFSC-PDFs/BASE_EIELSON_AFB.html
ELLSWORTH AFB,"44°08'54""N","103°05'15""W",13T FJ 52951 90126,15W1,15W1 (WEATHER AND ENVIRONMENTAL SCIENCES),https://paladindanse111.github.io/AFSC-PDFs/15W.html,https://paladindanse111.github.io/AFSC-PDFs/BASE_ELLSWORTH_AFB.html
ELLSWORTH AFB,"44°08'54""N","103°05'15""W",13T FJ 52951 90126,21A1,21A1 (AIRCRAFT MAINTENANCE),https://paladindanse111.github.io/AFSC-PDFs/21A.html,https://paladindanse111.github.io/AFSC-PDFs/BASE_ELLSWORTH_AFB.html
ELLSWORTH AFB,"44°08'54""N","103°05'15""W",13T FJ 52951 90126,21M1,21M1 (MUNITIONS AND MISSILE MAINTENANCE),https://paladindanse111.github.io/AFSC-PDFs/21M.html,https://paladindanse111.github.io/AFSC-PDFs/BASE_ELLSWORTH_AFB.html
ELLSWORTH AFB,"44°08'54""N","103°05'15""W",13T FJ 52951 90126,21R1,21R1 (LOGISTICS READINESS),https://paladindanse111.github.io/AFSC-PDFs/21R.html,https://paladindanse111.github.io/AFSC-PDFs/BASE_ELLSWORTH_AFB.html
ELLSWORTH AFB,"44°08'54""N","103°05'15""W",13T FJ 52951 90126,32E1A,32E1A (CIVIL ENGINEER),https://paladindanse111.github.io/AFSC-PDFs/32E.html,https://paladindanse111.github.io/AFSC-PDFs/BASE_ELLSWORTH_AFB.html
ELLSWORTH AFB,"44°08'54""N","103°05'15""W",13T FJ 52951 90126,32E1C,32E1C (CIVIL ENGINEER),https://paladindanse111.github.io/AFSC-PDFs/32E.html,https://paladindanse111.github.io/AFSC-PDFs/BASE_ELLSWORTH_AFB.html
ELLSWORTH AFB,"44°08'54""N","103°05'15""W",13T FJ 52951 90126,32E1E,32E1E (CIVIL ENGINEER),https://paladindanse111.github.io/AFSC-PDFs/32E.html,https://paladindanse111.github.io/AFSC-PDFs/BASE_ELLSWORTH_AFB.html
ELLSWORTH AFB,"44°08'54""N","103°05'15""W",13T FJ 52951 90126,32E1F,32E1F (CIVIL ENGINEER),https://paladindanse111.github.io/AFSC-PDFs/32E.html,https://paladindanse111.github.io/AFSC-PDFs/BASE_ELLSWORTH_AFB.html
ELLSWORTH AFB,"44°08'54""N","103°05'15""W",13T FJ 52951 90126,32E1G,32E1G (CIVIL ENGINEER),https://paladindanse111.github.io/AFSC-PDFs/32E.html,https://paladindanse111.github.io/AFSC-PDFs/BASE_ELLSWORTH_AFB.html
ELLSWORTH AFB,"44°08'54""N","103°05'15""W",13T FJ 52951 90126,32E1J,32E1J (CIVIL ENGINEER),https://paladindanse111.github.io/AFSC-PDFs/32E.html,https://paladindanse111.github.io/AFSC-PDFs/BASE_ELLSWORTH_AFB.html
ELLSWORTH AFB,"44°08'54""N","103°05'15""W",13T FJ 52951 90126,35P1,35P1 (PUBLIC AFFAIRS),https://paladindanse111.github.io/AFSC-PDFs/35P.html,https://paladindanse111.github.io/AFSC-PDFs/BASE_ELLSWORTH_AFB.html
ELLSWORTH AFB,"44°08'54""N","103°05'15""W",13T FJ 52951 90126,38F1,38F1 (FORCE SUPPORT),https://paladindanse111.github.io/AFSC-PDFs/38F.html,https://paladindanse111.github.io/AFSC-PDFs/BASE_ELLSWORTH_AFB.html
ELLSWORTH AFB,"44°08'54""N","103°05'15""W",13T FJ 52951 90126,64P1,64P1 (CONTRACTING),https://paladindanse111.github.io/AFSC-PDFs/64P.html,https://paladindanse111.github.io/AFSC-PDFs/BASE_ELLSWORTH_AFB.html
ELLSWORTH AFB,"44°08'54""N","103°05'15""W",13T FJ 52951 90126,65F1,65F1 (FINANCIAL MANAGEMENT),https://paladindanse111.github.io/AFSC-PDFs/65F.html,https://paladindanse111.github.io/AFSC-PDFs/BASE_ELLSWORTH_AFB.html
FAIRCHILD AFB,"47°38'28""N","117°38'41""W",11T MN 51574 76613,21A1,21A1 (AIRCRAFT MAINTENANCE),https://paladindanse111.github.io/AFSC-PDFs/21A.html,https://paladindanse111.github.io/AFSC-PDFs/BASE_FAIRCHILD_AFB.html
FAIRCHILD AFB,"47°38'28""N","117°38'41""W",11T MN 51574 76613,21R1,21R1 (LOGISTICS READINESS),https://paladindanse111.github.io/AFSC-PDFs/21R.html,https://paladindanse111.github.io/AFSC-PDFs/BASE_FAIRCHILD_AFB.html
FAIRCHILD AFB,"47°38'28""N","117°38'41""W",11T MN 51574 76613,32E1A,32E1A (CIVIL ENGINEER),https://paladindanse111.github.io/AFSC-PDFs/32E.html,https://paladindanse111.github.io/AFSC-PDFs/BASE_FAIRCHILD_AFB.html
FAIRCHILD AFB,"47°38'28""N","117°38'41""W",11T MN 51574 76613,32E1C,32E1C (CIVIL ENGINEER),https://paladindanse111.github.io/AFSC-PDFs/32E.html,https://paladindanse111.github.io/AFSC-PDFs/BASE_FAIRCHILD_AFB.html
FAIRCHILD AFB,"47°38'28""N","117°38'41""W",11T MN 51574 76613,32E1E,32E1E (CIVIL ENGINEER),https://paladindanse111.github.io/AFSC-PDFs/32E.html,https://paladindanse111.github.io/AFSC-PDFs/BASE_FAIRCHILD_AFB.html
FAIRCHILD AFB,"47°38'28""N","117°38'41""W",11T MN 51574 76613,32E1F,32E1F (CIVIL ENGINEER),https://paladindanse111.github.io/AFSC-PDFs/32E.html,https://paladindanse111.github.io/AFSC-PDFs/BASE_FAIRCHILD_AFB.html
FAIRCHILD AFB,"47°38'28""N","117°38'41""W",11T MN 51574 76613,32E1G,32E1G (CIVIL ENGINEER),https://paladindanse111.github.io/AFSC-PDFs/32E.html,https://paladindanse111.github.io/AFSC-PDFs/BASE_FAIRCHILD_AFB.html
FAIRCHILD AFB,"47°38'28""N","117°38'41""W",11T MN 51574 76613,32E1J,32E1J (CIVIL ENGINEER),https://paladindanse111.github.io/AFSC-PDFs/32E.html,https://paladindanse111.github.io/AFSC-PDFs/BASE_FAIRCHILD_AFB.html
FAIRCHILD AFB,"47°38'28""N","117°38'41""W",11T MN 51574 76613,35P1,35P1 (PUBLIC AFFAIRS),https://paladindanse111.github.io/AFSC-PDFs/35P.html,https://paladindanse111.github.io/AFSC-PDFs/BASE_FAIRCHILD_AFB.html
FAIRCHILD AFB,"47°38'28""N","117°38'41""W",11T MN 51574 76613,64P1,64P1 (CONTRACTING),https://paladindanse111.github.io/AFSC-PDFs/64P.html,https://paladindanse111.github.io/AFSC-PDFs/BASE_FAIRCHILD_AFB.html
FAIRCHILD AFB,"47°38'28""N","117°38'41""W",11T MN 51574 76613,65F1,65F1 (FINANCIAL MANAGEMENT),https://paladindanse111.github.io/AFSC-PDFs/65F.html,https://paladindanse111.github.io/AFSC-PDFs/BASE_FAIRCHILD_AFB.html
FE WARREN AFB,"41°08'32""N","104°52'41""W",13T EF 10233 54552,13N1,13N1 (NUCLEAR AND MISSILE OPERATIONS),https://paladindanse111.github.io/AFSC-PDFs/13N.html,https://paladindanse111.github.io/AFSC-PDFs/BASE_FE_WARREN_AFB.html
FE WARREN AFB,"41°08'32""N","104°52'41""W",13T EF 10233 54552,21M1,21M1 (MUNITIONS AND MISSILE MAINTENANCE),https://paladindanse111.github.io/AFSC-PDFs/21M.html,https://paladindanse111.github.io/AFSC-PDFs/BASE_FE_WARREN_AFB.html
FE WARREN AFB,"41°08'32""N","104°52'41""W",13T EF 10233 54552,21R1,21R1 (LOGISTICS READINESS),https://paladindanse111.github.io/AFSC-PDFs/21R.html,https://paladindanse111.github.io/AFSC-PDFs/BASE_FE_WARREN_AFB.html
FE WARREN AFB,"41°08'32""N","104°52'41""W",13T EF 10233 54552,31P1,31P1 (SECURITY FORCES),https://paladindanse111.github.io/AFSC-PDFs/31P.html,https://paladindanse111.github.io/AFSC-PDFs/BASE_FE_WARREN_AFB.html
FE WARREN AFB,"41°08'32""N","104°52'41""W",13T EF 10233 54552,32E1A,32E1A (CIVIL ENGINEER),https://paladindanse111.github.io/AFSC-PDFs/32E.html,https://paladindanse111.github.io/AFSC-PDFs/BASE_FE_WARREN_AFB.html
FE WARREN AFB,"41°08'32""N","104°52'41""W",13T EF 10233 54552,32E1C,32E1C (CIVIL ENGINEER),https://paladindanse111.github.io/AFSC-PDFs/32E.html,https://paladindanse111.github.io/AFSC-PDFs/BASE_FE_WARREN_AFB.html
FE WARREN AFB,"41°08'32""N","104°52'41""W",13T EF 10233 54552,32E1E,32E1E (CIVIL ENGINEER),https://paladindanse111.github.io/AFSC-PDFs/32E.html,https://paladindanse111.github.io/AFSC-PDFs/BASE_FE_WARREN_AFB.html
FE WARREN AFB,"41°08'32""N","104°52'41""W",13T EF 10233 54552,32E1F,32E1F (CIVIL ENGINEER),https://paladindanse111.github.io/AFSC-PDFs/32E.html,https://paladindanse111.github.io/AFSC-PDFs/BASE_FE_WARREN_AFB.html
FE WARREN AFB,"41°08'32""N","104°52'41""W",13T EF 10233 54552,32E1G,32E1G (CIVIL ENGINEER),https://paladindanse111.github.io/AFSC-PDFs/32E.html,https://paladindanse111.github.io/AFSC-PDFs/BASE_FE_WARREN_AFB.html
FE WARREN AFB,"41°08'32""N","104°52'41""W",13T EF 10233 54552,32E1J,32E1J (CIVIL ENGINEER),https://paladindanse111.github.io/AFSC-PDFs/32E.html,https://paladindanse111.github.io/AFSC-PDFs/BASE_FE_WARREN_AFB.html
FE WARREN AFB,"41°08'32""N","104°52'41""W",13T EF 10233 54552,35P1,35P1 (PUBLIC AFFAIRS),https://paladindanse111.github.io/AFSC-PDFs/35P.html,https://paladindanse111.github.io/AFSC-PDFs/BASE_FE_WARREN_AFB.html
FE WARREN AFB,"41°08'32""N","104°52'41""W",13T EF 10233 54552,38F1,38F1 (FORCE SUPPORT),https://paladindanse111.github.io/AFSC-PDFs/38F.html,https://paladindanse111.github.io/AFSC-PDFs/BASE_FE_WARREN_AFB.html
FE WARREN AFB,"41°08'32""N","104°52'41""W",13T EF 10233 54552,64P1,64P1 (CONTRACTING),https://paladindanse111.github.io/AFSC-PDFs/64P.html,https://paladindanse111.github.io/AFSC-PDFs/BASE_FE_WARREN_AFB.html
FE WARREN AFB,"41°08'32""N","104°52'41""W",13T EF 10233 54552,65F1,65F1 (FINANCIAL MANAGEMENT),https://paladindanse111.github.io/AFSC-PDFs/65F.html,https://paladindanse111.github.io/AFSC-PDFs/BASE_FE_WARREN_AFB.html
FT BELVOIR,"38°43'05""N","77°09'16""W",18S UH 12695 87692,61D1,61D1 (PHYSICIST/NUCLEAR ENGINEER),https://paladindanse111.github.io/AFSC-PDFs/61D.html,https://paladindanse111.github.io/AFSC-PDFs/BASE_FT_BELVOIR.html
FT CAMPBELL,"36°39'46""N","87°28'37""W",16S DF 57376 57570,15W1,15W1 (WEATHER AND ENVIRONMENTAL SCIENCES),https://paladindanse111.github.io/AFSC-PDFs/15W.html,https://paladindanse111.github.io/AFSC-PDFs/BASE_FT_CAMPBELL.html
FT CARSON,"38°44'14""N","104°47'19""W",13S EC 18372 87637,15W1,15W1 (WEATHER AND ENVIRONMENTAL SCIENCES),https://paladindanse111.github.io/AFSC-PDFs/15W.html,https://paladindanse111.github.io/AFSC-PDFs/BASE_FT_CARSON.html
FT CAVAZOS,"31°08'22""N","97°45'56""W",14R PV 17679 45711,15W1,15W1 (WEATHER AND ENVIRONMENTAL SCIENCES),https://paladindanse111.github.io/AFSC-PDFs/15W.html,https://paladindanse111.github.io/AFSC-PDFs/BASE_FT_CAVAZOS.html
FT GEORGE G MEADE,"39°06'14""N","76°44'42""W",18S UJ 49113 29754,62E1A,62E1A (DEVELOPMENTAL ENGINEER),https://paladindanse111.github.io/AFSC-PDFs/62E.html,https://paladindanse111.github.io/AFSC-PDFs/BASE_FT_GEORGE_G_MEADE.html
FT GEORGE G MEADE,"39°06'14""N","76°44'42""W",18S UJ 49113 29754,62E1B,62E1B (DEVELOPMENTAL ENGINEER),https://paladindanse111.github.io/AFSC-PDFs/62E.html,https://paladindanse111.github.io/AFSC-PDFs/BASE_FT_GEORGE_G_MEADE.html
FT GEORGE G MEADE,"39°06'14""N","76°44'42""W",18S UJ 49113 29754,62E1C,62E1C (DEVELOPMENTAL ENGINEER),https://paladindanse111.github.io/AFSC-PDFs/62E.html,https://paladindanse111.github.io/AFSC-PDFs/BASE_FT_GEORGE_G_MEADE.html
FT GEORGE G MEADE,"39°06'14""N","76°44'42""W",18S UJ 49113 29754,62E1E,62E1E (DEVELOPMENTAL ENGINEER),https://paladindanse111.github.io/AFSC-PDFs/62E.html,https://paladindanse111.github.io/AFSC-PDFs/BASE_FT_GEORGE_G_MEADE.html
FT GEORGE G MEADE,"39°06'14""N","76°44'42""W",18S UJ 49113 29754,62E1G,62E1G (DEVELOPMENTAL ENGINEER),https://paladindanse111.github.io/AFSC-PDFs/62E.html,https://paladindanse111.github.io/AFSC-PDFs/BASE_FT_GEORGE_G_MEADE.html
FT GEORGE G MEADE,"39°06'14""N","76°44'42""W",18S UJ 49113 29754,62E1H,62E1H (DEVELOPMENTAL ENGINEER),https://paladindanse111.github.io/AFSC-PDFs/62E.html,https://paladindanse111.github.io/AFSC-PDFs/BASE_FT_GEORGE_G_MEADE.html
FT GEORGE G MEADE,"39°06'14""N","76°44'42""W",18S UJ 49113 29754,62E1I,62E1I (DEVELOPMENTAL ENGINEER),https://paladindanse111.github.io/AFSC-PDFs/62E.html,https://paladindanse111.github.io/AFSC-PDFs/BASE_FT_GEORGE_G_MEADE.html
FT GEORGE G MEADE,"39°06'14""N","76°44'42""W",18S UJ 49113 29754,63A1,63A1 (DEVELOPMENTAL ENGINEER),https://paladindanse111.github.io/AFSC-PDFs/63A.html,https://paladindanse111.github.io/AFSC-PDFs/BASE_FT_GEORGE_G_MEADE.html
FT GORDON,"33°24'57""N","82°08'16""W",17S LS 94212 97966,38F1,38F1 (FORCE SUPPORT),https://paladindanse111.github.io/AFSC-PDFs/38F.html,https://paladindanse111.github.io/AFSC-PDFs/BASE_FT_GORDON.html
FT GORDON,"33°24'57""N","82°08'16""W",17S LS 94212 97966,62E1A,62E1A (DEVELOPMENTAL ENGINEER),https://paladindanse111.github.io/AFSC-PDFs/62E.html,https://paladindanse111.github.io/AFSC-PDFs/BASE_FT_GORDON.html
FT GORDON,"33°24'57""N","82°08'16""W",17S LS 94212 97966,62E1B,62E1B (DEVELOPMENTAL ENGINEER),https://paladindanse111.github.io/AFSC-PDFs/62E.html,https://paladindanse111.github.io/AFSC-PDFs/BASE_FT_GORDON.html
FT GORDON,"33°24'57""N","82°08'16""W",17S LS 94212 97966,62E1C,62E1C (DEVELOPMENTAL ENGINEER),https://paladindanse111.github.io/AFSC-PDFs/62E.html,https://paladindanse111.github.io/AFSC-PDFs/BASE_FT_GORDON.html
FT GORDON,"33°24'57""N","82°08'16""W",17S LS 94212 97966,62E1E,62E1E (DEVELOPMENTAL ENGINEER),https://paladindanse111.github.io/AFSC-PDFs/62E.html,https://paladindanse111.github.io/AFSC-PDFs/BASE_FT_GORDON.html
FT GORDON,"33°24'57""N","82°08'16""W",17S LS 94212 97966,62E1G,62E1G (DEVELOPMENTAL ENGINEER),https://paladindanse111.github.io/AFSC-PDFs/62E.html,https://paladindanse111.github.io/AFSC-PDFs/BASE_FT_GORDON.html
FT GORDON,"33°24'57""N","82°08'16""W",17S LS 94212 97966,62E1H,62E1H (DEVELOPMENTAL ENGINEER),https://paladindanse111.github.io/AFSC-PDFs/62E.html,https://paladindanse111.github.io/AFSC-PDFs/BASE_FT_GORDON.html
FT GORDON,"33°24'57""N","82°08'16""W",17S LS 94212 97966,62E1I,62E1I (DEVELOPMENTAL ENGINEER),https://paladindanse111.github.io/AFSC-PDFs/62E.html,https://paladindanse111.github.io/AFSC-PDFs/BASE_FT_GORDON.html
FT LIBERTY (AKA FT BRAGG),"35°08'22""N","78°59'50""W",17S PU 82458 90342,15W1,15W1 (WEATHER AND ENVIRONMENTAL SCIENCES),https://paladindanse111.github.io/AFSC-PDFs/15W.html,https://paladindanse111.github.io/AFSC-PDFs/BASE_FT_LIBERTY_AKA_FT_BRAGG.html
FT RUCKER,"31°20'23""N","85°42'55""W",16R FV 22215 67965,92T0H,92T0H (PILOT TRAINEE HELICOPTERS),,https://paladindanse111.github.io/AFSC-PDFs/BASE_FT_RUCKER.html
FT STEWART,"31°52'05""N","81°36'32""W",17R MR 42404 25972,15W1,15W1 (WEATHER AND ENVIRONMENTAL SCIENCES),https://paladindanse111.github.io/AFSC-PDFs/15W.html,https://paladindanse111.github.io/AFSC-PDFs/BASE_FT_STEWART.html
GOODFELLOW AFB,"31°26'09""N","100°24'03""W",14R LV 66873 78753,14N1,14N1 (INTELLIGENCE),https://paladindanse111.github.io/AFSC-PDFs/14N.html,https://paladindanse111.github.io/AFSC-PDFs/BASE_GOODFELLOW_AFB.html
GOODFELLOW AFB,"31°26'09""N","100°24'03""W",14R LV 66873 78753,32E1A,32E1A (CIVIL ENGINEER),https://paladindanse111.github.io/AFSC-PDFs/32E.html,https://paladindanse111.github.io/AFSC-PDFs/BASE_GOODFELLOW_AFB.html
GOODFELLOW AFB,"31°26'09""N","100°24'03""W",14R LV 66873 78753,32E1C,32E1C (CIVIL ENGINEER),https://paladindanse111.github.io/AFSC-PDFs/32E.html,https://paladindanse111.github.io/AFSC-PDFs/BASE_GOODFELLOW_AFB.html
GOODFELLOW AFB,"31°26'09""N","100°24'03""W",14R LV 66873 78753,32E1E,32E1E (CIVIL ENGINEER),https://paladindanse111.github.io/AFSC-PDFs/32E.html,https://paladindanse111.github.io/AFSC-PDFs/BASE_GOODFELLOW_AFB.html
GOODFELLOW AFB,"31°26'09""N","100°24'03""W",14R LV 66873 78753,32E1F,32E1F (CIVIL ENGINEER),https://paladindanse111.github.io/AFSC-PDFs/32E.html,https://paladindanse111.github.io/AFSC-PDFs/BASE_GOODFELLOW_AFB.html
GOODFELLOW AFB,"31°26'09""N","100°24'03""W",14R LV 66873 78753,32E1G,32E1G (CIVIL ENGINEER),https://paladindanse111.github.io/AFSC-PDFs/32E.html,https://paladindanse111.github.io/AFSC-PDFs/BASE_GOODFELLOW_AFB.html
GOODFELLOW AFB,"31°26'09""N","100°24'03""W",14R LV 66873 78753,32E1J,32E1J (CIVIL ENGINEER),https://paladindanse111.github.io/AFSC-PDFs/32E.html,https://paladindanse111.github.io/AFSC-PDFs/BASE_GOODFELLOW_AFB.html
GOODFELLOW AFB,"31°26'09""N","100°24'03""W",14R LV 66873 78753,35P1,35P1 (PUBLIC AFFAIRS),https://paladindanse111.github.io/AFSC-PDFs/35P.html,https://paladindanse111.github.io/AFSC-PDFs/BASE_GOODFELLOW_AFB.html
GOODFELLOW AFB,"31°26'09""N","100°24'03""W",14R LV 66873 78753,38F1,38F1 (FORCE SUPPORT),https://paladindanse111.github.io/AFSC-PDFs/38F.html,https://paladindanse111.github.io/AFSC-PDFs/BASE_GOODFELLOW_AFB.html
GOODFELLOW AFB,"31°26'09""N","100°24'03""W",14R LV 66873 78753,64P1,64P1 (CONTRACTING),https://paladindanse111.github.io/AFSC-PDFs/64P.html,https://paladindanse111.github.io/AFSC-PDFs/BASE_GOODFELLOW_AFB.html
GOODFELLOW AFB,"31°26'09""N","100°24'03""W",14R LV 66873 78753,65F1,65F1 (FINANCIAL MANAGEMENT),https://paladindanse111.github.io/AFSC-PDFs/65F.html,https://paladindanse111.github.io/AFSC-PDFs/BASE_GOODFELLOW_AFB.html
GRAND FORKS AFB,"47°57'07""N","97°22'57""W",14T PU 20768 12225,21R1,21R1 (LOGISTICS READINESS),https://paladindanse111.github.io/AFSC-PDFs/21R.html,https://paladindanse111.github.io/AFSC-PDFs/BASE_GRAND_FORKS_AFB.html
GRAND FORKS AFB,"47°57'07""N","97°22'57""W",14T PU 20768 12225,32E1A,32E1A (CIVIL ENGINEER),https://paladindanse111.github.io/AFSC-PDFs/32E.html,https://paladindanse111.github.io/AFSC-PDFs/BASE_GRAND_FORKS_AFB.html
GRAND FORKS AFB,"47°57'07""N","97°22'57""W",14T PU 20768 12225,32E1C,32E1C (CIVIL ENGINEER),https://paladindanse111.github.io/AFSC-PDFs/32E.html,https://paladindanse111.github.io/AFSC-PDFs/BASE_GRAND_FORKS_AFB.html
GRAND FORKS AFB,"47°57'07""N","97°22'57""W",14T PU 20768 12225,32E1E,32E1E (CIVIL ENGINEER),https://paladindanse111.github.io/AFSC-PDFs/32E.html,https://paladindanse111.github.io/AFSC-PDFs/BASE_GRAND_FORKS_AFB.html
GRAND FORKS AFB,"47°57'07""N","97°22'57""W",14T PU 20768 12225,32E1F,32E1F (CIVIL ENGINEER),https://paladindanse111.github.io/AFSC-PDFs/32E.html,https://paladindanse111.github.io/AFSC-PDFs/BASE_GRAND_FORKS_AFB.html
GRAND FORKS AFB,"47°57'07""N","97°22'57""W",14T PU 20768 12225,32E1G,32E1G (CIVIL ENGINEER),https://paladindanse111.github.io/AFSC-PDFs/32E.html,https://paladindanse111.github.io/AFSC-PDFs/BASE_GRAND_FORKS_AFB.html
GRAND FORKS AFB,"47°57'07""N","97°22'57""W",14T PU 20768 12225,32E1J,32E1J (CIVIL ENGINEER),https://paladindanse111.github.io/AFSC-PDFs/32E.html,https://paladindanse111.github.io/AFSC-PDFs/BASE_GRAND_FORKS_AFB.html
GRAND FORKS AFB,"47°57'07""N","97°22'57""W",14T PU 20768 12225,38F1,38F1 (FORCE SUPPORT),https://paladindanse111.github.io/AFSC-PDFs/38F.html,https://paladindanse111.github.io/AFSC-PDFs/BASE_GRAND_FORKS_AFB.html
GRAND FORKS AFB,"47°57'07""N","97°22'57""W",14T PU 20768 12225,64P1,64P1 (CONTRACTING),https://paladindanse111.github.io/AFSC-PDFs/64P.html,https://paladindanse111.github.io/AFSC-PDFs/BASE_GRAND_FORKS_AFB.html
GRAND FORKS AFB,"47°57'07""N","97°22'57""W",14T PU 20768 12225,65F1,65F1 (FINANCIAL MANAGEMENT),https://paladindanse111.github.io/AFSC-PDFs/65F.html,https://paladindanse111.github.io/AFSC-PDFs/BASE_GRAND_FORKS_AFB.html
HANSCOM AFB,"42°27'23""N","71°16'35""W",19T CH 12823 02961,62E1A,62E1A (DEVELOPMENTAL ENGINEER),https://paladindanse111.github.io/AFSC-PDFs/62E.html,https://paladindanse111.github.io/AFSC-PDFs/BASE_HANSCOM_AFB.html
HANSCOM AFB,"42°27'23""N","71°16'35""W",19T CH 12823 02961,62E1B,62E1B (DEVELOPMENTAL ENGINEER),https://paladindanse111.github.io/AFSC-PDFs/62E.html,https://paladindanse111.github.io/AFSC-PDFs/BASE_HANSCOM_AFB.html
HANSCOM AFB,"42°27'23""N","71°16'35""W",19T CH 12823 02961,62E1C,62E1C (DEVELOPMENTAL ENGINEER),https://paladindanse111.github.io/AFSC-PDFs/62E.html,https://paladindanse111.github.io/AFSC-PDFs/BASE_HANSCOM_AFB.html
HANSCOM AFB,"42°27'23""N","71°16'35""W",19T CH 12823 02961,62E1E,62E1E (DEVELOPMENTAL ENGINEER),https://paladindanse111.github.io/AFSC-PDFs/62E.html,https://paladindanse111.github.io/AFSC-PDFs/BASE_HANSCOM_AFB.html
HANSCOM AFB,"42°27'23""N","71°16'35""W",19T CH 12823 02961,62E1G,62E1G (DEVELOPMENTAL ENGINEER),https://paladindanse111.github.io/AFSC-PDFs/62E.html,https://paladindanse111.github.io/AFSC-PDFs/BASE_HANSCOM_AFB.html
HANSCOM AFB,"42°27'23""N","71°16'35""W",19T CH 12823 02961,62E1H,62E1H (DEVELOPMENTAL ENGINEER),https://paladindanse111.github.io/AFSC-PDFs/62E.html,https://paladindanse111.github.io/AFSC-PDFs/BASE_HANSCOM_AFB.html
HANSCOM AFB,"42°27'23""N","71°16'35""W",19T CH 12823 02961,62E1I,62E1I (DEVELOPMENTAL ENGINEER),https://paladindanse111.github.io/AFSC-PDFs/62E.html,https://paladindanse111.github.io/AFSC-PDFs/BASE_HANSCOM_AFB.html
HANSCOM AFB,"42°27'23""N","71°16'35""W",19T CH 12823 02961,63A1,63A1 (DEVELOPMENTAL ENGINEER),https://paladindanse111.github.io/AFSC-PDFs/63A.html,https://paladindanse111.github.io/AFSC-PDFs/BASE_HANSCOM_AFB.html
HANSCOM AFB,"42°27'23""N","71°16'35""W",19T CH 12823 02961,64P1,64P1 (CONTRACTING),https://paladindanse111.github.io/AFSC-PDFs/64P.html,https://paladindanse111.github.io/AFSC-PDFs/BASE_HANSCOM_AFB.html
HANSCOM AFB,"42°27'23""N","71°16'35""W",19T CH 12823 02961,65F1,65F1 (FINANCIAL MANAGEMENT),https://paladindanse111.github.io/AFSC-PDFs/65F.html,https://paladindanse111.github.io/AFSC-PDFs/BASE_HANSCOM_AFB.html
HANSCOM AFB,"42°27'23""N","71°16'35""W",19T CH 12823 02961,71S1,71S1 (SPECIAL INVESTIGATIONS),https://paladindanse111.github.io/AFSC-PDFs/71S.html,https://paladindanse111.github.io/AFSC-PDFs/BASE_HANSCOM_AFB.html
HILL AFB,"41°06'36""N","111°58'56""W",12T VL 17530 51433,13M1,13M1 (AIRFIELD OPERATIONS),https://paladindanse111.github.io/AFSC-PDFs/13M.html,https://paladindanse111.github.io/AFSC-PDFs/BASE_HILL_AFB.html
HILL AFB,"41°06'36""N","111°58'56""W",12T VL 17530 51433,15A1,15A1 (OPERATIONS ANALYSIS OFFICER),https://paladindanse111.github.io/AFSC-PDFs/15A.html,https://paladindanse111.github.io/AFSC-PDFs/BASE_HILL_AFB.html
HILL AFB,"41°06'36""N","111°58'56""W",12T VL 17530 51433,21A1,21A1 (AIRCRAFT MAINTENANCE),https://paladindanse111.github.io/AFSC-PDFs/21A.html,https://paladindanse111.github.io/AFSC-PDFs/BASE_HILL_AFB.html
HILL AFB,"41°06'36""N","111°58'56""W",12T VL 17530 51433,21M1,21M1 (MUNITIONS AND MISSILE MAINTENANCE),https://paladindanse111.github.io/AFSC-PDFs/21M.html,https://paladindanse111.github.io/AFSC-PDFs/BASE_HILL_AFB.html
HILL AFB,"41°06'36""N","111°58'56""W",12T VL 17530 51433,21R1,21R1 (LOGISTICS READINESS),https://paladindanse111.github.io/AFSC-PDFs/21R.html,https://paladindanse111.github.io/AFSC-PDFs/BASE_HILL_AFB.html
HILL AFB,"41°06'36""N","111°58'56""W",12T VL 17530 51433,35P1,35P1 (PUBLIC AFFAIRS),https://paladindanse111.github.io/AFSC-PDFs/35P.html,https://paladindanse111.github.io/AFSC-PDFs/BASE_HILL_AFB.html
HILL AFB,"41°06'36""N","111°58'56""W",12T VL 17530 51433,61D1,61D1 (PHYSICIST/NUCLEAR ENGINEER),https://paladindanse111.github.io/AFSC-PDFs/61D.html,https://paladindanse111.github.io/AFSC-PDFs/BASE_HILL_AFB.html
HILL AFB,"41°06'36""N","111°58'56""W",12T VL 17530 51433,62E1A,62E1A (DEVELOPMENTAL ENGINEER),https://paladindanse111.github.io/AFSC-PDFs/62E.html,https://paladindanse111.github.io/AFSC-PDFs/BASE_HILL_AFB.html
HILL AFB,"41°06'36""N","111°58'56""W",12T VL 17530 51433,62E1B,62E1B (DEVELOPMENTAL ENGINEER),https://paladindanse111.github.io/AFSC-PDFs/62E.html,https://paladindanse111.github.io/AFSC-PDFs/BASE_HILL_AFB.html
HILL AFB,"41°06'36""N","111°58'56""W",12T VL 17530 51433,62E1C,62E1C (DEVELOPMENTAL ENGINEER),https://paladindanse111.github.io/AFSC-PDFs/62E.html,https://paladindanse111.github.io/AFSC-PDFs/BASE_HILL_AFB.html
HILL AFB,"41°06'36""N","111°58'56""W",12T VL 17530 51433,62E1E,62E1E (DEVELOPMENTAL ENGINEER),https://paladindanse111.github.io/AFSC-PDFs/62E.html,https://paladindanse111.github.io/AFSC-PDFs/BASE_HILL_AFB.html
HILL AFB,"41°06'36""N","111°58'56""W",12T VL 17530 51433,62E1G,62E1G (DEVELOPMENTAL ENGINEER),https://paladindanse111.github.io/AFSC-PDFs/62E.html,https://paladindanse111.github.io/AFSC-PDFs/BASE_HILL_AFB.html
HILL AFB,"41°06'36""N","111°58'56""W",12T VL 17530 51433,62E1H,62E1H (DEVELOPMENTAL ENGINEER),https://paladindanse111.github.io/AFSC-PDFs/62E.html,https://paladindanse111.github.io/AFSC-PDFs/BASE_HILL_AFB.html
HILL AFB,"41°06'36""N","111°58'56""W",12T VL 17530 51433,62E1I,62E1I (DEVELOPMENTAL ENGINEER),https://paladindanse111.github.io/AFSC-PDFs/62E.html,https://paladindanse111.github.io/AFSC-PDFs/BASE_HILL_AFB.html
HILL AFB,"41°06'36""N","111°58'56""W",12T VL 17530 51433,63A1,63A1 (DEVELOPMENTAL ENGINEER),https://paladindanse111.github.io/AFSC-PDFs/63A.html,https://paladindanse111.github.io/AFSC-PDFs/BASE_HILL_AFB.html
HILL AFB,"41°06'36""N","111°58'56""W",12T VL 17530 51433,64P1,64P1 (CONTRACTING),https://paladindanse111.github.io/AFSC-PDFs/64P.html,https://paladindanse111.github.io/AFSC-PDFs/BASE_HILL_AFB.html
HILL AFB,"41°06'36""N","111°58'56""W",12T VL 17530 51433,65F1,65F1 (FINANCIAL MANAGEMENT),https://paladindanse111.github.io/AFSC-PDFs/65F.html,https://paladindanse111.github.io/AFSC-PDFs/BASE_HILL_AFB.html
HILL AFB,"41°06'36""N","111°58'56""W",12T VL 17530 51433,71S1,71S1 (SPECIAL INVESTIGATIONS),https://paladindanse111.github.io/AFSC-PDFs/71S.html,https://paladindanse111.github.io/AFSC-PDFs/BASE_HILL_AFB.html
HOLLOMAN AFB,"32°50'33""N","106°05'55""W",13S CS 97187 34361,15W1,15W1 (WEATHER AND ENVIRONMENTAL SCIENCES),https://paladindanse111.github.io/AFSC-PDFs/15W.html,https://paladindanse111.github.io/AFSC-PDFs/BASE_HOLLOMAN_AFB.html
HOLLOMAN AFB,"32°50'33""N","106°05'55""W",13S CS 97187 34361,21A1,21A1 (AIRCRAFT MAINTENANCE),https://paladindanse111.github.io/AFSC-PDFs/21A.html,https://paladindanse111.github.io/AFSC-PDFs/BASE_HOLLOMAN_AFB.html
HOLLOMAN AFB,"32°50'33""N","106°05'55""W",13S CS 97187 34361,21M1,21M1 (MUNITIONS AND MISSILE MAINTENANCE),https://paladindanse111.github.io/AFSC-PDFs/21M.html,https://paladindanse111.github.io/AFSC-PDFs/BASE_HOLLOMAN_AFB.html
HOLLOMAN AFB,"32°50'33""N","106°05'55""W",13S CS 97187 34361,21R1,21R1 (LOGISTICS READINESS),https://paladindanse111.github.io/AFSC-PDFs/21R.html,https://paladindanse111.github.io/AFSC-PDFs/BASE_HOLLOMAN_AFB.html
HOLLOMAN AFB,"32°50'33""N","106°05'55""W",13S CS 97187 34361,32E1A,32E1A (CIVIL ENGINEER),https://paladindanse111.github.io/AFSC-PDFs/32E.html,https://paladindanse111.github.io/AFSC-PDFs/BASE_HOLLOMAN_AFB.html
HOLLOMAN AFB,"32°50'33""N","106°05'55""W",13S CS 97187 34361,32E1C,32E1C (CIVIL ENGINEER),https://paladindanse111.github.io/AFSC-PDFs/32E.html,https://paladindanse111.github.io/AFSC-PDFs/BASE_HOLLOMAN_AFB.html
HOLLOMAN AFB,"32°50'33""N","106°05'55""W",13S CS 97187 34361,32E1E,32E1E (CIVIL ENGINEER),https://paladindanse111.github.io/AFSC-PDFs/32E.html,https://paladindanse111.github.io/AFSC-PDFs/BASE_HOLLOMAN_AFB.html
HOLLOMAN AFB,"32°50'33""N","106°05'55""W",13S CS 97187 34361,32E1F,32E1F (CIVIL ENGINEER),https://paladindanse111.github.io/AFSC-PDFs/32E.html,https://paladindanse111.github.io/AFSC-PDFs/BASE_HOLLOMAN_AFB.html
HOLLOMAN AFB,"32°50'33""N","106°05'55""W",13S CS 97187 34361,32E1G,32E1G (CIVIL ENGINEER),https://paladindanse111.github.io/AFSC-PDFs/32E.html,https://paladindanse111.github.io/AFSC-PDFs/BASE_HOLLOMAN_AFB.html
HOLLOMAN AFB,"32°50'33""N","106°05'55""W",13S CS 97187 34361,32E1J,32E1J (CIVIL ENGINEER),https://paladindanse111.github.io/AFSC-PDFs/32E.html,https://paladindanse111.github.io/AFSC-PDFs/BASE_HOLLOMAN_AFB.html
HOLLOMAN AFB,"32°50'33""N","106°05'55""W",13S CS 97187 34361,35P1,35P1 (PUBLIC AFFAIRS),https://paladindanse111.github.io/AFSC-PDFs/35P.html,https://paladindanse111.github.io/AFSC-PDFs/BASE_HOLLOMAN_AFB.html
HOLLOMAN AFB,"32°50'33""N","106°05'55""W",13S CS 97187 34361,38F1,38F1 (FORCE SUPPORT),https://paladindanse111.github.io/AFSC-PDFs/38F.html,https://paladindanse111.github.io/AFSC-PDFs/BASE_HOLLOMAN_AFB.html
HOLLOMAN AFB,"32°50'33""N","106°05'55""W",13S CS 97187 34361,62E1A,62E1A (DEVELOPMENTAL ENGINEER),https://paladindanse111.github.io/AFSC-PDFs/62E.html,https://paladindanse111.github.io/AFSC-PDFs/BASE_HOLLOMAN_AFB.html
HOLLOMAN AFB,"32°50'33""N","106°05'55""W",13S CS 97187 34361,62E1B,62E1B (DEVELOPMENTAL ENGINEER),https://paladindanse111.github.io/AFSC-PDFs/62E.html,https://paladindanse111.github.io/AFSC-PDFs/BASE_HOLLOMAN_AFB.html
HOLLOMAN AFB,"32°50'33""N","106°05'55""W",13S CS 97187 34361,62E1C,62E1C (DEVELOPMENTAL ENGINEER),https://paladindanse111.github.io/AFSC-PDFs/62E.html,https://paladindanse111.github.io/AFSC-PDFs/BASE_HOLLOMAN_AFB.html
HOLLOMAN AFB,"32°50'33""N","106°05'55""W",13S CS 97187 34361,62E1E,62E1E (DEVELOPMENTAL ENGINEER),https://paladindanse111.github.io/AFSC-PDFs/62E.html,https://paladindanse111.github.io/AFSC-PDFs/BASE_HOLLOMAN_AFB.html
HOLLOMAN AFB,"32°50'33""N","106°05'55""W",13S CS 97187 34361,62E1G,62E1G (DEVELOPMENTAL ENGINEER),https://paladindanse111.github.io/AFSC-PDFs/62E.html,https://paladindanse111.github.io/AFSC-PDFs/BASE_HOLLOMAN_AFB.html
HOLLOMAN AFB,"32°50'33""N","106°05'55""W",13S CS 97187 34361,62E1H,62E1H (DEVELOPMENTAL ENGINEER),https://paladindanse111.github.io/AFSC-PDFs/62E.html,https://paladindanse111.github.io/AFSC-PDFs/BASE_HOLLOMAN_AFB.html
HOLLOMAN AFB,"32°50'33""N","106°05'55""W",13S CS 97187 34361,62E1I,62E1I (DEVELOPMENTAL ENGINEER),https://paladindanse111.github.io/AFSC-PDFs/62E.html,https://paladindanse111.github.io/AFSC-PDFs/BASE_HOLLOMAN_AFB.html
HOLLOMAN AFB,"32°50'33""N","106°05'55""W",13S CS 97187 34361,63A1,63A1 (DEVELOPMENTAL ENGINEER),https://paladindanse111.github.io/AFSC-PDFs/63A.html,https://paladindanse111.github.io/AFSC-PDFs/BASE_HOLLOMAN_AFB.html
HOLLOMAN AFB,"32°50'33""N","106°05'55""W",13S CS 97187 34361,64P1,64P1 (CONTRACTING),https://paladindanse111.github.io/AFSC-PDFs/64P.html,https://paladindanse111.github.io/AFSC-PDFs/BASE_HOLLOMAN_AFB.html
HOLLOMAN AFB,"32°50'33""N","106°05'55""W",13S CS 97187 34361,65F1,65F1 (FINANCIAL MANAGEMENT),https://paladindanse111.github.io/AFSC-PDFs/65F.html,https://paladindanse111.github.io/AFSC-PDFs/BASE_HOLLOMAN_AFB.html
HURLBURT FIELD,"30°25'23""N","86°41'41""W",16R EU 29317 65704,14F1,14F1 (INFORMATION OPERATIONS),https://paladindanse111.github.io/AFSC-PDFs/14F.html,https://paladindanse111.github.io/AFSC-PDFs/BASE_HURLBURT_FIELD.html
HURLBURT FIELD,"30°25'23""N","86°41'41""W",16R EU 29317 65704,21A1,21A1 (AIRCRAFT MAINTENANCE),https://paladindanse111.github.io/AFSC-PDFs/21A.html,https://paladindanse111.github.io/AFSC-PDFs/BASE_HURLBURT_FIELD.html
HURLBURT FIELD,"30°25'23""N","86°41'41""W",16R EU 29317 65704,21M1,21M1 (MUNITIONS AND MISSILE MAINTENANCE),https://paladindanse111.github.io/AFSC-PDFs/21M.html,https://paladindanse111.github.io/AFSC-PDFs/BASE_HURLBURT_FIELD.html
HURLBURT FIELD,"30°25'23""N","86°41'41""W",16R EU 29317 65704,21R1,21R1 (LOGISTICS READINESS),https://paladindanse111.github.io/AFSC-PDFs/21R.html,https://paladindanse111.github.io/AFSC-PDFs/BASE_HURLBURT_FIELD.html
HURLBURT FIELD,"30°25'23""N","86°41'41""W",16R EU 29317 65704,32E1A,32E1A (CIVIL ENGINEER),https://paladindanse111.github.io/AFSC-PDFs/32E.html,https://paladindanse111.github.io/AFSC-PDFs/BASE_HURLBURT_FIELD.html
HURLBURT FIELD,"30°25'23""N","86°41'41""W",16R EU 29317 65704,32E1C,32E1C (CIVIL ENGINEER),https://paladindanse111.github.io/AFSC-PDFs/32E.html,https://paladindanse111.github.io/AFSC-PDFs/BASE_HURLBURT_FIELD.html
HURLBURT FIELD,"30°25'23""N","86°41'41""W",16R EU 29317 65704,32E1E,32E1E (CIVIL ENGINEER),https://paladindanse111.github.io/AFSC-PDFs/32E.html,https://paladindanse111.github.io/AFSC-PDFs/BASE_HURLBURT_FIELD.html
HURLBURT FIELD,"30°25'23""N","86°41'41""W",16R EU 29317 65704,32E1F,32E1F (CIVIL ENGINEER),https://paladindanse111.github.io/AFSC-PDFs/32E.html,https://paladindanse111.github.io/AFSC-PDFs/BASE_HURLBURT_FIELD.html
HURLBURT FIELD,"30°25'23""N","86°41'41""W",16R EU 29317 65704,32E1G,32E1G (CIVIL ENGINEER),https://paladindanse111.github.io/AFSC-PDFs/32E.html,https://paladindanse111.github.io/AFSC-PDFs/BASE_HURLBURT_FIELD.html
HURLBURT FIELD,"30°25'23""N","86°41'41""W",16R EU 29317 65704,32E1J,32E1J (CIVIL ENGINEER),https://paladindanse111.github.io/AFSC-PDFs/32E.html,https://paladindanse111.github.io/AFSC-PDFs/BASE_HURLBURT_FIELD.html
HURLBURT FIELD,"30°25'23""N","86°41'41""W",16R EU 29317 65704,35P1,35P1 (PUBLIC AFFAIRS),https://paladindanse111.github.io/AFSC-PDFs/35P.html,https://paladindanse111.github.io/AFSC-PDFs/BASE_HURLBURT_FIELD.html
HURLBURT FIELD,"30°25'23""N","86°41'41""W",16R EU 29317 65704,38F1,38F1 (FORCE SUPPORT),https://paladindanse111.github.io/AFSC-PDFs/38F.html,https://paladindanse111.github.io/AFSC-PDFs/BASE_HURLBURT_FIELD.html
HURLBURT FIELD,"30°25'23""N","86°41'41""W",16R EU 29317 65704,62E1A,62E1A (DEVELOPMENTAL ENGINEER),https://paladindanse111.github.io/AFSC-PDFs/62E.html,https://paladindanse111.github.io/AFSC-PDFs/BASE_HURLBURT_FIELD.html
HURLBURT FIELD,"30°25'23""N","86°41'41""W",16R EU 29317 65704,62E1B,62E1B (DEVELOPMENTAL ENGINEER),https://paladindanse111.github.io/AFSC-PDFs/62E.html,https://paladindanse111.github.io/AFSC-PDFs/BASE_HURLBURT_FIELD.html
HURLBURT FIELD,"30°25'23""N","86°41'41""W",16R EU 29317 65704,62E1C,62E1C (DEVELOPMENTAL ENGINEER),https://paladindanse111.github.io/AFSC-PDFs/62E.html,https://paladindanse111.github.io/AFSC-PDFs/BASE_HURLBURT_FIELD.html
HURLBURT FIELD,"30°25'23""N","86°41'41""W",16R EU 29317 65704,62E1E,62E1E (DEVELOPMENTAL ENGINEER),https://paladindanse111.github.io/AFSC-PDFs/62E.html,https://paladindanse111.github.io/AFSC-PDFs/BASE_HURLBURT_FIELD.html
HURLBURT FIELD,"30°25'23""N","86°41'41""W",16R EU 29317 65704,62E1G,62E1G (DEVELOPMENTAL ENGINEER),https://paladindanse111.github.io/AFSC-PDFs/62E.html,https://paladindanse111.github.io/AFSC-PDFs/BASE_HURLBURT_FIELD.html
HURLBURT FIELD,"30°25'23""N","86°41'41""W",16R EU 29317 65704,62E1H,62E1H (DEVELOPMENTAL ENGINEER),https://paladindanse111.github.io/AFSC-PDFs/62E.html,https://paladindanse111.github.io/AFSC-PDFs/BASE_HURLBURT_FIELD.html
HURLBURT FIELD,"30°25'23""N","86°41'41""W",16R EU 29317 65704,62E1I,62E1I (DEVELOPMENTAL ENGINEER),https://paladindanse111.github.io/AFSC-PDFs/62E.html,https://paladindanse111.github.io/AFSC-PDFs/BASE_HURLBURT_FIELD.html
HURLBURT FIELD,"30°25'23""N","86°41'41""W",16R EU 29317 65704,63A1,63A1 (DEVELOPMENTAL ENGINEER),https://paladindanse111.github.io/AFSC-PDFs/63A.html,https://paladindanse111.github.io/AFSC-PDFs/BASE_HURLBURT_FIELD.html
HURLBURT FIELD,"30°25'23""N","86°41'41""W",16R EU 29317 65704,64P1,64P1 (CONTRACTING),https://paladindanse111.github.io/AFSC-PDFs/64P.html,https://paladindanse111.github.io/AFSC-PDFs/BASE_HURLBURT_FIELD.html
HURLBURT FIELD,"30°25'23""N","86°41'41""W",16R EU 29317 65704,65F1,65F1 (FINANCIAL MANAGEMENT),https://paladindanse111.github.io/AFSC-PDFs/65F.html,https://paladindanse111.github.io/AFSC-PDFs/BASE_HURLBURT_FIELD.html
HURLBURT FIELD,"30°25'23""N","86°41'41""W",16R EU 29317 65704,71S1,71S1 (SPECIAL INVESTIGATIONS),https://paladindanse111.github.io/AFSC-PDFs/71S.html,https://paladindanse111.github.io/AFSC-PDFs/BASE_HURLBURT_FIELD.html
INCIRLIK AB,"37°00'12""N","35°26'02""E",36S YF 16566 98011,64P1,64P1 (CONTRACTING),https://paladindanse111.github.io/AFSC-PDFs/64P.html,https://paladindanse111.github.io/AFSC-PDFs/BASE_INCIRLIK_AB.html
JB ANACOSTIA-BOLLING,"38°50'29""N","77°01'05""W",18S UJ 24855 01110,32E1A,32E1A (CIVIL ENGINEER),https://paladindanse111.github.io/AFSC-PDFs/32E.html,https://paladindanse111.github.io/AFSC-PDFs/BASE_JB_ANACOSTIA-BOLLING.html
JB ANACOSTIA-BOLLING,"38°50'29""N","77°01'05""W",18S UJ 24855 01110,32E1C,32E1C (CIVIL ENGINEER),https://paladindanse111.github.io/AFSC-PDFs/32E.html,https://paladindanse111.github.io/AFSC-PDFs/BASE_JB_ANACOSTIA-BOLLING.html
JB ANACOSTIA-BOLLING,"38°50'29""N","77°01'05""W",18S UJ 24855 01110,32E1E,32E1E (CIVIL ENGINEER),https://paladindanse111.github.io/AFSC-PDFs/32E.html,https://paladindanse111.github.io/AFSC-PDFs/BASE_JB_ANACOSTIA-BOLLING.html
JB ANACOSTIA-BOLLING,"38°50'29""N","77°01'05""W",18S UJ 24855 01110,32E1F,32E1F (CIVIL ENGINEER),https://paladindanse111.github.io/AFSC-PDFs/32E.html,https://paladindanse111.github.io/AFSC-PDFs/BASE_JB_ANACOSTIA-BOLLING.html
JB ANACOSTIA-BOLLING,"38°50'29""N","77°01'05""W",18S UJ 24855 01110,32E1G,32E1G (CIVIL ENGINEER),https://paladindanse111.github.io/AFSC-PDFs/32E.html,https://paladindanse111.github.io/AFSC-PDFs/BASE_JB_ANACOSTIA-BOLLING.html
JB ANACOSTIA-BOLLING,"38°50'29""N","77°01'05""W",18S UJ 24855 01110,32E1J,32E1J (CIVIL ENGINEER),https://paladindanse111.github.io/AFSC-PDFs/32E.html,https://paladindanse111.github.io/AFSC-PDFs/BASE_JB_ANACOSTIA-BOLLING.html
JB ANACOSTIA-BOLLING,"38°50'29""N","77°01'05""W",18S UJ 24855 01110,63A1,63A1 (DEVELOPMENTAL ENGINEER),https://paladindanse111.github.io/AFSC-PDFs/63A.html,https://paladindanse111.github.io/AFSC-PDFs/BASE_JB_ANACOSTIA-BOLLING.html
JB ANACOSTIA-BOLLING,"38°50'29""N","77°01'05""W",18S UJ 24855 01110,64P1,64P1 (CONTRACTING),https://paladindanse111.github.io/AFSC-PDFs/64P.html,https://paladindanse111.github.io/AFSC-PDFs/BASE_JB_ANACOSTIA-BOLLING.html
JB ANACOSTIA-BOLLING,"38°50'29""N","77°01'05""W",18S UJ 24855 01110,65F1,65F1 (FINANCIAL MANAGEMENT),https://paladindanse111.github.io/AFSC-PDFs/65F.html,https://paladindanse111.github.io/AFSC-PDFs/BASE_JB_ANACOSTIA-BOLLING.html
JB ANACOSTIA-BOLLING,"38°50'29""N","77°01'05""W",18S UJ 24855 01110,71S1,71S1 (SPECIAL INVESTIGATIONS),https://paladindanse111.github.io/AFSC-PDFs/71S.html,https://paladindanse111.github.io/AFSC-PDFs/BASE_JB_ANACOSTIA-BOLLING.html
JB CHARLESTON,"32°53'29""N","80°04'03""W",17S NS 87218 39631,21A1,21A1 (AIRCRAFT MAINTENANCE),https://paladindanse111.github.io/AFSC-PDFs/21A.html,https://paladindanse111.github.io/AFSC-PDFs/BASE_JB_CHARLESTON.html
JB CHARLESTON,"32°53'29""N","80°04'03""W",17S NS 87218 39631,21R1,21R1 (LOGISTICS READINESS),https://paladindanse111.github.io/AFSC-PDFs/21R.html,https://paladindanse111.github.io/AFSC-PDFs/BASE_JB_CHARLESTON.html
JB CHARLESTON,"32°53'29""N","80°04'03""W",17S NS 87218 39631,32E1A,32E1A (CIVIL ENGINEER),https://paladindanse111.github.io/AFSC-PDFs/32E.html,https://paladindanse111.github.io/AFSC-PDFs/BASE_JB_CHARLESTON.html
JB CHARLESTON,"32°53'29""N","80°04'03""W",17S NS 87218 39631,32E1C,32E1C (CIVIL ENGINEER),https://paladindanse111.github.io/AFSC-PDFs/32E.html,https://paladindanse111.github.io/AFSC-PDFs/BASE_JB_CHARLESTON.html
JB CHARLESTON,"32°53'29""N","80°04'03""W",17S NS 87218 39631,32E1E,32E1E (CIVIL ENGINEER),https://paladindanse111.github.io/AFSC-PDFs/32E.html,https://paladindanse111.github.io/AFSC-PDFs/BASE_JB_CHARLESTON.html
JB CHARLESTON,"32°53'29""N","80°04'03""W",17S NS 87218 39631,32E1F,32E1F (CIVIL ENGINEER),https://paladindanse111.github.io/AFSC-PDFs/32E.html,https://paladindanse111.github.io/AFSC-PDFs/BASE_JB_CHARLESTON.html
JB CHARLESTON,"32°53'29""N","80°04'03""W",17S NS 87218 39631,32E1G,32E1G (CIVIL ENGINEER),https://paladindanse111.github.io/AFSC-PDFs/32E.html,https://paladindanse111.github.io/AFSC-PDFs/BASE_JB_CHARLESTON.html
JB CHARLESTON,"32°53'29""N","80°04'03""W",17S NS 87218 39631,32E1J,32E1J (CIVIL ENGINEER),https://paladindanse111.github.io/AFSC-PDFs/32E.html,https://paladindanse111.github.io/AFSC-PDFs/BASE_JB_CHARLESTON.html
JB CHARLESTON,"32°53'29""N","80°04'03""W",17S NS 87218 39631,35P1,35P1 (PUBLIC AFFAIRS),https://paladindanse111.github.io/AFSC-PDFs/35P.html,https://paladindanse111.github.io/AFSC-PDFs/BASE_JB_CHARLESTON.html
JB CHARLESTON,"32°53'29""N","80°04'03""W",17S NS 87218 39631,38F1,38F1 (FORCE SUPPORT),https://paladindanse111.github.io/AFSC-PDFs/38F.html,https://paladindanse111.github.io/AFSC-PDFs/BASE_JB_CHARLESTON.html
JB CHARLESTON,"32°53'29""N","80°04'03""W",17S NS 87218 39631,64P1,64P1 (CONTRACTING),https://paladindanse111.github.io/AFSC-PDFs/64P.html,https://paladindanse111.github.io/AFSC-PDFs/BASE_JB_CHARLESTON.html
JB CHARLESTON,"32°53'29""N","80°04'03""W",17S NS 87218 39631,65F1,65F1 (FINANCIAL MANAGEMENT),https://paladindanse111.github.io/AFSC-PDFs/65F.html,https://paladindanse111.github.io/AFSC-PDFs/BASE_JB_CHARLESTON.html
JB ELMENDORF-RICHARDSON,"61°15'44""N","149°41'53""W",6V UN 55306 94983,21A1,21A1 (AIRCRAFT MAINTENANCE),https://paladindanse111.github.io/AFSC-PDFs/21A.html,https://paladindanse111.github.io/AFSC-PDFs/BASE_JB_ELMENDORF-RICHARDSON.html
JB ELMENDORF-RICHARDSON,"61°15'44""N","149°41'53""W",6V UN 55306 94983,21M1,21M1 (MUNITIONS AND MISSILE MAINTENANCE),https://paladindanse111.github.io/AFSC-PDFs/21M.html,https://paladindanse111.github.io/AFSC-PDFs/BASE_JB_ELMENDORF-RICHARDSON.html
JB ELMENDORF-RICHARDSON,"61°15'44""N","149°41'53""W",6V UN 55306 94983,21R1,21R1 (LOGISTICS READINESS),https://paladindanse111.github.io/AFSC-PDFs/21R.html,https://paladindanse111.github.io/AFSC-PDFs/BASE_JB_ELMENDORF-RICHARDSON.html
JB ELMENDORF-RICHARDSON,"61°15'44""N","149°41'53""W",6V UN 55306 94983,32E1A,32E1A (CIVIL ENGINEER),https://paladindanse111.github.io/AFSC-PDFs/32E.html,https://paladindanse111.github.io/AFSC-PDFs/BASE_JB_ELMENDORF-RICHARDSON.html
JB ELMENDORF-RICHARDSON,"61°15'44""N","149°41'53""W",6V UN 55306 94983,32E1C,32E1C (CIVIL ENGINEER),https://paladindanse111.github.io/AFSC-PDFs/32E.html,https://paladindanse111.github.io/AFSC-PDFs/BASE_JB_ELMENDORF-RICHARDSON.html
JB ELMENDORF-RICHARDSON,"61°15'44""N","149°41'53""W",6V UN 55306 94983,32E1E,32E1E (CIVIL ENGINEER),https://paladindanse111.github.io/AFSC-PDFs/32E.html,https://paladindanse111.github.io/AFSC-PDFs/BASE_JB_ELMENDORF-RICHARDSON.html
JB ELMENDORF-RICHARDSON,"61°15'44""N","149°41'53""W",6V UN 55306 94983,32E1F,32E1F (CIVIL ENGINEER),https://paladindanse111.github.io/AFSC-PDFs/32E.html,https://paladindanse111.github.io/AFSC-PDFs/BASE_JB_ELMENDORF-RICHARDSON.html
JB ELMENDORF-RICHARDSON,"61°15'44""N","149°41'53""W",6V UN 55306 94983,32E1G,32E1G (CIVIL ENGINEER),https://paladindanse111.github.io/AFSC-PDFs/32E.html,https://paladindanse111.github.io/AFSC-PDFs/BASE_JB_ELMENDORF-RICHARDSON.html
JB ELMENDORF-RICHARDSON,"61°15'44""N","149°41'53""W",6V UN 55306 94983,32E1J,32E1J (CIVIL ENGINEER),https://paladindanse111.github.io/AFSC-PDFs/32E.html,https://paladindanse111.github.io/AFSC-PDFs/BASE_JB_ELMENDORF-RICHARDSON.html
JB ELMENDORF-RICHARDSON,"61°15'44""N","149°41'53""W",6V UN 55306 94983,35P1,35P1 (PUBLIC AFFAIRS),https://paladindanse111.github.io/AFSC-PDFs/35P.html,https://paladindanse111.github.io/AFSC-PDFs/BASE_JB_ELMENDORF-RICHARDSON.html
JB ELMENDORF-RICHARDSON,"61°15'44""N","149°41'53""W",6V UN 55306 94983,38F1,38F1 (FORCE SUPPORT),https://paladindanse111.github.io/AFSC-PDFs/38F.html,https://paladindanse111.github.io/AFSC-PDFs/BASE_JB_ELMENDORF-RICHARDSON.html
JB ELMENDORF-RICHARDSON,"61°15'44""N","149°41'53""W",6V UN 55306 94983,63A1,63A1 (DEVELOPMENTAL ENGINEER),https://paladindanse111.github.io/AFSC-PDFs/63A.html,https://paladindanse111.github.io/AFSC-PDFs/BASE_JB_ELMENDORF-RICHARDSON.html
JB ELMENDORF-RICHARDSON,"61°15'44""N","149°41'53""W",6V UN 55306 94983,64P1,64P1 (CONTRACTING),https://paladindanse111.github.io/AFSC-PDFs/64P.html,https://paladindanse111.github.io/AFSC-PDFs/BASE_JB_ELMENDORF-RICHARDSON.html
JB ELMENDORF-RICHARDSON,"61°15'44""N","149°41'53""W",6V UN 55306 94983,65F1,65F1 (FINANCIAL MANAGEMENT),https://paladindanse111.github.io/AFSC-PDFs/65F.html,https://paladindanse111.github.io/AFSC-PDFs/BASE_JB_ELMENDORF-RICHARDSON.html
JB LANGLEY-EUSTIS,"37°05'00""N","76°21'33""W",18S UG 79195 04980,13H1,13H1 (AEROSPACE PHYSIOLOGIST),https://paladindanse111.github.io/AFSC-PDFs/13H.html,https://paladindanse111.github.io/AFSC-PDFs/BASE_JB_LANGLEY-EUSTIS.html
JB LANGLEY-EUSTIS,"37°05'00""N","76°21'33""W",18S UG 79195 04980,14F1,14F1 (INFORMATION OPERATIONS),https://paladindanse111.github.io/AFSC-PDFs/14F.html,https://paladindanse111.github.io/AFSC-PDFs/BASE_JB_LANGLEY-EUSTIS.html
JB LANGLEY-EUSTIS,"37°05'00""N","76°21'33""W",18S UG 79195 04980,15A1,15A1 (OPERATIONS ANALYSIS OFFICER),https://paladindanse111.github.io/AFSC-PDFs/15A.html,https://paladindanse111.github.io/AFSC-PDFs/BASE_JB_LANGLEY-EUSTIS.html
JB LANGLEY-EUSTIS,"37°05'00""N","76°21'33""W",18S UG 79195 04980,21A1,21A1 (AIRCRAFT MAINTENANCE),https://paladindanse111.github.io/AFSC-PDFs/21A.html,https://paladindanse111.github.io/AFSC-PDFs/BASE_JB_LANGLEY-EUSTIS.html
JB LANGLEY-EUSTIS,"37°05'00""N","76°21'33""W",18S UG 79195 04980,21M1,21M1 (MUNITIONS AND MISSILE MAINTENANCE),https://paladindanse111.github.io/AFSC-PDFs/21M.html,https://paladindanse111.github.io/AFSC-PDFs/BASE_JB_LANGLEY-EUSTIS.html
JB LANGLEY-EUSTIS,"37°05'00""N","76°21'33""W",18S UG 79195 04980,21R1,21R1 (LOGISTICS READINESS),https://paladindanse111.github.io/AFSC-PDFs/21R.html,https://paladindanse111.github.io/AFSC-PDFs/BASE_JB_LANGLEY-EUSTIS.html
JB LANGLEY-EUSTIS,"37°05'00""N","76°21'33""W",18S UG 79195 04980,32E1A,32E1A (CIVIL ENGINEER),https://paladindanse111.github.io/AFSC-PDFs/32E.html,https://paladindanse111.github.io/AFSC-PDFs/BASE_JB_LANGLEY-EUSTIS.html
JB LANGLEY-EUSTIS,"37°05'00""N","76°21'33""W",18S UG 79195 04980,32E1C,32E1C (CIVIL ENGINEER),https://paladindanse111.github.io/AFSC-PDFs/32E.html,https://paladindanse111.github.io/AFSC-PDFs/BASE_JB_LANGLEY-EUSTIS.html
JB LANGLEY-EUSTIS,"37°05'00""N","76°21'33""W",18S UG 79195 04980,32E1E,32E1E (CIVIL ENGINEER),https://paladindanse111.github.io/AFSC-PDFs/32E.html,https://paladindanse111.github.io/AFSC-PDFs/BASE_JB_LANGLEY-EUSTIS.html
JB LANGLEY-EUSTIS,"37°05'00""N","76°21'33""W",18S UG 79195 04980,32E1F,32E1F (CIVIL ENGINEER),https://paladindanse111.github.io/AFSC-PDFs/32E.html,https://paladindanse111.github.io/AFSC-PDFs/BASE_JB_LANGLEY-EUSTIS.html
JB LANGLEY-EUSTIS,"37°05'00""N","76°21'33""W",18S UG 79195 04980,32E1G,32E1G (CIVIL ENGINEER),https://paladindanse111.github.io/AFSC-PDFs/32E.html,https://paladindanse111.github.io/AFSC-PDFs/BASE_JB_LANGLEY-EUSTIS.html
JB LANGLEY-EUSTIS,"37°05'00""N","76°21'33""W",18S UG 79195 04980,32E1J,32E1J (CIVIL ENGINEER),https://paladindanse111.github.io/AFSC-PDFs/32E.html,https://paladindanse111.github.io/AFSC-PDFs/BASE_JB_LANGLEY-EUSTIS.html
JB LANGLEY-EUSTIS,"37°05'00""N","76°21'33""W",18S UG 79195 04980,35P1,35P1 (PUBLIC AFFAIRS),https://paladindanse111.github.io/AFSC-PDFs/35P.html,https://paladindanse111.github.io/AFSC-PDFs/BASE_JB_LANGLEY-EUSTIS.html
JB LANGLEY-EUSTIS,"37°05'00""N","76°21'33""W",18S UG 79195 04980,38F1,38F1 (FORCE SUPPORT),https://paladindanse111.github.io/AFSC-PDFs/38F.html,https://paladindanse111.github.io/AFSC-PDFs/BASE_JB_LANGLEY-EUSTIS.html
JB LANGLEY-EUSTIS,"37°05'00""N","76°21'33""W",18S UG 79195 04980,63A1,63A1 (DEVELOPMENTAL ENGINEER),https://paladindanse111.github.io/AFSC-PDFs/63A.html,https://paladindanse111.github.io/AFSC-PDFs/BASE_JB_LANGLEY-EUSTIS.html
JB LANGLEY-EUSTIS,"37°05'00""N","76°21'33""W",18S UG 79195 04980,64P1,64P1 (CONTRACTING),https://paladindanse111.github.io/AFSC-PDFs/64P.html,https://paladindanse111.github.io/AFSC-PDFs/BASE_JB_LANGLEY-EUSTIS.html
JB LANGLEY-EUSTIS,"37°05'00""N","76°21'33""W",18S UG 79195 04980,65F1,65F1 (FINANCIAL MANAGEMENT),https://paladindanse111.github.io/AFSC-PDFs/65F.html,https://paladindanse111.github.io/AFSC-PDFs/BASE_JB_LANGLEY-EUSTIS.html
JB LANGLEY-EUSTIS,"37°05'00""N","76°21'33""W",18S UG 79195 04980,71S1,71S1 (SPECIAL INVESTIGATIONS),https://paladindanse111.github.io/AFSC-PDFs/71S.html,https://paladindanse111.github.io/AFSC-PDFs/BASE_JB_LANGLEY-EUSTIS.html
JB LEWIS-MCCHORD,"47°05'30""N","122°36'53""W",10T ET 29240 15422,15W1,15W1 (WEATHER AND ENVIRONMENTAL SCIENCES),https://paladindanse111.github.io/AFSC-PDFs/15W.html,https://paladindanse111.github.io/AFSC-PDFs/BASE_JB_LEWIS-MCCHORD.html
JB LEWIS-MCCHORD,"47°05'30""N","122°36'53""W",10T ET 29240 15422,21A1,21A1 (AIRCRAFT MAINTENANCE),https://paladindanse111.github.io/AFSC-PDFs/21A.html,https://paladindanse111.github.io/AFSC-PDFs/BASE_JB_LEWIS-MCCHORD.html
JB LEWIS-MCCHORD,"47°05'30""N","122°36'53""W",10T ET 29240 15422,21R1,21R1 (LOGISTICS READINESS),https://paladindanse111.github.io/AFSC-PDFs/21R.html,https://paladindanse111.github.io/AFSC-PDFs/BASE_JB_LEWIS-MCCHORD.html
JB LEWIS-MCCHORD,"47°05'30""N","122°36'53""W",10T ET 29240 15422,32E1A,32E1A (CIVIL ENGINEER),https://paladindanse111.github.io/AFSC-PDFs/32E.html,https://paladindanse111.github.io/AFSC-PDFs/BASE_JB_LEWIS-MCCHORD.html
JB LEWIS-MCCHORD,"47°05'30""N","122°36'53""W",10T ET 29240 15422,32E1C,32E1C (CIVIL ENGINEER),https://paladindanse111.github.io/AFSC-PDFs/32E.html,https://paladindanse111.github.io/AFSC-PDFs/BASE_JB_LEWIS-MCCHORD.html
JB LEWIS-MCCHORD,"47°05'30""N","122°36'53""W",10T ET 29240 15422,32E1E,32E1E (CIVIL ENGINEER),https://paladindanse111.github.io/AFSC-PDFs/32E.html,https://paladindanse111.github.io/AFSC-PDFs/BASE_JB_LEWIS-MCCHORD.html
JB LEWIS-MCCHORD,"47°05'30""N","122°36'53""W",10T ET 29240 15422,32E1F,32E1F (CIVIL ENGINEER),https://paladindanse111.github.io/AFSC-PDFs/32E.html,https://paladindanse111.github.io/AFSC-PDFs/BASE_JB_LEWIS-MCCHORD.html
JB LEWIS-MCCHORD,"47°05'30""N","122°36'53""W",10T ET 29240 15422,32E1G,32E1G (CIVIL ENGINEER),https://paladindanse111.github.io/AFSC-PDFs/32E.html,https://paladindanse111.github.io/AFSC-PDFs/BASE_JB_LEWIS-MCCHORD.html
JB LEWIS-MCCHORD,"47°05'30""N","122°36'53""W",10T ET 29240 15422,32E1J,32E1J (CIVIL ENGINEER),https://paladindanse111.github.io/AFSC-PDFs/32E.html,https://paladindanse111.github.io/AFSC-PDFs/BASE_JB_LEWIS-MCCHORD.html
JB LEWIS-MCCHORD,"47°05'30""N","122°36'53""W",10T ET 29240 15422,65F1,65F1 (FINANCIAL MANAGEMENT),https://paladindanse111.github.io/AFSC-PDFs/65F.html,https://paladindanse111.github.io/AFSC-PDFs/BASE_JB_LEWIS-MCCHORD.html
JB LEWIS-MCCHORD,"47°05'30""N","122°36'53""W",10T ET 29240 15422,71S1,71S1 (SPECIAL INVESTIGATIONS),https://paladindanse111.github.io/AFSC-PDFs/71S.html,https://paladindanse111.github.io/AFSC-PDFs/BASE_JB_LEWIS-MCCHORD.html
JB MCGUIRE-DIX-LAKEHURST,"40°02'15""N","74°35'18""W",18T WK 35120 32000,21A1,21A1 (AIRCRAFT MAINTENANCE),https://paladindanse111.github.io/AFSC-PDFs/21A.html,https://paladindanse111.github.io/AFSC-PDFs/BASE_JB_MCGUIRE-DIX-LAKEHURST.html
JB MCGUIRE-DIX-LAKEHURST,"40°02'15""N","74°35'18""W",18T WK 35120 32000,21R1,21R1 (LOGISTICS READINESS),https://paladindanse111.github.io/AFSC-PDFs/21R.html,https://paladindanse111.github.io/AFSC-PDFs/BASE_JB_MCGUIRE-DIX-LAKEHURST.html
JB MCGUIRE-DIX-LAKEHURST,"40°02'15""N","74°35'18""W",18T WK 35120 32000,32E1A,32E1A (CIVIL ENGINEER),https://paladindanse111.github.io/AFSC-PDFs/32E.html,https://paladindanse111.github.io/AFSC-PDFs/BASE_JB_MCGUIRE-DIX-LAKEHURST.html
JB MCGUIRE-DIX-LAKEHURST,"40°02'15""N","74°35'18""W",18T WK 35120 32000,32E1C,32E1C (CIVIL ENGINEER),https://paladindanse111.github.io/AFSC-PDFs/32E.html,https://paladindanse111.github.io/AFSC-PDFs/BASE_JB_MCGUIRE-DIX-LAKEHURST.html
JB MCGUIRE-DIX-LAKEHURST,"40°02'15""N","74°35'18""W",18T WK 35120 32000,32E1E,32E1E (CIVIL ENGINEER),https://paladindanse111.github.io/AFSC-PDFs/32E.html,https://paladindanse111.github.io/AFSC-PDFs/BASE_JB_MCGUIRE-DIX-LAKEHURST.html
JB MCGUIRE-DIX-LAKEHURST,"40°02'15""N","74°35'18""W",18T WK 35120 32000,32E1F,32E1F (CIVIL ENGINEER),https://paladindanse111.github.io/AFSC-PDFs/32E.html,https://paladindanse111.github.io/AFSC-PDFs/BASE_JB_MCGUIRE-DIX-LAKEHURST.html
JB MCGUIRE-DIX-LAKEHURST,"40°02'15""N","74°35'18""W",18T WK 35120 32000,32E1G,32E1G (CIVIL ENGINEER),https://paladindanse111.github.io/AFSC-PDFs/32E.html,https://paladindanse111.github.io/AFSC-PDFs/BASE_JB_MCGUIRE-DIX-LAKEHURST.html
JB MCGUIRE-DIX-LAKEHURST,"40°02'15""N","74°35'18""W",18T WK 35120 32000,32E1J,32E1J (CIVIL ENGINEER),https://paladindanse111.github.io/AFSC-PDFs/32E.html,https://paladindanse111.github.io/AFSC-PDFs/BASE_JB_MCGUIRE-DIX-LAKEHURST.html
JB MCGUIRE-DIX-LAKEHURST,"40°02'15""N","74°35'18""W",18T WK 35120 32000,35P1,35P1 (PUBLIC AFFAIRS),https://paladindanse111.github.io/AFSC-PDFs/35P.html,https://paladindanse111.github.io/AFSC-PDFs/BASE_JB_MCGUIRE-DIX-LAKEHURST.html
JB MCGUIRE-DIX-LAKEHURST,"40°02'15""N","74°35'18""W",18T WK 35120 32000,38F1,38F1 (FORCE SUPPORT),https://paladindanse111.github.io/AFSC-PDFs/38F.html,https://paladindanse111.github.io/AFSC-PDFs/BASE_JB_MCGUIRE-DIX-LAKEHURST.html
JB MCGUIRE-DIX-LAKEHURST,"40°02'15""N","74°35'18""W",18T WK 35120 32000,64P1,64P1 (CONTRACTING),https://paladindanse111.github.io/AFSC-PDFs/64P.html,https://paladindanse111.github.io/AFSC-PDFs/BASE_JB_MCGUIRE-DIX-LAKEHURST.html
JB MCGUIRE-DIX-LAKEHURST,"40°02'15""N","74°35'18""W",18T WK 35120 32000,65F1,65F1 (FINANCIAL MANAGEMENT),https://paladindanse111.github.io/AFSC-PDFs/65F.html,https://paladindanse111.github.io/AFSC-PDFs/BASE_JB_MCGUIRE-DIX-LAKEHURST.html
JB MCGUIRE-DIX-LAKEHURST,"40°02'15""N","74°35'18""W",18T WK 35120 32000,71S1,71S1 (SPECIAL INVESTIGATIONS),https://paladindanse111.github.io/AFSC-PDFs/71S.html,https://paladindanse111.github.io/AFSC-PDFs/BASE_JB_MCGUIRE-DIX-LAKEHURST.html
JB PEARL HARBOR-HICKAM,"21°20'15""N","157°57'43""W",4Q FJ 07643 59855,15W1,15W1 (WEATHER AND ENVIRONMENTAL SCIENCES),https://paladindanse111.github.io/AFSC-PDFs/15W.html,https://paladindanse111.github.io/AFSC-PDFs/BASE_JB_PEARL_HARBOR-HICKAM.html
JB PEARL HARBOR-HICKAM,"21°20'15""N","157°57'43""W",4Q FJ 07643 59855,21A1,21A1 (AIRCRAFT MAINTENANCE),https://paladindanse111.github.io/AFSC-PDFs/21A.html,https://paladindanse111.github.io/AFSC-PDFs/BASE_JB_PEARL_HARBOR-HICKAM.html
JB PEARL HARBOR-HICKAM,"21°20'15""N","157°57'43""W",4Q FJ 07643 59855,21R1,21R1 (LOGISTICS READINESS),https://paladindanse111.github.io/AFSC-PDFs/21R.html,https://paladindanse111.github.io/AFSC-PDFs/BASE_JB_PEARL_HARBOR-HICKAM.html
JB PEARL HARBOR-HICKAM,"21°20'15""N","157°57'43""W",4Q FJ 07643 59855,32E1A,32E1A (CIVIL ENGINEER),https://paladindanse111.github.io/AFSC-PDFs/32E.html,https://paladindanse111.github.io/AFSC-PDFs/BASE_JB_PEARL_HARBOR-HICKAM.html
JB PEARL HARBOR-HICKAM,"21°20'15""N","157°57'43""W",4Q FJ 07643 59855,32E1C,32E1C (CIVIL ENGINEER),https://paladindanse111.github.io/AFSC-PDFs/32E.html,https://paladindanse111.github.io/AFSC-PDFs/BASE_JB_PEARL_HARBOR-HICKAM.html
JB PEARL HARBOR-HICKAM,"21°20'15""N","157°57'43""W",4Q FJ 07643 59855,32E1E,32E1E (CIVIL ENGINEER),https://paladindanse111.github.io/AFSC-PDFs/32E.html,https://paladindanse111.github.io/AFSC-PDFs/BASE_JB_PEARL_HARBOR-HICKAM.html
JB PEARL HARBOR-HICKAM,"21°20'15""N","157°57'43""W",4Q FJ 07643 59855,32E1F,32E1F (CIVIL ENGINEER),https://paladindanse111.github.io/AFSC-PDFs/32E.html,https://paladindanse111.github.io/AFSC-PDFs/BASE_JB_PEARL_HARBOR-HICKAM.html
JB PEARL HARBOR-HICKAM,"21°20'15""N","157°57'43""W",4Q FJ 07643 59855,32E1G,32E1G (CIVIL ENGINEER),https://paladindanse111.github.io/AFSC-PDFs/32E.html,https://paladindanse111.github.io/AFSC-PDFs/BASE_JB_PEARL_HARBOR-HICKAM.html
JB PEARL HARBOR-HICKAM,"21°20'15""N","157°57'43""W",4Q FJ 07643 59855,32E1J,32E1J (CIVIL ENGINEER),https://paladindanse111.github.io/AFSC-PDFs/32E.html,https://paladindanse111.github.io/AFSC-PDFs/BASE_JB_PEARL_HARBOR-HICKAM.html
JB PEARL HARBOR-HICKAM,"21°20'15""N","157°57'43""W",4Q FJ 07643 59855,38F1,38F1 (FORCE SUPPORT),https://paladindanse111.github.io/AFSC-PDFs/38F.html,https://paladindanse111.github.io/AFSC-PDFs/BASE_JB_PEARL_HARBOR-HICKAM.html
JB PEARL HARBOR-HICKAM,"21°20'15""N","157°57'43""W",4Q FJ 07643 59855,64P1,64P1 (CONTRACTING),https://paladindanse111.github.io/AFSC-PDFs/64P.html,https://paladindanse111.github.io/AFSC-PDFs/BASE_JB_PEARL_HARBOR-HICKAM.html
JB PEARL HARBOR-HICKAM,"21°20'15""N","157°57'43""W",4Q FJ 07643 59855,65F1,65F1 (FINANCIAL MANAGEMENT),https://paladindanse111.github.io/AFSC-PDFs/65F.html,https://paladindanse111.github.io/AFSC-PDFs/BASE_JB_PEARL_HARBOR-HICKAM.html
JBSA FT SAM HOUSTON,"29°26'59""N","98°27'02""W",14R NT 53282 57938,35P1,35P1 (PUBLIC AFFAIRS),https://paladindanse111.github.io/AFSC-PDFs/35P.html,https://paladindanse111.github.io/AFSC-PDFs/BASE_JBSA_FT_SAM_HOUSTON.html
JBSA FT SAM HOUSTON,"29°26'59""N","98°27'02""W",14R NT 53282 57938,61C1,61C1 (CHEMIST/NUCLEAR CHEMIST),https://paladindanse111.github.io/AFSC-PDFs/61C.html,https://paladindanse111.github.io/AFSC-PDFs/BASE_JBSA_FT_SAM_HOUSTON.html
JBSA FT SAM HOUSTON,"29°26'59""N","98°27'02""W",14R NT 53282 57938,61D1,61D1 (PHYSICIST/NUCLEAR ENGINEER),https://paladindanse111.github.io/AFSC-PDFs/61D.html,https://paladindanse111.github.io/AFSC-PDFs/BASE_JBSA_FT_SAM_HOUSTON.html
JBSA FT SAM HOUSTON,"29°26'59""N","98°27'02""W",14R NT 53282 57938,63A1,63A1 (DEVELOPMENTAL ENGINEER),https://paladindanse111.github.io/AFSC-PDFs/63A.html,https://paladindanse111.github.io/AFSC-PDFs/BASE_JBSA_FT_SAM_HOUSTON.html
JBSA FT SAM HOUSTON,"29°26'59""N","98°27'02""W",14R NT 53282 57938,65F1,65F1 (FINANCIAL MANAGEMENT),https://paladindanse111.github.io/AFSC-PDFs/65F.html,https://paladindanse111.github.io/AFSC-PDFs/BASE_JBSA_FT_SAM_HOUSTON.html
JBSA FT SAM HOUSTON,"29°26'59""N","98°27'02""W",14R NT 53282 57938,71S1,71S1 (SPECIAL INVESTIGATIONS),https://paladindanse111.github.io/AFSC-PDFs/71S.html,https://paladindanse111.github.io/AFSC-PDFs/BASE_JBSA_FT_SAM_HOUSTON.html
JBSA LACKLAND,"29°23'14""N","98°37'16""W",14R NT 36765 50947,13H1,13H1 (AEROSPACE PHYSIOLOGIST),https://paladindanse111.github.io/AFSC-PDFs/13H.html,https://paladindanse111.github.io/AFSC-PDFs/BASE_JBSA_LACKLAND.html
JBSA LACKLAND,"29°23'14""N","98°37'16""W",14R NT 36765 50947,14F1,14F1 (INFORMATION OPERATIONS),https://paladindanse111.github.io/AFSC-PDFs/14F.html,https://paladindanse111.github.io/AFSC-PDFs/BASE_JBSA_LACKLAND.html
JBSA LACKLAND,"29°23'14""N","98°37'16""W",14R NT 36765 50947,19Z1A,19Z1A (SPECIAL WARFARE),https://paladindanse111.github.io/AFSC-PDFs/19Z.html,https://paladindanse111.github.io/AFSC-PDFs/BASE_JBSA_LACKLAND.html
JBSA LACKLAND,"29°23'14""N","98°37'16""W",14R NT 36765 50947,19Z1B,19Z1B (SPECIAL WARFARE),https://paladindanse111.github.io/AFSC-PDFs/19Z.html,https://paladindanse111.github.io/AFSC-PDFs/BASE_JBSA_LACKLAND.html
JBSA LACKLAND,"29°23'14""N","98°37'16""W",14R NT 36765 50947,21R1,21R1 (LOGISTICS READINESS),https://paladindanse111.github.io/AFSC-PDFs/21R.html,https://paladindanse111.github.io/AFSC-PDFs/BASE_JBSA_LACKLAND.html
JBSA LACKLAND,"29°23'14""N","98°37'16""W",14R NT 36765 50947,31P1,31P1 (SECURITY FORCES),https://paladindanse111.github.io/AFSC-PDFs/31P.html,https://paladindanse111.github.io/AFSC-PDFs/BASE_JBSA_LACKLAND.html
JBSA LACKLAND,"29°23'14""N","98°37'16""W",14R NT 36765 50947,35P1,35P1 (PUBLIC AFFAIRS),https://paladindanse111.github.io/AFSC-PDFs/35P.html,https://paladindanse111.github.io/AFSC-PDFs/BASE_JBSA_LACKLAND.html
JBSA LACKLAND,"29°23'14""N","98°37'16""W",14R NT 36765 50947,38F1,38F1 (FORCE SUPPORT),https://paladindanse111.github.io/AFSC-PDFs/38F.html,https://paladindanse111.github.io/AFSC-PDFs/BASE_JBSA_LACKLAND.html
JBSA LACKLAND,"29°23'14""N","98°37'16""W",14R NT 36765 50947,61C1,61C1 (CHEMIST/NUCLEAR CHEMIST),https://paladindanse111.github.io/AFSC-PDFs/61C.html,https://paladindanse111.github.io/AFSC-PDFs/BASE_JBSA_LACKLAND.html
JBSA LACKLAND,"29°23'14""N","98°37'16""W",14R NT 36765 50947,62E1A,62E1A (DEVELOPMENTAL ENGINEER),https://paladindanse111.github.io/AFSC-PDFs/62E.html,https://paladindanse111.github.io/AFSC-PDFs/BASE_JBSA_LACKLAND.html
JBSA LACKLAND,"29°23'14""N","98°37'16""W",14R NT 36765 50947,62E1B,62E1B (DEVELOPMENTAL ENGINEER),https://paladindanse111.github.io/AFSC-PDFs/62E.html,https://paladindanse111.github.io/AFSC-PDFs/BASE_JBSA_LACKLAND.html
JBSA LACKLAND,"29°23'14""N","98°37'16""W",14R NT 36765 50947,62E1C,62E1C (DEVELOPMENTAL ENGINEER),https://paladindanse111.github.io/AFSC-PDFs/62E.html,https://paladindanse111.github.io/AFSC-PDFs/BASE_JBSA_LACKLAND.html
JBSA LACKLAND,"29°23'14""N","98°37'16""W",14R NT 36765 50947,62E1E,62E1E (DEVELOPMENTAL ENGINEER),https://paladindanse111.github.io/AFSC-PDFs/62E.html,https://paladindanse111.github.io/AFSC-PDFs/BASE_JBSA_LACKLAND.html
JBSA LACKLAND,"29°23'14""N","98°37'16""W",14R NT 36765 50947,62E1G,62E1G (DEVELOPMENTAL ENGINEER),https://paladindanse111.github.io/AFSC-PDFs/62E.html,https://paladindanse111.github.io/AFSC-PDFs/BASE_JBSA_LACKLAND.html
JBSA LACKLAND,"29°23'14""N","98°37'16""W",14R NT 36765 50947,62E1H,62E1H (DEVELOPMENTAL ENGINEER),https://paladindanse111.github.io/AFSC-PDFs/62E.html,https://paladindanse111.github.io/AFSC-PDFs/BASE_JBSA_LACKLAND.html
JBSA LACKLAND,"29°23'14""N","98°37'16""W",14R NT 36765 50947,62E1I,62E1I (DEVELOPMENTAL ENGINEER),https://paladindanse111.github.io/AFSC-PDFs/62E.html,https://paladindanse111.github.io/AFSC-PDFs/BASE_JBSA_LACKLAND.html
JBSA LACKLAND,"29°23'14""N","98°37'16""W",14R NT 36765 50947,63A1,63A1 (DEVELOPMENTAL ENGINEER),https://paladindanse111.github.io/AFSC-PDFs/63A.html,https://paladindanse111.github.io/AFSC-PDFs/BASE_JBSA_LACKLAND.html
JBSA LACKLAND,"29°23'14""N","98°37'16""W",14R NT 36765 50947,64P1,64P1 (CONTRACTING),https://paladindanse111.github.io/AFSC-PDFs/64P.html,https://paladindanse111.github.io/AFSC-PDFs/BASE_JBSA_LACKLAND.html
JBSA LACKLAND,"29°23'14""N","98°37'16""W",14R NT 36765 50947,65F1,65F1 (FINANCIAL MANAGEMENT),https://paladindanse111.github.io/AFSC-PDFs/65F.html,https://paladindanse111.github.io/AFSC-PDFs/BASE_JBSA_LACKLAND.html
JBSA LACKLAND,"29°23'14""N","98°37'16""W",14R NT 36765 50947,71S1,71S1 (SPECIAL INVESTIGATIONS),https://paladindanse111.github.io/AFSC-PDFs/71S.html,https://paladindanse111.github.io/AFSC-PDFs/BASE_JBSA_LACKLAND.html
JBSA RANDOLPH,"29°31'57""N","98°16'45""W",14R NT 69847 67200,13H1,13H1 (AEROSPACE PHYSIOLOGIST),https://paladindanse111.github.io/AFSC-PDFs/13H.html,https://paladindanse111.github.io/AFSC-PDFs/BASE_JBSA_RANDOLPH.html
JBSA RANDOLPH,"29°31'57""N","98°16'45""W",14R NT 69847 67200,15A1,15A1 (OPERATIONS ANALYSIS OFFICER),https://paladindanse111.github.io/AFSC-PDFs/15A.html,https://paladindanse111.github.io/AFSC-PDFs/BASE_JBSA_RANDOLPH.html
JBSA RANDOLPH,"29°31'57""N","98°16'45""W",14R NT 69847 67200,35P1,35P1 (PUBLIC AFFAIRS),https://paladindanse111.github.io/AFSC-PDFs/35P.html,https://paladindanse111.github.io/AFSC-PDFs/BASE_JBSA_RANDOLPH.html
JBSA RANDOLPH,"29°31'57""N","98°16'45""W",14R NT 69847 67200,38F1,38F1 (FORCE SUPPORT),https://paladindanse111.github.io/AFSC-PDFs/38F.html,https://paladindanse111.github.io/AFSC-PDFs/BASE_JBSA_RANDOLPH.html
JBSA RANDOLPH,"29°31'57""N","98°16'45""W",14R NT 69847 67200,62E1A,62E1A (DEVELOPMENTAL ENGINEER),https://paladindanse111.github.io/AFSC-PDFs/62E.html,https://paladindanse111.github.io/AFSC-PDFs/BASE_JBSA_RANDOLPH.html
JBSA RANDOLPH,"29°31'57""N","98°16'45""W",14R NT 69847 67200,62E1B,62E1B (DEVELOPMENTAL ENGINEER),https://paladindanse111.github.io/AFSC-PDFs/62E.html,https://paladindanse111.github.io/AFSC-PDFs/BASE_JBSA_RANDOLPH.html
JBSA RANDOLPH,"29°31'57""N","98°16'45""W",14R NT 69847 67200,62E1C,62E1C (DEVELOPMENTAL ENGINEER),https://paladindanse111.github.io/AFSC-PDFs/62E.html,https://paladindanse111.github.io/AFSC-PDFs/BASE_JBSA_RANDOLPH.html
JBSA RANDOLPH,"29°31'57""N","98°16'45""W",14R NT 69847 67200,62E1E,62E1E (DEVELOPMENTAL ENGINEER),https://paladindanse111.github.io/AFSC-PDFs/62E.html,https://paladindanse111.github.io/AFSC-PDFs/BASE_JBSA_RANDOLPH.html
JBSA RANDOLPH,"29°31'57""N","98°16'45""W",14R NT 69847 67200,62E1G,62E1G (DEVELOPMENTAL ENGINEER),https://paladindanse111.github.io/AFSC-PDFs/62E.html,https://paladindanse111.github.io/AFSC-PDFs/BASE_JBSA_RANDOLPH.html
JBSA RANDOLPH,"29°31'57""N","98°16'45""W",14R NT 69847 67200,62E1H,62E1H (DEVELOPMENTAL ENGINEER),https://paladindanse111.github.io/AFSC-PDFs/62E.html,https://paladindanse111.github.io/AFSC-PDFs/BASE_JBSA_RANDOLPH.html
JBSA RANDOLPH,"29°31'57""N","98°16'45""W",14R NT 69847 67200,62E1I,62E1I (DEVELOPMENTAL ENGINEER),https://paladindanse111.github.io/AFSC-PDFs/62E.html,https://paladindanse111.github.io/AFSC-PDFs/BASE_JBSA_RANDOLPH.html
JBSA RANDOLPH,"29°31'57""N","98°16'45""W",14R NT 69847 67200,63A1,63A1 (DEVELOPMENTAL ENGINEER),https://paladindanse111.github.io/AFSC-PDFs/63A.html,https://paladindanse111.github.io/AFSC-PDFs/BASE_JBSA_RANDOLPH.html
JBSA RANDOLPH,"29°31'57""N","98°16'45""W",14R NT 69847 67200,92T3,92T3 (REMOTELY PILOTED AIRCRAFT PILOT TRAINEE),,https://paladindanse111.github.io/AFSC-PDFs/BASE_JBSA_RANDOLPH.html
KADENA AB,"26°21'30""N","127°46'20""E",52R CQ 77496 15950,21A1,21A1 (AIRCRAFT MAINTENANCE),https://paladindanse111.github.io/AFSC-PDFs/21A.html,https://paladindanse111.github.io/AFSC-PDFs/BASE_KADENA_AB.html
KADENA AB,"26°21'30""N","127°46'20""E",52R CQ 77496 15950,21M1,21M1 (MUNITIONS AND MISSILE MAINTENANCE),https://paladindanse111.github.io/AFSC-PDFs/21M.html,https://paladindanse111.github.io/AFSC-PDFs/BASE_KADENA_AB.html
KADENA AB,"26°21'30""N","127°46'20""E",52R CQ 77496 15950,21R1,21R1 (LOGISTICS READINESS),https://paladindanse111.github.io/AFSC-PDFs/21R.html,https://paladindanse111.github.io/AFSC-PDFs/BASE_KADENA_AB.html
KADENA AB,"26°21'30""N","127°46'20""E",52R CQ 77496 15950,32E1A,32E1A (CIVIL ENGINEER),https://paladindanse111.github.io/AFSC-PDFs/32E.html,https://paladindanse111.github.io/AFSC-PDFs/BASE_KADENA_AB.html
KADENA AB,"26°21'30""N","127°46'20""E",52R CQ 77496 15950,32E1C,32E1C (CIVIL ENGINEER),https://paladindanse111.github.io/AFSC-PDFs/32E.html,https://paladindanse111.github.io/AFSC-PDFs/BASE_KADENA_AB.html
KADENA AB,"26°21'30""N","127°46'20""E",52R CQ 77496 15950,32E1E,32E1E (CIVIL ENGINEER),https://paladindanse111.github.io/AFSC-PDFs/32E.html,https://paladindanse111.github.io/AFSC-PDFs/BASE_KADENA_AB.html
KADENA AB,"26°21'30""N","127°46'20""E",52R CQ 77496 15950,32E1F,32E1F (CIVIL ENGINEER),https://paladindanse111.github.io/AFSC-PDFs/32E.html,https://paladindanse111.github.io/AFSC-PDFs/BASE_KADENA_AB.html
KADENA AB,"26°21'30""N","127°46'20""E",52R CQ 77496 15950,32E1G,32E1G (CIVIL ENGINEER),https://paladindanse111.github.io/AFSC-PDFs/32E.html,https://paladindanse111.github.io/AFSC-PDFs/BASE_KADENA_AB.html
KADENA AB,"26°21'30""N","127°46'20""E",52R CQ 77496 15950,32E1J,32E1J (CIVIL ENGINEER),https://paladindanse111.github.io/AFSC-PDFs/32E.html,https://paladindanse111.github.io/AFSC-PDFs/BASE_KADENA_AB.html
KADENA AB,"26°21'30""N","127°46'20""E",52R CQ 77496 15950,35P1,35P1 (PUBLIC AFFAIRS),https://paladindanse111.github.io/AFSC-PDFs/35P.html,https://paladindanse111.github.io/AFSC-PDFs/BASE_KADENA_AB.html
KADENA AB,"26°21'30""N","127°46'20""E",52R CQ 77496 15950,38F1,38F1 (FORCE SUPPORT),https://paladindanse111.github.io/AFSC-PDFs/38F.html,https://paladindanse111.github.io/AFSC-PDFs/BASE_KADENA_AB.html
KADENA AB,"26°21'30""N","127°46'20""E",52R CQ 77496 15950,61C1,61C1 (CHEMIST/NUCLEAR CHEMIST),https://paladindanse111.github.io/AFSC-PDFs/61C.html,https://paladindanse111.github.io/AFSC-PDFs/BASE_KADENA_AB.html
KADENA AB,"26°21'30""N","127°46'20""E",52R CQ 77496 15950,64P1,64P1 (CONTRACTING),https://paladindanse111.github.io/AFSC-PDFs/64P.html,https://paladindanse111.github.io/AFSC-PDFs/BASE_KADENA_AB.html
KADENA AB,"26°21'30""N","127°46'20""E",52R CQ 77496 15950,65F1,65F1 (FINANCIAL MANAGEMENT),https://paladindanse111.github.io/AFSC-PDFs/65F.html,https://paladindanse111.github.io/AFSC-PDFs/BASE_KADENA_AB.html
KAPAUN AIR STATION,"49°25'44""N","7°41'53""E",32U MV 05594 75949,15W1,15W1 (WEATHER AND ENVIRONMENTAL SCIENCES),https://paladindanse111.github.io/AFSC-PDFs/15W.html,https://paladindanse111.github.io/AFSC-PDFs/BASE_KAPAUN_AIR_STATION.html
KEESLER AFB,"30°24'34""N","88°55'34""W",16R CU 14981 65731,17D1,17D1 (WARFIGHTER COMMUNICATIONS OPERATIONS),https://paladindanse111.github.io/AFSC-PDFs/17D.html,https://paladindanse111.github.io/AFSC-PDFs/BASE_KEESLER_AFB.html
KEESLER AFB,"30°24'34""N","88°55'34""W",16R CU 14981 65731,21R1,21R1 (LOGISTICS READINESS),https://paladindanse111.github.io/AFSC-PDFs/21R.html,https://paladindanse111.github.io/AFSC-PDFs/BASE_KEESLER_AFB.html
KEESLER AFB,"30°24'34""N","88°55'34""W",16R CU 14981 65731,35P1,35P1 (PUBLIC AFFAIRS),https://paladindanse111.github.io/AFSC-PDFs/35P.html,https://paladindanse111.github.io/AFSC-PDFs/BASE_KEESLER_AFB.html
KEESLER AFB,"30°24'34""N","88°55'34""W",16R CU 14981 65731,38F1,38F1 (FORCE SUPPORT),https://paladindanse111.github.io/AFSC-PDFs/38F.html,https://paladindanse111.github.io/AFSC-PDFs/BASE_KEESLER_AFB.html
KEESLER AFB,"30°24'34""N","88°55'34""W",16R CU 14981 65731,64P1,64P1 (CONTRACTING),https://paladindanse111.github.io/AFSC-PDFs/64P.html,https://paladindanse111.github.io/AFSC-PDFs/BASE_KEESLER_AFB.html
KEESLER AFB,"30°24'34""N","88°55'34""W",16R CU 14981 65731,65F1,65F1 (FINANCIAL MANAGEMENT),https://paladindanse111.github.io/AFSC-PDFs/65F.html,https://paladindanse111.github.io/AFSC-PDFs/BASE_KEESLER_AFB.html
KEESLER AFB,"30°24'34""N","88°55'34""W",16R CU 14981 65731,71S1,71S1 (SPECIAL INVESTIGATIONS),https://paladindanse111.github.io/AFSC-PDFs/71S.html,https://paladindanse111.github.io/AFSC-PDFs/BASE_KEESLER_AFB.html
KIRTLAND AFB,"35°00'39""N","106°30'44""W",13S CU 62019 75289,15A1,15A1 (OPERATIONS ANALYSIS OFFICER),https://paladindanse111.github.io/AFSC-PDFs/15A.html,https://paladindanse111.github.io/AFSC-PDFs/BASE_KIRTLAND_AFB.html
KIRTLAND AFB,"35°00'39""N","106°30'44""W",13S CU 62019 75289,19Z1C,19Z1C (SPECIAL WARFARE),https://paladindanse111.github.io/AFSC-PDFs/19Z.html,https://paladindanse111.github.io/AFSC-PDFs/BASE_KIRTLAND_AFB.html
KIRTLAND AFB,"35°00'39""N","106°30'44""W",13S CU 62019 75289,21A1,21A1 (AIRCRAFT MAINTENANCE),https://paladindanse111.github.io/AFSC-PDFs/21A.html,https://paladindanse111.github.io/AFSC-PDFs/BASE_KIRTLAND_AFB.html
KIRTLAND AFB,"35°00'39""N","106°30'44""W",13S CU 62019 75289,21M1,21M1 (MUNITIONS AND MISSILE MAINTENANCE),https://paladindanse111.github.io/AFSC-PDFs/21M.html,https://paladindanse111.github.io/AFSC-PDFs/BASE_KIRTLAND_AFB.html
KIRTLAND AFB,"35°00'39""N","106°30'44""W",13S CU 62019 75289,21R1,21R1 (LOGISTICS READINESS),https://paladindanse111.github.io/AFSC-PDFs/21R.html,https://paladindanse111.github.io/AFSC-PDFs/BASE_KIRTLAND_AFB.html
KIRTLAND AFB,"35°00'39""N","106°30'44""W",13S CU 62019 75289,31P1,31P1 (SECURITY FORCES),https://paladindanse111.github.io/AFSC-PDFs/31P.html,https://paladindanse111.github.io/AFSC-PDFs/BASE_KIRTLAND_AFB.html
KIRTLAND AFB,"35°00'39""N","106°30'44""W",13S CU 62019 75289,35P1,35P1 (PUBLIC AFFAIRS),https://paladindanse111.github.io/AFSC-PDFs/35P.html,https://paladindanse111.github.io/AFSC-PDFs/BASE_KIRTLAND_AFB.html
KIRTLAND AFB,"35°00'39""N","106°30'44""W",13S CU 62019 75289,38F1,38F1 (FORCE SUPPORT),https://paladindanse111.github.io/AFSC-PDFs/38F.html,https://paladindanse111.github.io/AFSC-PDFs/BASE_KIRTLAND_AFB.html
KIRTLAND AFB,"35°00'39""N","106°30'44""W",13S CU 62019 75289,61C1,61C1 (CHEMIST/NUCLEAR CHEMIST),https://paladindanse111.github.io/AFSC-PDFs/61C.html,https://paladindanse111.github.io/AFSC-PDFs/BASE_KIRTLAND_AFB.html
KIRTLAND AFB,"35°00'39""N","106°30'44""W",13S CU 62019 75289,61D1,61D1 (PHYSICIST/NUCLEAR ENGINEER),https://paladindanse111.github.io/AFSC-PDFs/61D.html,https://paladindanse111.github.io/AFSC-PDFs/BASE_KIRTLAND_AFB.html
KIRTLAND AFB,"35°00'39""N","106°30'44""W",13S CU 62019 75289,62E1A,62E1A (DEVELOPMENTAL ENGINEER),https://paladindanse111.github.io/AFSC-PDFs/62E.html,https://paladindanse111.github.io/AFSC-PDFs/BASE_KIRTLAND_AFB.html
KIRTLAND AFB,"35°00'39""N","106°30'44""W",13S CU 62019 75289,62E1B,62E1B (DEVELOPMENTAL ENGINEER),https://paladindanse111.github.io/AFSC-PDFs/62E.html,https://paladindanse111.github.io/AFSC-PDFs/BASE_KIRTLAND_AFB.html
KIRTLAND AFB,"35°00'39""N","106°30'44""W",13S CU 62019 75289,62E1C,62E1C (DEVELOPMENTAL ENGINEER),https://paladindanse111.github.io/AFSC-PDFs/62E.html,https://paladindanse111.github.io/AFSC-PDFs/BASE_KIRTLAND_AFB.html
KIRTLAND AFB,"35°00'39""N","106°30'44""W",13S CU 62019 75289,62E1E,62E1E (DEVELOPMENTAL ENGINEER),https://paladindanse111.github.io/AFSC-PDFs/62E.html,https://paladindanse111.github.io/AFSC-PDFs/BASE_KIRTLAND_AFB.html
KIRTLAND AFB,"35°00'39""N","106°30'44""W",13S CU 62019 75289,62E1G,62E1G (DEVELOPMENTAL ENGINEER),https://paladindanse111.github.io/AFSC-PDFs/62E.html,https://paladindanse111.github.io/AFSC-PDFs/BASE_KIRTLAND_AFB.html
KIRTLAND AFB,"35°00'39""N","106°30'44""W",13S CU 62019 75289,62E1H,62E1H (DEVELOPMENTAL ENGINEER),https://paladindanse111.github.io/AFSC-PDFs/62E.html,https://paladindanse111.github.io/AFSC-PDFs/BASE_KIRTLAND_AFB.html
KIRTLAND AFB,"35°00'39""N","106°30'44""W",13S CU 62019 75289,62E1I,62E1I (DEVELOPMENTAL ENGINEER),https://paladindanse111.github.io/AFSC-PDFs/62E.html,https://paladindanse111.github.io/AFSC-PDFs/BASE_KIRTLAND_AFB.html
KIRTLAND AFB,"35°00'39""N","106°30'44""W",13S CU 62019 75289,63A1,63A1 (DEVELOPMENTAL ENGINEER),https://paladindanse111.github.io/AFSC-PDFs/63A.html,https://paladindanse111.github.io/AFSC-PDFs/BASE_KIRTLAND_AFB.html
KIRTLAND AFB,"35°00'39""N","106°30'44""W",13S CU 62019 75289,64P1,64P1 (CONTRACTING),https://paladindanse111.github.io/AFSC-PDFs/64P.html,https://paladindanse111.github.io/AFSC-PDFs/BASE_KIRTLAND_AFB.html
KIRTLAND AFB,"35°00'39""N","106°30'44""W",13S CU 62019 75289,65F1,65F1 (FINANCIAL MANAGEMENT),https://paladindanse111.github.io/AFSC-PDFs/65F.html,https://paladindanse111.github.io/AFSC-PDFs/BASE_KIRTLAND_AFB.html
KIRTLAND AFB,"35°00'39""N","106°30'44""W",13S CU 62019 75289,71S1,71S1 (SPECIAL INVESTIGATIONS),https://paladindanse111.github.io/AFSC-PDFs/71S.html,https://paladindanse111.github.io/AFSC-PDFs/BASE_KIRTLAND_AFB.html
KUNSAN AB,"35°55'09""N","126°37'54""E",52S BE 86310 77574,21A1,21A1 (AIRCRAFT MAINTENANCE),https://paladindanse111.github.io/AFSC-PDFs/21A.html,https://paladindanse111.github.io/AFSC-PDFs/BASE_KUNSAN_AB.html
LAKENHEATH RAF,"52°23'23""N","0°32'14""E",31U CU 32414 07239,21A1,21A1 (AIRCRAFT MAINTENANCE),https://paladindanse111.github.io/AFSC-PDFs/21A.html,https://paladindanse111.github.io/AFSC-PDFs/BASE_LAKENHEATH_RAF.html
LAKENHEATH RAF,"52°23'23""N","0°32'14""E",31U CU 32414 07239,21M1,21M1 (MUNITIONS AND MISSILE MAINTENANCE),https://paladindanse111.github.io/AFSC-PDFs/21M.html,https://paladindanse111.github.io/AFSC-PDFs/BASE_LAKENHEATH_RAF.html
LAKENHEATH RAF,"52°23'23""N","0°32'14""E",31U CU 32414 07239,21R1,21R1 (LOGISTICS READINESS),https://paladindanse111.github.io/AFSC-PDFs/21R.html,https://paladindanse111.github.io/AFSC-PDFs/BASE_LAKENHEATH_RAF.html
LAKENHEATH RAF,"52°23'23""N","0°32'14""E",31U CU 32414 07239,31P1,31P1 (SECURITY FORCES),https://paladindanse111.github.io/AFSC-PDFs/31P.html,https://paladindanse111.github.io/AFSC-PDFs/BASE_LAKENHEATH_RAF.html
LAKENHEATH RAF,"52°23'23""N","0°32'14""E",31U CU 32414 07239,32E1A,32E1A (CIVIL ENGINEER),https://paladindanse111.github.io/AFSC-PDFs/32E.html,https://paladindanse111.github.io/AFSC-PDFs/BASE_LAKENHEATH_RAF.html
LAKENHEATH RAF,"52°23'23""N","0°32'14""E",31U CU 32414 07239,32E1C,32E1C (CIVIL ENGINEER),https://paladindanse111.github.io/AFSC-PDFs/32E.html,https://paladindanse111.github.io/AFSC-PDFs/BASE_LAKENHEATH_RAF.html
LAKENHEATH RAF,"52°23'23""N","0°32'14""E",31U CU 32414 07239,32E1E,32E1E (CIVIL ENGINEER),https://paladindanse111.github.io/AFSC-PDFs/32E.html,https://paladindanse111.github.io/AFSC-PDFs/BASE_LAKENHEATH_RAF.html
LAKENHEATH RAF,"52°23'23""N","0°32'14""E",31U CU 32414 07239,32E1F,32E1F (CIVIL ENGINEER),https://paladindanse111.github.io/AFSC-PDFs/32E.html,https://paladindanse111.github.io/AFSC-PDFs/BASE_LAKENHEATH_RAF.html
LAKENHEATH RAF,"52°23'23""N","0°32'14""E",31U CU 32414 07239,32E1G,32E1G (CIVIL ENGINEER),https://paladindanse111.github.io/AFSC-PDFs/32E.html,https://paladindanse111.github.io/AFSC-PDFs/BASE_LAKENHEATH_RAF.html
LAKENHEATH RAF,"52°23'23""N","0°32'14""E",31U CU 32414 07239,32E1J,32E1J (CIVIL ENGINEER),https://paladindanse111.github.io/AFSC-PDFs/32E.html,https://paladindanse111.github.io/AFSC-PDFs/BASE_LAKENHEATH_RAF.html
LAKENHEATH RAF,"52°23'23""N","0°32'14""E",31U CU 32414 07239,35P1,35P1 (PUBLIC AFFAIRS),https://paladindanse111.github.io/AFSC-PDFs/35P.html,https://paladindanse111.github.io/AFSC-PDFs/BASE_LAKENHEATH_RAF.html
LAKENHEATH RAF,"52°23'23""N","0°32'14""E",31U CU 32414 07239,38F1,38F1 (FORCE SUPPORT),https://paladindanse111.github.io/AFSC-PDFs/38F.html,https://paladindanse111.github.io/AFSC-PDFs/BASE_LAKENHEATH_RAF.html
LAKENHEATH RAF,"52°23'23""N","0°32'14""E",31U CU 32414 07239,64P1,64P1 (CONTRACTING),https://paladindanse111.github.io/AFSC-PDFs/64P.html,https://paladindanse111.github.io/AFSC-PDFs/BASE_LAKENHEATH_RAF.html
LAKENHEATH RAF,"52°23'23""N","0°32'14""E",31U CU 32414 07239,65F1,65F1 (FINANCIAL MANAGEMENT),https://paladindanse111.github.io/AFSC-PDFs/65F.html,https://paladindanse111.github.io/AFSC-PDFs/BASE_LAKENHEATH_RAF.html
LAUGHLIN AFB,"29°21'21""N","100°46'58""W",14R LT 26940 48730,13H1,13H1 (AEROSPACE PHYSIOLOGIST),https://paladindanse111.github.io/AFSC-PDFs/13H.html,https://paladindanse111.github.io/AFSC-PDFs/BASE_LAUGHLIN_AFB.html
LAUGHLIN AFB,"29°21'21""N","100°46'58""W",14R LT 26940 48730,15W1,15W1 (WEATHER AND ENVIRONMENTAL SCIENCES),https://paladindanse111.github.io/AFSC-PDFs/15W.html,https://paladindanse111.github.io/AFSC-PDFs/BASE_LAUGHLIN_AFB.html
LAUGHLIN AFB,"29°21'21""N","100°46'58""W",14R LT 26940 48730,32E1A,32E1A (CIVIL ENGINEER),https://paladindanse111.github.io/AFSC-PDFs/32E.html,https://paladindanse111.github.io/AFSC-PDFs/BASE_LAUGHLIN_AFB.html
LAUGHLIN AFB,"29°21'21""N","100°46'58""W",14R LT 26940 48730,32E1C,32E1C (CIVIL ENGINEER),https://paladindanse111.github.io/AFSC-PDFs/32E.html,https://paladindanse111.github.io/AFSC-PDFs/BASE_LAUGHLIN_AFB.html
LAUGHLIN AFB,"29°21'21""N","100°46'58""W",14R LT 26940 48730,32E1E,32E1E (CIVIL ENGINEER),https://paladindanse111.github.io/AFSC-PDFs/32E.html,https://paladindanse111.github.io/AFSC-PDFs/BASE_LAUGHLIN_AFB.html
LAUGHLIN AFB,"29°21'21""N","100°46'58""W",14R LT 26940 48730,32E1F,32E1F (CIVIL ENGINEER),https://paladindanse111.github.io/AFSC-PDFs/32E.html,https://paladindanse111.github.io/AFSC-PDFs/BASE_LAUGHLIN_AFB.html
LAUGHLIN AFB,"29°21'21""N","100°46'58""W",14R LT 26940 48730,32E1G,32E1G (CIVIL ENGINEER),https://paladindanse111.github.io/AFSC-PDFs/32E.html,https://paladindanse111.github.io/AFSC-PDFs/BASE_LAUGHLIN_AFB.html
LAUGHLIN AFB,"29°21'21""N","100°46'58""W",14R LT 26940 48730,32E1J,32E1J (CIVIL ENGINEER),https://paladindanse111.github.io/AFSC-PDFs/32E.html,https://paladindanse111.github.io/AFSC-PDFs/BASE_LAUGHLIN_AFB.html
LAUGHLIN AFB,"29°21'21""N","100°46'58""W",14R LT 26940 48730,35P1,35P1 (PUBLIC AFFAIRS),https://paladindanse111.github.io/AFSC-PDFs/35P.html,https://paladindanse111.github.io/AFSC-PDFs/BASE_LAUGHLIN_AFB.html
LAUGHLIN AFB,"29°21'21""N","100°46'58""W",14R LT 26940 48730,38F1,38F1 (FORCE SUPPORT),https://paladindanse111.github.io/AFSC-PDFs/38F.html,https://paladindanse111.github.io/AFSC-PDFs/BASE_LAUGHLIN_AFB.html
LAUGHLIN AFB,"29°21'21""N","100°46'58""W",14R LT 26940 48730,64P1,64P1 (CONTRACTING),https://paladindanse111.github.io/AFSC-PDFs/64P.html,https://paladindanse111.github.io/AFSC-PDFs/BASE_LAUGHLIN_AFB.html
LAUGHLIN AFB,"29°21'21""N","100°46'58""W",14R LT 26940 48730,65F1,65F1 (FINANCIAL MANAGEMENT),https://paladindanse111.github.io/AFSC-PDFs/65F.html,https://paladindanse111.github.io/AFSC-PDFs/BASE_LAUGHLIN_AFB.html
LAUGHLIN AFB,"29°21'21""N","100°46'58""W",14R LT 26940 48730,92T0,92T0 (PILOT TRAINEE),,https://paladindanse111.github.io/AFSC-PDFs/BASE_LAUGHLIN_AFB.html
LITTLE ROCK AFB,"34°53'47""N","92°08'38""W",15S WU 78220 61887,21A1,21A1 (AIRCRAFT MAINTENANCE),https://paladindanse111.github.io/AFSC-PDFs/21A.html,https://paladindanse111.github.io/AFSC-PDFs/BASE_LITTLE_ROCK_AFB.html
LITTLE ROCK AFB,"34°53'47""N","92°08'38""W",15S WU 78220 61887,21R1,21R1 (LOGISTICS READINESS),https://paladindanse111.github.io/AFSC-PDFs/21R.html,https://paladindanse111.github.io/AFSC-PDFs/BASE_LITTLE_ROCK_AFB.html
LITTLE ROCK AFB,"34°53'47""N","92°08'38""W",15S WU 78220 61887,32E1A,32E1A (CIVIL ENGINEER),https://paladindanse111.github.io/AFSC-PDFs/32E.html,https://paladindanse111.github.io/AFSC-PDFs/BASE_LITTLE_ROCK_AFB.html
LITTLE ROCK AFB,"34°53'47""N","92°08'38""W",15S WU 78220 61887,32E1C,32E1C (CIVIL ENGINEER),https://paladindanse111.github.io/AFSC-PDFs/32E.html,https://paladindanse111.github.io/AFSC-PDFs/BASE_LITTLE_ROCK_AFB.html
LITTLE ROCK AFB,"34°53'47""N","92°08'38""W",15S WU 78220 61887,32E1E,32E1E (CIVIL ENGINEER),https://paladindanse111.github.io/AFSC-PDFs/32E.html,https://paladindanse111.github.io/AFSC-PDFs/BASE_LITTLE_ROCK_AFB.html
LITTLE ROCK AFB,"34°53'47""N","92°08'38""W",15S WU 78220 61887,32E1F,32E1F (CIVIL ENGINEER),https://paladindanse111.github.io/AFSC-PDFs/32E.html,https://paladindanse111.github.io/AFSC-PDFs/BASE_LITTLE_ROCK_AFB.html
LITTLE ROCK AFB,"34°53'47""N","92°08'38""W",15S WU 78220 61887,32E1G,32E1G (CIVIL ENGINEER),https://paladindanse111.github.io/AFSC-PDFs/32E.html,https://paladindanse111.github.io/AFSC-PDFs/BASE_LITTLE_ROCK_AFB.html
LITTLE ROCK AFB,"34°53'47""N","92°08'38""W",15S WU 78220 61887,32E1J,32E1J (CIVIL ENGINEER),https://paladindanse111.github.io/AFSC-PDFs/32E.html,https://paladindanse111.github.io/AFSC-PDFs/BASE_LITTLE_ROCK_AFB.html
LITTLE ROCK AFB,"34°53'47""N","92°08'38""W",15S WU 78220 61887,35P1,35P1 (PUBLIC AFFAIRS),https://paladindanse111.github.io/AFSC-PDFs/35P.html,https://paladindanse111.github.io/AFSC-PDFs/BASE_LITTLE_ROCK_AFB.html
LITTLE ROCK AFB,"34°53'47""N","92°08'38""W",15S WU 78220 61887,38F1,38F1 (FORCE SUPPORT),https://paladindanse111.github.io/AFSC-PDFs/38F.html,https://paladindanse111.github.io/AFSC-PDFs/BASE_LITTLE_ROCK_AFB.html
LITTLE ROCK AFB,"34°53'47""N","92°08'38""W",15S WU 78220 61887,64P1,64P1 (CONTRACTING),https://paladindanse111.github.io/AFSC-PDFs/64P.html,https://paladindanse111.github.io/AFSC-PDFs/BASE_LITTLE_ROCK_AFB.html
LITTLE ROCK AFB,"34°53'47""N","92°08'38""W",15S WU 78220 61887,65F1,65F1 (FINANCIAL MANAGEMENT),https://paladindanse111.github.io/AFSC-PDFs/65F.html,https://paladindanse111.github.io/AFSC-PDFs/BASE_LITTLE_ROCK_AFB.html
LOS ANGELES,"33°54'59""N","118°22'58""W",11S LT 72173 53746,15A1,15A1 (OPERATIONS ANALYSIS OFFICER),https://paladindanse111.github.io/AFSC-PDFs/15A.html,https://paladindanse111.github.io/AFSC-PDFs/BASE_LOS_ANGELES.html
LOS ANGELES,"33°54'59""N","118°22'58""W",11S LT 72173 53746,61D1,61D1 (PHYSICIST/NUCLEAR ENGINEER),https://paladindanse111.github.io/AFSC-PDFs/61D.html,https://paladindanse111.github.io/AFSC-PDFs/BASE_LOS_ANGELES.html
LOS ANGELES,"33°54'59""N","118°22'58""W",11S LT 72173 53746,64P1,64P1 (CONTRACTING),https://paladindanse111.github.io/AFSC-PDFs/64P.html,https://paladindanse111.github.io/AFSC-PDFs/BASE_LOS_ANGELES.html
LOS ANGELES,"33°54'59""N","118°22'58""W",11S LT 72173 53746,65F1,65F1 (FINANCIAL MANAGEMENT),https://paladindanse111.github.io/AFSC-PDFs/65F.html,https://paladindanse111.github.io/AFSC-PDFs/BASE_LOS_ANGELES.html
LOS ANGELES,"33°54'59""N","118°22'58""W",11S LT 72173 53746,71S1,71S1 (SPECIAL INVESTIGATIONS),https://paladindanse111.github.io/AFSC-PDFs/71S.html,https://paladindanse111.github.io/AFSC-PDFs/BASE_LOS_ANGELES.html
LUKE AFB,"33°32'22""N","112°22'32""W",12S UC 72284 11939,21A1,21A1 (AIRCRAFT MAINTENANCE),https://paladindanse111.github.io/AFSC-PDFs/21A.html,https://paladindanse111.github.io/AFSC-PDFs/BASE_LUKE_AFB.html
LUKE AFB,"33°32'22""N","112°22'32""W",12S UC 72284 11939,21M1,21M1 (MUNITIONS AND MISSILE MAINTENANCE),https://paladindanse111.github.io/AFSC-PDFs/21M.html,https://paladindanse111.github.io/AFSC-PDFs/BASE_LUKE_AFB.html
LUKE AFB,"33°32'22""N","112°22'32""W",12S UC 72284 11939,21R1,21R1 (LOGISTICS READINESS),https://paladindanse111.github.io/AFSC-PDFs/21R.html,https://paladindanse111.github.io/AFSC-PDFs/BASE_LUKE_AFB.html
LUKE AFB,"33°32'22""N","112°22'32""W",12S UC 72284 11939,32E1A,32E1A (CIVIL ENGINEER),https://paladindanse111.github.io/AFSC-PDFs/32E.html,https://paladindanse111.github.io/AFSC-PDFs/BASE_LUKE_AFB.html
LUKE AFB,"33°32'22""N","112°22'32""W",12S UC 72284 11939,32E1C,32E1C (CIVIL ENGINEER),https://paladindanse111.github.io/AFSC-PDFs/32E.html,https://paladindanse111.github.io/AFSC-PDFs/BASE_LUKE_AFB.html
LUKE AFB,"33°32'22""N","112°22'32""W",12S UC 72284 11939,32E1E,32E1E (CIVIL ENGINEER),https://paladindanse111.github.io/AFSC-PDFs/32E.html,https://paladindanse111.github.io/AFSC-PDFs/BASE_LUKE_AFB.html
LUKE AFB,"33°32'22""N","112°22'32""W",12S UC 72284 11939,32E1F,32E1F (CIVIL ENGINEER),https://paladindanse111.github.io/AFSC-PDFs/32E.html,https://paladindanse111.github.io/AFSC-PDFs/BASE_LUKE_AFB.html
LUKE AFB,"33°32'22""N","112°22'32""W",12S UC 72284 11939,32E1G,32E1G (CIVIL ENGINEER),https://paladindanse111.github.io/AFSC-PDFs/32E.html,https://paladindanse111.github.io/AFSC-PDFs/BASE_LUKE_AFB.html
LUKE AFB,"33°32'22""N","112°22'32""W",12S UC 72284 11939,32E1J,32E1J (CIVIL ENGINEER),https://paladindanse111.github.io/AFSC-PDFs/32E.html,https://paladindanse111.github.io/AFSC-PDFs/BASE_LUKE_AFB.html
LUKE AFB,"33°32'22""N","112°22'32""W",12S UC 72284 11939,35P1,35P1 (PUBLIC AFFAIRS),https://paladindanse111.github.io/AFSC-PDFs/35P.html,https://paladindanse111.github.io/AFSC-PDFs/BASE_LUKE_AFB.html
LUKE AFB,"33°32'22""N","112°22'32""W",12S UC 72284 11939,38F1,38F1 (FORCE SUPPORT),https://paladindanse111.github.io/AFSC-PDFs/38F.html,https://paladindanse111.github.io/AFSC-PDFs/BASE_LUKE_AFB.html
LUKE AFB,"33°32'22""N","112°22'32""W",12S UC 72284 11939,64P1,64P1 (CONTRACTING),https://paladindanse111.github.io/AFSC-PDFs/64P.html,https://paladindanse111.github.io/AFSC-PDFs/BASE_LUKE_AFB.html
LUKE AFB,"33°32'22""N","112°22'32""W",12S UC 72284 11939,65F1,65F1 (FINANCIAL MANAGEMENT),https://paladindanse111.github.io/AFSC-PDFs/65F.html,https://paladindanse111.github.io/AFSC-PDFs/BASE_LUKE_AFB.html
LUKE AFB,"33°32'22""N","112°22'32""W",12S UC 72284 11939,71S1,71S1 (SPECIAL INVESTIGATIONS),https://paladindanse111.github.io/AFSC-PDFs/71S.html,https://paladindanse111.github.io/AFSC-PDFs/BASE_LUKE_AFB.html
MACDILL AFB,"27°51'28""N","82°29'19""W",17R LL 53434 82337,21A1,21A1 (AIRCRAFT MAINTENANCE),https://paladindanse111.github.io/AFSC-PDFs/21A.html,https://paladindanse111.github.io/AFSC-PDFs/BASE_MACDILL_AFB.html
MACDILL AFB,"27°51'28""N","82°29'19""W",17R LL 53434 82337,21R1,21R1 (LOGISTICS READINESS),https://paladindanse111.github.io/AFSC-PDFs/21R.html,https://paladindanse111.github.io/AFSC-PDFs/BASE_MACDILL_AFB.html
MACDILL AFB,"27°51'28""N","82°29'19""W",17R LL 53434 82337,35P1,35P1 (PUBLIC AFFAIRS),https://paladindanse111.github.io/AFSC-PDFs/35P.html,https://paladindanse111.github.io/AFSC-PDFs/BASE_MACDILL_AFB.html
MACDILL AFB,"27°51'28""N","82°29'19""W",17R LL 53434 82337,38F1,38F1 (FORCE SUPPORT),https://paladindanse111.github.io/AFSC-PDFs/38F.html,https://paladindanse111.github.io/AFSC-PDFs/BASE_MACDILL_AFB.html
MACDILL AFB,"27°51'28""N","82°29'19""W",17R LL 53434 82337,64P1,64P1 (CONTRACTING),https://paladindanse111.github.io/AFSC-PDFs/64P.html,https://paladindanse111.github.io/AFSC-PDFs/BASE_MACDILL_AFB.html
MACDILL AFB,"27°51'28""N","82°29'19""W",17R LL 53434 82337,65F1,65F1 (FINANCIAL MANAGEMENT),https://paladindanse111.github.io/AFSC-PDFs/65F.html,https://paladindanse111.github.io/AFSC-PDFs/BASE_MACDILL_AFB.html
MACDILL AFB,"27°51'28""N","82°29'19""W",17R LL 53434 82337,71S1,71S1 (SPECIAL INVESTIGATIONS),https://paladindanse111.github.io/AFSC-PDFs/71S.html,https://paladindanse111.github.io/AFSC-PDFs/BASE_MACDILL_AFB.html
MALMSTROM AFB,"47°30'17""N","111°10'56""W",12T VT 86277 61270,13N1,13N1 (NUCLEAR AND MISSILE OPERATIONS),https://paladindanse111.github.io/AFSC-PDFs/13N.html,https://paladindanse111.github.io/AFSC-PDFs/BASE_MALMSTROM_AFB.html
MALMSTROM AFB,"47°30'17""N","111°10'56""W",12T VT 86277 61270,21M1,21M1 (MUNITIONS AND MISSILE MAINTENANCE),https://paladindanse111.github.io/AFSC-PDFs/21M.html,https://paladindanse111.github.io/AFSC-PDFs/BASE_MALMSTROM_AFB.html
MALMSTROM AFB,"47°30'17""N","111°10'56""W",12T VT 86277 61270,21R1,21R1 (LOGISTICS READINESS),https://paladindanse111.github.io/AFSC-PDFs/21R.html,https://paladindanse111.github.io/AFSC-PDFs/BASE_MALMSTROM_AFB.html
MALMSTROM AFB,"47°30'17""N","111°10'56""W",12T VT 86277 61270,31P1,31P1 (SECURITY FORCES),https://paladindanse111.github.io/AFSC-PDFs/31P.html,https://paladindanse111.github.io/AFSC-PDFs/BASE_MALMSTROM_AFB.html
MALMSTROM AFB,"47°30'17""N","111°10'56""W",12T VT 86277 61270,32E1A,32E1A (CIVIL ENGINEER),https://paladindanse111.github.io/AFSC-PDFs/32E.html,https://paladindanse111.github.io/AFSC-PDFs/BASE_MALMSTROM_AFB.html
MALMSTROM AFB,"47°30'17""N","111°10'56""W",12T VT 86277 61270,32E1C,32E1C (CIVIL ENGINEER),https://paladindanse111.github.io/AFSC-PDFs/32E.html,https://paladindanse111.github.io/AFSC-PDFs/BASE_MALMSTROM_AFB.html
MALMSTROM AFB,"47°30'17""N","111°10'56""W",12T VT 86277 61270,32E1E,32E1E (CIVIL ENGINEER),https://paladindanse111.github.io/AFSC-PDFs/32E.html,https://paladindanse111.github.io/AFSC-PDFs/BASE_MALMSTROM_AFB.html
MALMSTROM AFB,"47°30'17""N","111°10'56""W",12T VT 86277 61270,32E1F,32E1F (CIVIL ENGINEER),https://paladindanse111.github.io/AFSC-PDFs/32E.html,https://paladindanse111.github.io/AFSC-PDFs/BASE_MALMSTROM_AFB.html
MALMSTROM AFB,"47°30'17""N","111°10'56""W",12T VT 86277 61270,32E1G,32E1G (CIVIL ENGINEER),https://paladindanse111.github.io/AFSC-PDFs/32E.html,https://paladindanse111.github.io/AFSC-PDFs/BASE_MALMSTROM_AFB.html
MALMSTROM AFB,"47°30'17""N","111°10'56""W",12T VT 86277 61270,32E1J,32E1J (CIVIL ENGINEER),https://paladindanse111.github.io/AFSC-PDFs/32E.html,https://paladindanse111.github.io/AFSC-PDFs/BASE_MALMSTROM_AFB.html
MALMSTROM AFB,"47°30'17""N","111°10'56""W",12T VT 86277 61270,35P1,35P1 (PUBLIC AFFAIRS),https://paladindanse111.github.io/AFSC-PDFs/35P.html,https://paladindanse111.github.io/AFSC-PDFs/BASE_MALMSTROM_AFB.html
MALMSTROM AFB,"47°30'17""N","111°10'56""W",12T VT 86277 61270,38F1,38F1 (FORCE SUPPORT),https://paladindanse111.github.io/AFSC-PDFs/38F.html,https://paladindanse111.github.io/AFSC-PDFs/BASE_MALMSTROM_AFB.html
MALMSTROM AFB,"47°30'17""N","111°10'56""W",12T VT 86277 61270,64P1,64P1 (CONTRACTING),https://paladindanse111.github.io/AFSC-PDFs/64P.html,https://paladindanse111.github.io/AFSC-PDFs/BASE_MALMSTROM_AFB.html
MALMSTROM AFB,"47°30'17""N","111°10'56""W",12T VT 86277 61270,65F1,65F1 (FINANCIAL MANAGEMENT),https://paladindanse111.github.io/AFSC-PDFs/65F.html,https://paladindanse111.github.io/AFSC-PDFs/BASE_MALMSTROM_AFB.html
MALMSTROM AFB,"47°30'17""N","111°10'56""W",12T VT 86277 61270,71S1,71S1 (SPECIAL INVESTIGATIONS),https://paladindanse111.github.io/AFSC-PDFs/71S.html,https://paladindanse111.github.io/AFSC-PDFs/BASE_MALMSTROM_AFB.html
MAUI ISLAND,"20° 45' 0""N","156° 15' 0""W",4Q GH 86360 96915,61D1,61D1 (PHYSICIST/NUCLEAR ENGINEER),https://paladindanse111.github.io/AFSC-PDFs/61D.html,https://paladindanse111.github.io/AFSC-PDFs/BASE_MAUI_ISLAND.html
MAXWELL-GUNTER AFB,"32°22'43""N","86°21'44""W",16S EA 59993 82581,38F1,38F1 (FORCE SUPPORT),https://paladindanse111.github.io/AFSC-PDFs/38F.html,https://paladindanse111.github.io/AFSC-PDFs/BASE_MAXWELL-GUNTER_AFB.html
MAXWELL-GUNTER AFB,"32°22'43""N","86°21'44""W",16S EA 59993 82581,63A1,63A1 (DEVELOPMENTAL ENGINEER),https://paladindanse111.github.io/AFSC-PDFs/63A.html,https://paladindanse111.github.io/AFSC-PDFs/BASE_MAXWELL-GUNTER_AFB.html
MAXWELL-GUNTER AFB,"32°22'43""N","86°21'44""W",16S EA 59993 82581,64P1,64P1 (CONTRACTING),https://paladindanse111.github.io/AFSC-PDFs/64P.html,https://paladindanse111.github.io/AFSC-PDFs/BASE_MAXWELL-GUNTER_AFB.html
MAXWELL-GUNTER AFB,"32°22'43""N","86°21'44""W",16S EA 59993 82581,65F1,65F1 (FINANCIAL MANAGEMENT),https://paladindanse111.github.io/AFSC-PDFs/65F.html,https://paladindanse111.github.io/AFSC-PDFs/BASE_MAXWELL-GUNTER_AFB.html
MCCONNELL AFB,"37°37'51""N","97°15'06""W",14S PG 54271 66293,21A1,21A1 (AIRCRAFT MAINTENANCE),https://paladindanse111.github.io/AFSC-PDFs/21A.html,https://paladindanse111.github.io/AFSC-PDFs/BASE_MCCONNELL_AFB.html
MCCONNELL AFB,"37°37'51""N","97°15'06""W",14S PG 54271 66293,21R1,21R1 (LOGISTICS READINESS),https://paladindanse111.github.io/AFSC-PDFs/21R.html,https://paladindanse111.github.io/AFSC-PDFs/BASE_MCCONNELL_AFB.html
MCCONNELL AFB,"37°37'51""N","97°15'06""W",14S PG 54271 66293,32E1A,32E1A (CIVIL ENGINEER),https://paladindanse111.github.io/AFSC-PDFs/32E.html,https://paladindanse111.github.io/AFSC-PDFs/BASE_MCCONNELL_AFB.html
MCCONNELL AFB,"37°37'51""N","97°15'06""W",14S PG 54271 66293,32E1C,32E1C (CIVIL ENGINEER),https://paladindanse111.github.io/AFSC-PDFs/32E.html,https://paladindanse111.github.io/AFSC-PDFs/BASE_MCCONNELL_AFB.html
MCCONNELL AFB,"37°37'51""N","97°15'06""W",14S PG 54271 66293,32E1E,32E1E (CIVIL ENGINEER),https://paladindanse111.github.io/AFSC-PDFs/32E.html,https://paladindanse111.github.io/AFSC-PDFs/BASE_MCCONNELL_AFB.html
MCCONNELL AFB,"37°37'51""N","97°15'06""W",14S PG 54271 66293,32E1F,32E1F (CIVIL ENGINEER),https://paladindanse111.github.io/AFSC-PDFs/32E.html,https://paladindanse111.github.io/AFSC-PDFs/BASE_MCCONNELL_AFB.html
MCCONNELL AFB,"37°37'51""N","97°15'06""W",14S PG 54271 66293,32E1G,32E1G (CIVIL ENGINEER),https://paladindanse111.github.io/AFSC-PDFs/32E.html,https://paladindanse111.github.io/AFSC-PDFs/BASE_MCCONNELL_AFB.html
MCCONNELL AFB,"37°37'51""N","97°15'06""W",14S PG 54271 66293,32E1J,32E1J (CIVIL ENGINEER),https://paladindanse111.github.io/AFSC-PDFs/32E.html,https://paladindanse111.github.io/AFSC-PDFs/BASE_MCCONNELL_AFB.html
MCCONNELL AFB,"37°37'51""N","97°15'06""W",14S PG 54271 66293,35P1,35P1 (PUBLIC AFFAIRS),https://paladindanse111.github.io/AFSC-PDFs/35P.html,https://paladindanse111.github.io/AFSC-PDFs/BASE_MCCONNELL_AFB.html
MCCONNELL AFB,"37°37'51""N","97°15'06""W",14S PG 54271 66293,38F1,38F1 (FORCE SUPPORT),https://paladindanse111.github.io/AFSC-PDFs/38F.html,https://paladindanse111.github.io/AFSC-PDFs/BASE_MCCONNELL_AFB.html
MCCONNELL AFB,"37°37'51""N","97°15'06""W",14S PG 54271 66293,64P1,64P1 (CONTRACTING),https://paladindanse111.github.io/AFSC-PDFs/64P.html,https://paladindanse111.github.io/AFSC-PDFs/BASE_MCCONNELL_AFB.html
MCCONNELL AFB,"37°37'51""N","97°15'06""W",14S PG 54271 66293,65F1,65F1 (FINANCIAL MANAGEMENT),https://paladindanse111.github.io/AFSC-PDFs/65F.html,https://paladindanse111.github.io/AFSC-PDFs/BASE_MCCONNELL_AFB.html
MILDENHALL RAF,"52°21'45""N","0°30'14""E",31U CU 30041 04290,14F1,14F1 (INFORMATION OPERATIONS),https://paladindanse111.github.io/AFSC-PDFs/14F.html,https://paladindanse111.github.io/AFSC-PDFs/BASE_MILDENHALL_RAF.html
MILDENHALL RAF,"52°21'45""N","0°30'14""E",31U CU 30041 04290,21A1,21A1 (AIRCRAFT MAINTENANCE),https://paladindanse111.github.io/AFSC-PDFs/21A.html,https://paladindanse111.github.io/AFSC-PDFs/BASE_MILDENHALL_RAF.html
MILDENHALL RAF,"52°21'45""N","0°30'14""E",31U CU 30041 04290,21R1,21R1 (LOGISTICS READINESS),https://paladindanse111.github.io/AFSC-PDFs/21R.html,https://paladindanse111.github.io/AFSC-PDFs/BASE_MILDENHALL_RAF.html
MILDENHALL RAF,"52°21'45""N","0°30'14""E",31U CU 30041 04290,32E1A,32E1A (CIVIL ENGINEER),https://paladindanse111.github.io/AFSC-PDFs/32E.html,https://paladindanse111.github.io/AFSC-PDFs/BASE_MILDENHALL_RAF.html
MILDENHALL RAF,"52°21'45""N","0°30'14""E",31U CU 30041 04290,32E1C,32E1C (CIVIL ENGINEER),https://paladindanse111.github.io/AFSC-PDFs/32E.html,https://paladindanse111.github.io/AFSC-PDFs/BASE_MILDENHALL_RAF.html
MILDENHALL RAF,"52°21'45""N","0°30'14""E",31U CU 30041 04290,32E1E,32E1E (CIVIL ENGINEER),https://paladindanse111.github.io/AFSC-PDFs/32E.html,https://paladindanse111.github.io/AFSC-PDFs/BASE_MILDENHALL_RAF.html
MILDENHALL RAF,"52°21'45""N","0°30'14""E",31U CU 30041 04290,32E1F,32E1F (CIVIL ENGINEER),https://paladindanse111.github.io/AFSC-PDFs/32E.html,https://paladindanse111.github.io/AFSC-PDFs/BASE_MILDENHALL_RAF.html
MILDENHALL RAF,"52°21'45""N","0°30'14""E",31U CU 30041 04290,32E1G,32E1G (CIVIL ENGINEER),https://paladindanse111.github.io/AFSC-PDFs/32E.html,https://paladindanse111.github.io/AFSC-PDFs/BASE_MILDENHALL_RAF.html
MILDENHALL RAF,"52°21'45""N","0°30'14""E",31U CU 30041 04290,32E1J,32E1J (CIVIL ENGINEER),https://paladindanse111.github.io/AFSC-PDFs/32E.html,https://paladindanse111.github.io/AFSC-PDFs/BASE_MILDENHALL_RAF.html
MILDENHALL RAF,"52°21'45""N","0°30'14""E",31U CU 30041 04290,38F1,38F1 (FORCE SUPPORT),https://paladindanse111.github.io/AFSC-PDFs/38F.html,https://paladindanse111.github.io/AFSC-PDFs/BASE_MILDENHALL_RAF.html
MILDENHALL RAF,"52°21'45""N","0°30'14""E",31U CU 30041 04290,61C1,61C1 (CHEMIST/NUCLEAR CHEMIST),https://paladindanse111.github.io/AFSC-PDFs/61C.html,https://paladindanse111.github.io/AFSC-PDFs/BASE_MILDENHALL_RAF.html
MILDENHALL RAF,"52°21'45""N","0°30'14""E",31U CU 30041 04290,65F1,65F1 (FINANCIAL MANAGEMENT),https://paladindanse111.github.io/AFSC-PDFs/65F.html,https://paladindanse111.github.io/AFSC-PDFs/BASE_MILDENHALL_RAF.html
MINOT AFB,"48°25'13""N","101°19'36""W",14U LU 27861 65629,13N1,13N1 (NUCLEAR AND MISSILE OPERATIONS),https://paladindanse111.github.io/AFSC-PDFs/13N.html,https://paladindanse111.github.io/AFSC-PDFs/BASE_MINOT_AFB.html
MINOT AFB,"48°25'13""N","101°19'36""W",14U LU 27861 65629,21A1,21A1 (AIRCRAFT MAINTENANCE),https://paladindanse111.github.io/AFSC-PDFs/21A.html,https://paladindanse111.github.io/AFSC-PDFs/BASE_MINOT_AFB.html
MINOT AFB,"48°25'13""N","101°19'36""W",14U LU 27861 65629,21M1,21M1 (MUNITIONS AND MISSILE MAINTENANCE),https://paladindanse111.github.io/AFSC-PDFs/21M.html,https://paladindanse111.github.io/AFSC-PDFs/BASE_MINOT_AFB.html
MINOT AFB,"48°25'13""N","101°19'36""W",14U LU 27861 65629,21R1,21R1 (LOGISTICS READINESS),https://paladindanse111.github.io/AFSC-PDFs/21R.html,https://paladindanse111.github.io/AFSC-PDFs/BASE_MINOT_AFB.html
MINOT AFB,"48°25'13""N","101°19'36""W",14U LU 27861 65629,31P1,31P1 (SECURITY FORCES),https://paladindanse111.github.io/AFSC-PDFs/31P.html,https://paladindanse111.github.io/AFSC-PDFs/BASE_MINOT_AFB.html
MINOT AFB,"48°25'13""N","101°19'36""W",14U LU 27861 65629,32E1A,32E1A (CIVIL ENGINEER),https://paladindanse111.github.io/AFSC-PDFs/32E.html,https://paladindanse111.github.io/AFSC-PDFs/BASE_MINOT_AFB.html
MINOT AFB,"48°25'13""N","101°19'36""W",14U LU 27861 65629,32E1C,32E1C (CIVIL ENGINEER),https://paladindanse111.github.io/AFSC-PDFs/32E.html,https://paladindanse111.github.io/AFSC-PDFs/BASE_MINOT_AFB.html
MINOT AFB,"48°25'13""N","101°19'36""W",14U LU 27861 65629,32E1E,32E1E (CIVIL ENGINEER),https://paladindanse111.github.io/AFSC-PDFs/32E.html,https://paladindanse111.github.io/AFSC-PDFs/BASE_MINOT_AFB.html
MINOT AFB,"48°25'13""N","101°19'36""W",14U LU 27861 65629,32E1F,32E1F (CIVIL ENGINEER),https://paladindanse111.github.io/AFSC-PDFs/32E.html,https://paladindanse111.github.io/AFSC-PDFs/BASE_MINOT_AFB.html
MINOT AFB,"48°25'13""N","101°19'36""W",14U LU 27861 65629,32E1G,32E1G (CIVIL ENGINEER),https://paladindanse111.github.io/AFSC-PDFs/32E.html,https://paladindanse111.github.io/AFSC-PDFs/BASE_MINOT_AFB.html
MINOT AFB,"48°25'13""N","101°19'36""W",14U LU 27861 65629,32E1J,32E1J (CIVIL ENGINEER),https://paladindanse111.github.io/AFSC-PDFs/32E.html,https://paladindanse111.github.io/AFSC-PDFs/BASE_MINOT_AFB.html
MINOT AFB,"48°25'13""N","101°19'36""W",14U LU 27861 65629,35P1,35P1 (PUBLIC AFFAIRS),https://paladindanse111.github.io/AFSC-PDFs/35P.html,https://paladindanse111.github.io/AFSC-PDFs/BASE_MINOT_AFB.html
MINOT AFB,"48°25'13""N","101°19'36""W",14U LU 27861 65629,38F1,38F1 (FORCE SUPPORT),https://paladindanse111.github.io/AFSC-PDFs/38F.html,https://paladindanse111.github.io/AFSC-PDFs/BASE_MINOT_AFB.html
MINOT AFB,"48°25'13""N","101°19'36""W",14U LU 27861 65629,64P1,64P1 (CONTRACTING),https://paladindanse111.github.io/AFSC-PDFs/64P.html,https://paladindanse111.github.io/AFSC-PDFs/BASE_MINOT_AFB.html
MINOT AFB,"48°25'13""N","101°19'36""W",14U LU 27861 65629,65F1,65F1 (FINANCIAL MANAGEMENT),https://paladindanse111.github.io/AFSC-PDFs/65F.html,https://paladindanse111.github.io/AFSC-PDFs/BASE_MINOT_AFB.html
MINOT AFB,"48°25'13""N","101°19'36""W",14U LU 27861 65629,71S1,71S1 (SPECIAL INVESTIGATIONS),https://paladindanse111.github.io/AFSC-PDFs/71S.html,https://paladindanse111.github.io/AFSC-PDFs/BASE_MINOT_AFB.html
MISAWA AB,"40°41'55""N","141°22'28""E",54T WL 31634 05368,21A1,21A1 (AIRCRAFT MAINTENANCE),https://paladindanse111.github.io/AFSC-PDFs/21A.html,https://paladindanse111.github.io/AFSC-PDFs/BASE_MISAWA_AB.html
MISAWA AB,"40°41'55""N","141°22'28""E",54T WL 31634 05368,21M1,21M1 (MUNITIONS AND MISSILE MAINTENANCE),https://paladindanse111.github.io/AFSC-PDFs/21M.html,https://paladindanse111.github.io/AFSC-PDFs/BASE_MISAWA_AB.html
MISAWA AB,"40°41'55""N","141°22'28""E",54T WL 31634 05368,21R1,21R1 (LOGISTICS READINESS),https://paladindanse111.github.io/AFSC-PDFs/21R.html,https://paladindanse111.github.io/AFSC-PDFs/BASE_MISAWA_AB.html
MISAWA AB,"40°41'55""N","141°22'28""E",54T WL 31634 05368,32E1A,32E1A (CIVIL ENGINEER),https://paladindanse111.github.io/AFSC-PDFs/32E.html,https://paladindanse111.github.io/AFSC-PDFs/BASE_MISAWA_AB.html
MISAWA AB,"40°41'55""N","141°22'28""E",54T WL 31634 05368,32E1C,32E1C (CIVIL ENGINEER),https://paladindanse111.github.io/AFSC-PDFs/32E.html,https://paladindanse111.github.io/AFSC-PDFs/BASE_MISAWA_AB.html
MISAWA AB,"40°41'55""N","141°22'28""E",54T WL 31634 05368,32E1E,32E1E (CIVIL ENGINEER),https://paladindanse111.github.io/AFSC-PDFs/32E.html,https://paladindanse111.github.io/AFSC-PDFs/BASE_MISAWA_AB.html
MISAWA AB,"40°41'55""N","141°22'28""E",54T WL 31634 05368,32E1F,32E1F (CIVIL ENGINEER),https://paladindanse111.github.io/AFSC-PDFs/32E.html,https://paladindanse111.github.io/AFSC-PDFs/BASE_MISAWA_AB.html
MISAWA AB,"40°41'55""N","141°22'28""E",54T WL 31634 05368,32E1G,32E1G (CIVIL ENGINEER),https://paladindanse111.github.io/AFSC-PDFs/32E.html,https://paladindanse111.github.io/AFSC-PDFs/BASE_MISAWA_AB.html
MISAWA AB,"40°41'55""N","141°22'28""E",54T WL 31634 05368,32E1J,32E1J (CIVIL ENGINEER),https://paladindanse111.github.io/AFSC-PDFs/32E.html,https://paladindanse111.github.io/AFSC-PDFs/BASE_MISAWA_AB.html
MISAWA AB,"40°41'55""N","141°22'28""E",54T WL 31634 05368,35P1,35P1 (PUBLIC AFFAIRS),https://paladindanse111.github.io/AFSC-PDFs/35P.html,https://paladindanse111.github.io/AFSC-PDFs/BASE_MISAWA_AB.html
MISAWA AB,"40°41'55""N","141°22'28""E",54T WL 31634 05368,64P1,64P1 (CONTRACTING),https://paladindanse111.github.io/AFSC-PDFs/64P.html,https://paladindanse111.github.io/AFSC-PDFs/BASE_MISAWA_AB.html
MISAWA AB,"40°41'55""N","141°22'28""E",54T WL 31634 05368,65F1,65F1 (FINANCIAL MANAGEMENT),https://paladindanse111.github.io/AFSC-PDFs/65F.html,https://paladindanse111.github.io/AFSC-PDFs/BASE_MISAWA_AB.html
MOODY AFB,"30°58'12""N","83°11'47""W",17R KQ 90229 28346,21A1,21A1 (AIRCRAFT MAINTENANCE),https://paladindanse111.github.io/AFSC-PDFs/21A.html,https://paladindanse111.github.io/AFSC-PDFs/BASE_MOODY_AFB.html
MOODY AFB,"30°58'12""N","83°11'47""W",17R KQ 90229 28346,21M1,21M1 (MUNITIONS AND MISSILE MAINTENANCE),https://paladindanse111.github.io/AFSC-PDFs/21M.html,https://paladindanse111.github.io/AFSC-PDFs/BASE_MOODY_AFB.html
MOODY AFB,"30°58'12""N","83°11'47""W",17R KQ 90229 28346,21R1,21R1 (LOGISTICS READINESS),https://paladindanse111.github.io/AFSC-PDFs/21R.html,https://paladindanse111.github.io/AFSC-PDFs/BASE_MOODY_AFB.html
MOODY AFB,"30°58'12""N","83°11'47""W",17R KQ 90229 28346,31P1,31P1 (SECURITY FORCES),https://paladindanse111.github.io/AFSC-PDFs/31P.html,https://paladindanse111.github.io/AFSC-PDFs/BASE_MOODY_AFB.html
MOODY AFB,"30°58'12""N","83°11'47""W",17R KQ 90229 28346,32E1A,32E1A (CIVIL ENGINEER),https://paladindanse111.github.io/AFSC-PDFs/32E.html,https://paladindanse111.github.io/AFSC-PDFs/BASE_MOODY_AFB.html
MOODY AFB,"30°58'12""N","83°11'47""W",17R KQ 90229 28346,32E1C,32E1C (CIVIL ENGINEER),https://paladindanse111.github.io/AFSC-PDFs/32E.html,https://paladindanse111.github.io/AFSC-PDFs/BASE_MOODY_AFB.html
MOODY AFB,"30°58'12""N","83°11'47""W",17R KQ 90229 28346,32E1E,32E1E (CIVIL ENGINEER),https://paladindanse111.github.io/AFSC-PDFs/32E.html,https://paladindanse111.github.io/AFSC-PDFs/BASE_MOODY_AFB.html
MOODY AFB,"30°58'12""N","83°11'47""W",17R KQ 90229 28346,32E1F,32E1F (CIVIL ENGINEER),https://paladindanse111.github.io/AFSC-PDFs/32E.html,https://paladindanse111.github.io/AFSC-PDFs/BASE_MOODY_AFB.html
MOODY AFB,"30°58'12""N","83°11'47""W",17R KQ 90229 28346,32E1G,32E1G (CIVIL ENGINEER),https://paladindanse111.github.io/AFSC-PDFs/32E.html,https://paladindanse111.github.io/AFSC-PDFs/BASE_MOODY_AFB.html
MOODY AFB,"30°58'12""N","83°11'47""W",17R KQ 90229 28346,32E1J,32E1J (CIVIL ENGINEER),https://paladindanse111.github.io/AFSC-PDFs/32E.html,https://paladindanse111.github.io/AFSC-PDFs/BASE_MOODY_AFB.html
MOODY AFB,"30°58'12""N","83°11'47""W",17R KQ 90229 28346,35P1,35P1 (PUBLIC AFFAIRS),https://paladindanse111.github.io/AFSC-PDFs/35P.html,https://paladindanse111.github.io/AFSC-PDFs/BASE_MOODY_AFB.html
MOODY AFB,"30°58'12""N","83°11'47""W",17R KQ 90229 28346,38F1,38F1 (FORCE SUPPORT),https://paladindanse111.github.io/AFSC-PDFs/38F.html,https://paladindanse111.github.io/AFSC-PDFs/BASE_MOODY_AFB.html
MOODY AFB,"30°58'12""N","83°11'47""W",17R KQ 90229 28346,64P1,64P1 (CONTRACTING),https://paladindanse111.github.io/AFSC-PDFs/64P.html,https://paladindanse111.github.io/AFSC-PDFs/BASE_MOODY_AFB.html
MOODY AFB,"30°58'12""N","83°11'47""W",17R KQ 90229 28346,65F1,65F1 (FINANCIAL MANAGEMENT),https://paladindanse111.github.io/AFSC-PDFs/65F.html,https://paladindanse111.github.io/AFSC-PDFs/BASE_MOODY_AFB.html
MOUNTAIN HOME AFB,"43°03'59""N","115°51'18""W",11T NH 93226 68823,21A1,21A1 (AIRCRAFT MAINTENANCE),https://paladindanse111.github.io/AFSC-PDFs/21A.html,https://paladindanse111.github.io/AFSC-PDFs/BASE_MOUNTAIN_HOME_AFB.html
MOUNTAIN HOME AFB,"43°03'59""N","115°51'18""W",11T NH 93226 68823,21M1,21M1 (MUNITIONS AND MISSILE MAINTENANCE),https://paladindanse111.github.io/AFSC-PDFs/21M.html,https://paladindanse111.github.io/AFSC-PDFs/BASE_MOUNTAIN_HOME_AFB.html
MOUNTAIN HOME AFB,"43°03'59""N","115°51'18""W",11T NH 93226 68823,21R1,21R1 (LOGISTICS READINESS),https://paladindanse111.github.io/AFSC-PDFs/21R.html,https://paladindanse111.github.io/AFSC-PDFs/BASE_MOUNTAIN_HOME_AFB.html
MOUNTAIN HOME AFB,"43°03'59""N","115°51'18""W",11T NH 93226 68823,32E1A,32E1A (CIVIL ENGINEER),https://paladindanse111.github.io/AFSC-PDFs/32E.html,https://paladindanse111.github.io/AFSC-PDFs/BASE_MOUNTAIN_HOME_AFB.html
MOUNTAIN HOME AFB,"43°03'59""N","115°51'18""W",11T NH 93226 68823,32E1C,32E1C (CIVIL ENGINEER),https://paladindanse111.github.io/AFSC-PDFs/32E.html,https://paladindanse111.github.io/AFSC-PDFs/BASE_MOUNTAIN_HOME_AFB.html
MOUNTAIN HOME AFB,"43°03'59""N","115°51'18""W",11T NH 93226 68823,32E1E,32E1E (CIVIL ENGINEER),https://paladindanse111.github.io/AFSC-PDFs/32E.html,https://paladindanse111.github.io/AFSC-PDFs/BASE_MOUNTAIN_HOME_AFB.html
MOUNTAIN HOME AFB,"43°03'59""N","115°51'18""W",11T NH 93226 68823,32E1F,32E1F (CIVIL ENGINEER),https://paladindanse111.github.io/AFSC-PDFs/32E.html,https://paladindanse111.github.io/AFSC-PDFs/BASE_MOUNTAIN_HOME_AFB.html
MOUNTAIN HOME AFB,"43°03'59""N","115°51'18""W",11T NH 93226 68823,32E1G,32E1G (CIVIL ENGINEER),https://paladindanse111.github.io/AFSC-PDFs/32E.html,https://paladindanse111.github.io/AFSC-PDFs/BASE_MOUNTAIN_HOME_AFB.html
MOUNTAIN HOME AFB,"43°03'59""N","115°51'18""W",11T NH 93226 68823,32E1J,32E1J (CIVIL ENGINEER),https://paladindanse111.github.io/AFSC-PDFs/32E.html,https://paladindanse111.github.io/AFSC-PDFs/BASE_MOUNTAIN_HOME_AFB.html
MOUNTAIN HOME AFB,"43°03'59""N","115°51'18""W",11T NH 93226 68823,35P1,35P1 (PUBLIC AFFAIRS),https://paladindanse111.github.io/AFSC-PDFs/35P.html,https://paladindanse111.github.io/AFSC-PDFs/BASE_MOUNTAIN_HOME_AFB.html
MOUNTAIN HOME AFB,"43°03'59""N","115°51'18""W",11T NH 93226 68823,38F1,38F1 (FORCE SUPPORT),https://paladindanse111.github.io/AFSC-PDFs/38F.html,https://paladindanse111.github.io/AFSC-PDFs/BASE_MOUNTAIN_HOME_AFB.html
MOUNTAIN HOME AFB,"43°03'59""N","115°51'18""W",11T NH 93226 68823,63A1,63A1 (DEVELOPMENTAL ENGINEER),https://paladindanse111.github.io/AFSC-PDFs/63A.html,https://paladindanse111.github.io/AFSC-PDFs/BASE_MOUNTAIN_HOME_AFB.html
MOUNTAIN HOME AFB,"43°03'59""N","115°51'18""W",11T NH 93226 68823,64P1,64P1 (CONTRACTING),https://paladindanse111.github.io/AFSC-PDFs/64P.html,https://paladindanse111.github.io/AFSC-PDFs/BASE_MOUNTAIN_HOME_AFB.html
MOUNTAIN HOME AFB,"43°03'59""N","115°51'18""W",11T NH 93226 68823,65F1,65F1 (FINANCIAL MANAGEMENT),https://paladindanse111.github.io/AFSC-PDFs/65F.html,https://paladindanse111.github.io/AFSC-PDFs/BASE_MOUNTAIN_HOME_AFB.html
NELLIS AFB,"36°14'25""N","115°03'14""W",11S PA 74874 12355,15A1,15A1 (OPERATIONS ANALYSIS OFFICER),https://paladindanse111.github.io/AFSC-PDFs/15A.html,https://paladindanse111.github.io/AFSC-PDFs/BASE_NELLIS_AFB.html
NELLIS AFB,"36°14'25""N","115°03'14""W",11S PA 74874 12355,15W1,15W1 (WEATHER AND ENVIRONMENTAL SCIENCES),https://paladindanse111.github.io/AFSC-PDFs/15W.html,https://paladindanse111.github.io/AFSC-PDFs/BASE_NELLIS_AFB.html
NELLIS AFB,"36°14'25""N","115°03'14""W",11S PA 74874 12355,21A1,21A1 (AIRCRAFT MAINTENANCE),https://paladindanse111.github.io/AFSC-PDFs/21A.html,https://paladindanse111.github.io/AFSC-PDFs/BASE_NELLIS_AFB.html
NELLIS AFB,"36°14'25""N","115°03'14""W",11S PA 74874 12355,21M1,21M1 (MUNITIONS AND MISSILE MAINTENANCE),https://paladindanse111.github.io/AFSC-PDFs/21M.html,https://paladindanse111.github.io/AFSC-PDFs/BASE_NELLIS_AFB.html
NELLIS AFB,"36°14'25""N","115°03'14""W",11S PA 74874 12355,21R1,21R1 (LOGISTICS READINESS),https://paladindanse111.github.io/AFSC-PDFs/21R.html,https://paladindanse111.github.io/AFSC-PDFs/BASE_NELLIS_AFB.html
NELLIS AFB,"36°14'25""N","115°03'14""W",11S PA 74874 12355,32E1A,32E1A (CIVIL ENGINEER),https://paladindanse111.github.io/AFSC-PDFs/32E.html,https://paladindanse111.github.io/AFSC-PDFs/BASE_NELLIS_AFB.html
NELLIS AFB,"36°14'25""N","115°03'14""W",11S PA 74874 12355,32E1C,32E1C (CIVIL ENGINEER),https://paladindanse111.github.io/AFSC-PDFs/32E.html,https://paladindanse111.github.io/AFSC-PDFs/BASE_NELLIS_AFB.html
NELLIS AFB,"36°14'25""N","115°03'14""W",11S PA 74874 12355,32E1E,32E1E (CIVIL ENGINEER),https://paladindanse111.github.io/AFSC-PDFs/32E.html,https://paladindanse111.github.io/AFSC-PDFs/BASE_NELLIS_AFB.html
NELLIS AFB,"36°14'25""N","115°03'14""W",11S PA 74874 12355,32E1F,32E1F (CIVIL ENGINEER),https://paladindanse111.github.io/AFSC-PDFs/32E.html,https://paladindanse111.github.io/AFSC-PDFs/BASE_NELLIS_AFB.html
NELLIS AFB,"36°14'25""N","115°03'14""W",11S PA 74874 12355,32E1G,32E1G (CIVIL ENGINEER),https://paladindanse111.github.io/AFSC-PDFs/32E.html,https://paladindanse111.github.io/AFSC-PDFs/BASE_NELLIS_AFB.html
NELLIS AFB,"36°14'25""N","115°03'14""W",11S PA 74874 12355,32E1J,32E1J (CIVIL ENGINEER),https://paladindanse111.github.io/AFSC-PDFs/32E.html,https://paladindanse111.github.io/AFSC-PDFs/BASE_NELLIS_AFB.html
NELLIS AFB,"36°14'25""N","115°03'14""W",11S PA 74874 12355,35P1,35P1 (PUBLIC AFFAIRS),https://paladindanse111.github.io/AFSC-PDFs/35P.html,https://paladindanse111.github.io/AFSC-PDFs/BASE_NELLIS_AFB.html
NELLIS AFB,"36°14'25""N","115°03'14""W",11S PA 74874 12355,38F1,38F1 (FORCE SUPPORT),https://paladindanse111.github.io/AFSC-PDFs/38F.html,https://paladindanse111.github.io/AFSC-PDFs/BASE_NELLIS_AFB.html
NELLIS AFB,"36°14'25""N","115°03'14""W",11S PA 74874 12355,62E1A,62E1A (DEVELOPMENTAL ENGINEER),https://paladindanse111.github.io/AFSC-PDFs/62E.html,https://paladindanse111.github.io/AFSC-PDFs/BASE_NELLIS_AFB.html
NELLIS AFB,"36°14'25""N","115°03'14""W",11S PA 74874 12355,62E1B,62E1B (DEVELOPMENTAL ENGINEER),https://paladindanse111.github.io/AFSC-PDFs/62E.html,https://paladindanse111.github.io/AFSC-PDFs/BASE_NELLIS_AFB.html
NELLIS AFB,"36°14'25""N","115°03'14""W",11S PA 74874 12355,62E1C,62E1C (DEVELOPMENTAL ENGINEER),https://paladindanse111.github.io/AFSC-PDFs/62E.html,https://paladindanse111.github.io/AFSC-PDFs/BASE_NELLIS_AFB.html
NELLIS AFB,"36°14'25""N","115°03'14""W",11S PA 74874 12355,62E1E,62E1E (DEVELOPMENTAL ENGINEER),https://paladindanse111.github.io/AFSC-PDFs/62E.html,https://paladindanse111.github.io/AFSC-PDFs/BASE_NELLIS_AFB.html
NELLIS AFB,"36°14'25""N","115°03'14""W",11S PA 74874 12355,62E1G,62E1G (DEVELOPMENTAL ENGINEER),https://paladindanse111.github.io/AFSC-PDFs/62E.html,https://paladindanse111.github.io/AFSC-PDFs/BASE_NELLIS_AFB.html
NELLIS AFB,"36°14'25""N","115°03'14""W",11S PA 74874 12355,62E1H,62E1H (DEVELOPMENTAL ENGINEER),https://paladindanse111.github.io/AFSC-PDFs/62E.html,https://paladindanse111.github.io/AFSC-PDFs/BASE_NELLIS_AFB.html
NELLIS AFB,"36°14'25""N","115°03'14""W",11S PA 74874 12355,62E1I,62E1I (DEVELOPMENTAL ENGINEER),https://paladindanse111.github.io/AFSC-PDFs/62E.html,https://paladindanse111.github.io/AFSC-PDFs/BASE_NELLIS_AFB.html
NELLIS AFB,"36°14'25""N","115°03'14""W",11S PA 74874 12355,64P1,64P1 (CONTRACTING),https://paladindanse111.github.io/AFSC-PDFs/64P.html,https://paladindanse111.github.io/AFSC-PDFs/BASE_NELLIS_AFB.html
NELLIS AFB,"36°14'25""N","115°03'14""W",11S PA 74874 12355,65F1,65F1 (FINANCIAL MANAGEMENT),https://paladindanse111.github.io/AFSC-PDFs/65F.html,https://paladindanse111.github.io/AFSC-PDFs/BASE_NELLIS_AFB.html
NELLIS AFB,"36°14'25""N","115°03'14""W",11S PA 74874 12355,71S1,71S1 (SPECIAL INVESTIGATIONS),https://paladindanse111.github.io/AFSC-PDFs/71S.html,https://paladindanse111.github.io/AFSC-PDFs/BASE_NELLIS_AFB.html
OFFUTT AFB,"41°07'25""N","95°54'52""W",15T TF 55334 56573,15W1,15W1 (WEATHER AND ENVIRONMENTAL SCIENCES),https://paladindanse111.github.io/AFSC-PDFs/15W.html,https://paladindanse111.github.io/AFSC-PDFs/BASE_OFFUTT_AFB.html
OFFUTT AFB,"41°07'25""N","95°54'52""W",15T TF 55334 56573,21A1,21A1 (AIRCRAFT MAINTENANCE),https://paladindanse111.github.io/AFSC-PDFs/21A.html,https://paladindanse111.github.io/AFSC-PDFs/BASE_OFFUTT_AFB.html
OFFUTT AFB,"41°07'25""N","95°54'52""W",15T TF 55334 56573,21R1,21R1 (LOGISTICS READINESS),https://paladindanse111.github.io/AFSC-PDFs/21R.html,https://paladindanse111.github.io/AFSC-PDFs/BASE_OFFUTT_AFB.html
OFFUTT AFB,"41°07'25""N","95°54'52""W",15T TF 55334 56573,38F1,38F1 (FORCE SUPPORT),https://paladindanse111.github.io/AFSC-PDFs/38F.html,https://paladindanse111.github.io/AFSC-PDFs/BASE_OFFUTT_AFB.html
OFFUTT AFB,"41°07'25""N","95°54'52""W",15T TF 55334 56573,61D1,61D1 (PHYSICIST/NUCLEAR ENGINEER),https://paladindanse111.github.io/AFSC-PDFs/61D.html,https://paladindanse111.github.io/AFSC-PDFs/BASE_OFFUTT_AFB.html
OFFUTT AFB,"41°07'25""N","95°54'52""W",15T TF 55334 56573,62E1A,62E1A (DEVELOPMENTAL ENGINEER),https://paladindanse111.github.io/AFSC-PDFs/62E.html,https://paladindanse111.github.io/AFSC-PDFs/BASE_OFFUTT_AFB.html
OFFUTT AFB,"41°07'25""N","95°54'52""W",15T TF 55334 56573,62E1B,62E1B (DEVELOPMENTAL ENGINEER),https://paladindanse111.github.io/AFSC-PDFs/62E.html,https://paladindanse111.github.io/AFSC-PDFs/BASE_OFFUTT_AFB.html
OFFUTT AFB,"41°07'25""N","95°54'52""W",15T TF 55334 56573,62E1C,62E1C (DEVELOPMENTAL ENGINEER),https://paladindanse111.github.io/AFSC-PDFs/62E.html,https://paladindanse111.github.io/AFSC-PDFs/BASE_OFFUTT_AFB.html
OFFUTT AFB,"41°07'25""N","95°54'52""W",15T TF 55334 56573,62E1E,62E1E (DEVELOPMENTAL ENGINEER),https://paladindanse111.github.io/AFSC-PDFs/62E.html,https://paladindanse111.github.io/AFSC-PDFs/BASE_OFFUTT_AFB.html
OFFUTT AFB,"41°07'25""N","95°54'52""W",15T TF 55334 56573,63A1,63A1 (DEVELOPMENTAL ENGINEER),https://paladindanse111.github.io/AFSC-PDFs/63A.html,https://paladindanse111.github.io/AFSC-PDFs/BASE_OFFUTT_AFB.html
OFFUTT AFB,"41°07'25""N","95°54'52""W",15T TF 55334 56573,64P1,64P1 (CONTRACTING),https://paladindanse111.github.io/AFSC-PDFs/64P.html,https://paladindanse111.github.io/AFSC-PDFs/BASE_OFFUTT_AFB.html
OFFUTT AFB,"41°07'25""N","95°54'52""W",15T TF 55334 56573,65F1,65F1 (FINANCIAL MANAGEMENT),https://paladindanse111.github.io/AFSC-PDFs/65F.html,https://paladindanse111.github.io/AFSC-PDFs/BASE_OFFUTT_AFB.html
OFFUTT AFB,"41°07'25""N","95°54'52""W",15T TF 55334 56573,71S1,71S1 (SPECIAL INVESTIGATIONS),https://paladindanse111.github.io/AFSC-PDFs/71S.html,https://paladindanse111.github.io/AFSC-PDFs/BASE_OFFUTT_AFB.html
OSAN AB,"37°05'19""N","127°01'50""E",52S CG 24960 06516,21A1,21A1 (AIRCRAFT MAINTENANCE),https://paladindanse111.github.io/AFSC-PDFs/21A.html,https://paladindanse111.github.io/AFSC-PDFs/BASE_OSAN_AB.html
OSAN AB,"37°05'19""N","127°01'50""E",52S CG 24960 06516,65F1,65F1 (FINANCIAL MANAGEMENT),https://paladindanse111.github.io/AFSC-PDFs/65F.html,https://paladindanse111.github.io/AFSC-PDFs/BASE_OSAN_AB.html
PATRICK SFB,"28°14'21""N","80°36'26""W",17R NM 38533 23759,32E1A,32E1A (CIVIL ENGINEER),https://paladindanse111.github.io/AFSC-PDFs/32E.html,https://paladindanse111.github.io/AFSC-PDFs/BASE_PATRICK_SFB.html
PATRICK SFB,"28°14'21""N","80°36'26""W",17R NM 38533 23759,32E1C,32E1C (CIVIL ENGINEER),https://paladindanse111.github.io/AFSC-PDFs/32E.html,https://paladindanse111.github.io/AFSC-PDFs/BASE_PATRICK_SFB.html
PATRICK SFB,"28°14'21""N","80°36'26""W",17R NM 38533 23759,32E1E,32E1E (CIVIL ENGINEER),https://paladindanse111.github.io/AFSC-PDFs/32E.html,https://paladindanse111.github.io/AFSC-PDFs/BASE_PATRICK_SFB.html
PATRICK SFB,"28°14'21""N","80°36'26""W",17R NM 38533 23759,32E1F,32E1F (CIVIL ENGINEER),https://paladindanse111.github.io/AFSC-PDFs/32E.html,https://paladindanse111.github.io/AFSC-PDFs/BASE_PATRICK_SFB.html
PATRICK SFB,"28°14'21""N","80°36'26""W",17R NM 38533 23759,32E1G,32E1G (CIVIL ENGINEER),https://paladindanse111.github.io/AFSC-PDFs/32E.html,https://paladindanse111.github.io/AFSC-PDFs/BASE_PATRICK_SFB.html
PATRICK SFB,"28°14'21""N","80°36'26""W",17R NM 38533 23759,32E1J,32E1J (CIVIL ENGINEER),https://paladindanse111.github.io/AFSC-PDFs/32E.html,https://paladindanse111.github.io/AFSC-PDFs/BASE_PATRICK_SFB.html
PATRICK SFB,"28°14'21""N","80°36'26""W",17R NM 38533 23759,35P1,35P1 (PUBLIC AFFAIRS),https://paladindanse111.github.io/AFSC-PDFs/35P.html,https://paladindanse111.github.io/AFSC-PDFs/BASE_PATRICK_SFB.html
PATRICK SFB,"28°14'21""N","80°36'26""W",17R NM 38533 23759,61C1,61C1 (CHEMIST/NUCLEAR CHEMIST),https://paladindanse111.github.io/AFSC-PDFs/61C.html,https://paladindanse111.github.io/AFSC-PDFs/BASE_PATRICK_SFB.html
PATRICK SFB,"28°14'21""N","80°36'26""W",17R NM 38533 23759,61D1,61D1 (PHYSICIST/NUCLEAR ENGINEER),https://paladindanse111.github.io/AFSC-PDFs/61D.html,https://paladindanse111.github.io/AFSC-PDFs/BASE_PATRICK_SFB.html
PATRICK SFB,"28°14'21""N","80°36'26""W",17R NM 38533 23759,62E1A,62E1A (DEVELOPMENTAL ENGINEER),https://paladindanse111.github.io/AFSC-PDFs/62E.html,https://paladindanse111.github.io/AFSC-PDFs/BASE_PATRICK_SFB.html
PATRICK SFB,"28°14'21""N","80°36'26""W",17R NM 38533 23759,62E1B,62E1B (DEVELOPMENTAL ENGINEER),https://paladindanse111.github.io/AFSC-PDFs/62E.html,https://paladindanse111.github.io/AFSC-PDFs/BASE_PATRICK_SFB.html
PATRICK SFB,"28°14'21""N","80°36'26""W",17R NM 38533 23759,62E1C,62E1C (DEVELOPMENTAL ENGINEER),https://paladindanse111.github.io/AFSC-PDFs/62E.html,https://paladindanse111.github.io/AFSC-PDFs/BASE_PATRICK_SFB.html
PATRICK SFB,"28°14'21""N","80°36'26""W",17R NM 38533 23759,62E1E,62E1E (DEVELOPMENTAL ENGINEER),https://paladindanse111.github.io/AFSC-PDFs/62E.html,https://paladindanse111.github.io/AFSC-PDFs/BASE_PATRICK_SFB.html
PATRICK SFB,"28°14'21""N","80°36'26""W",17R NM 38533 23759,62E1G,62E1G (DEVELOPMENTAL ENGINEER),https://paladindanse111.github.io/AFSC-PDFs/62E.html,https://paladindanse111.github.io/AFSC-PDFs/BASE_PATRICK_SFB.html
PATRICK SFB,"28°14'21""N","80°36'26""W",17R NM 38533 23759,62E1H,62E1H (DEVELOPMENTAL ENGINEER),https://paladindanse111.github.io/AFSC-PDFs/62E.html,https://paladindanse111.github.io/AFSC-PDFs/BASE_PATRICK_SFB.html
PATRICK SFB,"28°14'21""N","80°36'26""W",17R NM 38533 23759,62E1I,62E1I (DEVELOPMENTAL ENGINEER),https://paladindanse111.github.io/AFSC-PDFs/62E.html,https://paladindanse111.github.io/AFSC-PDFs/BASE_PATRICK_SFB.html
PATRICK SFB,"28°14'21""N","80°36'26""W",17R NM 38533 23759,63A1,63A1 (DEVELOPMENTAL ENGINEER),https://paladindanse111.github.io/AFSC-PDFs/63A.html,https://paladindanse111.github.io/AFSC-PDFs/BASE_PATRICK_SFB.html
PATRICK SFB,"28°14'21""N","80°36'26""W",17R NM 38533 23759,64P1,64P1 (CONTRACTING),https://paladindanse111.github.io/AFSC-PDFs/64P.html,https://paladindanse111.github.io/AFSC-PDFs/BASE_PATRICK_SFB.html
PATRICK SFB,"28°14'21""N","80°36'26""W",17R NM 38533 23759,65F1,65F1 (FINANCIAL MANAGEMENT),https://paladindanse111.github.io/AFSC-PDFs/65F.html,https://paladindanse111.github.io/AFSC-PDFs/BASE_PATRICK_SFB.html
PATUXENT RIVER NA,"38° 17' 10""N","76° 24' 42""W",18S UH 76539 38502,62E1A,62E1A (DEVELOPMENTAL ENGINEER),https://paladindanse111.github.io/AFSC-PDFs/62E.html,https://paladindanse111.github.io/AFSC-PDFs/BASE_PATUXENT_RIVER_NA.html
PATUXENT RIVER NA,"38° 17' 10""N","76° 24' 42""W",18S UH 76539 38502,62E1B,62E1B (DEVELOPMENTAL ENGINEER),https://paladindanse111.github.io/AFSC-PDFs/62E.html,https://paladindanse111.github.io/AFSC-PDFs/BASE_PATUXENT_RIVER_NA.html
PATUXENT RIVER NA,"38° 17' 10""N","76° 24' 42""W",18S UH 76539 38502,62E1C,62E1C (DEVELOPMENTAL ENGINEER),https://paladindanse111.github.io/AFSC-PDFs/62E.html,https://paladindanse111.github.io/AFSC-PDFs/BASE_PATUXENT_RIVER_NA.html
PATUXENT RIVER NA,"38° 17' 10""N","76° 24' 42""W",18S UH 76539 38502,62E1E,62E1E (DEVELOPMENTAL ENGINEER),https://paladindanse111.github.io/AFSC-PDFs/62E.html,https://paladindanse111.github.io/AFSC-PDFs/BASE_PATUXENT_RIVER_NA.html
PATUXENT RIVER NA,"38° 17' 10""N","76° 24' 42""W",18S UH 76539 38502,62E1G,62E1G (DEVELOPMENTAL ENGINEER),https://paladindanse111.github.io/AFSC-PDFs/62E.html,https://paladindanse111.github.io/AFSC-PDFs/BASE_PATUXENT_RIVER_NA.html
PATUXENT RIVER NA,"38° 17' 10""N","76° 24' 42""W",18S UH 76539 38502,62E1H,62E1H (DEVELOPMENTAL ENGINEER),https://paladindanse111.github.io/AFSC-PDFs/62E.html,https://paladindanse111.github.io/AFSC-PDFs/BASE_PATUXENT_RIVER_NA.html
PATUXENT RIVER NA,"38° 17' 10""N","76° 24' 42""W",18S UH 76539 38502,62E1I,62E1I (DEVELOPMENTAL ENGINEER),https://paladindanse111.github.io/AFSC-PDFs/62E.html,https://paladindanse111.github.io/AFSC-PDFs/BASE_PATUXENT_RIVER_NA.html
PATUXENT RIVER NA,"38° 17' 10""N","76° 24' 42""W",18S UH 76539 38502,63A1,63A1 (DEVELOPMENTAL ENGINEER),https://paladindanse111.github.io/AFSC-PDFs/63A.html,https://paladindanse111.github.io/AFSC-PDFs/BASE_PATUXENT_RIVER_NA.html
PENSACOLA NAS,"30° 21' 10""N","87° 16' 5""W",16R DU 74238 57907,92T1,92T1 (COMBAT SYSTEMS OFFICER TRAINEE),,https://paladindanse111.github.io/AFSC-PDFs/BASE_PENSACOLA_NAS.html
PENTAGON,"38°52'15""N","77°03'21""W",18S UJ 21650 04451,62E1A,62E1A (DEVELOPMENTAL ENGINEER),https://paladindanse111.github.io/AFSC-PDFs/62E.html,https://paladindanse111.github.io/AFSC-PDFs/BASE_PENTAGON.html
PENTAGON,"38°52'15""N","77°03'21""W",18S UJ 21650 04451,62E1B,62E1B (DEVELOPMENTAL ENGINEER),https://paladindanse111.github.io/AFSC-PDFs/62E.html,https://paladindanse111.github.io/AFSC-PDFs/BASE_PENTAGON.html
PENTAGON,"38°52'15""N","77°03'21""W",18S UJ 21650 04451,62E1C,62E1C (DEVELOPMENTAL ENGINEER),https://paladindanse111.github.io/AFSC-PDFs/62E.html,https://paladindanse111.github.io/AFSC-PDFs/BASE_PENTAGON.html
PENTAGON,"38°52'15""N","77°03'21""W",18S UJ 21650 04451,62E1E,62E1E (DEVELOPMENTAL ENGINEER),https://paladindanse111.github.io/AFSC-PDFs/62E.html,https://paladindanse111.github.io/AFSC-PDFs/BASE_PENTAGON.html
PENTAGON,"38°52'15""N","77°03'21""W",18S UJ 21650 04451,62E1G,62E1G (DEVELOPMENTAL ENGINEER),https://paladindanse111.github.io/AFSC-PDFs/62E.html,https://paladindanse111.github.io/AFSC-PDFs/BASE_PENTAGON.html
PENTAGON,"38°52'15""N","77°03'21""W",18S UJ 21650 04451,62E1H,62E1H (DEVELOPMENTAL ENGINEER),https://paladindanse111.github.io/AFSC-PDFs/62E.html,https://paladindanse111.github.io/AFSC-PDFs/BASE_PENTAGON.html
PENTAGON,"38°52'15""N","77°03'21""W",18S UJ 21650 04451,62E1I,62E1I (DEVELOPMENTAL ENGINEER),https://paladindanse111.github.io/AFSC-PDFs/62E.html,https://paladindanse111.github.io/AFSC-PDFs/BASE_PENTAGON.html
PETERSON SFB,"38°49'32""N","104°41'58""W",13S EC 26089 97461,13H1,13H1 (AEROSPACE PHYSIOLOGIST),https://paladindanse111.github.io/AFSC-PDFs/13H.html,https://paladindanse111.github.io/AFSC-PDFs/BASE_PETERSON_SFB.html
PETERSON SFB,"38°49'32""N","104°41'58""W",13S EC 26089 97461,15A1,15A1 (OPERATIONS ANALYSIS OFFICER),https://paladindanse111.github.io/AFSC-PDFs/15A.html,https://paladindanse111.github.io/AFSC-PDFs/BASE_PETERSON_SFB.html
PETERSON SFB,"38°49'32""N","104°41'58""W",13S EC 26089 97461,21R1,21R1 (LOGISTICS READINESS),https://paladindanse111.github.io/AFSC-PDFs/21R.html,https://paladindanse111.github.io/AFSC-PDFs/BASE_PETERSON_SFB.html
PETERSON SFB,"38°49'32""N","104°41'58""W",13S EC 26089 97461,32E1A,32E1A (CIVIL ENGINEER),https://paladindanse111.github.io/AFSC-PDFs/32E.html,https://paladindanse111.github.io/AFSC-PDFs/BASE_PETERSON_SFB.html
PETERSON SFB,"38°49'32""N","104°41'58""W",13S EC 26089 97461,32E1C,32E1C (CIVIL ENGINEER),https://paladindanse111.github.io/AFSC-PDFs/32E.html,https://paladindanse111.github.io/AFSC-PDFs/BASE_PETERSON_SFB.html
PETERSON SFB,"38°49'32""N","104°41'58""W",13S EC 26089 97461,32E1E,32E1E (CIVIL ENGINEER),https://paladindanse111.github.io/AFSC-PDFs/32E.html,https://paladindanse111.github.io/AFSC-PDFs/BASE_PETERSON_SFB.html
PETERSON SFB,"38°49'32""N","104°41'58""W",13S EC 26089 97461,32E1F,32E1F (CIVIL ENGINEER),https://paladindanse111.github.io/AFSC-PDFs/32E.html,https://paladindanse111.github.io/AFSC-PDFs/BASE_PETERSON_SFB.html
PETERSON SFB,"38°49'32""N","104°41'58""W",13S EC 26089 97461,32E1G,32E1G (CIVIL ENGINEER),https://paladindanse111.github.io/AFSC-PDFs/32E.html,https://paladindanse111.github.io/AFSC-PDFs/BASE_PETERSON_SFB.html
PETERSON SFB,"38°49'32""N","104°41'58""W",13S EC 26089 97461,32E1J,32E1J (CIVIL ENGINEER),https://paladindanse111.github.io/AFSC-PDFs/32E.html,https://paladindanse111.github.io/AFSC-PDFs/BASE_PETERSON_SFB.html
PETERSON SFB,"38°49'32""N","104°41'58""W",13S EC 26089 97461,35P1,35P1 (PUBLIC AFFAIRS),https://paladindanse111.github.io/AFSC-PDFs/35P.html,https://paladindanse111.github.io/AFSC-PDFs/BASE_PETERSON_SFB.html
PETERSON SFB,"38°49'32""N","104°41'58""W",13S EC 26089 97461,64P1,64P1 (CONTRACTING),https://paladindanse111.github.io/AFSC-PDFs/64P.html,https://paladindanse111.github.io/AFSC-PDFs/BASE_PETERSON_SFB.html
PETERSON SFB,"38°49'32""N","104°41'58""W",13S EC 26089 97461,65F1,65F1 (FINANCIAL MANAGEMENT),https://paladindanse111.github.io/AFSC-PDFs/65F.html,https://paladindanse111.github.io/AFSC-PDFs/BASE_PETERSON_SFB.html
PETERSON SFB,"38°49'32""N","104°41'58""W",13S EC 26089 97461,71S1,71S1 (SPECIAL INVESTIGATIONS),https://paladindanse111.github.io/AFSC-PDFs/71S.html,https://paladindanse111.github.io/AFSC-PDFs/BASE_PETERSON_SFB.html
POPE AAF,"35°10'16""N","79°01'02""W",17S PU 80566 93819,21R1,21R1 (LOGISTICS READINESS),https://paladindanse111.github.io/AFSC-PDFs/21R.html,https://paladindanse111.github.io/AFSC-PDFs/BASE_POPE_AAF.html
POPE AAF,"35°10'16""N","79°01'02""W",17S PU 80566 93819,38F1,38F1 (FORCE SUPPORT),https://paladindanse111.github.io/AFSC-PDFs/38F.html,https://paladindanse111.github.io/AFSC-PDFs/BASE_POPE_AAF.html
POPE AAF,"35°10'16""N","79°01'02""W",17S PU 80566 93819,65F1,65F1 (FINANCIAL MANAGEMENT),https://paladindanse111.github.io/AFSC-PDFs/65F.html,https://paladindanse111.github.io/AFSC-PDFs/BASE_POPE_AAF.html
POWAY,"32° 57' 5""N","117° 1' 7""W",11S MS 98260 45898,62E1A,62E1A (DEVELOPMENTAL ENGINEER),https://paladindanse111.github.io/AFSC-PDFs/62E.html,https://paladindanse111.github.io/AFSC-PDFs/BASE_POWAY.html
POWAY,"32° 57' 5""N","117° 1' 7""W",11S MS 98260 45898,62E1B,62E1B (DEVELOPMENTAL ENGINEER),https://paladindanse111.github.io/AFSC-PDFs/62E.html,https://paladindanse111.github.io/AFSC-PDFs/BASE_POWAY.html
POWAY,"32° 57' 5""N","117° 1' 7""W",11S MS 98260 45898,62E1C,62E1C (DEVELOPMENTAL ENGINEER),https://paladindanse111.github.io/AFSC-PDFs/62E.html,https://paladindanse111.github.io/AFSC-PDFs/BASE_POWAY.html
POWAY,"32° 57' 5""N","117° 1' 7""W",11S MS 98260 45898,62E1E,62E1E (DEVELOPMENTAL ENGINEER),https://paladindanse111.github.io/AFSC-PDFs/62E.html,https://paladindanse111.github.io/AFSC-PDFs/BASE_POWAY.html
POWAY,"32° 57' 5""N","117° 1' 7""W",11S MS 98260 45898,62E1G,62E1G (DEVELOPMENTAL ENGINEER),https://paladindanse111.github.io/AFSC-PDFs/62E.html,https://paladindanse111.github.io/AFSC-PDFs/BASE_POWAY.html
POWAY,"32° 57' 5""N","117° 1' 7""W",11S MS 98260 45898,62E1H,62E1H (DEVELOPMENTAL ENGINEER),https://paladindanse111.github.io/AFSC-PDFs/62E.html,https://paladindanse111.github.io/AFSC-PDFs/BASE_POWAY.html
POWAY,"32° 57' 5""N","117° 1' 7""W",11S MS 98260 45898,62E1I,62E1I (DEVELOPMENTAL ENGINEER),https://paladindanse111.github.io/AFSC-PDFs/62E.html,https://paladindanse111.github.io/AFSC-PDFs/BASE_POWAY.html
RAMSTEIN AB,"49°26'23""N","7°35'47""E",32U LV 98244 77286,21A1,21A1 (AIRCRAFT MAINTENANCE),https://paladindanse111.github.io/AFSC-PDFs/21A.html,https://paladindanse111.github.io/AFSC-PDFs/BASE_RAMSTEIN_AB.html
RAMSTEIN AB,"49°26'23""N","7°35'47""E",32U LV 98244 77286,21M1,21M1 (MUNITIONS AND MISSILE MAINTENANCE),https://paladindanse111.github.io/AFSC-PDFs/21M.html,https://paladindanse111.github.io/AFSC-PDFs/BASE_RAMSTEIN_AB.html
RAMSTEIN AB,"49°26'23""N","7°35'47""E",32U LV 98244 77286,21R1,21R1 (LOGISTICS READINESS),https://paladindanse111.github.io/AFSC-PDFs/21R.html,https://paladindanse111.github.io/AFSC-PDFs/BASE_RAMSTEIN_AB.html
RAMSTEIN AB,"49°26'23""N","7°35'47""E",32U LV 98244 77286,32E1A,32E1A (CIVIL ENGINEER),https://paladindanse111.github.io/AFSC-PDFs/32E.html,https://paladindanse111.github.io/AFSC-PDFs/BASE_RAMSTEIN_AB.html
RAMSTEIN AB,"49°26'23""N","7°35'47""E",32U LV 98244 77286,32E1C,32E1C (CIVIL ENGINEER),https://paladindanse111.github.io/AFSC-PDFs/32E.html,https://paladindanse111.github.io/AFSC-PDFs/BASE_RAMSTEIN_AB.html
RAMSTEIN AB,"49°26'23""N","7°35'47""E",32U LV 98244 77286,32E1E,32E1E (CIVIL ENGINEER),https://paladindanse111.github.io/AFSC-PDFs/32E.html,https://paladindanse111.github.io/AFSC-PDFs/BASE_RAMSTEIN_AB.html
RAMSTEIN AB,"49°26'23""N","7°35'47""E",32U LV 98244 77286,32E1F,32E1F (CIVIL ENGINEER),https://paladindanse111.github.io/AFSC-PDFs/32E.html,https://paladindanse111.github.io/AFSC-PDFs/BASE_RAMSTEIN_AB.html
RAMSTEIN AB,"49°26'23""N","7°35'47""E",32U LV 98244 77286,32E1G,32E1G (CIVIL ENGINEER),https://paladindanse111.github.io/AFSC-PDFs/32E.html,https://paladindanse111.github.io/AFSC-PDFs/BASE_RAMSTEIN_AB.html
RAMSTEIN AB,"49°26'23""N","7°35'47""E",32U LV 98244 77286,32E1J,32E1J (CIVIL ENGINEER),https://paladindanse111.github.io/AFSC-PDFs/32E.html,https://paladindanse111.github.io/AFSC-PDFs/BASE_RAMSTEIN_AB.html
RAMSTEIN AB,"49°26'23""N","7°35'47""E",32U LV 98244 77286,35P1,35P1 (PUBLIC AFFAIRS),https://paladindanse111.github.io/AFSC-PDFs/35P.html,https://paladindanse111.github.io/AFSC-PDFs/BASE_RAMSTEIN_AB.html
RAMSTEIN AB,"49°26'23""N","7°35'47""E",32U LV 98244 77286,38F1,38F1 (FORCE SUPPORT),https://paladindanse111.github.io/AFSC-PDFs/38F.html,https://paladindanse111.github.io/AFSC-PDFs/BASE_RAMSTEIN_AB.html
RAMSTEIN AB,"49°26'23""N","7°35'47""E",32U LV 98244 77286,64P1,64P1 (CONTRACTING),https://paladindanse111.github.io/AFSC-PDFs/64P.html,https://paladindanse111.github.io/AFSC-PDFs/BASE_RAMSTEIN_AB.html
RAMSTEIN AB,"49°26'23""N","7°35'47""E",32U LV 98244 77286,65F1,65F1 (FINANCIAL MANAGEMENT),https://paladindanse111.github.io/AFSC-PDFs/65F.html,https://paladindanse111.github.io/AFSC-PDFs/BASE_RAMSTEIN_AB.html
ROBINS AFB,"32°38'23""N","83°35'30""W",17S KS 56883 14314,13M1,13M1 (AIRFIELD OPERATIONS),https://paladindanse111.github.io/AFSC-PDFs/13M.html,https://paladindanse111.github.io/AFSC-PDFs/BASE_ROBINS_AFB.html
ROBINS AFB,"32°38'23""N","83°35'30""W",17S KS 56883 14314,21R1,21R1 (LOGISTICS READINESS),https://paladindanse111.github.io/AFSC-PDFs/21R.html,https://paladindanse111.github.io/AFSC-PDFs/BASE_ROBINS_AFB.html
ROBINS AFB,"32°38'23""N","83°35'30""W",17S KS 56883 14314,38F1,38F1 (FORCE SUPPORT),https://paladindanse111.github.io/AFSC-PDFs/38F.html,https://paladindanse111.github.io/AFSC-PDFs/BASE_ROBINS_AFB.html
ROBINS AFB,"32°38'23""N","83°35'30""W",17S KS 56883 14314,62E1A,62E1A (DEVELOPMENTAL ENGINEER),https://paladindanse111.github.io/AFSC-PDFs/62E.html,https://paladindanse111.github.io/AFSC-PDFs/BASE_ROBINS_AFB.html
ROBINS AFB,"32°38'23""N","83°35'30""W",17S KS 56883 14314,62E1B,62E1B (DEVELOPMENTAL ENGINEER),https://paladindanse111.github.io/AFSC-PDFs/62E.html,https://paladindanse111.github.io/AFSC-PDFs/BASE_ROBINS_AFB.html
ROBINS AFB,"32°38'23""N","83°35'30""W",17S KS 56883 14314,62E1C,62E1C (DEVELOPMENTAL ENGINEER),https://paladindanse111.github.io/AFSC-PDFs/62E.html,https://paladindanse111.github.io/AFSC-PDFs/BASE_ROBINS_AFB.html
ROBINS AFB,"32°38'23""N","83°35'30""W",17S KS 56883 14314,62E1E,62E1E (DEVELOPMENTAL ENGINEER),https://paladindanse111.github.io/AFSC-PDFs/62E.html,https://paladindanse111.github.io/AFSC-PDFs/BASE_ROBINS_AFB.html
ROBINS AFB,"32°38'23""N","83°35'30""W",17S KS 56883 14314,62E1G,62E1G (DEVELOPMENTAL ENGINEER),https://paladindanse111.github.io/AFSC-PDFs/62E.html,https://paladindanse111.github.io/AFSC-PDFs/BASE_ROBINS_AFB.html
ROBINS AFB,"32°38'23""N","83°35'30""W",17S KS 56883 14314,62E1H,62E1H (DEVELOPMENTAL ENGINEER),https://paladindanse111.github.io/AFSC-PDFs/62E.html,https://paladindanse111.github.io/AFSC-PDFs/BASE_ROBINS_AFB.html
ROBINS AFB,"32°38'23""N","83°35'30""W",17S KS 56883 14314,62E1I,62E1I (DEVELOPMENTAL ENGINEER),https://paladindanse111.github.io/AFSC-PDFs/62E.html,https://paladindanse111.github.io/AFSC-PDFs/BASE_ROBINS_AFB.html
ROBINS AFB,"32°38'23""N","83°35'30""W",17S KS 56883 14314,63A1,63A1 (DEVELOPMENTAL ENGINEER),https://paladindanse111.github.io/AFSC-PDFs/63A.html,https://paladindanse111.github.io/AFSC-PDFs/BASE_ROBINS_AFB.html
ROBINS AFB,"32°38'23""N","83°35'30""W",17S KS 56883 14314,64P1,64P1 (CONTRACTING),https://paladindanse111.github.io/AFSC-PDFs/64P.html,https://paladindanse111.github.io/AFSC-PDFs/BASE_ROBINS_AFB.html
ROBINS AFB,"32°38'23""N","83°35'30""W",17S KS 56883 14314,65F1,65F1 (FINANCIAL MANAGEMENT),https://paladindanse111.github.io/AFSC-PDFs/65F.html,https://paladindanse111.github.io/AFSC-PDFs/BASE_ROBINS_AFB.html
ROBINS AFB,"32°38'23""N","83°35'30""W",17S KS 56883 14314,71S1,71S1 (SPECIAL INVESTIGATIONS),https://paladindanse111.github.io/AFSC-PDFs/71S.html,https://paladindanse111.github.io/AFSC-PDFs/BASE_ROBINS_AFB.html
ROME LAB MTC,"43° 13' 57""N","75° 25' 0""W",18T VN 66166 86718,61D1,61D1 (PHYSICIST/NUCLEAR ENGINEER),https://paladindanse111.github.io/AFSC-PDFs/61D.html,https://paladindanse111.github.io/AFSC-PDFs/BASE_ROME_LAB_MTC.html
ROME LAB MTC,"43° 13' 57""N","75° 25' 0""W",18T VN 66166 86718,62E1C,62E1C (DEVELOPMENTAL ENGINEER),https://paladindanse111.github.io/AFSC-PDFs/62E.html,https://paladindanse111.github.io/AFSC-PDFs/BASE_ROME_LAB_MTC.html
ROME LAB MTC,"43° 13' 57""N","75° 25' 0""W",18T VN 66166 86718,62E1E,62E1E (DEVELOPMENTAL ENGINEER),https://paladindanse111.github.io/AFSC-PDFs/62E.html,https://paladindanse111.github.io/AFSC-PDFs/BASE_ROME_LAB_MTC.html
ROME LAB MTC,"43° 13' 57""N","75° 25' 0""W",18T VN 66166 86718,63A1,63A1 (DEVELOPMENTAL ENGINEER),https://paladindanse111.github.io/AFSC-PDFs/63A.html,https://paladindanse111.github.io/AFSC-PDFs/BASE_ROME_LAB_MTC.html
SCHRIEVER SFB,"38°48'12""N","104°31'32""W",13S EC 41196 95059,32E1A,32E1A (CIVIL ENGINEER),https://paladindanse111.github.io/AFSC-PDFs/32E.html,https://paladindanse111.github.io/AFSC-PDFs/BASE_SCHRIEVER_SFB.html
SCHRIEVER SFB,"38°48'12""N","104°31'32""W",13S EC 41196 95059,32E1C,32E1C (CIVIL ENGINEER),https://paladindanse111.github.io/AFSC-PDFs/32E.html,https://paladindanse111.github.io/AFSC-PDFs/BASE_SCHRIEVER_SFB.html
SCHRIEVER SFB,"38°48'12""N","104°31'32""W",13S EC 41196 95059,32E1E,32E1E (CIVIL ENGINEER),https://paladindanse111.github.io/AFSC-PDFs/32E.html,https://paladindanse111.github.io/AFSC-PDFs/BASE_SCHRIEVER_SFB.html
SCHRIEVER SFB,"38°48'12""N","104°31'32""W",13S EC 41196 95059,32E1F,32E1F (CIVIL ENGINEER),https://paladindanse111.github.io/AFSC-PDFs/32E.html,https://paladindanse111.github.io/AFSC-PDFs/BASE_SCHRIEVER_SFB.html
SCHRIEVER SFB,"38°48'12""N","104°31'32""W",13S EC 41196 95059,32E1G,32E1G (CIVIL ENGINEER),https://paladindanse111.github.io/AFSC-PDFs/32E.html,https://paladindanse111.github.io/AFSC-PDFs/BASE_SCHRIEVER_SFB.html
SCHRIEVER SFB,"38°48'12""N","104°31'32""W",13S EC 41196 95059,32E1J,32E1J (CIVIL ENGINEER),https://paladindanse111.github.io/AFSC-PDFs/32E.html,https://paladindanse111.github.io/AFSC-PDFs/BASE_SCHRIEVER_SFB.html
SCHRIEVER SFB,"38°48'12""N","104°31'32""W",13S EC 41196 95059,35P1,35P1 (PUBLIC AFFAIRS),https://paladindanse111.github.io/AFSC-PDFs/35P.html,https://paladindanse111.github.io/AFSC-PDFs/BASE_SCHRIEVER_SFB.html
SCHRIEVER SFB,"38°48'12""N","104°31'32""W",13S EC 41196 95059,64P1,64P1 (CONTRACTING),https://paladindanse111.github.io/AFSC-PDFs/64P.html,https://paladindanse111.github.io/AFSC-PDFs/BASE_SCHRIEVER_SFB.html
SCOTT AFB,"38°32'29""N","89°51'18""W",16S BH 51169 69750,14F1,14F1 (INFORMATION OPERATIONS),https://paladindanse111.github.io/AFSC-PDFs/14F.html,https://paladindanse111.github.io/AFSC-PDFs/BASE_SCOTT_AFB.html
SCOTT AFB,"38°32'29""N","89°51'18""W",16S BH 51169 69750,15A1,15A1 (OPERATIONS ANALYSIS OFFICER),https://paladindanse111.github.io/AFSC-PDFs/15A.html,https://paladindanse111.github.io/AFSC-PDFs/BASE_SCOTT_AFB.html
SCOTT AFB,"38°32'29""N","89°51'18""W",16S BH 51169 69750,15W1,15W1 (WEATHER AND ENVIRONMENTAL SCIENCES),https://paladindanse111.github.io/AFSC-PDFs/15W.html,https://paladindanse111.github.io/AFSC-PDFs/BASE_SCOTT_AFB.html
SCOTT AFB,"38°32'29""N","89°51'18""W",16S BH 51169 69750,21R1,21R1 (LOGISTICS READINESS),https://paladindanse111.github.io/AFSC-PDFs/21R.html,https://paladindanse111.github.io/AFSC-PDFs/BASE_SCOTT_AFB.html
SCOTT AFB,"38°32'29""N","89°51'18""W",16S BH 51169 69750,32E1A,32E1A (CIVIL ENGINEER),https://paladindanse111.github.io/AFSC-PDFs/32E.html,https://paladindanse111.github.io/AFSC-PDFs/BASE_SCOTT_AFB.html
SCOTT AFB,"38°32'29""N","89°51'18""W",16S BH 51169 69750,32E1C,32E1C (CIVIL ENGINEER),https://paladindanse111.github.io/AFSC-PDFs/32E.html,https://paladindanse111.github.io/AFSC-PDFs/BASE_SCOTT_AFB.html
SCOTT AFB,"38°32'29""N","89°51'18""W",16S BH 51169 69750,32E1E,32E1E (CIVIL ENGINEER),https://paladindanse111.github.io/AFSC-PDFs/32E.html,https://paladindanse111.github.io/AFSC-PDFs/BASE_SCOTT_AFB.html
SCOTT AFB,"38°32'29""N","89°51'18""W",16S BH 51169 69750,32E1F,32E1F (CIVIL ENGINEER),https://paladindanse111.github.io/AFSC-PDFs/32E.html,https://paladindanse111.github.io/AFSC-PDFs/BASE_SCOTT_AFB.html
SCOTT AFB,"38°32'29""N","89°51'18""W",16S BH 51169 69750,32E1G,32E1G (CIVIL ENGINEER),https://paladindanse111.github.io/AFSC-PDFs/32E.html,https://paladindanse111.github.io/AFSC-PDFs/BASE_SCOTT_AFB.html
SCOTT AFB,"38°32'29""N","89°51'18""W",16S BH 51169 69750,32E1J,32E1J (CIVIL ENGINEER),https://paladindanse111.github.io/AFSC-PDFs/32E.html,https://paladindanse111.github.io/AFSC-PDFs/BASE_SCOTT_AFB.html
SCOTT AFB,"38°32'29""N","89°51'18""W",16S BH 51169 69750,63A1,63A1 (DEVELOPMENTAL ENGINEER),https://paladindanse111.github.io/AFSC-PDFs/63A.html,https://paladindanse111.github.io/AFSC-PDFs/BASE_SCOTT_AFB.html
SCOTT AFB,"38°32'29""N","89°51'18""W",16S BH 51169 69750,64P1,64P1 (CONTRACTING),https://paladindanse111.github.io/AFSC-PDFs/64P.html,https://paladindanse111.github.io/AFSC-PDFs/BASE_SCOTT_AFB.html
SCOTT AFB,"38°32'29""N","89°51'18""W",16S BH 51169 69750,65F1,65F1 (FINANCIAL MANAGEMENT),https://paladindanse111.github.io/AFSC-PDFs/65F.html,https://paladindanse111.github.io/AFSC-PDFs/BASE_SCOTT_AFB.html
SCOTT AFB,"38°32'29""N","89°51'18""W",16S BH 51169 69750,71S1,71S1 (SPECIAL INVESTIGATIONS),https://paladindanse111.github.io/AFSC-PDFs/71S.html,https://paladindanse111.github.io/AFSC-PDFs/BASE_SCOTT_AFB.html
SEYMOUR JOHNSON AFB,"35°20'24""N","77°57'41""W",18S TE 30850 14774,21A1,21A1 (AIRCRAFT MAINTENANCE),https://paladindanse111.github.io/AFSC-PDFs/21A.html,https://paladindanse111.github.io/AFSC-PDFs/BASE_SEYMOUR_JOHNSON_AFB.html
SEYMOUR JOHNSON AFB,"35°20'24""N","77°57'41""W",18S TE 30850 14774,21M1,21M1 (MUNITIONS AND MISSILE MAINTENANCE),https://paladindanse111.github.io/AFSC-PDFs/21M.html,https://paladindanse111.github.io/AFSC-PDFs/BASE_SEYMOUR_JOHNSON_AFB.html
SEYMOUR JOHNSON AFB,"35°20'24""N","77°57'41""W",18S TE 30850 14774,21R1,21R1 (LOGISTICS READINESS),https://paladindanse111.github.io/AFSC-PDFs/21R.html,https://paladindanse111.github.io/AFSC-PDFs/BASE_SEYMOUR_JOHNSON_AFB.html
SEYMOUR JOHNSON AFB,"35°20'24""N","77°57'41""W",18S TE 30850 14774,32E1A,32E1A (CIVIL ENGINEER),https://paladindanse111.github.io/AFSC-PDFs/32E.html,https://paladindanse111.github.io/AFSC-PDFs/BASE_SEYMOUR_JOHNSON_AFB.html
SEYMOUR JOHNSON AFB,"35°20'24""N","77°57'41""W",18S TE 30850 14774,32E1C,32E1C (CIVIL ENGINEER),https://paladindanse111.github.io/AFSC-PDFs/32E.html,https://paladindanse111.github.io/AFSC-PDFs/BASE_SEYMOUR_JOHNSON_AFB.html
SEYMOUR JOHNSON AFB,"35°20'24""N","77°57'41""W",18S TE 30850 14774,32E1E,32E1E (CIVIL ENGINEER),https://paladindanse111.github.io/AFSC-PDFs/32E.html,https://paladindanse111.github.io/AFSC-PDFs/BASE_SEYMOUR_JOHNSON_AFB.html
SEYMOUR JOHNSON AFB,"35°20'24""N","77°57'41""W",18S TE 30850 14774,32E1F,32E1F (CIVIL ENGINEER),https://paladindanse111.github.io/AFSC-PDFs/32E.html,https://paladindanse111.github.io/AFSC-PDFs/BASE_SEYMOUR_JOHNSON_AFB.html
SEYMOUR JOHNSON AFB,"35°20'24""N","77°57'41""W",18S TE 30850 14774,32E1G,32E1G (CIVIL ENGINEER),https://paladindanse111.github.io/AFSC-PDFs/32E.html,https://paladindanse111.github.io/AFSC-PDFs/BASE_SEYMOUR_JOHNSON_AFB.html
SEYMOUR JOHNSON AFB,"35°20'24""N","77°57'41""W",18S TE 30850 14774,32E1J,32E1J (CIVIL ENGINEER),https://paladindanse111.github.io/AFSC-PDFs/32E.html,https://paladindanse111.github.io/AFSC-PDFs/BASE_SEYMOUR_JOHNSON_AFB.html
SEYMOUR JOHNSON AFB,"35°20'24""N","77°57'41""W",18S TE 30850 14774,35P1,35P1 (PUBLIC AFFAIRS),https://paladindanse111.github.io/AFSC-PDFs/35P.html,https://paladindanse111.github.io/AFSC-PDFs/BASE_SEYMOUR_JOHNSON_AFB.html
SEYMOUR JOHNSON AFB,"35°20'24""N","77°57'41""W",18S TE 30850 14774,38F1,38F1 (FORCE SUPPORT),https://paladindanse111.github.io/AFSC-PDFs/38F.html,https://paladindanse111.github.io/AFSC-PDFs/BASE_SEYMOUR_JOHNSON_AFB.html
SEYMOUR JOHNSON AFB,"35°20'24""N","77°57'41""W",18S TE 30850 14774,64P1,64P1 (CONTRACTING),https://paladindanse111.github.io/AFSC-PDFs/64P.html,https://paladindanse111.github.io/AFSC-PDFs/BASE_SEYMOUR_JOHNSON_AFB.html
SEYMOUR JOHNSON AFB,"35°20'24""N","77°57'41""W",18S TE 30850 14774,65F1,65F1 (FINANCIAL MANAGEMENT),https://paladindanse111.github.io/AFSC-PDFs/65F.html,https://paladindanse111.github.io/AFSC-PDFs/BASE_SEYMOUR_JOHNSON_AFB.html
SHAW AFB,"33°58'02""N","80°29'05""W",17S NT 47603 58641,15W1,15W1 (WEATHER AND ENVIRONMENTAL SCIENCES),https://paladindanse111.github.io/AFSC-PDFs/15W.html,https://paladindanse111.github.io/AFSC-PDFs/BASE_SHAW_AFB.html
SHAW AFB,"33°58'02""N","80°29'05""W",17S NT 47603 58641,21A1,21A1 (AIRCRAFT MAINTENANCE),https://paladindanse111.github.io/AFSC-PDFs/21A.html,https://paladindanse111.github.io/AFSC-PDFs/BASE_SHAW_AFB.html
SHAW AFB,"33°58'02""N","80°29'05""W",17S NT 47603 58641,21M1,21M1 (MUNITIONS AND MISSILE MAINTENANCE),https://paladindanse111.github.io/AFSC-PDFs/21M.html,https://paladindanse111.github.io/AFSC-PDFs/BASE_SHAW_AFB.html
SHAW AFB,"33°58'02""N","80°29'05""W",17S NT 47603 58641,21R1,21R1 (LOGISTICS READINESS),https://paladindanse111.github.io/AFSC-PDFs/21R.html,https://paladindanse111.github.io/AFSC-PDFs/BASE_SHAW_AFB.html
SHAW AFB,"33°58'02""N","80°29'05""W",17S NT 47603 58641,32E1A,32E1A (CIVIL ENGINEER),https://paladindanse111.github.io/AFSC-PDFs/32E.html,https://paladindanse111.github.io/AFSC-PDFs/BASE_SHAW_AFB.html
SHAW AFB,"33°58'02""N","80°29'05""W",17S NT 47603 58641,32E1C,32E1C (CIVIL ENGINEER),https://paladindanse111.github.io/AFSC-PDFs/32E.html,https://paladindanse111.github.io/AFSC-PDFs/BASE_SHAW_AFB.html
SHAW AFB,"33°58'02""N","80°29'05""W",17S NT 47603 58641,32E1E,32E1E (CIVIL ENGINEER),https://paladindanse111.github.io/AFSC-PDFs/32E.html,https://paladindanse111.github.io/AFSC-PDFs/BASE_SHAW_AFB.html
SHAW AFB,"33°58'02""N","80°29'05""W",17S NT 47603 58641,32E1F,32E1F (CIVIL ENGINEER),https://paladindanse111.github.io/AFSC-PDFs/32E.html,https://paladindanse111.github.io/AFSC-PDFs/BASE_SHAW_AFB.html
SHAW AFB,"33°58'02""N","80°29'05""W",17S NT 47603 58641,32E1G,32E1G (CIVIL ENGINEER),https://paladindanse111.github.io/AFSC-PDFs/32E.html,https://paladindanse111.github.io/AFSC-PDFs/BASE_SHAW_AFB.html
SHAW AFB,"33°58'02""N","80°29'05""W",17S NT 47603 58641,32E1J,32E1J (CIVIL ENGINEER),https://paladindanse111.github.io/AFSC-PDFs/32E.html,https://paladindanse111.github.io/AFSC-PDFs/BASE_SHAW_AFB.html
SHAW AFB,"33°58'02""N","80°29'05""W",17S NT 47603 58641,35P1,35P1 (PUBLIC AFFAIRS),https://paladindanse111.github.io/AFSC-PDFs/35P.html,https://paladindanse111.github.io/AFSC-PDFs/BASE_SHAW_AFB.html
SHAW AFB,"33°58'02""N","80°29'05""W",17S NT 47603 58641,38F1,38F1 (FORCE SUPPORT),https://paladindanse111.github.io/AFSC-PDFs/38F.html,https://paladindanse111.github.io/AFSC-PDFs/BASE_SHAW_AFB.html
SHAW AFB,"33°58'02""N","80°29'05""W",17S NT 47603 58641,64P1,64P1 (CONTRACTING),https://paladindanse111.github.io/AFSC-PDFs/64P.html,https://paladindanse111.github.io/AFSC-PDFs/BASE_SHAW_AFB.html
SHAW AFB,"33°58'02""N","80°29'05""W",17S NT 47603 58641,65F1,65F1 (FINANCIAL MANAGEMENT),https://paladindanse111.github.io/AFSC-PDFs/65F.html,https://paladindanse111.github.io/AFSC-PDFs/BASE_SHAW_AFB.html
SHAW AFB,"33°58'02""N","80°29'05""W",17S NT 47603 58641,71S1,71S1 (SPECIAL INVESTIGATIONS),https://paladindanse111.github.io/AFSC-PDFs/71S.html,https://paladindanse111.github.io/AFSC-PDFs/BASE_SHAW_AFB.html
SHEPPARD AFB,"33°58'06""N","98°30'38""W",14S NC 45216 58752,13H1,13H1 (AEROSPACE PHYSIOLOGIST),https://paladindanse111.github.io/AFSC-PDFs/13H.html,https://paladindanse111.github.io/AFSC-PDFs/BASE_SHEPPARD_AFB.html
SHEPPARD AFB,"33°58'06""N","98°30'38""W",14S NC 45216 58752,15W1,15W1 (WEATHER AND ENVIRONMENTAL SCIENCES),https://paladindanse111.github.io/AFSC-PDFs/15W.html,https://paladindanse111.github.io/AFSC-PDFs/BASE_SHEPPARD_AFB.html
SHEPPARD AFB,"33°58'06""N","98°30'38""W",14S NC 45216 58752,35P1,35P1 (PUBLIC AFFAIRS),https://paladindanse111.github.io/AFSC-PDFs/35P.html,https://paladindanse111.github.io/AFSC-PDFs/BASE_SHEPPARD_AFB.html
SHEPPARD AFB,"33°58'06""N","98°30'38""W",14S NC 45216 58752,38F1,38F1 (FORCE SUPPORT),https://paladindanse111.github.io/AFSC-PDFs/38F.html,https://paladindanse111.github.io/AFSC-PDFs/BASE_SHEPPARD_AFB.html
SHEPPARD AFB,"33°58'06""N","98°30'38""W",14S NC 45216 58752,64P1,64P1 (CONTRACTING),https://paladindanse111.github.io/AFSC-PDFs/64P.html,https://paladindanse111.github.io/AFSC-PDFs/BASE_SHEPPARD_AFB.html
SHEPPARD AFB,"33°58'06""N","98°30'38""W",14S NC 45216 58752,65F1,65F1 (FINANCIAL MANAGEMENT),https://paladindanse111.github.io/AFSC-PDFs/65F.html,https://paladindanse111.github.io/AFSC-PDFs/BASE_SHEPPARD_AFB.html
SHEPPARD AFB,"33°58'06""N","98°30'38""W",14S NC 45216 58752,71S1,71S1 (SPECIAL INVESTIGATIONS),https://paladindanse111.github.io/AFSC-PDFs/71S.html,https://paladindanse111.github.io/AFSC-PDFs/BASE_SHEPPARD_AFB.html
SHEPPARD AFB,"33°58'06""N","98°30'38""W",14S NC 45216 58752,92T0E,92T0E (PILOT TRAINEE ENJJPT),,https://paladindanse111.github.io/AFSC-PDFs/BASE_SHEPPARD_AFB.html
SPANGDAHLEM AB,"49°59'38""N","6°41'55""E",32U LA 35052 40489,21A1,21A1 (AIRCRAFT MAINTENANCE),https://paladindanse111.github.io/AFSC-PDFs/21A.html,https://paladindanse111.github.io/AFSC-PDFs/BASE_SPANGDAHLEM_AB.html
SPANGDAHLEM AB,"49°59'38""N","6°41'55""E",32U LA 35052 40489,21M1,21M1 (MUNITIONS AND MISSILE MAINTENANCE),https://paladindanse111.github.io/AFSC-PDFs/21M.html,https://paladindanse111.github.io/AFSC-PDFs/BASE_SPANGDAHLEM_AB.html
SPANGDAHLEM AB,"49°59'38""N","6°41'55""E",32U LA 35052 40489,21R1,21R1 (LOGISTICS READINESS),https://paladindanse111.github.io/AFSC-PDFs/21R.html,https://paladindanse111.github.io/AFSC-PDFs/BASE_SPANGDAHLEM_AB.html
SPANGDAHLEM AB,"49°59'38""N","6°41'55""E",32U LA 35052 40489,32E1A,32E1A (CIVIL ENGINEER),https://paladindanse111.github.io/AFSC-PDFs/32E.html,https://paladindanse111.github.io/AFSC-PDFs/BASE_SPANGDAHLEM_AB.html
SPANGDAHLEM AB,"49°59'38""N","6°41'55""E",32U LA 35052 40489,32E1C,32E1C (CIVIL ENGINEER),https://paladindanse111.github.io/AFSC-PDFs/32E.html,https://paladindanse111.github.io/AFSC-PDFs/BASE_SPANGDAHLEM_AB.html
SPANGDAHLEM AB,"49°59'38""N","6°41'55""E",32U LA 35052 40489,32E1E,32E1E (CIVIL ENGINEER),https://paladindanse111.github.io/AFSC-PDFs/32E.html,https://paladindanse111.github.io/AFSC-PDFs/BASE_SPANGDAHLEM_AB.html
SPANGDAHLEM AB,"49°59'38""N","6°41'55""E",32U LA 35052 40489,32E1F,32E1F (CIVIL ENGINEER),https://paladindanse111.github.io/AFSC-PDFs/32E.html,https://paladindanse111.github.io/AFSC-PDFs/BASE_SPANGDAHLEM_AB.html
SPANGDAHLEM AB,"49°59'38""N","6°41'55""E",32U LA 35052 40489,32E1G,32E1G (CIVIL ENGINEER),https://paladindanse111.github.io/AFSC-PDFs/32E.html,https://paladindanse111.github.io/AFSC-PDFs/BASE_SPANGDAHLEM_AB.html
SPANGDAHLEM AB,"49°59'38""N","6°41'55""E",32U LA 35052 40489,32E1J,32E1J (CIVIL ENGINEER),https://paladindanse111.github.io/AFSC-PDFs/32E.html,https://paladindanse111.github.io/AFSC-PDFs/BASE_SPANGDAHLEM_AB.html
SPANGDAHLEM AB,"49°59'38""N","6°41'55""E",32U LA 35052 40489,64P1,64P1 (CONTRACTING),https://paladindanse111.github.io/AFSC-PDFs/64P.html,https://paladindanse111.github.io/AFSC-PDFs/BASE_SPANGDAHLEM_AB.html
SPANGDAHLEM AB,"49°59'38""N","6°41'55""E",32U LA 35052 40489,65F1,65F1 (FINANCIAL MANAGEMENT),https://paladindanse111.github.io/AFSC-PDFs/65F.html,https://paladindanse111.github.io/AFSC-PDFs/BASE_SPANGDAHLEM_AB.html
TINKER AFB,"35°25'09""N","97°24'15""W",14S PE 44882 20698,13M1,13M1 (AIRFIELD OPERATIONS),https://paladindanse111.github.io/AFSC-PDFs/13M.html,https://paladindanse111.github.io/AFSC-PDFs/BASE_TINKER_AFB.html
TINKER AFB,"35°25'09""N","97°24'15""W",14S PE 44882 20698,15A1,15A1 (OPERATIONS ANALYSIS OFFICER),https://paladindanse111.github.io/AFSC-PDFs/15A.html,https://paladindanse111.github.io/AFSC-PDFs/BASE_TINKER_AFB.html
TINKER AFB,"35°25'09""N","97°24'15""W",14S PE 44882 20698,21A1,21A1 (AIRCRAFT MAINTENANCE),https://paladindanse111.github.io/AFSC-PDFs/21A.html,https://paladindanse111.github.io/AFSC-PDFs/BASE_TINKER_AFB.html
TINKER AFB,"35°25'09""N","97°24'15""W",14S PE 44882 20698,35P1,35P1 (PUBLIC AFFAIRS),https://paladindanse111.github.io/AFSC-PDFs/35P.html,https://paladindanse111.github.io/AFSC-PDFs/BASE_TINKER_AFB.html
TINKER AFB,"35°25'09""N","97°24'15""W",14S PE 44882 20698,38F1,38F1 (FORCE SUPPORT),https://paladindanse111.github.io/AFSC-PDFs/38F.html,https://paladindanse111.github.io/AFSC-PDFs/BASE_TINKER_AFB.html
TINKER AFB,"35°25'09""N","97°24'15""W",14S PE 44882 20698,62E1A,62E1A (DEVELOPMENTAL ENGINEER),https://paladindanse111.github.io/AFSC-PDFs/62E.html,https://paladindanse111.github.io/AFSC-PDFs/BASE_TINKER_AFB.html
TINKER AFB,"35°25'09""N","97°24'15""W",14S PE 44882 20698,62E1B,62E1B (DEVELOPMENTAL ENGINEER),https://paladindanse111.github.io/AFSC-PDFs/62E.html,https://paladindanse111.github.io/AFSC-PDFs/BASE_TINKER_AFB.html
TINKER AFB,"35°25'09""N","97°24'15""W",14S PE 44882 20698,62E1C,62E1C (DEVELOPMENTAL ENGINEER),https://paladindanse111.github.io/AFSC-PDFs/62E.html,https://paladindanse111.github.io/AFSC-PDFs/BASE_TINKER_AFB.html
TINKER AFB,"35°25'09""N","97°24'15""W",14S PE 44882 20698,62E1E,62E1E (DEVELOPMENTAL ENGINEER),https://paladindanse111.github.io/AFSC-PDFs/62E.html,https://paladindanse111.github.io/AFSC-PDFs/BASE_TINKER_AFB.html
TINKER AFB,"35°25'09""N","97°24'15""W",14S PE 44882 20698,62E1G,62E1G (DEVELOPMENTAL ENGINEER),https://paladindanse111.github.io/AFSC-PDFs/62E.html,https://paladindanse111.github.io/AFSC-PDFs/BASE_TINKER_AFB.html
TINKER AFB,"35°25'09""N","97°24'15""W",14S PE 44882 20698,62E1H,62E1H (DEVELOPMENTAL ENGINEER),https://paladindanse111.github.io/AFSC-PDFs/62E.html,https://paladindanse111.github.io/AFSC-PDFs/BASE_TINKER_AFB.html
TINKER AFB,"35°25'09""N","97°24'15""W",14S PE 44882 20698,62E1I,62E1I (DEVELOPMENTAL ENGINEER),https://paladindanse111.github.io/AFSC-PDFs/62E.html,https://paladindanse111.github.io/AFSC-PDFs/BASE_TINKER_AFB.html
TINKER AFB,"35°25'09""N","97°24'15""W",14S PE 44882 20698,63A1,63A1 (DEVELOPMENTAL ENGINEER),https://paladindanse111.github.io/AFSC-PDFs/63A.html,https://paladindanse111.github.io/AFSC-PDFs/BASE_TINKER_AFB.html
TINKER AFB,"35°25'09""N","97°24'15""W",14S PE 44882 20698,64P1,64P1 (CONTRACTING),https://paladindanse111.github.io/AFSC-PDFs/64P.html,https://paladindanse111.github.io/AFSC-PDFs/BASE_TINKER_AFB.html
TINKER AFB,"35°25'09""N","97°24'15""W",14S PE 44882 20698,65F1,65F1 (FINANCIAL MANAGEMENT),https://paladindanse111.github.io/AFSC-PDFs/65F.html,https://paladindanse111.github.io/AFSC-PDFs/BASE_TINKER_AFB.html
TINKER AFB,"35°25'09""N","97°24'15""W",14S PE 44882 20698,71S1,71S1 (SPECIAL INVESTIGATIONS),https://paladindanse111.github.io/AFSC-PDFs/71S.html,https://paladindanse111.github.io/AFSC-PDFs/BASE_TINKER_AFB.html
TRAVIS AFB,"38°16'09""N","121°56'51""W",10S EH 92069 36204,21A1,21A1 (AIRCRAFT MAINTENANCE),https://paladindanse111.github.io/AFSC-PDFs/21A.html,https://paladindanse111.github.io/AFSC-PDFs/BASE_TRAVIS_AFB.html
TRAVIS AFB,"38°16'09""N","121°56'51""W",10S EH 92069 36204,21R1,21R1 (LOGISTICS READINESS),https://paladindanse111.github.io/AFSC-PDFs/21R.html,https://paladindanse111.github.io/AFSC-PDFs/BASE_TRAVIS_AFB.html
TRAVIS AFB,"38°16'09""N","121°56'51""W",10S EH 92069 36204,32E1A,32E1A (CIVIL ENGINEER),https://paladindanse111.github.io/AFSC-PDFs/32E.html,https://paladindanse111.github.io/AFSC-PDFs/BASE_TRAVIS_AFB.html
TRAVIS AFB,"38°16'09""N","121°56'51""W",10S EH 92069 36204,32E1C,32E1C (CIVIL ENGINEER),https://paladindanse111.github.io/AFSC-PDFs/32E.html,https://paladindanse111.github.io/AFSC-PDFs/BASE_TRAVIS_AFB.html
TRAVIS AFB,"38°16'09""N","121°56'51""W",10S EH 92069 36204,32E1E,32E1E (CIVIL ENGINEER),https://paladindanse111.github.io/AFSC-PDFs/32E.html,https://paladindanse111.github.io/AFSC-PDFs/BASE_TRAVIS_AFB.html
TRAVIS AFB,"38°16'09""N","121°56'51""W",10S EH 92069 36204,32E1F,32E1F (CIVIL ENGINEER),https://paladindanse111.github.io/AFSC-PDFs/32E.html,https://paladindanse111.github.io/AFSC-PDFs/BASE_TRAVIS_AFB.html
TRAVIS AFB,"38°16'09""N","121°56'51""W",10S EH 92069 36204,32E1G,32E1G (CIVIL ENGINEER),https://paladindanse111.github.io/AFSC-PDFs/32E.html,https://paladindanse111.github.io/AFSC-PDFs/BASE_TRAVIS_AFB.html
TRAVIS AFB,"38°16'09""N","121°56'51""W",10S EH 92069 36204,32E1J,32E1J (CIVIL ENGINEER),https://paladindanse111.github.io/AFSC-PDFs/32E.html,https://paladindanse111.github.io/AFSC-PDFs/BASE_TRAVIS_AFB.html
TRAVIS AFB,"38°16'09""N","121°56'51""W",10S EH 92069 36204,35P1,35P1 (PUBLIC AFFAIRS),https://paladindanse111.github.io/AFSC-PDFs/35P.html,https://paladindanse111.github.io/AFSC-PDFs/BASE_TRAVIS_AFB.html
TRAVIS AFB,"38°16'09""N","121°56'51""W",10S EH 92069 36204,38F1,38F1 (FORCE SUPPORT),https://paladindanse111.github.io/AFSC-PDFs/38F.html,https://paladindanse111.github.io/AFSC-PDFs/BASE_TRAVIS_AFB.html
TRAVIS AFB,"38°16'09""N","121°56'51""W",10S EH 92069 36204,64P1,64P1 (CONTRACTING),https://paladindanse111.github.io/AFSC-PDFs/64P.html,https://paladindanse111.github.io/AFSC-PDFs/BASE_TRAVIS_AFB.html
TRAVIS AFB,"38°16'09""N","121°56'51""W",10S EH 92069 36204,65F1,65F1 (FINANCIAL MANAGEMENT),https://paladindanse111.github.io/AFSC-PDFs/65F.html,https://paladindanse111.github.io/AFSC-PDFs/BASE_TRAVIS_AFB.html
TRAVIS AFB,"38°16'09""N","121°56'51""W",10S EH 92069 36204,71S1,71S1 (SPECIAL INVESTIGATIONS),https://paladindanse111.github.io/AFSC-PDFs/71S.html,https://paladindanse111.github.io/AFSC-PDFs/BASE_TRAVIS_AFB.html
TUCSON INTL,"32° 6' 58""N","110° 56' 28""W",12S WA 05555 53307,62E1A,62E1A (DEVELOPMENTAL ENGINEER),https://paladindanse111.github.io/AFSC-PDFs/62E.html,https://paladindanse111.github.io/AFSC-PDFs/BASE_TUCSON_INTL.html
TUCSON INTL,"32° 6' 58""N","110° 56' 28""W",12S WA 05555 53307,62E1B,62E1B (DEVELOPMENTAL ENGINEER),https://paladindanse111.github.io/AFSC-PDFs/62E.html,https://paladindanse111.github.io/AFSC-PDFs/BASE_TUCSON_INTL.html
TUCSON INTL,"32° 6' 58""N","110° 56' 28""W",12S WA 05555 53307,62E1C,62E1C (DEVELOPMENTAL ENGINEER),https://paladindanse111.github.io/AFSC-PDFs/62E.html,https://paladindanse111.github.io/AFSC-PDFs/BASE_TUCSON_INTL.html
TUCSON INTL,"32° 6' 58""N","110° 56' 28""W",12S WA 05555 53307,62E1E,62E1E (DEVELOPMENTAL ENGINEER),https://paladindanse111.github.io/AFSC-PDFs/62E.html,https://paladindanse111.github.io/AFSC-PDFs/BASE_TUCSON_INTL.html
TUCSON INTL,"32° 6' 58""N","110° 56' 28""W",12S WA 05555 53307,62E1G,62E1G (DEVELOPMENTAL ENGINEER),https://paladindanse111.github.io/AFSC-PDFs/62E.html,https://paladindanse111.github.io/AFSC-PDFs/BASE_TUCSON_INTL.html
TUCSON INTL,"32° 6' 58""N","110° 56' 28""W",12S WA 05555 53307,62E1H,62E1H (DEVELOPMENTAL ENGINEER),https://paladindanse111.github.io/AFSC-PDFs/62E.html,https://paladindanse111.github.io/AFSC-PDFs/BASE_TUCSON_INTL.html
TUCSON INTL,"32° 6' 58""N","110° 56' 28""W",12S WA 05555 53307,62E1I,62E1I (DEVELOPMENTAL ENGINEER),https://paladindanse111.github.io/AFSC-PDFs/62E.html,https://paladindanse111.github.io/AFSC-PDFs/BASE_TUCSON_INTL.html
TYNDALL AFB,"30°04'47""N","85°36'26""W",16R FU 34229 28437,15A1,15A1 (OPERATIONS ANALYSIS OFFICER),https://paladindanse111.github.io/AFSC-PDFs/15A.html,https://paladindanse111.github.io/AFSC-PDFs/BASE_TYNDALL_AFB.html
TYNDALL AFB,"30°04'47""N","85°36'26""W",16R FU 34229 28437,21A1,21A1 (AIRCRAFT MAINTENANCE),https://paladindanse111.github.io/AFSC-PDFs/21A.html,https://paladindanse111.github.io/AFSC-PDFs/BASE_TYNDALL_AFB.html
TYNDALL AFB,"30°04'47""N","85°36'26""W",16R FU 34229 28437,21M1,21M1 (MUNITIONS AND MISSILE MAINTENANCE),https://paladindanse111.github.io/AFSC-PDFs/21M.html,https://paladindanse111.github.io/AFSC-PDFs/BASE_TYNDALL_AFB.html
TYNDALL AFB,"30°04'47""N","85°36'26""W",16R FU 34229 28437,21R1,21R1 (LOGISTICS READINESS),https://paladindanse111.github.io/AFSC-PDFs/21R.html,https://paladindanse111.github.io/AFSC-PDFs/BASE_TYNDALL_AFB.html
TYNDALL AFB,"30°04'47""N","85°36'26""W",16R FU 34229 28437,32E1A,32E1A (CIVIL ENGINEER),https://paladindanse111.github.io/AFSC-PDFs/32E.html,https://paladindanse111.github.io/AFSC-PDFs/BASE_TYNDALL_AFB.html
TYNDALL AFB,"30°04'47""N","85°36'26""W",16R FU 34229 28437,32E1C,32E1C (CIVIL ENGINEER),https://paladindanse111.github.io/AFSC-PDFs/32E.html,https://paladindanse111.github.io/AFSC-PDFs/BASE_TYNDALL_AFB.html
TYNDALL AFB,"30°04'47""N","85°36'26""W",16R FU 34229 28437,32E1E,32E1E (CIVIL ENGINEER),https://paladindanse111.github.io/AFSC-PDFs/32E.html,https://paladindanse111.github.io/AFSC-PDFs/BASE_TYNDALL_AFB.html
TYNDALL AFB,"30°04'47""N","85°36'26""W",16R FU 34229 28437,32E1F,32E1F (CIVIL ENGINEER),https://paladindanse111.github.io/AFSC-PDFs/32E.html,https://paladindanse111.github.io/AFSC-PDFs/BASE_TYNDALL_AFB.html
TYNDALL AFB,"30°04'47""N","85°36'26""W",16R FU 34229 28437,32E1G,32E1G (CIVIL ENGINEER),https://paladindanse111.github.io/AFSC-PDFs/32E.html,https://paladindanse111.github.io/AFSC-PDFs/BASE_TYNDALL_AFB.html
TYNDALL AFB,"30°04'47""N","85°36'26""W",16R FU 34229 28437,32E1J,32E1J (CIVIL ENGINEER),https://paladindanse111.github.io/AFSC-PDFs/32E.html,https://paladindanse111.github.io/AFSC-PDFs/BASE_TYNDALL_AFB.html
TYNDALL AFB,"30°04'47""N","85°36'26""W",16R FU 34229 28437,35P1,35P1 (PUBLIC AFFAIRS),https://paladindanse111.github.io/AFSC-PDFs/35P.html,https://paladindanse111.github.io/AFSC-PDFs/BASE_TYNDALL_AFB.html
TYNDALL AFB,"30°04'47""N","85°36'26""W",16R FU 34229 28437,62E1A,62E1A (DEVELOPMENTAL ENGINEER),https://paladindanse111.github.io/AFSC-PDFs/62E.html,https://paladindanse111.github.io/AFSC-PDFs/BASE_TYNDALL_AFB.html
TYNDALL AFB,"30°04'47""N","85°36'26""W",16R FU 34229 28437,62E1B,62E1B (DEVELOPMENTAL ENGINEER),https://paladindanse111.github.io/AFSC-PDFs/62E.html,https://paladindanse111.github.io/AFSC-PDFs/BASE_TYNDALL_AFB.html
TYNDALL AFB,"30°04'47""N","85°36'26""W",16R FU 34229 28437,62E1C,62E1C (DEVELOPMENTAL ENGINEER),https://paladindanse111.github.io/AFSC-PDFs/62E.html,https://paladindanse111.github.io/AFSC-PDFs/BASE_TYNDALL_AFB.html
TYNDALL AFB,"30°04'47""N","85°36'26""W",16R FU 34229 28437,62E1E,62E1E (DEVELOPMENTAL ENGINEER),https://paladindanse111.github.io/AFSC-PDFs/62E.html,https://paladindanse111.github.io/AFSC-PDFs/BASE_TYNDALL_AFB.html
TYNDALL AFB,"30°04'47""N","85°36'26""W",16R FU 34229 28437,62E1G,62E1G (DEVELOPMENTAL ENGINEER),https://paladindanse111.github.io/AFSC-PDFs/62E.html,https://paladindanse111.github.io/AFSC-PDFs/BASE_TYNDALL_AFB.html
TYNDALL AFB,"30°04'47""N","85°36'26""W",16R FU 34229 28437,62E1H,62E1H (DEVELOPMENTAL ENGINEER),https://paladindanse111.github.io/AFSC-PDFs/62E.html,https://paladindanse111.github.io/AFSC-PDFs/BASE_TYNDALL_AFB.html
TYNDALL AFB,"30°04'47""N","85°36'26""W",16R FU 34229 28437,62E1I,62E1I (DEVELOPMENTAL ENGINEER),https://paladindanse111.github.io/AFSC-PDFs/62E.html,https://paladindanse111.github.io/AFSC-PDFs/BASE_TYNDALL_AFB.html
TYNDALL AFB,"30°04'47""N","85°36'26""W",16R FU 34229 28437,63A1,63A1 (DEVELOPMENTAL ENGINEER),https://paladindanse111.github.io/AFSC-PDFs/63A.html,https://paladindanse111.github.io/AFSC-PDFs/BASE_TYNDALL_AFB.html
TYNDALL AFB,"30°04'47""N","85°36'26""W",16R FU 34229 28437,64P1,64P1 (CONTRACTING),https://paladindanse111.github.io/AFSC-PDFs/64P.html,https://paladindanse111.github.io/AFSC-PDFs/BASE_TYNDALL_AFB.html
TYNDALL AFB,"30°04'47""N","85°36'26""W",16R FU 34229 28437,65F1,65F1 (FINANCIAL MANAGEMENT),https://paladindanse111.github.io/AFSC-PDFs/65F.html,https://paladindanse111.github.io/AFSC-PDFs/BASE_TYNDALL_AFB.html
TYNDALL AFB,"30°04'47""N","85°36'26""W",16R FU 34229 28437,92T2,92T2 (AIR BATTLE MANAGER TRAINEE),,https://paladindanse111.github.io/AFSC-PDFs/BASE_TYNDALL_AFB.html
VANCE AFB,"36°20'21""N","97°54'47""W",14S NF 97544 22116,13H1,13H1 (AEROSPACE PHYSIOLOGIST),https://paladindanse111.github.io/AFSC-PDFs/13H.html,https://paladindanse111.github.io/AFSC-PDFs/BASE_VANCE_AFB.html
VANCE AFB,"36°20'21""N","97°54'47""W",14S NF 97544 22116,15W1,15W1 (WEATHER AND ENVIRONMENTAL SCIENCES),https://paladindanse111.github.io/AFSC-PDFs/15W.html,https://paladindanse111.github.io/AFSC-PDFs/BASE_VANCE_AFB.html
VANCE AFB,"36°20'21""N","97°54'47""W",14S NF 97544 22116,35P1,35P1 (PUBLIC AFFAIRS),https://paladindanse111.github.io/AFSC-PDFs/35P.html,https://paladindanse111.github.io/AFSC-PDFs/BASE_VANCE_AFB.html
VANCE AFB,"36°20'21""N","97°54'47""W",14S NF 97544 22116,64P1,64P1 (CONTRACTING),https://paladindanse111.github.io/AFSC-PDFs/64P.html,https://paladindanse111.github.io/AFSC-PDFs/BASE_VANCE_AFB.html
VANCE AFB,"36°20'21""N","97°54'47""W",14S NF 97544 22116,65F1,65F1 (FINANCIAL MANAGEMENT),https://paladindanse111.github.io/AFSC-PDFs/65F.html,https://paladindanse111.github.io/AFSC-PDFs/BASE_VANCE_AFB.html
VANCE AFB,"36°20'21""N","97°54'47""W",14S NF 97544 22116,92T0,92T0 (PILOT TRAINEE),,https://paladindanse111.github.io/AFSC-PDFs/BASE_VANCE_AFB.html
VANDENBERG SFB,"34°44'31""N","120°34'20""W",10S GD 22255 47110,13N1,13N1 (NUCLEAR AND MISSILE OPERATIONS),https://paladindanse111.github.io/AFSC-PDFs/13N.html,https://paladindanse111.github.io/AFSC-PDFs/BASE_VANDENBERG_SFB.html
VANDENBERG SFB,"34°44'31""N","120°34'20""W",10S GD 22255 47110,21M1,21M1 (MUNITIONS AND MISSILE MAINTENANCE),https://paladindanse111.github.io/AFSC-PDFs/21M.html,https://paladindanse111.github.io/AFSC-PDFs/BASE_VANDENBERG_SFB.html
VANDENBERG SFB,"34°44'31""N","120°34'20""W",10S GD 22255 47110,32E1A,32E1A (CIVIL ENGINEER),https://paladindanse111.github.io/AFSC-PDFs/32E.html,https://paladindanse111.github.io/AFSC-PDFs/BASE_VANDENBERG_SFB.html
VANDENBERG SFB,"34°44'31""N","120°34'20""W",10S GD 22255 47110,32E1C,32E1C (CIVIL ENGINEER),https://paladindanse111.github.io/AFSC-PDFs/32E.html,https://paladindanse111.github.io/AFSC-PDFs/BASE_VANDENBERG_SFB.html
VANDENBERG SFB,"34°44'31""N","120°34'20""W",10S GD 22255 47110,32E1E,32E1E (CIVIL ENGINEER),https://paladindanse111.github.io/AFSC-PDFs/32E.html,https://paladindanse111.github.io/AFSC-PDFs/BASE_VANDENBERG_SFB.html
VANDENBERG SFB,"34°44'31""N","120°34'20""W",10S GD 22255 47110,32E1F,32E1F (CIVIL ENGINEER),https://paladindanse111.github.io/AFSC-PDFs/32E.html,https://paladindanse111.github.io/AFSC-PDFs/BASE_VANDENBERG_SFB.html
VANDENBERG SFB,"34°44'31""N","120°34'20""W",10S GD 22255 47110,32E1G,32E1G (CIVIL ENGINEER),https://paladindanse111.github.io/AFSC-PDFs/32E.html,https://paladindanse111.github.io/AFSC-PDFs/BASE_VANDENBERG_SFB.html
VANDENBERG SFB,"34°44'31""N","120°34'20""W",10S GD 22255 47110,32E1J,32E1J (CIVIL ENGINEER),https://paladindanse111.github.io/AFSC-PDFs/32E.html,https://paladindanse111.github.io/AFSC-PDFs/BASE_VANDENBERG_SFB.html
VANDENBERG SFB,"34°44'31""N","120°34'20""W",10S GD 22255 47110,35P1,35P1 (PUBLIC AFFAIRS),https://paladindanse111.github.io/AFSC-PDFs/35P.html,https://paladindanse111.github.io/AFSC-PDFs/BASE_VANDENBERG_SFB.html
VANDENBERG SFB,"34°44'31""N","120°34'20""W",10S GD 22255 47110,38F1,38F1 (FORCE SUPPORT),https://paladindanse111.github.io/AFSC-PDFs/38F.html,https://paladindanse111.github.io/AFSC-PDFs/BASE_VANDENBERG_SFB.html
VANDENBERG SFB,"34°44'31""N","120°34'20""W",10S GD 22255 47110,64P1,64P1 (CONTRACTING),https://paladindanse111.github.io/AFSC-PDFs/64P.html,https://paladindanse111.github.io/AFSC-PDFs/BASE_VANDENBERG_SFB.html
VANDENBERG SFB,"34°44'31""N","120°34'20""W",10S GD 22255 47110,65F1,65F1 (FINANCIAL MANAGEMENT),https://paladindanse111.github.io/AFSC-PDFs/65F.html,https://paladindanse111.github.io/AFSC-PDFs/BASE_VANDENBERG_SFB.html
WRIGHT-PATTERSON AFB,"39°48'37""N","84°01'55""W",16S GK 54072 10915,13H1,13H1 (AEROSPACE PHYSIOLOGIST),https://paladindanse111.github.io/AFSC-PDFs/13H.html,https://paladindanse111.github.io/AFSC-PDFs/BASE_WRIGHT-PATTERSON_AFB.html
WRIGHT-PATTERSON AFB,"39°48'37""N","84°01'55""W",16S GK 54072 10915,13M1,13M1 (AIRFIELD OPERATIONS),https://paladindanse111.github.io/AFSC-PDFs/13M.html,https://paladindanse111.github.io/AFSC-PDFs/BASE_WRIGHT-PATTERSON_AFB.html
WRIGHT-PATTERSON AFB,"39°48'37""N","84°01'55""W",16S GK 54072 10915,14F1,14F1 (INFORMATION OPERATIONS),https://paladindanse111.github.io/AFSC-PDFs/14F.html,https://paladindanse111.github.io/AFSC-PDFs/BASE_WRIGHT-PATTERSON_AFB.html
WRIGHT-PATTERSON AFB,"39°48'37""N","84°01'55""W",16S GK 54072 10915,15A1,15A1 (OPERATIONS ANALYSIS OFFICER),https://paladindanse111.github.io/AFSC-PDFs/15A.html,https://paladindanse111.github.io/AFSC-PDFs/BASE_WRIGHT-PATTERSON_AFB.html
WRIGHT-PATTERSON AFB,"39°48'37""N","84°01'55""W",16S GK 54072 10915,38F1,38F1 (FORCE SUPPORT),https://paladindanse111.github.io/AFSC-PDFs/38F.html,https://paladindanse111.github.io/AFSC-PDFs/BASE_WRIGHT-PATTERSON_AFB.html
WRIGHT-PATTERSON AFB,"39°48'37""N","84°01'55""W",16S GK 54072 10915,61C1,61C1 (CHEMIST/NUCLEAR CHEMIST),https://paladindanse111.github.io/AFSC-PDFs/61C.html,https://paladindanse111.github.io/AFSC-PDFs/BASE_WRIGHT-PATTERSON_AFB.html
WRIGHT-PATTERSON AFB,"39°48'37""N","84°01'55""W",16S GK 54072 10915,61D1,61D1 (PHYSICIST/NUCLEAR ENGINEER),https://paladindanse111.github.io/AFSC-PDFs/61D.html,https://paladindanse111.github.io/AFSC-PDFs/BASE_WRIGHT-PATTERSON_AFB.html
WRIGHT-PATTERSON AFB,"39°48'37""N","84°01'55""W",16S GK 54072 10915,62E1A,62E1A (DEVELOPMENTAL ENGINEER),https://paladindanse111.github.io/AFSC-PDFs/62E.html,https://paladindanse111.github.io/AFSC-PDFs/BASE_WRIGHT-PATTERSON_AFB.html
WRIGHT-PATTERSON AFB,"39°48'37""N","84°01'55""W",16S GK 54072 10915,62E1B,62E1B (DEVELOPMENTAL ENGINEER),https://paladindanse111.github.io/AFSC-PDFs/62E.html,https://paladindanse111.github.io/AFSC-PDFs/BASE_WRIGHT-PATTERSON_AFB.html
WRIGHT-PATTERSON AFB,"39°48'37""N","84°01'55""W",16S GK 54072 10915,62E1C,62E1C (DEVELOPMENTAL ENGINEER),https://paladindanse111.github.io/AFSC-PDFs/62E.html,https://paladindanse111.github.io/AFSC-PDFs/BASE_WRIGHT-PATTERSON_AFB.html
WRIGHT-PATTERSON AFB,"39°48'37""N","84°01'55""W",16S GK 54072 10915,62E1E,62E1E (DEVELOPMENTAL ENGINEER),https://paladindanse111.github.io/AFSC-PDFs/62E.html,https://paladindanse111.github.io/AFSC-PDFs/BASE_WRIGHT-PATTERSON_AFB.html
WRIGHT-PATTERSON AFB,"39°48'37""N","84°01'55""W",16S GK 54072 10915,62E1G,62E1G (DEVELOPMENTAL ENGINEER),https://paladindanse111.github.io/AFSC-PDFs/62E.html,https://paladindanse111.github.io/AFSC-PDFs/BASE_WRIGHT-PATTERSON_AFB.html
WRIGHT-PATTERSON AFB,"39°48'37""N","84°01'55""W",16S GK 54072 10915,62E1H,62E1H (DEVELOPMENTAL ENGINEER),https://paladindanse111.github.io/AFSC-PDFs/62E.html,https://paladindanse111.github.io/AFSC-PDFs/BASE_WRIGHT-PATTERSON_AFB.html
WRIGHT-PATTERSON AFB,"39°48'37""N","84°01'55""W",16S GK 54072 10915,62E1I,62E1I (DEVELOPMENTAL ENGINEER),https://paladindanse111.github.io/AFSC-PDFs/62E.html,https://paladindanse111.github.io/AFSC-PDFs/BASE_WRIGHT-PATTERSON_AFB.html
WRIGHT-PATTERSON AFB,"39°48'37""N","84°01'55""W",16S GK 54072 10915,63A1,63A1 (DEVELOPMENTAL ENGINEER),https://paladindanse111.github.io/AFSC-PDFs/63A.html,https://paladindanse111.github.io/AFSC-PDFs/BASE_WRIGHT-PATTERSON_AFB.html
WRIGHT-PATTERSON AFB,"39°48'37""N","84°01'55""W",16S GK 54072 10915,64P1,64P1 (CONTRACTING),https://paladindanse111.github.io/AFSC-PDFs/64P.html,https://paladindanse111.github.io/AFSC-PDFs/BASE_WRIGHT-PATTERSON_AFB.html
WRIGHT-PATTERSON AFB,"39°48'37""N","84°01'55""W",16S GK 54072 10915,65F1,65F1 (FINANCIAL MANAGEMENT),https://paladindanse111.github.io/AFSC-PDFs/65F.html,https://paladindanse111.github.io/AFSC-PDFs/BASE_WRIGHT-PATTERSON_AFB.html
WRIGHT-PATTERSON AFB,"39°48'37""N","84°01'55""W",16S GK 54072 10915,71S1,71S1 (SPECIAL INVESTIGATIONS),https://paladindanse111.github.io/AFSC-PDFs/71S.html,https://paladindanse111.github.io/AFSC-PDFs/BASE_WRIGHT-PATTERSON_AFB.html
WHITEMAN AFB,"38°43'44""N","93°33'37""W",15S VC 51299 86840,15A1,15A1 (OPERATIONS ANALYSIS OFFICER),https://paladindanse111.github.io/AFSC-PDFs/15A.html,https://paladindanse111.github.io/AFSC-PDFs/BASE_WHITEMAN_AFB.html
WHITEMAN AFB,"38°43'44""N","93°33'37""W",15S VC 51299 86840,15W1,15W1 (WEATHER AND ENVIRONMENTAL SCIENCES),https://paladindanse111.github.io/AFSC-PDFs/15W.html,https://paladindanse111.github.io/AFSC-PDFs/BASE_WHITEMAN_AFB.html
WHITEMAN AFB,"38°43'44""N","93°33'37""W",15S VC 51299 86840,21A1,21A1 (AIRCRAFT MAINTENANCE),https://paladindanse111.github.io/AFSC-PDFs/21A.html,https://paladindanse111.github.io/AFSC-PDFs/BASE_WHITEMAN_AFB.html
WHITEMAN AFB,"38°43'44""N","93°33'37""W",15S VC 51299 86840,21M1,21M1 (MUNITIONS AND MISSILE MAINTENANCE),https://paladindanse111.github.io/AFSC-PDFs/21M.html,https://paladindanse111.github.io/AFSC-PDFs/BASE_WHITEMAN_AFB.html
WHITEMAN AFB,"38°43'44""N","93°33'37""W",15S VC 51299 86840,21R1,21R1 (LOGISTICS READINESS),https://paladindanse111.github.io/AFSC-PDFs/21R.html,https://paladindanse111.github.io/AFSC-PDFs/BASE_WHITEMAN_AFB.html
WHITEMAN AFB,"38°43'44""N","93°33'37""W",15S VC 51299 86840,31P1,31P1 (SECURITY FORCES),https://paladindanse111.github.io/AFSC-PDFs/31P.html,https://paladindanse111.github.io/AFSC-PDFs/BASE_WHITEMAN_AFB.html
WHITEMAN AFB,"38°43'44""N","93°33'37""W",15S VC 51299 86840,32E1A,32E1A (CIVIL ENGINEER),https://paladindanse111.github.io/AFSC-PDFs/32E.html,https://paladindanse111.github.io/AFSC-PDFs/BASE_WHITEMAN_AFB.html
WHITEMAN AFB,"38°43'44""N","93°33'37""W",15S VC 51299 86840,32E1C,32E1C (CIVIL ENGINEER),https://paladindanse111.github.io/AFSC-PDFs/32E.html,https://paladindanse111.github.io/AFSC-PDFs/BASE_WHITEMAN_AFB.html
WHITEMAN AFB,"38°43'44""N","93°33'37""W",15S VC 51299 86840,32E1E,32E1E (CIVIL ENGINEER),https://paladindanse111.github.io/AFSC-PDFs/32E.html,https://paladindanse111.github.io/AFSC-PDFs/BASE_WHITEMAN_AFB.html
WHITEMAN AFB,"38°43'44""N","93°33'37""W",15S VC 51299 86840,32E1F,32E1F (CIVIL ENGINEER),https://paladindanse111.github.io/AFSC-PDFs/32E.html,https://paladindanse111.github.io/AFSC-PDFs/BASE_WHITEMAN_AFB.html
WHITEMAN AFB,"38°43'44""N","93°33'37""W",15S VC 51299 86840,32E1G,32E1G (CIVIL ENGINEER),https://paladindanse111.github.io/AFSC-PDFs/32E.html,https://paladindanse111.github.io/AFSC-PDFs/BASE_WHITEMAN_AFB.html
WHITEMAN AFB,"38°43'44""N","93°33'37""W",15S VC 51299 86840,32E1J,32E1J (CIVIL ENGINEER),https://paladindanse111.github.io/AFSC-PDFs/32E.html,https://paladindanse111.github.io/AFSC-PDFs/BASE_WHITEMAN_AFB.html
WHITEMAN AFB,"38°43'44""N","93°33'37""W",15S VC 51299 86840,35P1,35P1 (PUBLIC AFFAIRS),https://paladindanse111.github.io/AFSC-PDFs/35P.html,https://paladindanse111.github.io/AFSC-PDFs/BASE_WHITEMAN_AFB.html
WHITEMAN AFB,"38°43'44""N","93°33'37""W",15S VC 51299 86840,38F1,38F1 (FORCE SUPPORT),https://paladindanse111.github.io/AFSC-PDFs/38F.html,https://paladindanse111.github.io/AFSC-PDFs/BASE_WHITEMAN_AFB.html
WHITEMAN AFB,"38°43'44""N","93°33'37""W",15S VC 51299 86840,62E1C,62E1C (DEVELOPMENTAL ENGINEER),https://paladindanse111.github.io/AFSC-PDFs/62E.html,https://paladindanse111.github.io/AFSC-PDFs/BASE_WHITEMAN_AFB.html
WHITEMAN AFB,"38°43'44""N","93°33'37""W",15S VC 51299 86840,62E1E,62E1E (DEVELOPMENTAL ENGINEER),https://paladindanse111.github.io/AFSC-PDFs/62E.html,https://paladindanse111.github.io/AFSC-PDFs/BASE_WHITEMAN_AFB.html
WHITEMAN AFB,"38°43'44""N","93°33'37""W",15S VC 51299 86840,64P1,64P1 (CONTRACTING),https://paladindanse111.github.io/AFSC-PDFs/64P.html,https://paladindanse111.github.io/AFSC-PDFs/BASE_WHITEMAN_AFB.html
WHITEMAN AFB,"38°43'44""N","93°33'37""W",15S VC 51299 86840,65F1,65F1 (FINANCIAL MANAGEMENT),https://paladindanse111.github.io/AFSC-PDFs/65F.html,https://paladindanse111.github.io/AFSC-PDFs/BASE_WHITEMAN_AFB.html
WHITEMAN AFB,"38°43'44""N","93°33'37""W",15S VC 51299 86840,71S1,71S1 (SPECIAL INVESTIGATIONS),https://paladindanse111.github.io/AFSC-PDFs/71S.html,https://paladindanse111.github.io/AFSC-PDFs/BASE_WHITEMAN_AFB.html
WHITE SAND MSL RG,"32° 24' 0""N","106° 24' 0""W",13S CR 68334 85636,62E1A,62E1A (DEVELOPMENTAL ENGINEER),https://paladindanse111.github.io/AFSC-PDFs/62E.html,https://paladindanse111.github.io/AFSC-PDFs/BASE_WHITE_SAND_MSL_RG.html
WHITE SAND MSL RG,"32° 24' 0""N","106° 24' 0""W",13S CR 68334 85636,62E1B,62E1B (DEVELOPMENTAL ENGINEER),https://paladindanse111.github.io/AFSC-PDFs/62E.html,https://paladindanse111.github.io/AFSC-PDFs/BASE_WHITE_SAND_MSL_RG.html
WHITE SAND MSL RG,"32° 24' 0""N","106° 24' 0""W",13S CR 68334 85636,62E1C,62E1C (DEVELOPMENTAL ENGINEER),https://paladindanse111.github.io/AFSC-PDFs/62E.html,https://paladindanse111.github.io/AFSC-PDFs/BASE_WHITE_SAND_MSL_RG.html
WHITE SAND MSL RG,"32° 24' 0""N","106° 24' 0""W",13S CR 68334 85636,62E1E,62E1E (DEVELOPMENTAL ENGINEER),https://paladindanse111.github.io/AFSC-PDFs/62E.html,https://paladindanse111.github.io/AFSC-PDFs/BASE_WHITE_SAND_MSL_RG.html
WHITE SAND MSL RG,"32° 24' 0""N","106° 24' 0""W",13S CR 68334 85636,62E1G,62E1G (DEVELOPMENTAL ENGINEER),https://paladindanse111.github.io/AFSC-PDFs/62E.html,https://paladindanse111.github.io/AFSC-PDFs/BASE_WHITE_SAND_MSL_RG.html
WHITE SAND MSL RG,"32° 24' 0""N","106° 24' 0""W",13S CR 68334 85636,62E1H,62E1H (DEVELOPMENTAL ENGINEER),https://paladindanse111.github.io/AFSC-PDFs/62E.html,https://paladindanse111.github.io/AFSC-PDFs/BASE_WHITE_SAND_MSL_RG.html
WHITE SAND MSL RG,"32° 24' 0""N","106° 24' 0""W",13S CR 68334 85636,62E1I,62E1I (DEVELOPMENTAL ENGINEER),https://paladindanse111.github.io/AFSC-PDFs/62E.html,https://paladindanse111.github.io/AFSC-PDFs/BASE_WHITE_SAND_MSL_RG.html
WHITE SAND MSL RG,"32° 24' 0""N","106° 24' 0""W",13S CR 68334 85636,63A1,63A1 (DEVELOPMENTAL ENGINEER),https://paladindanse111.github.io/AFSC-PDFs/63A.html,https://paladindanse111.github.io/AFSC-PDFs/BASE_WHITE_SAND_MSL_RG.html
YOKOTA AB,"35°44'35""N","139°20'23""E",54S UE 49872 56720,21A1,21A1 (AIRCRAFT MAINTENANCE),https://paladindanse111.github.io/AFSC-PDFs/21A.html,https://paladindanse111.github.io/AFSC-PDFs/BASE_YOKOTA_AB.html
YOKOTA AB,"35°44'35""N","139°20'23""E",54S UE 49872 56720,21R1,21R1 (LOGISTICS READINESS),https://paladindanse111.github.io/AFSC-PDFs/21R.html,https://paladindanse111.github.io/AFSC-PDFs/BASE_YOKOTA_AB.html
YOKOTA AB,"35°44'35""N","139°20'23""E",54S UE 49872 56720,32E1A,32E1A (CIVIL ENGINEER),https://paladindanse111.github.io/AFSC-PDFs/32E.html,https://paladindanse111.github.io/AFSC-PDFs/BASE_YOKOTA_AB.html
YOKOTA AB,"35°44'35""N","139°20'23""E",54S UE 49872 56720,32E1C,32E1C (CIVIL ENGINEER),https://paladindanse111.github.io/AFSC-PDFs/32E.html,https://paladindanse111.github.io/AFSC-PDFs/BASE_YOKOTA_AB.html
YOKOTA AB,"35°44'35""N","139°20'23""E",54S UE 49872 56720,32E1E,32E1E (CIVIL ENGINEER),https://paladindanse111.github.io/AFSC-PDFs/32E.html,https://paladindanse111.github.io/AFSC-PDFs/BASE_YOKOTA_AB.html
YOKOTA AB,"35°44'35""N","139°20'23""E",54S UE 49872 56720,32E1F,32E1F (CIVIL ENGINEER),https://paladindanse111.github.io/AFSC-PDFs/32E.html,https://paladindanse111.github.io/AFSC-PDFs/BASE_YOKOTA_AB.html
YOKOTA AB,"35°44'35""N","139°20'23""E",54S UE 49872 56720,32E1G,32E1G (CIVIL ENGINEER),https://paladindanse111.github.io/AFSC-PDFs/32E.html,https://paladindanse111.github.io/AFSC-PDFs/BASE_YOKOTA_AB.html
YOKOTA AB,"35°44'35""N","139°20'23""E",54S UE 49872 56720,32E1J,32E1J (CIVIL ENGINEER),https://paladindanse111.github.io/AFSC-PDFs/32E.html,https://paladindanse111.github.io/AFSC-PDFs/BASE_YOKOTA_AB.html
YOKOTA AB,"35°44'35""N","139°20'23""E",54S UE 49872 56720,38F1,38F1 (FORCE SUPPORT),https://paladindanse111.github.io/AFSC-PDFs/38F.html,https://paladindanse111.github.io/AFSC-PDFs/BASE_YOKOTA_AB.html
YOKOTA AB,"35°44'35""N","139°20'23""E",54S UE 49872 56720,62E1C,62E1C (DEVELOPMENTAL ENGINEER),https://paladindanse111.github.io/AFSC-PDFs/62E.html,https://paladindanse111.github.io/AFSC-PDFs/BASE_YOKOTA_AB.html
YOKOTA AB,"35°44'35""N","139°20'23""E",54S UE 49872 56720,62E1E,62E1E (DEVELOPMENTAL ENGINEER),https://paladindanse111.github.io/AFSC-PDFs/62E.html,https://paladindanse111.github.io/AFSC-PDFs/BASE_YOKOTA_AB.html
YOKOTA AB,"35°44'35""N","139°20'23""E",54S UE 49872 56720,64P1,64P1 (CONTRACTING),https://paladindanse111.github.io/AFSC-PDFs/64P.html,https://paladindanse111.github.io/AFSC-PDFs/BASE_YOKOTA_AB.html
YOKOTA AB,"35°44'35""N","139°20'23""E",54S UE 49872 56720,65F1,65F1 (FINANCIAL MANAGEMENT),https://paladindanse111.github.io/AFSC-PDFs/65F.html,https://paladindanse111.github.io/AFSC-PDFs/BASE_YOKOTA_AB.html
