Base,Latitude,Longitude,MGRS,AFSC_Code,AFSC_Full_Name,PDF_URL,Base_URL,Aircraft,Base_Type,First_Duty_Station
ANDREWS JB,"38°47'46""N","76°53'00""W",18S UH 36445 95835,13H,13H (AEROSPACE PHYSIOLOGIST),https://paladindanse111.github.io/AFSC-PDFs/AFSC_files/13H.html,https://paladindanse111.github.io/AFSC-PDFs/BASE_files/BASE_ANDREWS_JB.html,,Active Duty,Yes
ARLINGTON VA,"38°55'0.00""N","77°10'0.00""W",,13H,13H (AEROSPACE PHYSIOLOGIST),https://paladindanse111.github.io/AFSC-PDFs/AFSC_files/13H.html,,,Active Duty,No
AVIANO AB,"46°1'48.00""N","12°35'56.00""E",,13H,13H (AEROSPACE PHYSIOLOGIST),https://paladindanse111.github.io/AFSC-PDFs/AFSC_files/13H.html,,,Active Duty,Yes
BARKSDALE AFB,"32°29'45""N","93°40'21""W",15S VR 36822 95596,13H,13H (AEROSPACE PHYSIOLOGIST),https://paladindanse111.github.io/AFSC-PDFs/AFSC_files/13H.html,https://paladindanse111.github.io/AFSC-PDFs/BASE_files/BASE_BARKSDALE_AFB.html,,Active Duty,Yes
BEALE AFB,"39°06'41""N","121°21'35""W",10S FJ 41815 30418,13H,13H (AEROSPACE PHYSIOLOGIST),https://paladindanse111.github.io/AFSC-PDFs/AFSC_files/13H.html,https://paladindanse111.github.io/AFSC-PDFs/BASE_files/BASE_BEALE_AFB.html,,Active Duty,Yes
CANNON AFB,"34°23'20""N","103°19'05""W",13S FU 54620 06558,13H,13H (AEROSPACE PHYSIOLOGIST),https://paladindanse111.github.io/AFSC-PDFs/AFSC_files/13H.html,https://paladindanse111.github.io/AFSC-PDFs/BASE_files/BASE_CANNON_AFB.html,,Active Duty,Yes
COLUMBUS AFB,"33°37'38""N","88°26'51""W",16S CC 65739 21763,13H,13H (AEROSPACE PHYSIOLOGIST),https://paladindanse111.github.io/AFSC-PDFs/AFSC_files/13H.html,https://paladindanse111.github.io/AFSC-PDFs/BASE_files/BASE_COLUMBUS_AFB.html,,Active Duty,Yes
DAVIS-MONTHAN AFB,"32°10'14""N","110°52'39""W",12S WA 11549 59347,13H,13H (AEROSPACE PHYSIOLOGIST),https://paladindanse111.github.io/AFSC-PDFs/AFSC_files/13H.html,https://paladindanse111.github.io/AFSC-PDFs/BASE_files/BASE_DAVIS-MONTHAN_AFB.html,,Active Duty,Yes
DYESS AFB,"32°25'17""N","99°50'31""W",14S MA 20838 87456,13H,13H (AEROSPACE PHYSIOLOGIST),https://paladindanse111.github.io/AFSC-PDFs/AFSC_files/13H.html,https://paladindanse111.github.io/AFSC-PDFs/BASE_files/BASE_DYESS_AFB.html,,Active Duty,Yes
EDWARDS AFB,"34°55'25""N","117°53'29""W",11S MU 18582 64934,13H,13H (AEROSPACE PHYSIOLOGIST),https://paladindanse111.github.io/AFSC-PDFs/AFSC_files/13H.html,https://paladindanse111.github.io/AFSC-PDFs/BASE_files/BASE_EDWARDS_AFB.html,,Active Duty,Yes
EGLIN AFB,"30°27'49""N","86°33'11""W",16R EU 42905 70243,13H,13H (AEROSPACE PHYSIOLOGIST),https://paladindanse111.github.io/AFSC-PDFs/AFSC_files/13H.html,https://paladindanse111.github.io/AFSC-PDFs/BASE_files/BASE_EGLIN_AFB.html,,Active Duty,Yes
EIELSON AFB,"64°39'52""N","147°05'45""W",6W VS 95424 71061,13H,13H (AEROSPACE PHYSIOLOGIST),https://paladindanse111.github.io/AFSC-PDFs/AFSC_files/13H.html,https://paladindanse111.github.io/AFSC-PDFs/BASE_files/BASE_EIELSON_AFB.html,,Active Duty,Yes
ELLSWORTH AFB,"44°08'54""N","103°05'15""W",13T FJ 52951 90126,13H,13H (AEROSPACE PHYSIOLOGIST),https://paladindanse111.github.io/AFSC-PDFs/AFSC_files/13H.html,https://paladindanse111.github.io/AFSC-PDFs/BASE_files/BASE_ELLSWORTH_AFB.html,,Active Duty,Yes
FAIRCHILD AFB,"47°38'28""N","117°38'41""W",11T MN 51574 76613,13H,13H (AEROSPACE PHYSIOLOGIST),https://paladindanse111.github.io/AFSC-PDFs/AFSC_files/13H.html,https://paladindanse111.github.io/AFSC-PDFs/BASE_files/BASE_FAIRCHILD_AFB.html,,Active Duty,Yes
FE WARREN AFB,"41°08'32""N","104°52'41""W",13T EF 10233 54552,13H,13H (AEROSPACE PHYSIOLOGIST),https://paladindanse111.github.io/AFSC-PDFs/AFSC_files/13H.html,https://paladindanse111.github.io/AFSC-PDFs/BASE_files/BASE_FE_WARREN_AFB.html,,Active Duty,Yes
HOLLOMAN AFB,"32°50'33""N","106°05'55""W",13S CS 97187 34361,13H,13H (AEROSPACE PHYSIOLOGIST),https://paladindanse111.github.io/AFSC-PDFs/AFSC_files/13H.html,https://paladindanse111.github.io/AFSC-PDFs/BASE_files/BASE_HOLLOMAN_AFB.html,,Active Duty,Yes
JB CHARLESTON,"32°53'29""N","80°04'03""W",17S NS 87218 39631,13H,13H (AEROSPACE PHYSIOLOGIST),https://paladindanse111.github.io/AFSC-PDFs/AFSC_files/13H.html,https://paladindanse111.github.io/AFSC-PDFs/BASE_files/BASE_JB_CHARLESTON.html,,Active Duty,Yes
JB ELMENDORF-RICHARDSON,"61°15'44""N","149°41'53""W",6V UN 55306 94983,13H,13H (AEROSPACE PHYSIOLOGIST),https://paladindanse111.github.io/AFSC-PDFs/AFSC_files/13H.html,https://paladindanse111.github.io/AFSC-PDFs/BASE_files/BASE_JB_ELMENDORF-RICHARDSON.html,,Active Duty,Yes
JB LANGLEY-EUSTIS,"37°05'00""N","76°21'33""W",18S UG 79195 04980,13H,13H (AEROSPACE PHYSIOLOGIST),https://paladindanse111.github.io/AFSC-PDFs/AFSC_files/13H.html,https://paladindanse111.github.io/AFSC-PDFs/BASE_files/BASE_JB_LANGLEY-EUSTIS.html,,Active Duty,Yes
JB LEWIS-MCCHORD,"47°05'30""N","122°36'53""W",10T ET 29240 15422,13H,13H (AEROSPACE PHYSIOLOGIST),https://paladindanse111.github.io/AFSC-PDFs/AFSC_files/13H.html,https://paladindanse111.github.io/AFSC-PDFs/BASE_files/BASE_JB_LEWIS-MCCHORD.html,,Active Duty,Yes
JB MCGUIRE-DIX-LAKEHURST,"40°02'15""N","74°35'18""W",18T WK 35120 32000,13H,13H (AEROSPACE PHYSIOLOGIST),https://paladindanse111.github.io/AFSC-PDFs/AFSC_files/13H.html,https://paladindanse111.github.io/AFSC-PDFs/BASE_files/BASE_JB_MCGUIRE-DIX-LAKEHURST.html,,Active Duty,Yes
JB PEARL HARBOR-HICKAM,"21°20'15""N","157°57'43""W",4Q FJ 07643 59855,13H,13H (AEROSPACE PHYSIOLOGIST),https://paladindanse111.github.io/AFSC-PDFs/AFSC_files/13H.html,https://paladindanse111.github.io/AFSC-PDFs/BASE_files/BASE_JB_PEARL_HARBOR-HICKAM.html,,Active Duty,Yes
JBSA LACKLAND,"29°23'14""N","98°37'16""W",14R NT 36765 50947,13H,13H (AEROSPACE PHYSIOLOGIST),https://paladindanse111.github.io/AFSC-PDFs/AFSC_files/13H.html,https://paladindanse111.github.io/AFSC-PDFs/BASE_files/BASE_JBSA_LACKLAND.html,,Active Duty,Yes
JBSA RANDOLPH,"29°31'57""N","98°16'45""W",14R NT 69847 67200,13H,13H (AEROSPACE PHYSIOLOGIST),https://paladindanse111.github.io/AFSC-PDFs/AFSC_files/13H.html,https://paladindanse111.github.io/AFSC-PDFs/BASE_files/BASE_JBSA_RANDOLPH.html,,Active Duty,Yes
KADENA AB,"26°21'20.00""N","127°46'3.00""E",,13H,13H (AEROSPACE PHYSIOLOGIST),https://paladindanse111.github.io/AFSC-PDFs/AFSC_files/13H.html,,,Active Duty,Yes
LAKENHEATH RAF,"52°24'33.00""N","0°33'40.00""E",,13H,13H (AEROSPACE PHYSIOLOGIST),https://paladindanse111.github.io/AFSC-PDFs/AFSC_files/13H.html,,,Active Duty,Yes
LAUGHLIN AFB,"29°21'21""N","100°46'58""W",14R LT 26940 48730,13H,13H (AEROSPACE PHYSIOLOGIST),https://paladindanse111.github.io/AFSC-PDFs/AFSC_files/13H.html,https://paladindanse111.github.io/AFSC-PDFs/BASE_files/BASE_LAUGHLIN_AFB.html,,Active Duty,Yes
LITTLE ROCK AFB,"34°53'47""N","92°08'38""W",15S WU 78220 61887,13H,13H (AEROSPACE PHYSIOLOGIST),https://paladindanse111.github.io/AFSC-PDFs/AFSC_files/13H.html,https://paladindanse111.github.io/AFSC-PDFs/BASE_files/BASE_LITTLE_ROCK_AFB.html,,Active Duty,Yes
LUKE AFB,"33°32'22""N","112°22'32""W",12S UC 72284 11939,13H,13H (AEROSPACE PHYSIOLOGIST),https://paladindanse111.github.io/AFSC-PDFs/AFSC_files/13H.html,https://paladindanse111.github.io/AFSC-PDFs/BASE_files/BASE_LUKE_AFB.html,,Active Duty,Yes
MILDENHALL RAF,"52°21'43.00""N","0°29'11.00""E",,13H,13H (AEROSPACE PHYSIOLOGIST),https://paladindanse111.github.io/AFSC-PDFs/AFSC_files/13H.html,,,Active Duty,Yes
MISAWA AB,"40°42'12.00""N","141°22'6.00""E",,13H,13H (AEROSPACE PHYSIOLOGIST),https://paladindanse111.github.io/AFSC-PDFs/AFSC_files/13H.html,,,Active Duty,Yes
MOODY AFB,"30°58'12""N","83°11'47""W",17R KQ 90229 28346,13H,13H (AEROSPACE PHYSIOLOGIST),https://paladindanse111.github.io/AFSC-PDFs/AFSC_files/13H.html,https://paladindanse111.github.io/AFSC-PDFs/BASE_files/BASE_MOODY_AFB.html,,Active Duty,Yes
MOUNTAIN HOME AFB,"43°03'59""N","115°51'18""W",11T NH 93226 68823,13H,13H (AEROSPACE PHYSIOLOGIST),https://paladindanse111.github.io/AFSC-PDFs/AFSC_files/13H.html,https://paladindanse111.github.io/AFSC-PDFs/BASE_files/BASE_MOUNTAIN_HOME_AFB.html,,Active Duty,Yes
OSAN AB,"37°5'26.00""N","127°1'47.00""E",,13H,13H (AEROSPACE PHYSIOLOGIST),https://paladindanse111.github.io/AFSC-PDFs/AFSC_files/13H.html,,,Active Duty,Yes
PETERSON SFB,"38°49'32""N","104°41'58""W",13S EC 26089 97461,13H,13H (AEROSPACE PHYSIOLOGIST),https://paladindanse111.github.io/AFSC-PDFs/AFSC_files/13H.html,https://paladindanse111.github.io/AFSC-PDFs/BASE_files/BASE_PETERSON_SFB.html,,Active Duty,Yes
ROBINS AFB,"32°38'23""N","83°35'30""W",17S KS 56883 14314,13H,13H (AEROSPACE PHYSIOLOGIST),https://paladindanse111.github.io/AFSC-PDFs/AFSC_files/13H.html,https://paladindanse111.github.io/AFSC-PDFs/BASE_files/BASE_ROBINS_AFB.html,,Active Duty,Yes
SEYMOUR JOHNSON AFB,"35°20'24""N","77°57'41""W",18S TE 30850 14774,13H,13H (AEROSPACE PHYSIOLOGIST),https://paladindanse111.github.io/AFSC-PDFs/AFSC_files/13H.html,https://paladindanse111.github.io/AFSC-PDFs/BASE_files/BASE_SEYMOUR_JOHNSON_AFB.html,,Active Duty,Yes
SHEPPARD AFB,"33°58'06""N","98°30'38""W",14S NC 45216 58752,13H,13H (AEROSPACE PHYSIOLOGIST),https://paladindanse111.github.io/AFSC-PDFs/AFSC_files/13H.html,https://paladindanse111.github.io/AFSC-PDFs/BASE_files/BASE_SHEPPARD_AFB.html,,Active Duty,Yes
SPANGDAHLEM AB,"49°58'35.00""N","6°41'55.00""E",,13H,13H (AEROSPACE PHYSIOLOGIST),https://paladindanse111.github.io/AFSC-PDFs/AFSC_files/13H.html,,,Active Duty,Yes
TRAVIS AFB,"38°16'09""N","121°56'51""W",10S EH 92069 36204,13H,13H (AEROSPACE PHYSIOLOGIST),https://paladindanse111.github.io/AFSC-PDFs/AFSC_files/13H.html,https://paladindanse111.github.io/AFSC-PDFs/BASE_files/BASE_TRAVIS_AFB.html,,Active Duty,Yes
VANCE AFB,"36°20'21""N","97°54'47""W",14S NF 97544 22116,13H,13H (AEROSPACE PHYSIOLOGIST),https://paladindanse111.github.io/AFSC-PDFs/AFSC_files/13H.html,https://paladindanse111.github.io/AFSC-PDFs/BASE_files/BASE_VANCE_AFB.html,,Active Duty,Yes
WHITEMAN AFB,"38°43'44""N","93°33'37""W",15S VC 51299 86840,13H,13H (AEROSPACE PHYSIOLOGIST),https://paladindanse111.github.io/AFSC-PDFs/AFSC_files/13H.html,https://paladindanse111.github.io/AFSC-PDFs/BASE_files/BASE_WHITEMAN_AFB.html,,Active Duty,Yes
WRIGHT-PATTERSON AFB,"39°48'37""N","84°01'55""W",16S GK 54072 10915,13H,13H (AEROSPACE PHYSIOLOGIST),https://paladindanse111.github.io/AFSC-PDFs/AFSC_files/13H.html,https://paladindanse111.github.io/AFSC-PDFs/BASE_files/BASE_WRIGHT-PATTERSON_AFB.html,,Active Duty,Yes
YOKOTA AB,"35°44'55.00""N","139°20'55.00""E",,13H,13H (AEROSPACE PHYSIOLOGIST),https://paladindanse111.github.io/AFSC-PDFs/AFSC_files/13H.html,,,Active Duty,Yes
ALTUS AFB,"34°39'18""N","99°17'04""W",14S MD 73935 34821,13M,13M (AIRFIELD OPERATIONS),https://paladindanse111.github.io/AFSC-PDFs/AFSC_files/13M.html,https://paladindanse111.github.io/AFSC-PDFs/BASE_files/BASE_ALTUS_AFB.html,,Active Duty,Yes
ANDERSEN AFB,"13°33'46""N","144°55'25""E",55P BR 75307 00327,13M,13M (AIRFIELD OPERATIONS),https://paladindanse111.github.io/AFSC-PDFs/AFSC_files/13M.html,https://paladindanse111.github.io/AFSC-PDFs/BASE_files/BASE_ANDERSEN_AFB.html,,Active Duty,Yes
ANDREWS JB,"38°47'46""N","76°53'00""W",18S UH 36445 95835,13M,13M (AIRFIELD OPERATIONS),https://paladindanse111.github.io/AFSC-PDFs/AFSC_files/13M.html,https://paladindanse111.github.io/AFSC-PDFs/BASE_files/BASE_ANDREWS_JB.html,,Active Duty,Yes
AVIANO AB,"46°1'48.00""N","12°35'56.00""E",,13M,13M (AIRFIELD OPERATIONS),https://paladindanse111.github.io/AFSC-PDFs/AFSC_files/13M.html,,,Active Duty,Yes
BARKSDALE AFB,"32°29'45""N","93°40'21""W",15S VR 36822 95596,13M,13M (AIRFIELD OPERATIONS),https://paladindanse111.github.io/AFSC-PDFs/AFSC_files/13M.html,https://paladindanse111.github.io/AFSC-PDFs/BASE_files/BASE_BARKSDALE_AFB.html,,Active Duty,Yes
BEALE AFB,"39°06'41""N","121°21'35""W",10S FJ 41815 30418,13M,13M (AIRFIELD OPERATIONS),https://paladindanse111.github.io/AFSC-PDFs/AFSC_files/13M.html,https://paladindanse111.github.io/AFSC-PDFs/BASE_files/BASE_BEALE_AFB.html,,Active Duty,Yes
CANNON AFB,"34°23'20""N","103°19'05""W",13S FU 54620 06558,13M,13M (AIRFIELD OPERATIONS),https://paladindanse111.github.io/AFSC-PDFs/AFSC_files/13M.html,https://paladindanse111.github.io/AFSC-PDFs/BASE_files/BASE_CANNON_AFB.html,,Active Duty,Yes
CHIEVRES AB,"50°34'33.00""N","3°49'52.00""E",,13M,13M (AIRFIELD OPERATIONS),https://paladindanse111.github.io/AFSC-PDFs/AFSC_files/13M.html,,,Active Duty,No
COLUMBUS AFB,"33°37'38""N","88°26'51""W",16S CC 65739 21763,13M,13M (AIRFIELD OPERATIONS),https://paladindanse111.github.io/AFSC-PDFs/AFSC_files/13M.html,https://paladindanse111.github.io/AFSC-PDFs/BASE_files/BASE_COLUMBUS_AFB.html,,Active Duty,Yes
DAVIS-MONTHAN AFB,"32°10'14""N","110°52'39""W",12S WA 11549 59347,13M,13M (AIRFIELD OPERATIONS),https://paladindanse111.github.io/AFSC-PDFs/AFSC_files/13M.html,https://paladindanse111.github.io/AFSC-PDFs/BASE_files/BASE_DAVIS-MONTHAN_AFB.html,,Active Duty,Yes
DOVER AFB,"39°07'39""N","75°28'06""W",18S VJ 59518 31029,13M,13M (AIRFIELD OPERATIONS),https://paladindanse111.github.io/AFSC-PDFs/AFSC_files/13M.html,https://paladindanse111.github.io/AFSC-PDFs/BASE_files/BASE_DOVER_AFB.html,,Active Duty,Yes
DYESS AFB,"32°25'17""N","99°50'31""W",14S MA 20838 87456,13M,13M (AIRFIELD OPERATIONS),https://paladindanse111.github.io/AFSC-PDFs/AFSC_files/13M.html,https://paladindanse111.github.io/AFSC-PDFs/BASE_files/BASE_DYESS_AFB.html,,Active Duty,Yes
EDWARDS AFB,"34°55'25""N","117°53'29""W",11S MU 18582 64934,13M,13M (AIRFIELD OPERATIONS),https://paladindanse111.github.io/AFSC-PDFs/AFSC_files/13M.html,https://paladindanse111.github.io/AFSC-PDFs/BASE_files/BASE_EDWARDS_AFB.html,,Active Duty,Yes
EGLIN AFB,"30°27'49""N","86°33'11""W",16R EU 42905 70243,13M,13M (AIRFIELD OPERATIONS),https://paladindanse111.github.io/AFSC-PDFs/AFSC_files/13M.html,https://paladindanse111.github.io/AFSC-PDFs/BASE_files/BASE_EGLIN_AFB.html,,Active Duty,Yes
EIELSON AFB,"64°39'52""N","147°05'45""W",6W VS 95424 71061,13M,13M (AIRFIELD OPERATIONS),https://paladindanse111.github.io/AFSC-PDFs/AFSC_files/13M.html,https://paladindanse111.github.io/AFSC-PDFs/BASE_files/BASE_EIELSON_AFB.html,,Active Duty,Yes
ELLSWORTH AFB,"44°08'54""N","103°05'15""W",13T FJ 52951 90126,13M,13M (AIRFIELD OPERATIONS),https://paladindanse111.github.io/AFSC-PDFs/AFSC_files/13M.html,https://paladindanse111.github.io/AFSC-PDFs/BASE_files/BASE_ELLSWORTH_AFB.html,,Active Duty,Yes
FAIRCHILD AFB,"47°38'28""N","117°38'41""W",11T MN 51574 76613,13M,13M (AIRFIELD OPERATIONS),https://paladindanse111.github.io/AFSC-PDFs/AFSC_files/13M.html,https://paladindanse111.github.io/AFSC-PDFs/BASE_files/BASE_FAIRCHILD_AFB.html,,Active Duty,Yes
GRAND FORKS AFB,"47°57'07""N","97°22'57""W",14T PU 20768 12225,13M,13M (AIRFIELD OPERATIONS),https://paladindanse111.github.io/AFSC-PDFs/AFSC_files/13M.html,https://paladindanse111.github.io/AFSC-PDFs/BASE_files/BASE_GRAND_FORKS_AFB.html,,Active Duty,Yes
HILL AFB,"41°06'36""N","111°58'56""W",12T VL 17530 51433,13M,13M (AIRFIELD OPERATIONS),https://paladindanse111.github.io/AFSC-PDFs/AFSC_files/13M.html,https://paladindanse111.github.io/AFSC-PDFs/BASE_files/BASE_HILL_AFB.html,,Active Duty,Yes
HOLLOMAN AFB,"32°50'33""N","106°05'55""W",13S CS 97187 34361,13M,13M (AIRFIELD OPERATIONS),https://paladindanse111.github.io/AFSC-PDFs/AFSC_files/13M.html,https://paladindanse111.github.io/AFSC-PDFs/BASE_files/BASE_HOLLOMAN_AFB.html,,Active Duty,Yes
HURLBURT FIELD,"30°25'23""N","86°41'41""W",16R EU 29317 65704,13M,13M (AIRFIELD OPERATIONS),https://paladindanse111.github.io/AFSC-PDFs/AFSC_files/13M.html,https://paladindanse111.github.io/AFSC-PDFs/BASE_files/BASE_HURLBURT_FIELD.html,,Active Duty,Yes
INCIRLIK AB,"37°0'7.00""N","35°25'34.00""E",,13M,13M (AIRFIELD OPERATIONS),https://paladindanse111.github.io/AFSC-PDFs/AFSC_files/13M.html,,,Active Duty,Yes
JB CHARLESTON,"32°53'29""N","80°04'03""W",17S NS 87218 39631,13M,13M (AIRFIELD OPERATIONS),https://paladindanse111.github.io/AFSC-PDFs/AFSC_files/13M.html,https://paladindanse111.github.io/AFSC-PDFs/BASE_files/BASE_JB_CHARLESTON.html,,Active Duty,Yes
JB ELMENDORF-RICHARDSON,"61°15'44""N","149°41'53""W",6V UN 55306 94983,13M,13M (AIRFIELD OPERATIONS),https://paladindanse111.github.io/AFSC-PDFs/AFSC_files/13M.html,https://paladindanse111.github.io/AFSC-PDFs/BASE_files/BASE_JB_ELMENDORF-RICHARDSON.html,,Active Duty,Yes
JB LANGLEY-EUSTIS,"37°05'00""N","76°21'33""W",18S UG 79195 04980,13M,13M (AIRFIELD OPERATIONS),https://paladindanse111.github.io/AFSC-PDFs/AFSC_files/13M.html,https://paladindanse111.github.io/AFSC-PDFs/BASE_files/BASE_JB_LANGLEY-EUSTIS.html,,Active Duty,Yes
JB LEWIS-MCCHORD,"47°05'30""N","122°36'53""W",10T ET 29240 15422,13M,13M (AIRFIELD OPERATIONS),https://paladindanse111.github.io/AFSC-PDFs/AFSC_files/13M.html,https://paladindanse111.github.io/AFSC-PDFs/BASE_files/BASE_JB_LEWIS-MCCHORD.html,,Active Duty,Yes
JB MCGUIRE-DIX-LAKEHURST,"40°02'15""N","74°35'18""W",18T WK 35120 32000,13M,13M (AIRFIELD OPERATIONS),https://paladindanse111.github.io/AFSC-PDFs/AFSC_files/13M.html,https://paladindanse111.github.io/AFSC-PDFs/BASE_files/BASE_JB_MCGUIRE-DIX-LAKEHURST.html,,Active Duty,Yes
JB PEARL HARBOR-HICKAM,"21°20'15""N","157°57'43""W",4Q FJ 07643 59855,13M,13M (AIRFIELD OPERATIONS),https://paladindanse111.github.io/AFSC-PDFs/AFSC_files/13M.html,https://paladindanse111.github.io/AFSC-PDFs/BASE_files/BASE_JB_PEARL_HARBOR-HICKAM.html,,Active Duty,Yes
JBSA LACKLAND,"29°23'14""N","98°37'16""W",14R NT 36765 50947,13M,13M (AIRFIELD OPERATIONS),https://paladindanse111.github.io/AFSC-PDFs/AFSC_files/13M.html,https://paladindanse111.github.io/AFSC-PDFs/BASE_files/BASE_JBSA_LACKLAND.html,,Active Duty,Yes
JBSA RANDOLPH,"29°31'57""N","98°16'45""W",14R NT 69847 67200,13M,13M (AIRFIELD OPERATIONS),https://paladindanse111.github.io/AFSC-PDFs/AFSC_files/13M.html,https://paladindanse111.github.io/AFSC-PDFs/BASE_files/BASE_JBSA_RANDOLPH.html,,Active Duty,Yes
KADENA AB,"26°21'20.00""N","127°46'3.00""E",,13M,13M (AIRFIELD OPERATIONS),https://paladindanse111.github.io/AFSC-PDFs/AFSC_files/13M.html,,,Active Duty,Yes
KAPAUN AIR STATION,"49°42'0.00""N","7°34'60.00""E",,13M,13M (AIRFIELD OPERATIONS),https://paladindanse111.github.io/AFSC-PDFs/AFSC_files/13M.html,,,Active Duty,Yes
KEESLER AFB,"30°24'34""N","88°55'34""W",16R CU 14981 65731,13M,13M (AIRFIELD OPERATIONS),https://paladindanse111.github.io/AFSC-PDFs/AFSC_files/13M.html,https://paladindanse111.github.io/AFSC-PDFs/BASE_files/BASE_KEESLER_AFB.html,,Active Duty,Yes
KIRTLAND AFB,"35°00'39""N","106°30'44""W",13S CU 62019 75289,13M,13M (AIRFIELD OPERATIONS),https://paladindanse111.github.io/AFSC-PDFs/AFSC_files/13M.html,https://paladindanse111.github.io/AFSC-PDFs/BASE_files/BASE_KIRTLAND_AFB.html,,Active Duty,Yes
KUNSAN AB,"35°54'14.00""N","126°36'57.00""E",,13M,13M (AIRFIELD OPERATIONS),https://paladindanse111.github.io/AFSC-PDFs/AFSC_files/13M.html,,,Active Duty,Yes
LAJES FIELD,"38°45'42.00""N","27°5'27.00""W",,13M,13M (AIRFIELD OPERATIONS),https://paladindanse111.github.io/AFSC-PDFs/AFSC_files/13M.html,,,Active Duty,No
LAKENHEATH RAF,"52°24'33.00""N","0°33'40.00""E",,13M,13M (AIRFIELD OPERATIONS),https://paladindanse111.github.io/AFSC-PDFs/AFSC_files/13M.html,,,Active Duty,Yes
LAUGHLIN AFB,"29°21'21""N","100°46'58""W",14R LT 26940 48730,13M,13M (AIRFIELD OPERATIONS),https://paladindanse111.github.io/AFSC-PDFs/AFSC_files/13M.html,https://paladindanse111.github.io/AFSC-PDFs/BASE_files/BASE_LAUGHLIN_AFB.html,,Active Duty,Yes
LITTLE ROCK AFB,"34°53'47""N","92°08'38""W",15S WU 78220 61887,13M,13M (AIRFIELD OPERATIONS),https://paladindanse111.github.io/AFSC-PDFs/AFSC_files/13M.html,https://paladindanse111.github.io/AFSC-PDFs/BASE_files/BASE_LITTLE_ROCK_AFB.html,,Active Duty,Yes
LUKE AFB,"33°32'22""N","112°22'32""W",12S UC 72284 11939,13M,13M (AIRFIELD OPERATIONS),https://paladindanse111.github.io/AFSC-PDFs/AFSC_files/13M.html,https://paladindanse111.github.io/AFSC-PDFs/BASE_files/BASE_LUKE_AFB.html,,Active Duty,Yes
MACDILL AFB,"27°51'28""N","82°29'19""W",17R LL 53434 82337,13M,13M (AIRFIELD OPERATIONS),https://paladindanse111.github.io/AFSC-PDFs/AFSC_files/13M.html,https://paladindanse111.github.io/AFSC-PDFs/BASE_files/BASE_MACDILL_AFB.html,,Active Duty,Yes
MAXWELL-GUNTER AFB,"32°22'43""N","86°21'44""W",16S EA 59993 82581,13M,13M (AIRFIELD OPERATIONS),https://paladindanse111.github.io/AFSC-PDFs/AFSC_files/13M.html,https://paladindanse111.github.io/AFSC-PDFs/BASE_files/BASE_MAXWELL-GUNTER_AFB.html,,Active Duty,Yes
MCCONNELL AFB,"37°37'51""N","97°15'06""W",14S PG 54271 66293,13M,13M (AIRFIELD OPERATIONS),https://paladindanse111.github.io/AFSC-PDFs/AFSC_files/13M.html,https://paladindanse111.github.io/AFSC-PDFs/BASE_files/BASE_MCCONNELL_AFB.html,,Active Duty,Yes
MILDENHALL RAF,"52°21'43.00""N","0°29'11.00""E",,13M,13M (AIRFIELD OPERATIONS),https://paladindanse111.github.io/AFSC-PDFs/AFSC_files/13M.html,,,Active Duty,Yes
MINOT AFB,"48°25'13""N","101°19'36""W",14U LU 27861 65629,13M,13M (AIRFIELD OPERATIONS),https://paladindanse111.github.io/AFSC-PDFs/AFSC_files/13M.html,https://paladindanse111.github.io/AFSC-PDFs/BASE_files/BASE_MINOT_AFB.html,,Active Duty,Yes
MISAWA AB,"40°42'12.00""N","141°22'6.00""E",,13M,13M (AIRFIELD OPERATIONS),https://paladindanse111.github.io/AFSC-PDFs/AFSC_files/13M.html,,,Active Duty,Yes
MOODY AFB,"30°58'12""N","83°11'47""W",17R KQ 90229 28346,13M,13M (AIRFIELD OPERATIONS),https://paladindanse111.github.io/AFSC-PDFs/AFSC_files/13M.html,https://paladindanse111.github.io/AFSC-PDFs/BASE_files/BASE_MOODY_AFB.html,,Active Duty,Yes
MORON AB,"37°10'30.00""N","5°36'57.00""W",,13M,13M (AIRFIELD OPERATIONS),https://paladindanse111.github.io/AFSC-PDFs/AFSC_files/13M.html,,,Active Duty,No
MOUNTAIN HOME AFB,"43°03'59""N","115°51'18""W",11T NH 93226 68823,13M,13M (AIRFIELD OPERATIONS),https://paladindanse111.github.io/AFSC-PDFs/AFSC_files/13M.html,https://paladindanse111.github.io/AFSC-PDFs/BASE_files/BASE_MOUNTAIN_HOME_AFB.html,,Active Duty,Yes
NELLIS AFB,"36°14'25""N","115°03'14""W",11S PA 74874 12355,13M,13M (AIRFIELD OPERATIONS),https://paladindanse111.github.io/AFSC-PDFs/AFSC_files/13M.html,https://paladindanse111.github.io/AFSC-PDFs/BASE_files/BASE_NELLIS_AFB.html,,Active Duty,Yes
OFFUTT AFB,"41°07'25""N","95°54'52""W",15T TF 55334 56573,13M,13M (AIRFIELD OPERATIONS),https://paladindanse111.github.io/AFSC-PDFs/AFSC_files/13M.html,https://paladindanse111.github.io/AFSC-PDFs/BASE_files/BASE_OFFUTT_AFB.html,,Active Duty,Yes
OSAN AB,"37°5'26.00""N","127°1'47.00""E",,13M,13M (AIRFIELD OPERATIONS),https://paladindanse111.github.io/AFSC-PDFs/AFSC_files/13M.html,,,Active Duty,Yes
PATRICK SFB,"28°14'21""N","80°36'26""W",17R NM 38533 23759,13M,13M (AIRFIELD OPERATIONS),https://paladindanse111.github.io/AFSC-PDFs/AFSC_files/13M.html,https://paladindanse111.github.io/AFSC-PDFs/BASE_files/BASE_PATRICK_SFB.html,,Active Duty,Yes
RAMSTEIN AB,"49°26'10.00""N","7°36'23.00""E",,13M,13M (AIRFIELD OPERATIONS),https://paladindanse111.github.io/AFSC-PDFs/AFSC_files/13M.html,,,Active Duty,Yes
ROBINS AFB,"32°38'23""N","83°35'30""W",17S KS 56883 14314,13M,13M (AIRFIELD OPERATIONS),https://paladindanse111.github.io/AFSC-PDFs/AFSC_files/13M.html,https://paladindanse111.github.io/AFSC-PDFs/BASE_files/BASE_ROBINS_AFB.html,,Active Duty,Yes
SCOTT AFB,"38°32'29""N","89°51'18""W",16S BH 51169 69750,13M,13M (AIRFIELD OPERATIONS),https://paladindanse111.github.io/AFSC-PDFs/AFSC_files/13M.html,https://paladindanse111.github.io/AFSC-PDFs/BASE_files/BASE_SCOTT_AFB.html,,Active Duty,Yes
SEYMOUR JOHNSON AFB,"35°20'24""N","77°57'41""W",18S TE 30850 14774,13M,13M (AIRFIELD OPERATIONS),https://paladindanse111.github.io/AFSC-PDFs/AFSC_files/13M.html,https://paladindanse111.github.io/AFSC-PDFs/BASE_files/BASE_SEYMOUR_JOHNSON_AFB.html,,Active Duty,Yes
SHAW AFB,"33°58'02""N","80°29'05""W",17S NT 47603 58641,13M,13M (AIRFIELD OPERATIONS),https://paladindanse111.github.io/AFSC-PDFs/AFSC_files/13M.html,https://paladindanse111.github.io/AFSC-PDFs/BASE_files/BASE_SHAW_AFB.html,,Active Duty,Yes
SHEPPARD AFB,"33°58'06""N","98°30'38""W",14S NC 45216 58752,13M,13M (AIRFIELD OPERATIONS),https://paladindanse111.github.io/AFSC-PDFs/AFSC_files/13M.html,https://paladindanse111.github.io/AFSC-PDFs/BASE_files/BASE_SHEPPARD_AFB.html,,Active Duty,Yes
SOTO CANO AB,"15°39'0.00""N","87°54'0.00""W",,13M,13M (AIRFIELD OPERATIONS),https://paladindanse111.github.io/AFSC-PDFs/AFSC_files/13M.html,,,Active Duty,No
SPANGDAHLEM AB,"49°58'35.00""N","6°41'55.00""E",,13M,13M (AIRFIELD OPERATIONS),https://paladindanse111.github.io/AFSC-PDFs/AFSC_files/13M.html,,,Active Duty,Yes
TINKER AFB,"35°25'09""N","97°24'15""W",14S PE 44882 20698,13M,13M (AIRFIELD OPERATIONS),https://paladindanse111.github.io/AFSC-PDFs/AFSC_files/13M.html,https://paladindanse111.github.io/AFSC-PDFs/BASE_files/BASE_TINKER_AFB.html,,Active Duty,Yes
TRAVIS AFB,"38°16'09""N","121°56'51""W",10S EH 92069 36204,13M,13M (AIRFIELD OPERATIONS),https://paladindanse111.github.io/AFSC-PDFs/AFSC_files/13M.html,https://paladindanse111.github.io/AFSC-PDFs/BASE_files/BASE_TRAVIS_AFB.html,,Active Duty,Yes
TYNDALL AFB,"30°04'47""N","85°36'26""W",16R FU 34229 28437,13M,13M (AIRFIELD OPERATIONS),https://paladindanse111.github.io/AFSC-PDFs/AFSC_files/13M.html,https://paladindanse111.github.io/AFSC-PDFs/BASE_files/BASE_TYNDALL_AFB.html,,Active Duty,Yes
VANCE AFB,"36°20'21""N","97°54'47""W",14S NF 97544 22116,13M,13M (AIRFIELD OPERATIONS),https://paladindanse111.github.io/AFSC-PDFs/AFSC_files/13M.html,https://paladindanse111.github.io/AFSC-PDFs/BASE_files/BASE_VANCE_AFB.html,,Active Duty,Yes
VANDENBERG SFB,"34°44'31""N","120°34'20""W",10S GD 22255 47110,13M,13M (AIRFIELD OPERATIONS),https://paladindanse111.github.io/AFSC-PDFs/AFSC_files/13M.html,https://paladindanse111.github.io/AFSC-PDFs/BASE_files/BASE_VANDENBERG_SFB.html,,Active Duty,Yes
"WARRENTON, VA (USA)","38°37'60.00""N","77°46'60.00""W",,13M,13M (AIRFIELD OPERATIONS),https://paladindanse111.github.io/AFSC-PDFs/AFSC_files/13M.html,,,Active Duty,No
WHITEMAN AFB,"38°43'44""N","93°33'37""W",15S VC 51299 86840,13M,13M (AIRFIELD OPERATIONS),https://paladindanse111.github.io/AFSC-PDFs/AFSC_files/13M.html,https://paladindanse111.github.io/AFSC-PDFs/BASE_files/BASE_WHITEMAN_AFB.html,,Active Duty,Yes
WRIGHT-PATTERSON AFB,"39°48'37""N","84°01'55""W",16S GK 54072 10915,13M,13M (AIRFIELD OPERATIONS),https://paladindanse111.github.io/AFSC-PDFs/AFSC_files/13M.html,https://paladindanse111.github.io/AFSC-PDFs/BASE_files/BASE_WRIGHT-PATTERSON_AFB.html,,Active Duty,Yes
YOKOTA AB,"35°44'55.00""N","139°20'55.00""E",,13M,13M (AIRFIELD OPERATIONS),https://paladindanse111.github.io/AFSC-PDFs/AFSC_files/13M.html,,,Active Duty,Yes
BARKSDALE AFB,"32°29'45""N","93°40'21""W",15S VR 36822 95596,13N,13N (NUCLEAR AND MISSILE OPERATIONS),https://paladindanse111.github.io/AFSC-PDFs/AFSC_files/13N.html,https://paladindanse111.github.io/AFSC-PDFs/BASE_files/BASE_BARKSDALE_AFB.html,,Active Duty,Yes
CP SMITH MGI,"21°22'0.00""N","157°55'0.00""W",,13N,13N (NUCLEAR AND MISSILE OPERATIONS),https://paladindanse111.github.io/AFSC-PDFs/AFSC_files/13N.html,,,Active Duty,No
ELLSWORTH AFB,"44°08'54""N","103°05'15""W",13T FJ 52951 90126,13N,13N (NUCLEAR AND MISSILE OPERATIONS),https://paladindanse111.github.io/AFSC-PDFs/AFSC_files/13N.html,https://paladindanse111.github.io/AFSC-PDFs/BASE_files/BASE_ELLSWORTH_AFB.html,,Active Duty,Yes
FE WARREN AFB,"41°08'32""N","104°52'41""W",13T EF 10233 54552,13N,13N (NUCLEAR AND MISSILE OPERATIONS),https://paladindanse111.github.io/AFSC-PDFs/AFSC_files/13N.html,https://paladindanse111.github.io/AFSC-PDFs/BASE_files/BASE_FE_WARREN_AFB.html,,Active Duty,Yes
FT GEORGE G MEADE,"39°6'0.00""N","76°43'0.00""W",,13N,13N (NUCLEAR AND MISSILE OPERATIONS),https://paladindanse111.github.io/AFSC-PDFs/AFSC_files/13N.html,,,Active Duty,Yes
HILL AFB,"41°06'36""N","111°58'56""W",12T VL 17530 51433,13N,13N (NUCLEAR AND MISSILE OPERATIONS),https://paladindanse111.github.io/AFSC-PDFs/AFSC_files/13N.html,https://paladindanse111.github.io/AFSC-PDFs/BASE_files/BASE_HILL_AFB.html,,Active Duty,Yes
JB PEARL HARBOR-HICKAM,"21°20'15""N","157°57'43""W",4Q FJ 07643 59855,13N,13N (NUCLEAR AND MISSILE OPERATIONS),https://paladindanse111.github.io/AFSC-PDFs/AFSC_files/13N.html,https://paladindanse111.github.io/AFSC-PDFs/BASE_files/BASE_JB_PEARL_HARBOR-HICKAM.html,,Active Duty,Yes
JBSA RANDOLPH,"29°31'57""N","98°16'45""W",14R NT 69847 67200,13N,13N (NUCLEAR AND MISSILE OPERATIONS),https://paladindanse111.github.io/AFSC-PDFs/AFSC_files/13N.html,https://paladindanse111.github.io/AFSC-PDFs/BASE_files/BASE_JBSA_RANDOLPH.html,,Active Duty,Yes
KIRTLAND AFB,"35°00'39""N","106°30'44""W",13S CU 62019 75289,13N,13N (NUCLEAR AND MISSILE OPERATIONS),https://paladindanse111.github.io/AFSC-PDFs/AFSC_files/13N.html,https://paladindanse111.github.io/AFSC-PDFs/BASE_files/BASE_KIRTLAND_AFB.html,,Active Duty,Yes
MALMSTROM AFB,"47°30'17""N","111°10'56""W",12T VT 86277 61270,13N,13N (NUCLEAR AND MISSILE OPERATIONS),https://paladindanse111.github.io/AFSC-PDFs/AFSC_files/13N.html,https://paladindanse111.github.io/AFSC-PDFs/BASE_files/BASE_MALMSTROM_AFB.html,,Active Duty,Yes
MAXWELL-GUNTER AFB,"32°22'43""N","86°21'44""W",16S EA 59993 82581,13N,13N (NUCLEAR AND MISSILE OPERATIONS),https://paladindanse111.github.io/AFSC-PDFs/AFSC_files/13N.html,https://paladindanse111.github.io/AFSC-PDFs/BASE_files/BASE_MAXWELL-GUNTER_AFB.html,,Active Duty,Yes
MCCONNELL AFB,"37°37'51""N","97°15'06""W",14S PG 54271 66293,13N,13N (NUCLEAR AND MISSILE OPERATIONS),https://paladindanse111.github.io/AFSC-PDFs/AFSC_files/13N.html,https://paladindanse111.github.io/AFSC-PDFs/BASE_files/BASE_MCCONNELL_AFB.html,,Active Duty,Yes
MINOT AFB,"48°25'13""N","101°19'36""W",14U LU 27861 65629,13N,13N (NUCLEAR AND MISSILE OPERATIONS),https://paladindanse111.github.io/AFSC-PDFs/AFSC_files/13N.html,https://paladindanse111.github.io/AFSC-PDFs/BASE_files/BASE_MINOT_AFB.html,,Active Duty,Yes
NORFOLK NAS,"36°56'15.00""N","76°17'21.00""W",,13N,13N (NUCLEAR AND MISSILE OPERATIONS),https://paladindanse111.github.io/AFSC-PDFs/AFSC_files/13N.html,,,Active Duty,No
OFFUTT AFB,"41°07'25""N","95°54'52""W",15T TF 55334 56573,13N,13N (NUCLEAR AND MISSILE OPERATIONS),https://paladindanse111.github.io/AFSC-PDFs/AFSC_files/13N.html,https://paladindanse111.github.io/AFSC-PDFs/BASE_files/BASE_OFFUTT_AFB.html,,Active Duty,Yes
PENTAGON,"38°52'15""N","77°03'21""W",18S UJ 21650 04451,13N,13N (NUCLEAR AND MISSILE OPERATIONS),https://paladindanse111.github.io/AFSC-PDFs/AFSC_files/13N.html,https://paladindanse111.github.io/AFSC-PDFs/BASE_files/BASE_PENTAGON.html,,Active Duty,Yes
RAMSTEIN AB,"49°26'10.00""N","7°36'23.00""E",,13N,13N (NUCLEAR AND MISSILE OPERATIONS),https://paladindanse111.github.io/AFSC-PDFs/AFSC_files/13N.html,,,Active Duty,Yes
VANDENBERG SFB,"34°44'31""N","120°34'20""W",10S GD 22255 47110,13N,13N (NUCLEAR AND MISSILE OPERATIONS),https://paladindanse111.github.io/AFSC-PDFs/AFSC_files/13N.html,https://paladindanse111.github.io/AFSC-PDFs/BASE_files/BASE_VANDENBERG_SFB.html,,Active Duty,Yes
WASHINGTON DC,"38°55'0.00""N","77°4'0.00""W",,13N,13N (NUCLEAR AND MISSILE OPERATIONS),https://paladindanse111.github.io/AFSC-PDFs/AFSC_files/13N.html,,,Active Duty,No
WHITEMAN AFB,"38°43'44""N","93°33'37""W",15S VC 51299 86840,13N,13N (NUCLEAR AND MISSILE OPERATIONS),https://paladindanse111.github.io/AFSC-PDFs/AFSC_files/13N.html,https://paladindanse111.github.io/AFSC-PDFs/BASE_files/BASE_WHITEMAN_AFB.html,,Active Duty,Yes
WRIGHT-PATTERSON AFB,"39°48'37""N","84°01'55""W",16S GK 54072 10915,13N,13N (NUCLEAR AND MISSILE OPERATIONS),https://paladindanse111.github.io/AFSC-PDFs/AFSC_files/13N.html,https://paladindanse111.github.io/AFSC-PDFs/BASE_files/BASE_WRIGHT-PATTERSON_AFB.html,,Active Duty,Yes
AL UDEID AB ABS,"25°7'2.00""N","51°18'54.00""E",,13S,13S (SPACE OPERATIONS),,,,Active Duty,No
ANDREWS JB,"38°47'46""N","76°53'00""W",18S UH 36445 95835,13S,13S (SPACE OPERATIONS),,https://paladindanse111.github.io/AFSC-PDFs/BASE_files/BASE_ANDREWS_JB.html,,Active Duty,Yes
BARKING SANDS COM,"21°1'0.00""N","159°46'60.00""W",,13S,13S (SPACE OPERATIONS),,,,Active Duty,No
BEALE AFB,"39°06'41""N","121°21'35""W",10S FJ 41815 30418,13S,13S (SPACE OPERATIONS),,https://paladindanse111.github.io/AFSC-PDFs/BASE_files/BASE_BEALE_AFB.html,,Active Duty,Yes
BOULDER CO,"40°0'54.00""N","105°16'12.00""W",,13S,13S (SPACE OPERATIONS),,,,Active Duty,No
BUCKLEY SFB,"39°42'09""N","104°45'29""W",13S ED 20741 94766,13S,13S (SPACE OPERATIONS),,https://paladindanse111.github.io/AFSC-PDFs/BASE_files/BASE_BUCKLEY_SFB.html,,Active Duty,Yes
CAPE CANAVERAL SFS,"28°29'19""N","80°34'22""W",17R NM 41814 51404,13S,13S (SPACE OPERATIONS),,https://paladindanse111.github.io/AFSC-PDFs/BASE_files/BASE_CAPE_CANAVERAL_SFS.html,,Active Duty,Yes
CAPE COD SFS,"41°45'8.00""N","70°32'18.00""W",,13S,13S (SPACE OPERATIONS),,,,Active Duty,No
CAVALIER SFS,"48°43'29.00""N","97°53'59.00""W",,13S,13S (SPACE OPERATIONS),,,,Active Duty,No
CHEYENNE MOUNTAIN SFS,"38°49'0.00""N","104°32'60.00""W",,13S,13S (SPACE OPERATIONS),,,,Active Duty,No
CLEAR SFS,"64°18'7.00""N","149°7'21.00""W",,13S,13S (SPACE OPERATIONS),,,,Active Duty,No
COLORADO SPRINGS,"38°50'2.00""N","104°49'15.00""W",,13S,13S (SPACE OPERATIONS),,,,Active Duty,Yes
CP KINSER MGI,"26°22'0.00""N","127°47'60.00""E",,13S,13S (SPACE OPERATIONS),,,,Active Duty,No
DAHLGREN,"38°19'0.00""N","77°1'60.00""W",,13S,13S (SPACE OPERATIONS),,,,Active Duty,No
DAVIS-MONTHAN AFB,"32°10'14""N","110°52'39""W",12S WA 11549 59347,13S,13S (SPACE OPERATIONS),,https://paladindanse111.github.io/AFSC-PDFs/BASE_files/BASE_DAVIS-MONTHAN_AFB.html,,Active Duty,Yes
EDWARDS AFB,"34°55'25""N","117°53'29""W",11S MU 18582 64934,13S,13S (SPACE OPERATIONS),,https://paladindanse111.github.io/AFSC-PDFs/BASE_files/BASE_EDWARDS_AFB.html,,Active Duty,Yes
EGLIN AFB,"30°27'49""N","86°33'11""W",16R EU 42905 70243,13S,13S (SPACE OPERATIONS),,https://paladindanse111.github.io/AFSC-PDFs/BASE_files/BASE_EGLIN_AFB.html,,Active Duty,Yes
FT BELVOIR,"38°40'60.00""N","77°7'60.00""W",,13S,13S (SPACE OPERATIONS),,,,Active Duty,Yes
FT BUCKNER,"26°16'60.00""N","127°46'0.00""E",,13S,13S (SPACE OPERATIONS),,,,Active Duty,No
FT DETRICK,"39°25'60.00""N","77°20'60.00""W",,13S,13S (SPACE OPERATIONS),,,,Active Duty,No
FT GEORGE G MEADE,"39°6'0.00""N","76°43'0.00""W",,13S,13S (SPACE OPERATIONS),,,,Active Duty,Yes
GRAND FORKS AFB,"47°57'07""N","97°22'57""W",14T PU 20768 12225,13S,13S (SPACE OPERATIONS),,https://paladindanse111.github.io/AFSC-PDFs/BASE_files/BASE_GRAND_FORKS_AFB.html,,Active Duty,Yes
HOLLOMAN AFB,"32°50'33""N","106°05'55""W",13S CS 97187 34361,13S,13S (SPACE OPERATIONS),,https://paladindanse111.github.io/AFSC-PDFs/BASE_files/BASE_HOLLOMAN_AFB.html,,Active Duty,Yes
HUNTSVILLE AL,"34°42'0.00""N","86°34'60.00""W",,13S,13S (SPACE OPERATIONS),,,,Active Duty,No
JB ANACOSTIA-BOLLING,"38°50'29""N","77°01'05""W",18S UJ 24855 01110,13S,13S (SPACE OPERATIONS),,https://paladindanse111.github.io/AFSC-PDFs/BASE_files/BASE_JB_ANACOSTIA-BOLLING.html,,Active Duty,Yes
JB PEARL HARBOR-HICKAM,"21°20'15""N","157°57'43""W",4Q FJ 07643 59855,13S,13S (SPACE OPERATIONS),,https://paladindanse111.github.io/AFSC-PDFs/BASE_files/BASE_JB_PEARL_HARBOR-HICKAM.html,,Active Duty,Yes
JBSA LACKLAND,"29°23'14""N","98°37'16""W",14R NT 36765 50947,13S,13S (SPACE OPERATIONS),,https://paladindanse111.github.io/AFSC-PDFs/BASE_files/BASE_JBSA_LACKLAND.html,,Active Duty,Yes
JBSA RANDOLPH,"29°31'57""N","98°16'45""W",14R NT 69847 67200,13S,13S (SPACE OPERATIONS),,https://paladindanse111.github.io/AFSC-PDFs/BASE_files/BASE_JBSA_RANDOLPH.html,,Active Duty,Yes
KADENA AB,"26°21'20.00""N","127°46'3.00""E",,13S,13S (SPACE OPERATIONS),,,,Active Duty,Yes
KAPAUN AIR STATION,"49°42'0.00""N","7°34'60.00""E",,13S,13S (SPACE OPERATIONS),,,,Active Duty,Yes
KIRTLAND AFB,"35°00'39""N","106°30'44""W",13S CU 62019 75289,13S,13S (SPACE OPERATIONS),,https://paladindanse111.github.io/AFSC-PDFs/BASE_files/BASE_KIRTLAND_AFB.html,,Active Duty,Yes
KUNIA HI,"21°30'0.00""N","158°3'0.00""W",,13S,13S (SPACE OPERATIONS),,,,Active Duty,No
L B JOHNSON SP CN COM,"29°37'0.00""N","95°10'0.00""W",,13S,13S (SPACE OPERATIONS),,,,Active Duty,No
LANDSTUHL,"49°25'0.00""N","7°34'0.00""E",,13S,13S (SPACE OPERATIONS),,,,Active Duty,No
LEXINGTON MA,"42°28'0.00""N","71°13'60.00""W",,13S,13S (SPACE OPERATIONS),,,,Active Duty,No
LOS ANGELES SFB,"33°54'59""N","118°22'58""W",11S LT 72173 53746,13S,13S (SPACE OPERATIONS),,https://paladindanse111.github.io/AFSC-PDFs/BASE_files/BASE_LOS_ANGELES.html,,Active Duty,No
MACDILL AFB,"27°51'28""N","82°29'19""W",17R LL 53434 82337,13S,13S (SPACE OPERATIONS),,https://paladindanse111.github.io/AFSC-PDFs/BASE_files/BASE_MACDILL_AFB.html,,Active Duty,Yes
MAXWELL-GUNTER AFB,"32°22'43""N","86°21'44""W",16S EA 59993 82581,13S,13S (SPACE OPERATIONS),,https://paladindanse111.github.io/AFSC-PDFs/BASE_files/BASE_MAXWELL-GUNTER_AFB.html,,Active Duty,Yes
MENWITH HILL RAF,"54°0'0.00""N","1°33'0.00""W",,13S,13S (SPACE OPERATIONS),,,,Active Duty,No
MISAWA AB,"40°42'12.00""N","141°22'6.00""E",,13S,13S (SPACE OPERATIONS),,,,Active Duty,Yes
NELLIS AFB,"36°14'25""N","115°03'14""W",11S PA 74874 12355,13S,13S (SPACE OPERATIONS),,https://paladindanse111.github.io/AFSC-PDFs/BASE_files/BASE_NELLIS_AFB.html,,Active Duty,Yes
NGA HQ SPRINGFIELD,"38°45'0.00""N","77°13'0.00""W",,13S,13S (SPACE OPERATIONS),,,,Active Duty,No
NRO HQ CHANTILLY,"38°53'18.00""N","77°25'54.00""W",,13S,13S (SPACE OPERATIONS),,,,Active Duty,No
OFFUTT AFB,"41°07'25""N","95°54'52""W",15T TF 55334 56573,13S,13S (SPACE OPERATIONS),,https://paladindanse111.github.io/AFSC-PDFs/BASE_files/BASE_OFFUTT_AFB.html,,Active Duty,Yes
OSAN AB,"37°5'26.00""N","127°1'47.00""E",,13S,13S (SPACE OPERATIONS),,,,Active Duty,Yes
PATRICK SFB,"28°14'21""N","80°36'26""W",17R NM 38533 23759,13S,13S (SPACE OPERATIONS),,https://paladindanse111.github.io/AFSC-PDFs/BASE_files/BASE_PATRICK_SFB.html,,Active Duty,Yes
PENTAGON,"38°52'15""N","77°03'21""W",18S UJ 21650 04451,13S,13S (SPACE OPERATIONS),,https://paladindanse111.github.io/AFSC-PDFs/BASE_files/BASE_PENTAGON.html,,Active Duty,Yes
PETERSON SFB,"38°49'32""N","104°41'58""W",13S EC 26089 97461,13S,13S (SPACE OPERATIONS),,https://paladindanse111.github.io/AFSC-PDFs/BASE_files/BASE_PETERSON_SFB.html,,Active Duty,Yes
PITUFFIK SBS,"76°31'52.00""N","68°42'12.00""W",,13S,13S (SPACE OPERATIONS),,,,Active Duty,No
POINT MUGU NAS,"34°7'13.00""N","119°7'15.00""W",,13S,13S (SPACE OPERATIONS),,,,Active Duty,No
RAMSTEIN AB,"49°26'10.00""N","7°36'23.00""E",,13S,13S (SPACE OPERATIONS),,,,Active Duty,Yes
SCHRIEVER SFB,"38°48'12""N","104°31'32""W",13S EC 41196 95059,13S,13S (SPACE OPERATIONS),,https://paladindanse111.github.io/AFSC-PDFs/BASE_files/BASE_SCHRIEVER_SFB.html,,Active Duty,Yes
SIGONELLA NAS,"37°24'6.00""N","14°55'21.00""E",,13S,13S (SPACE OPERATIONS),,,,Active Duty,No
STUTTGART VAIHINGEN,"48°43'60.00""N","9°5'60.00""E",,13S,13S (SPACE OPERATIONS),,,,Active Duty,No
USAF ACADEMY,"39°0'0.00""N","104°52'60.00""W",,13S,13S (SPACE OPERATIONS),,,,Active Duty,No
VANDENBERG SFB,"34°44'31""N","120°34'20""W",10S GD 22255 47110,13S,13S (SPACE OPERATIONS),,https://paladindanse111.github.io/AFSC-PDFs/BASE_files/BASE_VANDENBERG_SFB.html,,Active Duty,Yes
WASHINGTON DC,"38°55'0.00""N","77°4'0.00""W",,13S,13S (SPACE OPERATIONS),,,,Active Duty,No
WHEELER AAF,"21°29'1.00""N","158°2'23.00""W",,13S,13S (SPACE OPERATIONS),,,,Active Duty,No
WHITE SAND MSL RG AIN,"32°23'60.00""N","106°24'0.00""W",,13S,13S (SPACE OPERATIONS),,,,Active Duty,No
WRIGHT-PATTERSON AFB,"39°48'37""N","84°01'55""W",16S GK 54072 10915,13S,13S (SPACE OPERATIONS),,https://paladindanse111.github.io/AFSC-PDFs/BASE_files/BASE_WRIGHT-PATTERSON_AFB.html,,Active Duty,Yes
BARKSDALE AFB,"32°29'45""N","93°40'21""W",15S VR 36822 95596,14F,14F (INFORMATION OPERATIONS),https://paladindanse111.github.io/AFSC-PDFs/AFSC_files/14F.html,https://paladindanse111.github.io/AFSC-PDFs/BASE_files/BASE_BARKSDALE_AFB.html,,Active Duty,Yes
BEALE AFB,"39°06'41""N","121°21'35""W",10S FJ 41815 30418,14F,14F (INFORMATION OPERATIONS),https://paladindanse111.github.io/AFSC-PDFs/AFSC_files/14F.html,https://paladindanse111.github.io/AFSC-PDFs/BASE_files/BASE_BEALE_AFB.html,,Active Duty,Yes
CANNON AFB,"34°23'20""N","103°19'05""W",13S FU 54620 06558,14F,14F (INFORMATION OPERATIONS),https://paladindanse111.github.io/AFSC-PDFs/AFSC_files/14F.html,https://paladindanse111.github.io/AFSC-PDFs/BASE_files/BASE_CANNON_AFB.html,,Active Duty,Yes
CREECH AFB,"36°34'41""N","115°39'29""W",11S PA 20060 48904,14F,14F (INFORMATION OPERATIONS),https://paladindanse111.github.io/AFSC-PDFs/AFSC_files/14F.html,https://paladindanse111.github.io/AFSC-PDFs/BASE_files/BASE_CREECH_AFB.html,,Active Duty,Yes
DAHLGREN,"38°19'0.00""N","77°1'60.00""W",,14F,14F (INFORMATION OPERATIONS),https://paladindanse111.github.io/AFSC-PDFs/AFSC_files/14F.html,,,Active Duty,No
DAVIS-MONTHAN AFB,"32°10'14""N","110°52'39""W",12S WA 11549 59347,14F,14F (INFORMATION OPERATIONS),https://paladindanse111.github.io/AFSC-PDFs/AFSC_files/14F.html,https://paladindanse111.github.io/AFSC-PDFs/BASE_files/BASE_DAVIS-MONTHAN_AFB.html,,Active Duty,Yes
DUKE FIELD,"30°39'1.00""N","86°31'22.00""W",,14F,14F (INFORMATION OPERATIONS),https://paladindanse111.github.io/AFSC-PDFs/AFSC_files/14F.html,,,Active Duty,No
ELLSWORTH AFB,"44°08'54""N","103°05'15""W",13T FJ 52951 90126,14F,14F (INFORMATION OPERATIONS),https://paladindanse111.github.io/AFSC-PDFs/AFSC_files/14F.html,https://paladindanse111.github.io/AFSC-PDFs/BASE_files/BASE_ELLSWORTH_AFB.html,,Active Duty,Yes
FT GEORGE G MEADE,"39°6'0.00""N","76°43'0.00""W",,14F,14F (INFORMATION OPERATIONS),https://paladindanse111.github.io/AFSC-PDFs/AFSC_files/14F.html,,,Active Duty,Yes
HURLBURT FIELD,"30°25'23""N","86°41'41""W",16R EU 29317 65704,14F,14F (INFORMATION OPERATIONS),https://paladindanse111.github.io/AFSC-PDFs/AFSC_files/14F.html,https://paladindanse111.github.io/AFSC-PDFs/BASE_files/BASE_HURLBURT_FIELD.html,,Active Duty,Yes
JB ELMENDORF-RICHARDSON,"61°15'44""N","149°41'53""W",6V UN 55306 94983,14F,14F (INFORMATION OPERATIONS),https://paladindanse111.github.io/AFSC-PDFs/AFSC_files/14F.html,https://paladindanse111.github.io/AFSC-PDFs/BASE_files/BASE_JB_ELMENDORF-RICHARDSON.html,,Active Duty,Yes
JB LANGLEY-EUSTIS,"37°05'00""N","76°21'33""W",18S UG 79195 04980,14F,14F (INFORMATION OPERATIONS),https://paladindanse111.github.io/AFSC-PDFs/AFSC_files/14F.html,https://paladindanse111.github.io/AFSC-PDFs/BASE_files/BASE_JB_LANGLEY-EUSTIS.html,,Active Duty,Yes
JB PEARL HARBOR-HICKAM,"21°20'15""N","157°57'43""W",4Q FJ 07643 59855,14F,14F (INFORMATION OPERATIONS),https://paladindanse111.github.io/AFSC-PDFs/AFSC_files/14F.html,https://paladindanse111.github.io/AFSC-PDFs/BASE_files/BASE_JB_PEARL_HARBOR-HICKAM.html,,Active Duty,Yes
JBSA LACKLAND,"29°23'14""N","98°37'16""W",14R NT 36765 50947,14F,14F (INFORMATION OPERATIONS),https://paladindanse111.github.io/AFSC-PDFs/AFSC_files/14F.html,https://paladindanse111.github.io/AFSC-PDFs/BASE_files/BASE_JBSA_LACKLAND.html,,Active Duty,Yes
KADENA AB,"26°21'20.00""N","127°46'3.00""E",,14F,14F (INFORMATION OPERATIONS),https://paladindanse111.github.io/AFSC-PDFs/AFSC_files/14F.html,,,Active Duty,Yes
LITTLE ROCK AFB,"34°53'47""N","92°08'38""W",15S WU 78220 61887,14F,14F (INFORMATION OPERATIONS),https://paladindanse111.github.io/AFSC-PDFs/AFSC_files/14F.html,https://paladindanse111.github.io/AFSC-PDFs/BASE_files/BASE_LITTLE_ROCK_AFB.html,,Active Duty,Yes
MACDILL AFB,"27°51'28""N","82°29'19""W",17R LL 53434 82337,14F,14F (INFORMATION OPERATIONS),https://paladindanse111.github.io/AFSC-PDFs/AFSC_files/14F.html,https://paladindanse111.github.io/AFSC-PDFs/BASE_files/BASE_MACDILL_AFB.html,,Active Duty,Yes
MILDENHALL RAF,"52°21'43.00""N","0°29'11.00""E",,14F,14F (INFORMATION OPERATIONS),https://paladindanse111.github.io/AFSC-PDFs/AFSC_files/14F.html,,,Active Duty,Yes
MOODY AFB,"30°58'12""N","83°11'47""W",17R KQ 90229 28346,14F,14F (INFORMATION OPERATIONS),https://paladindanse111.github.io/AFSC-PDFs/AFSC_files/14F.html,https://paladindanse111.github.io/AFSC-PDFs/BASE_files/BASE_MOODY_AFB.html,,Active Duty,Yes
NELLIS AFB,"36°14'25""N","115°03'14""W",11S PA 74874 12355,14F,14F (INFORMATION OPERATIONS),https://paladindanse111.github.io/AFSC-PDFs/AFSC_files/14F.html,https://paladindanse111.github.io/AFSC-PDFs/BASE_files/BASE_NELLIS_AFB.html,,Active Duty,Yes
OFFUTT AFB,"41°07'25""N","95°54'52""W",15T TF 55334 56573,14F,14F (INFORMATION OPERATIONS),https://paladindanse111.github.io/AFSC-PDFs/AFSC_files/14F.html,https://paladindanse111.github.io/AFSC-PDFs/BASE_files/BASE_OFFUTT_AFB.html,,Active Duty,Yes
OSAN AB,"37°5'26.00""N","127°1'47.00""E",,14F,14F (INFORMATION OPERATIONS),https://paladindanse111.github.io/AFSC-PDFs/AFSC_files/14F.html,,,Active Duty,Yes
PENTAGON,"38°52'15""N","77°03'21""W",18S UJ 21650 04451,14F,14F (INFORMATION OPERATIONS),https://paladindanse111.github.io/AFSC-PDFs/AFSC_files/14F.html,https://paladindanse111.github.io/AFSC-PDFs/BASE_files/BASE_PENTAGON.html,,Active Duty,Yes
RAMSTEIN AB,"49°26'10.00""N","7°36'23.00""E",,14F,14F (INFORMATION OPERATIONS),https://paladindanse111.github.io/AFSC-PDFs/AFSC_files/14F.html,,,Active Duty,Yes
ROBINS AFB,"32°38'23""N","83°35'30""W",17S KS 56883 14314,14F,14F (INFORMATION OPERATIONS),https://paladindanse111.github.io/AFSC-PDFs/AFSC_files/14F.html,https://paladindanse111.github.io/AFSC-PDFs/BASE_files/BASE_ROBINS_AFB.html,,Active Duty,Yes
SCOTT AFB,"38°32'29""N","89°51'18""W",16S BH 51169 69750,14F,14F (INFORMATION OPERATIONS),https://paladindanse111.github.io/AFSC-PDFs/AFSC_files/14F.html,https://paladindanse111.github.io/AFSC-PDFs/BASE_files/BASE_SCOTT_AFB.html,,Active Duty,Yes
STUTTGART VAIHINGEN,"48°43'60.00""N","9°5'60.00""E",,14F,14F (INFORMATION OPERATIONS),https://paladindanse111.github.io/AFSC-PDFs/AFSC_files/14F.html,,,Active Duty,No
WRIGHT-PATTERSON AFB,"39°48'37""N","84°01'55""W",16S GK 54072 10915,14F,14F (INFORMATION OPERATIONS),https://paladindanse111.github.io/AFSC-PDFs/AFSC_files/14F.html,https://paladindanse111.github.io/AFSC-PDFs/BASE_files/BASE_WRIGHT-PATTERSON_AFB.html,,Active Duty,Yes
AL DHAFRA ABS,"24°14'23.00""N","54°32'58.00""E",,14N,14N (INTELLIGENCE),https://paladindanse111.github.io/AFSC-PDFs/AFSC_files/14N.html,,,Active Duty,No
AL UDEID AB ABS,"25°7'2.00""N","51°18'54.00""E",,14N,14N (INTELLIGENCE),https://paladindanse111.github.io/AFSC-PDFs/AFSC_files/14N.html,,,Active Duty,No
ALBACETE SPAIN,"38°57'0.00""N","1°52'0.00""W",,14N,14N (INTELLIGENCE),https://paladindanse111.github.io/AFSC-PDFs/AFSC_files/14N.html,,,Active Duty,No
ALICE SPRINGS,"23°41'59.94""S","133°51'59.94""E",,14N,14N (INTELLIGENCE),https://paladindanse111.github.io/AFSC-PDFs/AFSC_files/14N.html,,,Active Duty,No
ALTUS AFB,"34°39'18""N","99°17'04""W",14S MD 73935 34821,14N,14N (INTELLIGENCE),https://paladindanse111.github.io/AFSC-PDFs/AFSC_files/14N.html,https://paladindanse111.github.io/AFSC-PDFs/BASE_files/BASE_ALTUS_AFB.html,,Active Duty,Yes
ANDERSEN AFB,"13°33'46""N","144°55'25""E",55P BR 75307 00327,14N,14N (INTELLIGENCE),https://paladindanse111.github.io/AFSC-PDFs/AFSC_files/14N.html,https://paladindanse111.github.io/AFSC-PDFs/BASE_files/BASE_ANDERSEN_AFB.html,,Active Duty,Yes
ANDREWS JB,"38°47'46""N","76°53'00""W",18S UH 36445 95835,14N,14N (INTELLIGENCE),https://paladindanse111.github.io/AFSC-PDFs/AFSC_files/14N.html,https://paladindanse111.github.io/AFSC-PDFs/BASE_files/BASE_ANDREWS_JB.html,,Active Duty,Yes
AVIANO AB,"46°1'48.00""N","12°35'56.00""E",,14N,14N (INTELLIGENCE),https://paladindanse111.github.io/AFSC-PDFs/AFSC_files/14N.html,,,Active Duty,Yes
BARKSDALE AFB,"32°29'45""N","93°40'21""W",15S VR 36822 95596,14N,14N (INTELLIGENCE),https://paladindanse111.github.io/AFSC-PDFs/AFSC_files/14N.html,https://paladindanse111.github.io/AFSC-PDFs/BASE_files/BASE_BARKSDALE_AFB.html,,Active Duty,Yes
BEALE AFB,"39°06'41""N","121°21'35""W",10S FJ 41815 30418,14N,14N (INTELLIGENCE),https://paladindanse111.github.io/AFSC-PDFs/AFSC_files/14N.html,https://paladindanse111.github.io/AFSC-PDFs/BASE_files/BASE_BEALE_AFB.html,,Active Duty,Yes
BIRMINGHAM AL,"33°31'0.00""N","86°49'0.00""W",,14N,14N (INTELLIGENCE),https://paladindanse111.github.io/AFSC-PDFs/AFSC_files/14N.html,,,Active Duty,No
BOGOTA,"4°34'0.00""N","74°4'60.00""W",,14N,14N (INTELLIGENCE),https://paladindanse111.github.io/AFSC-PDFs/AFSC_files/14N.html,,,Active Duty,No
BOSTON,"42°21'0.00""N","71°4'0.00""W",,14N,14N (INTELLIGENCE),https://paladindanse111.github.io/AFSC-PDFs/AFSC_files/14N.html,,,Active Duty,Yes
BUCKLEY SFB,"39°42'09""N","104°45'29""W",13S ED 20741 94766,14N,14N (INTELLIGENCE),https://paladindanse111.github.io/AFSC-PDFs/AFSC_files/14N.html,https://paladindanse111.github.io/AFSC-PDFs/BASE_files/BASE_BUCKLEY_SFB.html,,Active Duty,Yes
CAMP MACKALL,"35°7'60.00""N","79°25'60.00""W",,14N,14N (INTELLIGENCE),https://paladindanse111.github.io/AFSC-PDFs/AFSC_files/14N.html,,,Active Duty,No
CANNON AFB,"34°23'20""N","103°19'05""W",13S FU 54620 06558,14N,14N (INTELLIGENCE),https://paladindanse111.github.io/AFSC-PDFs/AFSC_files/14N.html,https://paladindanse111.github.io/AFSC-PDFs/BASE_files/BASE_CANNON_AFB.html,,Active Duty,Yes
CHARLOTTESVILLE,"38°1'60.00""N","78°28'60.00""W",,14N,14N (INTELLIGENCE),https://paladindanse111.github.io/AFSC-PDFs/AFSC_files/14N.html,,,Active Duty,Yes
COLORADO SPRINGS,"38°50'2.00""N","104°49'15.00""W",,14N,14N (INTELLIGENCE),https://paladindanse111.github.io/AFSC-PDFs/AFSC_files/14N.html,,,Active Duty,Yes
CP SMITH MGI,"21°22'0.00""N","157°55'0.00""W",,14N,14N (INTELLIGENCE),https://paladindanse111.github.io/AFSC-PDFs/AFSC_files/14N.html,,,Active Duty,No
CREECH AFB,"36°34'41""N","115°39'29""W",11S PA 20060 48904,14N,14N (INTELLIGENCE),https://paladindanse111.github.io/AFSC-PDFs/AFSC_files/14N.html,https://paladindanse111.github.io/AFSC-PDFs/BASE_files/BASE_CREECH_AFB.html,,Active Duty,Yes
DAHLGREN,"38°19'0.00""N","77°1'60.00""W",,14N,14N (INTELLIGENCE),https://paladindanse111.github.io/AFSC-PDFs/AFSC_files/14N.html,,,Active Duty,No
DAVIS-MONTHAN AFB,"32°10'14""N","110°52'39""W",12S WA 11549 59347,14N,14N (INTELLIGENCE),https://paladindanse111.github.io/AFSC-PDFs/AFSC_files/14N.html,https://paladindanse111.github.io/AFSC-PDFs/BASE_files/BASE_DAVIS-MONTHAN_AFB.html,,Active Duty,Yes
DIGBY UK,"53°4'60.00""N","0°22'0.00""E",,14N,14N (INTELLIGENCE),https://paladindanse111.github.io/AFSC-PDFs/AFSC_files/14N.html,,,Active Duty,No
DOVER AFB,"39°07'39""N","75°28'06""W",18S VJ 59518 31029,14N,14N (INTELLIGENCE),https://paladindanse111.github.io/AFSC-PDFs/AFSC_files/14N.html,https://paladindanse111.github.io/AFSC-PDFs/BASE_files/BASE_DOVER_AFB.html,,Active Duty,Yes
DUKE FIELD,"30°39'1.00""N","86°31'22.00""W",,14N,14N (INTELLIGENCE),https://paladindanse111.github.io/AFSC-PDFs/AFSC_files/14N.html,,,Active Duty,No
DYESS AFB,"32°25'17""N","99°50'31""W",14S MA 20838 87456,14N,14N (INTELLIGENCE),https://paladindanse111.github.io/AFSC-PDFs/AFSC_files/14N.html,https://paladindanse111.github.io/AFSC-PDFs/BASE_files/BASE_DYESS_AFB.html,,Active Duty,Yes
EDWARDS AFB,"34°55'25""N","117°53'29""W",11S MU 18582 64934,14N,14N (INTELLIGENCE),https://paladindanse111.github.io/AFSC-PDFs/AFSC_files/14N.html,https://paladindanse111.github.io/AFSC-PDFs/BASE_files/BASE_EDWARDS_AFB.html,,Active Duty,Yes
EGLIN AFB,"30°27'49""N","86°33'11""W",16R EU 42905 70243,14N,14N (INTELLIGENCE),https://paladindanse111.github.io/AFSC-PDFs/AFSC_files/14N.html,https://paladindanse111.github.io/AFSC-PDFs/BASE_files/BASE_EGLIN_AFB.html,,Active Duty,Yes
EIELSON AFB,"64°39'52""N","147°05'45""W",6W VS 95424 71061,14N,14N (INTELLIGENCE),https://paladindanse111.github.io/AFSC-PDFs/AFSC_files/14N.html,https://paladindanse111.github.io/AFSC-PDFs/BASE_files/BASE_EIELSON_AFB.html,,Active Duty,Yes
EINSIEDLERHOF STG,"49°25'60.00""N","7°40'0.00""E",,14N,14N (INTELLIGENCE),https://paladindanse111.github.io/AFSC-PDFs/AFSC_files/14N.html,,,Active Duty,No
ELLSWORTH AFB,"44°08'54""N","103°05'15""W",13T FJ 52951 90126,14N,14N (INTELLIGENCE),https://paladindanse111.github.io/AFSC-PDFs/AFSC_files/14N.html,https://paladindanse111.github.io/AFSC-PDFs/BASE_files/BASE_ELLSWORTH_AFB.html,,Active Duty,Yes
FAIRCHILD AFB,"47°38'28""N","117°38'41""W",11T MN 51574 76613,14N,14N (INTELLIGENCE),https://paladindanse111.github.io/AFSC-PDFs/AFSC_files/14N.html,https://paladindanse111.github.io/AFSC-PDFs/BASE_files/BASE_FAIRCHILD_AFB.html,,Active Duty,Yes
FAIRFORD RAF,"51°40'56.00""N","1°47'24.00""W",,14N,14N (INTELLIGENCE),https://paladindanse111.github.io/AFSC-PDFs/AFSC_files/14N.html,,,Active Duty,No
FE WARREN AFB,"41°08'32""N","104°52'41""W",13T EF 10233 54552,14N,14N (INTELLIGENCE),https://paladindanse111.github.io/AFSC-PDFs/AFSC_files/14N.html,https://paladindanse111.github.io/AFSC-PDFs/BASE_files/BASE_FE_WARREN_AFB.html,,Active Duty,Yes
FELTWELL STG,"52°26'12.00""N","0°30'50.00""E",,14N,14N (INTELLIGENCE),https://paladindanse111.github.io/AFSC-PDFs/AFSC_files/14N.html,,,Active Duty,No
FT BELVOIR,"38°40'60.00""N","77°7'60.00""W",,14N,14N (INTELLIGENCE),https://paladindanse111.github.io/AFSC-PDFs/AFSC_files/14N.html,,,Active Duty,Yes
FT BENNING,"32°22'60.00""N","84°52'60.00""W",,14N,14N (INTELLIGENCE),https://paladindanse111.github.io/AFSC-PDFs/AFSC_files/14N.html,,,Active Duty,No
FT BLISS,"31°48'0.00""N","106°25'0.00""W",,14N,14N (INTELLIGENCE),https://paladindanse111.github.io/AFSC-PDFs/AFSC_files/14N.html,,,Active Duty,No
FT CAMPBELL,"36°40'0.00""N","87°28'60.00""W",,14N,14N (INTELLIGENCE),https://paladindanse111.github.io/AFSC-PDFs/AFSC_files/14N.html,,,Active Duty,Yes
FT CARSON,"38°40'60.00""N","104°46'0.00""W",,14N,14N (INTELLIGENCE),https://paladindanse111.github.io/AFSC-PDFs/AFSC_files/14N.html,,,Active Duty,Yes
FT CAVAZOS,"31°08'22""N","97°45'56""W",14R PV 17679 45711,14N,14N (INTELLIGENCE),https://paladindanse111.github.io/AFSC-PDFs/AFSC_files/14N.html,https://paladindanse111.github.io/AFSC-PDFs/BASE_files/BASE_FT_CAVAZOS.html,,Active Duty,Yes
FT DRUM,"44°2'60.00""N","75°43'60.00""W",,14N,14N (INTELLIGENCE),https://paladindanse111.github.io/AFSC-PDFs/AFSC_files/14N.html,,,Active Duty,No
FT GEORGE G MEADE,"39°6'0.00""N","76°43'0.00""W",,14N,14N (INTELLIGENCE),https://paladindanse111.github.io/AFSC-PDFs/AFSC_files/14N.html,,,Active Duty,Yes
FT GORDON,"33°25'0.00""N","82°7'60.00""W",,14N,14N (INTELLIGENCE),https://paladindanse111.github.io/AFSC-PDFs/AFSC_files/14N.html,,,Active Duty,Yes
FT IRWIN,"35°22'60.00""N","116°34'60.00""W",,14N,14N (INTELLIGENCE),https://paladindanse111.github.io/AFSC-PDFs/AFSC_files/14N.html,,,Active Duty,No
FT KNOX,"37°53'60.00""N","85°58'60.00""W",,14N,14N (INTELLIGENCE),https://paladindanse111.github.io/AFSC-PDFs/AFSC_files/14N.html,,,Active Duty,No
FT LEAVENWORTH,"39°21'0.00""N","94°55'0.00""W",,14N,14N (INTELLIGENCE),https://paladindanse111.github.io/AFSC-PDFs/AFSC_files/14N.html,,,Active Duty,No
FT LIBERTY (AKA FT BRAGG),"35°08'22""N","78°59'50""W",17S PU 82458 90342,14N,14N (INTELLIGENCE),https://paladindanse111.github.io/AFSC-PDFs/AFSC_files/14N.html,https://paladindanse111.github.io/AFSC-PDFs/BASE_files/BASE_FT_LIBERTY_AKA_FT_BRAGG.html,,Active Duty,Yes
FT RILEY,"39°10'0.00""N","96°49'0.00""W",,14N,14N (INTELLIGENCE),https://paladindanse111.github.io/AFSC-PDFs/AFSC_files/14N.html,,,Active Duty,No
FT STEWART,"31°51'0.00""N","81°35'60.00""W",,14N,14N (INTELLIGENCE),https://paladindanse111.github.io/AFSC-PDFs/AFSC_files/14N.html,,,Active Duty,Yes
GEILENKIRCHEN AB,"50°57'39.00""N","6°2'30.00""E",,14N,14N (INTELLIGENCE),https://paladindanse111.github.io/AFSC-PDFs/AFSC_files/14N.html,,,Active Duty,No
GOODFELLOW AFB,"31°26'09""N","100°24'03""W",14R LV 66873 78753,14N,14N (INTELLIGENCE),https://paladindanse111.github.io/AFSC-PDFs/AFSC_files/14N.html,https://paladindanse111.github.io/AFSC-PDFs/BASE_files/BASE_GOODFELLOW_AFB.html,,Active Duty,Yes
GRAND FORKS AFB,"47°57'07""N","97°22'57""W",14T PU 20768 12225,14N,14N (INTELLIGENCE),https://paladindanse111.github.io/AFSC-PDFs/AFSC_files/14N.html,https://paladindanse111.github.io/AFSC-PDFs/BASE_files/BASE_GRAND_FORKS_AFB.html,,Active Duty,Yes
GREENVILLE TX,"33°8'60.00""N","96°7'0.00""W",,14N,14N (INTELLIGENCE),https://paladindanse111.github.io/AFSC-PDFs/AFSC_files/14N.html,,,Active Duty,No
HANSCOM AFB,"42°27'23""N","71°16'35""W",19T CH 12823 02961,14N,14N (INTELLIGENCE),https://paladindanse111.github.io/AFSC-PDFs/AFSC_files/14N.html,https://paladindanse111.github.io/AFSC-PDFs/BASE_files/BASE_HANSCOM_AFB.html,,Active Duty,Yes
HILL AFB,"41°06'36""N","111°58'56""W",12T VL 17530 51433,14N,14N (INTELLIGENCE),https://paladindanse111.github.io/AFSC-PDFs/AFSC_files/14N.html,https://paladindanse111.github.io/AFSC-PDFs/BASE_files/BASE_HILL_AFB.html,,Active Duty,Yes
HOLLOMAN AFB,"32°50'33""N","106°05'55""W",13S CS 97187 34361,14N,14N (INTELLIGENCE),https://paladindanse111.github.io/AFSC-PDFs/AFSC_files/14N.html,https://paladindanse111.github.io/AFSC-PDFs/BASE_files/BASE_HOLLOMAN_AFB.html,,Active Duty,Yes
INCIRLIK AB,"37°0'7.00""N","35°25'34.00""E",,14N,14N (INTELLIGENCE),https://paladindanse111.github.io/AFSC-PDFs/AFSC_files/14N.html,,,Active Duty,Yes
JB ANACOSTIA-BOLLING,"38°50'29""N","77°01'05""W",18S UJ 24855 01110,14N,14N (INTELLIGENCE),https://paladindanse111.github.io/AFSC-PDFs/AFSC_files/14N.html,https://paladindanse111.github.io/AFSC-PDFs/BASE_files/BASE_JB_ANACOSTIA-BOLLING.html,,Active Duty,Yes
JB CHARLESTON,"32°53'29""N","80°04'03""W",17S NS 87218 39631,14N,14N (INTELLIGENCE),https://paladindanse111.github.io/AFSC-PDFs/AFSC_files/14N.html,https://paladindanse111.github.io/AFSC-PDFs/BASE_files/BASE_JB_CHARLESTON.html,,Active Duty,Yes
JB ELMENDORF-RICHARDSON,"61°15'44""N","149°41'53""W",6V UN 55306 94983,14N,14N (INTELLIGENCE),https://paladindanse111.github.io/AFSC-PDFs/AFSC_files/14N.html,https://paladindanse111.github.io/AFSC-PDFs/BASE_files/BASE_JB_ELMENDORF-RICHARDSON.html,,Active Duty,Yes
JB LANGLEY-EUSTIS,"37°05'00""N","76°21'33""W",18S UG 79195 04980,14N,14N (INTELLIGENCE),https://paladindanse111.github.io/AFSC-PDFs/AFSC_files/14N.html,https://paladindanse111.github.io/AFSC-PDFs/BASE_files/BASE_JB_LANGLEY-EUSTIS.html,,Active Duty,Yes
JB LEWIS-MCCHORD,"47°05'30""N","122°36'53""W",10T ET 29240 15422,14N,14N (INTELLIGENCE),https://paladindanse111.github.io/AFSC-PDFs/AFSC_files/14N.html,https://paladindanse111.github.io/AFSC-PDFs/BASE_files/BASE_JB_LEWIS-MCCHORD.html,,Active Duty,Yes
JB MCGUIRE-DIX-LAKEHURST,"40°02'15""N","74°35'18""W",18T WK 35120 32000,14N,14N (INTELLIGENCE),https://paladindanse111.github.io/AFSC-PDFs/AFSC_files/14N.html,https://paladindanse111.github.io/AFSC-PDFs/BASE_files/BASE_JB_MCGUIRE-DIX-LAKEHURST.html,,Active Duty,Yes
JB PEARL HARBOR-HICKAM,"21°20'15""N","157°57'43""W",4Q FJ 07643 59855,14N,14N (INTELLIGENCE),https://paladindanse111.github.io/AFSC-PDFs/AFSC_files/14N.html,https://paladindanse111.github.io/AFSC-PDFs/BASE_files/BASE_JB_PEARL_HARBOR-HICKAM.html,,Active Duty,Yes
JBSA LACKLAND,"29°23'14""N","98°37'16""W",14R NT 36765 50947,14N,14N (INTELLIGENCE),https://paladindanse111.github.io/AFSC-PDFs/AFSC_files/14N.html,https://paladindanse111.github.io/AFSC-PDFs/BASE_files/BASE_JBSA_LACKLAND.html,,Active Duty,Yes
JBSA RANDOLPH,"29°31'57""N","98°16'45""W",14R NT 69847 67200,14N,14N (INTELLIGENCE),https://paladindanse111.github.io/AFSC-PDFs/AFSC_files/14N.html,https://paladindanse111.github.io/AFSC-PDFs/BASE_files/BASE_JBSA_RANDOLPH.html,,Active Duty,Yes
KADENA AB,"26°21'20.00""N","127°46'3.00""E",,14N,14N (INTELLIGENCE),https://paladindanse111.github.io/AFSC-PDFs/AFSC_files/14N.html,,,Active Duty,Yes
KEY WEST FL,"24°33'30.00""N","81°47'60.00""W",,14N,14N (INTELLIGENCE),https://paladindanse111.github.io/AFSC-PDFs/AFSC_files/14N.html,,,Active Duty,No
KEY WEST NAS,"24°34'33.00""N","81°41'20.00""W",,14N,14N (INTELLIGENCE),https://paladindanse111.github.io/AFSC-PDFs/AFSC_files/14N.html,,,Active Duty,No
KIRTLAND AFB,"35°00'39""N","106°30'44""W",13S CU 62019 75289,14N,14N (INTELLIGENCE),https://paladindanse111.github.io/AFSC-PDFs/AFSC_files/14N.html,https://paladindanse111.github.io/AFSC-PDFs/BASE_files/BASE_KIRTLAND_AFB.html,,Active Duty,Yes
KUNSAN AB,"35°54'14.00""N","126°36'57.00""E",,14N,14N (INTELLIGENCE),https://paladindanse111.github.io/AFSC-PDFs/AFSC_files/14N.html,,,Active Duty,Yes
LAKENHEATH RAF,"52°24'33.00""N","0°33'40.00""E",,14N,14N (INTELLIGENCE),https://paladindanse111.github.io/AFSC-PDFs/AFSC_files/14N.html,,,Active Duty,Yes
LITTLE ROCK AFB,"34°53'47""N","92°08'38""W",15S WU 78220 61887,14N,14N (INTELLIGENCE),https://paladindanse111.github.io/AFSC-PDFs/AFSC_files/14N.html,https://paladindanse111.github.io/AFSC-PDFs/BASE_files/BASE_LITTLE_ROCK_AFB.html,,Active Duty,Yes
LOS ANGELES SFB,"33°54'59""N","118°22'58""W",11S LT 72173 53746,14N,14N (INTELLIGENCE),https://paladindanse111.github.io/AFSC-PDFs/AFSC_files/14N.html,https://paladindanse111.github.io/AFSC-PDFs/BASE_files/BASE_LOS_ANGELES.html,,Active Duty,No
"LOS ANGELES, CA (USA)","34°2'60.00""N","118°16'60.00""W",,14N,14N (INTELLIGENCE),https://paladindanse111.github.io/AFSC-PDFs/AFSC_files/14N.html,,,Active Duty,No
LUKE AFB,"33°32'22""N","112°22'32""W",12S UC 72284 11939,14N,14N (INTELLIGENCE),https://paladindanse111.github.io/AFSC-PDFs/AFSC_files/14N.html,https://paladindanse111.github.io/AFSC-PDFs/BASE_files/BASE_LUKE_AFB.html,,Active Duty,Yes
MACDILL AFB,"27°51'28""N","82°29'19""W",17R LL 53434 82337,14N,14N (INTELLIGENCE),https://paladindanse111.github.io/AFSC-PDFs/AFSC_files/14N.html,https://paladindanse111.github.io/AFSC-PDFs/BASE_files/BASE_MACDILL_AFB.html,,Active Duty,Yes
MAINZ KASTEL,"50°1'60.00""N","8°34'0.00""E",,14N,14N (INTELLIGENCE),https://paladindanse111.github.io/AFSC-PDFs/AFSC_files/14N.html,,,Active Duty,No
MALMSTROM AFB,"47°30'17""N","111°10'56""W",12T VT 86277 61270,14N,14N (INTELLIGENCE),https://paladindanse111.github.io/AFSC-PDFs/AFSC_files/14N.html,https://paladindanse111.github.io/AFSC-PDFs/BASE_files/BASE_MALMSTROM_AFB.html,,Active Duty,Yes
MARCH ARB,"33°53'26.85""N","117°15'42.24""W",11S MT 75798 50078,14N,14N (INTELLIGENCE),https://paladindanse111.github.io/AFSC-PDFs/AFSC_files/14N.html,https://paladindanse111.github.io/AFSC-PDFs/WING_files/WING_MARCH_ARB.html,,Active Duty,No
MAXWELL-GUNTER AFB,"32°22'43""N","86°21'44""W",16S EA 59993 82581,14N,14N (INTELLIGENCE),https://paladindanse111.github.io/AFSC-PDFs/AFSC_files/14N.html,https://paladindanse111.github.io/AFSC-PDFs/BASE_files/BASE_MAXWELL-GUNTER_AFB.html,,Active Duty,Yes
MCCONNELL AFB,"37°37'51""N","97°15'06""W",14S PG 54271 66293,14N,14N (INTELLIGENCE),https://paladindanse111.github.io/AFSC-PDFs/AFSC_files/14N.html,https://paladindanse111.github.io/AFSC-PDFs/BASE_files/BASE_MCCONNELL_AFB.html,,Active Duty,Yes
MILDENHALL RAF,"52°21'43.00""N","0°29'11.00""E",,14N,14N (INTELLIGENCE),https://paladindanse111.github.io/AFSC-PDFs/AFSC_files/14N.html,,,Active Duty,Yes
MINOT AFB,"48°25'13""N","101°19'36""W",14U LU 27861 65629,14N,14N (INTELLIGENCE),https://paladindanse111.github.io/AFSC-PDFs/AFSC_files/14N.html,https://paladindanse111.github.io/AFSC-PDFs/BASE_files/BASE_MINOT_AFB.html,,Active Duty,Yes
MISAWA AB,"40°42'12.00""N","141°22'6.00""E",,14N,14N (INTELLIGENCE),https://paladindanse111.github.io/AFSC-PDFs/AFSC_files/14N.html,,,Active Duty,Yes
MOFFETT FEDERAL,"37°24'58.00""N","122°2'57.00""W",,14N,14N (INTELLIGENCE),https://paladindanse111.github.io/AFSC-PDFs/AFSC_files/14N.html,,,Active Duty,No
MOHRINGEN,"48°43'60.00""N","9°7'60.00""E",,14N,14N (INTELLIGENCE),https://paladindanse111.github.io/AFSC-PDFs/AFSC_files/14N.html,,,Active Duty,No
MOLESWORTH STG,"52°22'0.00""N","0°24'0.00""W",,14N,14N (INTELLIGENCE),https://paladindanse111.github.io/AFSC-PDFs/AFSC_files/14N.html,,,Active Duty,No
MOODY AFB,"30°58'12""N","83°11'47""W",17R KQ 90229 28346,14N,14N (INTELLIGENCE),https://paladindanse111.github.io/AFSC-PDFs/AFSC_files/14N.html,https://paladindanse111.github.io/AFSC-PDFs/BASE_files/BASE_MOODY_AFB.html,,Active Duty,Yes
MOUNTAIN HOME AFB,"43°03'59""N","115°51'18""W",11T NH 93226 68823,14N,14N (INTELLIGENCE),https://paladindanse111.github.io/AFSC-PDFs/AFSC_files/14N.html,https://paladindanse111.github.io/AFSC-PDFs/BASE_files/BASE_MOUNTAIN_HOME_AFB.html,,Active Duty,Yes
NELLIS AFB,"36°14'25""N","115°03'14""W",11S PA 74874 12355,14N,14N (INTELLIGENCE),https://paladindanse111.github.io/AFSC-PDFs/AFSC_files/14N.html,https://paladindanse111.github.io/AFSC-PDFs/BASE_files/BASE_NELLIS_AFB.html,,Active Duty,Yes
NGA HQ SPRINGFIELD,"38°45'0.00""N","77°13'0.00""W",,14N,14N (INTELLIGENCE),https://paladindanse111.github.io/AFSC-PDFs/AFSC_files/14N.html,,,Active Duty,No
NRO HQ CHANTILLY,"38°53'18.00""N","77°25'54.00""W",,14N,14N (INTELLIGENCE),https://paladindanse111.github.io/AFSC-PDFs/AFSC_files/14N.html,,,Active Duty,No
OFFUTT AFB,"41°07'25""N","95°54'52""W",15T TF 55334 56573,14N,14N (INTELLIGENCE),https://paladindanse111.github.io/AFSC-PDFs/AFSC_files/14N.html,https://paladindanse111.github.io/AFSC-PDFs/BASE_files/BASE_OFFUTT_AFB.html,,Active Duty,Yes
OSAN AB,"37°5'26.00""N","127°1'47.00""E",,14N,14N (INTELLIGENCE),https://paladindanse111.github.io/AFSC-PDFs/AFSC_files/14N.html,,,Active Duty,Yes
OTTAWA,"45°27'0.00""N","75°42'0.00""W",,14N,14N (INTELLIGENCE),https://paladindanse111.github.io/AFSC-PDFs/AFSC_files/14N.html,,,Active Duty,No
PATRICK SFB,"28°14'21""N","80°36'26""W",17R NM 38533 23759,14N,14N (INTELLIGENCE),https://paladindanse111.github.io/AFSC-PDFs/AFSC_files/14N.html,https://paladindanse111.github.io/AFSC-PDFs/BASE_files/BASE_PATRICK_SFB.html,,Active Duty,Yes
PEASE ANGB,"43°4'41.00""N","70°49'24.00""W",,14N,14N (INTELLIGENCE),https://paladindanse111.github.io/AFSC-PDFs/AFSC_files/14N.html,,,Active Duty,No
PENSACOLA NAS,"30°21'10.00""N","87°16'5.00""W",,14N,14N (INTELLIGENCE),https://paladindanse111.github.io/AFSC-PDFs/AFSC_files/14N.html,,,Active Duty,Yes
PENTAGON,"38°52'15""N","77°03'21""W",18S UJ 21650 04451,14N,14N (INTELLIGENCE),https://paladindanse111.github.io/AFSC-PDFs/AFSC_files/14N.html,https://paladindanse111.github.io/AFSC-PDFs/BASE_files/BASE_PENTAGON.html,,Active Duty,Yes
PETERSON SFB,"38°49'32""N","104°41'58""W",13S EC 26089 97461,14N,14N (INTELLIGENCE),https://paladindanse111.github.io/AFSC-PDFs/AFSC_files/14N.html,https://paladindanse111.github.io/AFSC-PDFs/BASE_files/BASE_PETERSON_SFB.html,,Active Duty,Yes
POPE AAF,"35°10'15.00""N","79°0'52.00""W",,14N,14N (INTELLIGENCE),https://paladindanse111.github.io/AFSC-PDFs/AFSC_files/14N.html,,,Active Duty,Yes
PRESIDIO OF MONTEREY,"36°36'4.00""N","121°54'6.00""W",,14N,14N (INTELLIGENCE),https://paladindanse111.github.io/AFSC-PDFs/AFSC_files/14N.html,,,Active Duty,No
RAMSTEIN AB,"49°26'10.00""N","7°36'23.00""E",,14N,14N (INTELLIGENCE),https://paladindanse111.github.io/AFSC-PDFs/AFSC_files/14N.html,,,Active Duty,Yes
RESTON VA,"38°55'0.00""N","77°20'60.00""W",,14N,14N (INTELLIGENCE),https://paladindanse111.github.io/AFSC-PDFs/AFSC_files/14N.html,,,Active Duty,No
ROBINS AFB,"32°38'23""N","83°35'30""W",17S KS 56883 14314,14N,14N (INTELLIGENCE),https://paladindanse111.github.io/AFSC-PDFs/AFSC_files/14N.html,https://paladindanse111.github.io/AFSC-PDFs/BASE_files/BASE_ROBINS_AFB.html,,Active Duty,Yes
ROME LAB MTC,"43° 13' 57""N","75° 25' 0""W",18T VN 66166 86718,14N,14N (INTELLIGENCE),https://paladindanse111.github.io/AFSC-PDFs/AFSC_files/14N.html,https://paladindanse111.github.io/AFSC-PDFs/BASE_files/BASE_ROME_LAB_MTC.html,,Active Duty,Yes
ROSECRANS MEM,"39°46'19.00""N","94°54'35.00""W",,14N,14N (INTELLIGENCE),https://paladindanse111.github.io/AFSC-PDFs/AFSC_files/14N.html,,,Active Duty,No
SCHRIEVER SFB,"38°48'12""N","104°31'32""W",13S EC 41196 95059,14N,14N (INTELLIGENCE),https://paladindanse111.github.io/AFSC-PDFs/AFSC_files/14N.html,https://paladindanse111.github.io/AFSC-PDFs/BASE_files/BASE_SCHRIEVER_SFB.html,,Active Duty,Yes
SCOTT AFB,"38°32'29""N","89°51'18""W",16S BH 51169 69750,14N,14N (INTELLIGENCE),https://paladindanse111.github.io/AFSC-PDFs/AFSC_files/14N.html,https://paladindanse111.github.io/AFSC-PDFs/BASE_files/BASE_SCOTT_AFB.html,,Active Duty,Yes
SEONGNAM,"37°26'42.00""N","127°8'20.00""E",,14N,14N (INTELLIGENCE),https://paladindanse111.github.io/AFSC-PDFs/AFSC_files/14N.html,,,Active Duty,No
SEOUL AB ABS,"37°26'46.00""N","127°6'52.00""E",,14N,14N (INTELLIGENCE),https://paladindanse111.github.io/AFSC-PDFs/AFSC_files/14N.html,,,Active Duty,No
SEYMOUR JOHNSON AFB,"35°20'24""N","77°57'41""W",18S TE 30850 14774,14N,14N (INTELLIGENCE),https://paladindanse111.github.io/AFSC-PDFs/AFSC_files/14N.html,https://paladindanse111.github.io/AFSC-PDFs/BASE_files/BASE_SEYMOUR_JOHNSON_AFB.html,,Active Duty,Yes
SHAPE HQ,"50°30'0.00""N","3°58'60.00""E",,14N,14N (INTELLIGENCE),https://paladindanse111.github.io/AFSC-PDFs/AFSC_files/14N.html,,,Active Duty,No
SHAW AFB,"33°58'02""N","80°29'05""W",17S NT 47603 58641,14N,14N (INTELLIGENCE),https://paladindanse111.github.io/AFSC-PDFs/AFSC_files/14N.html,https://paladindanse111.github.io/AFSC-PDFs/BASE_files/BASE_SHAW_AFB.html,,Active Duty,Yes
SOUTHCOM HQ,"25°47'43.00""N","80°17'24.00""W",,14N,14N (INTELLIGENCE),https://paladindanse111.github.io/AFSC-PDFs/AFSC_files/14N.html,,,Active Duty,No
SPANGDAHLEM AB,"49°58'35.00""N","6°41'55.00""E",,14N,14N (INTELLIGENCE),https://paladindanse111.github.io/AFSC-PDFs/AFSC_files/14N.html,,,Active Duty,Yes
ST LOUIS AFS,"38°43'58.00""N","89°48'24.00""W",,14N,14N (INTELLIGENCE),https://paladindanse111.github.io/AFSC-PDFs/AFSC_files/14N.html,,,Active Duty,No
STUTTGART VAIHINGEN,"48°43'60.00""N","9°5'60.00""E",,14N,14N (INTELLIGENCE),https://paladindanse111.github.io/AFSC-PDFs/AFSC_files/14N.html,,,Active Duty,No
TAMPA FL,"27°58'60.00""N","82°28'60.00""W",,14N,14N (INTELLIGENCE),https://paladindanse111.github.io/AFSC-PDFs/AFSC_files/14N.html,,,Active Duty,No
TINKER AFB,"35°25'09""N","97°24'15""W",14S PE 44882 20698,14N,14N (INTELLIGENCE),https://paladindanse111.github.io/AFSC-PDFs/AFSC_files/14N.html,https://paladindanse111.github.io/AFSC-PDFs/BASE_files/BASE_TINKER_AFB.html,,Active Duty,Yes
TRAVIS AFB,"38°16'09""N","121°56'51""W",10S EH 92069 36204,14N,14N (INTELLIGENCE),https://paladindanse111.github.io/AFSC-PDFs/AFSC_files/14N.html,https://paladindanse111.github.io/AFSC-PDFs/BASE_files/BASE_TRAVIS_AFB.html,,Active Duty,Yes
TYNDALL AFB,"30°04'47""N","85°36'26""W",16R FU 34229 28437,14N,14N (INTELLIGENCE),https://paladindanse111.github.io/AFSC-PDFs/AFSC_files/14N.html,https://paladindanse111.github.io/AFSC-PDFs/BASE_files/BASE_TYNDALL_AFB.html,,Active Duty,Yes
TYSONS CORNER VA,"38°55'0.00""N","77°13'60.00""W",,14N,14N (INTELLIGENCE),https://paladindanse111.github.io/AFSC-PDFs/AFSC_files/14N.html,,,Active Duty,No
VANDENBERG SFB,"34°44'31""N","120°34'20""W",10S GD 22255 47110,14N,14N (INTELLIGENCE),https://paladindanse111.github.io/AFSC-PDFs/AFSC_files/14N.html,https://paladindanse111.github.io/AFSC-PDFs/BASE_files/BASE_VANDENBERG_SFB.html,,Active Duty,Yes
WASHINGTON DC,"38°55'0.00""N","77°4'0.00""W",,14N,14N (INTELLIGENCE),https://paladindanse111.github.io/AFSC-PDFs/AFSC_files/14N.html,,,Active Duty,No
WHEELER AAF,"21°29'1.00""N","158°2'23.00""W",,14N,14N (INTELLIGENCE),https://paladindanse111.github.io/AFSC-PDFs/AFSC_files/14N.html,,,Active Duty,No
WHITEMAN AFB,"38°43'44""N","93°33'37""W",15S VC 51299 86840,14N,14N (INTELLIGENCE),https://paladindanse111.github.io/AFSC-PDFs/AFSC_files/14N.html,https://paladindanse111.github.io/AFSC-PDFs/BASE_files/BASE_WHITEMAN_AFB.html,,Active Duty,Yes
WIESBADEN,"50°3'5.00""N","8°19'56.00""E",,14N,14N (INTELLIGENCE),https://paladindanse111.github.io/AFSC-PDFs/AFSC_files/14N.html,,,Active Duty,No
WILL ROGERS WORLD,"35°23'35.00""N","97°36'3.00""W",,14N,14N (INTELLIGENCE),https://paladindanse111.github.io/AFSC-PDFs/AFSC_files/14N.html,,,Active Duty,No
WRIGHT-PATTERSON AFB,"39°48'37""N","84°01'55""W",16S GK 54072 10915,14N,14N (INTELLIGENCE),https://paladindanse111.github.io/AFSC-PDFs/AFSC_files/14N.html,https://paladindanse111.github.io/AFSC-PDFs/BASE_files/BASE_WRIGHT-PATTERSON_AFB.html,,Active Duty,Yes
YOKOTA AB,"35°44'55.00""N","139°20'55.00""E",,14N,14N (INTELLIGENCE),https://paladindanse111.github.io/AFSC-PDFs/AFSC_files/14N.html,,,Active Duty,Yes
"ALEXANDRIA, VA (USA)","38°49'0.00""N","77°9'0.00""W",,15A,15A (OPERATIONS ANALYSIS),https://paladindanse111.github.io/AFSC-PDFs/AFSC_files/15A.html,,,Active Duty,No
BARKSDALE AFB,"32°29'45""N","93°40'21""W",15S VR 36822 95596,15A,15A (OPERATIONS ANALYSIS),https://paladindanse111.github.io/AFSC-PDFs/AFSC_files/15A.html,https://paladindanse111.github.io/AFSC-PDFs/BASE_files/BASE_BARKSDALE_AFB.html,,Active Duty,Yes
BUCKLEY SFB,"39°42'09""N","104°45'29""W",13S ED 20741 94766,15A,15A (OPERATIONS ANALYSIS),https://paladindanse111.github.io/AFSC-PDFs/AFSC_files/15A.html,https://paladindanse111.github.io/AFSC-PDFs/BASE_files/BASE_BUCKLEY_SFB.html,,Active Duty,Yes
CAMBRIDGE MA,"42°22'0.00""N","71°5'60.00""W",,15A,15A (OPERATIONS ANALYSIS),https://paladindanse111.github.io/AFSC-PDFs/AFSC_files/15A.html,,,Active Duty,No
CREECH AFB,"36°34'41""N","115°39'29""W",11S PA 20060 48904,15A,15A (OPERATIONS ANALYSIS),https://paladindanse111.github.io/AFSC-PDFs/AFSC_files/15A.html,https://paladindanse111.github.io/AFSC-PDFs/BASE_files/BASE_CREECH_AFB.html,,Active Duty,Yes
DAVIS-MONTHAN AFB,"32°10'14""N","110°52'39""W",12S WA 11549 59347,15A,15A (OPERATIONS ANALYSIS),https://paladindanse111.github.io/AFSC-PDFs/AFSC_files/15A.html,https://paladindanse111.github.io/AFSC-PDFs/BASE_files/BASE_DAVIS-MONTHAN_AFB.html,,Active Duty,Yes
DYESS AFB,"32°25'17""N","99°50'31""W",14S MA 20838 87456,15A,15A (OPERATIONS ANALYSIS),https://paladindanse111.github.io/AFSC-PDFs/AFSC_files/15A.html,https://paladindanse111.github.io/AFSC-PDFs/BASE_files/BASE_DYESS_AFB.html,,Active Duty,Yes
EDWARDS AFB,"34°55'25""N","117°53'29""W",11S MU 18582 64934,15A,15A (OPERATIONS ANALYSIS),https://paladindanse111.github.io/AFSC-PDFs/AFSC_files/15A.html,https://paladindanse111.github.io/AFSC-PDFs/BASE_files/BASE_EDWARDS_AFB.html,,Active Duty,Yes
EGLIN AFB,"30°27'49""N","86°33'11""W",16R EU 42905 70243,15A,15A (OPERATIONS ANALYSIS),https://paladindanse111.github.io/AFSC-PDFs/AFSC_files/15A.html,https://paladindanse111.github.io/AFSC-PDFs/BASE_files/BASE_EGLIN_AFB.html,,Active Duty,Yes
EINSIEDLERHOF STG,"49°25'60.00""N","7°40'0.00""E",,15A,15A (OPERATIONS ANALYSIS),https://paladindanse111.github.io/AFSC-PDFs/AFSC_files/15A.html,,,Active Duty,No
ELLSWORTH AFB,"44°08'54""N","103°05'15""W",13T FJ 52951 90126,15A,15A (OPERATIONS ANALYSIS),https://paladindanse111.github.io/AFSC-PDFs/AFSC_files/15A.html,https://paladindanse111.github.io/AFSC-PDFs/BASE_files/BASE_ELLSWORTH_AFB.html,,Active Duty,Yes
FT BELVOIR,"38°40'60.00""N","77°7'60.00""W",,15A,15A (OPERATIONS ANALYSIS),https://paladindanse111.github.io/AFSC-PDFs/AFSC_files/15A.html,,,Active Duty,Yes
FT GEORGE G MEADE,"39°6'0.00""N","76°43'0.00""W",,15A,15A (OPERATIONS ANALYSIS),https://paladindanse111.github.io/AFSC-PDFs/AFSC_files/15A.html,,,Active Duty,Yes
HANSCOM AFB,"42°27'23""N","71°16'35""W",19T CH 12823 02961,15A,15A (OPERATIONS ANALYSIS),https://paladindanse111.github.io/AFSC-PDFs/AFSC_files/15A.html,https://paladindanse111.github.io/AFSC-PDFs/BASE_files/BASE_HANSCOM_AFB.html,,Active Duty,Yes
HILL AFB,"41°06'36""N","111°58'56""W",12T VL 17530 51433,15A,15A (OPERATIONS ANALYSIS),https://paladindanse111.github.io/AFSC-PDFs/AFSC_files/15A.html,https://paladindanse111.github.io/AFSC-PDFs/BASE_files/BASE_HILL_AFB.html,,Active Duty,Yes
HURLBURT FIELD,"30°25'23""N","86°41'41""W",16R EU 29317 65704,15A,15A (OPERATIONS ANALYSIS),https://paladindanse111.github.io/AFSC-PDFs/AFSC_files/15A.html,https://paladindanse111.github.io/AFSC-PDFs/BASE_files/BASE_HURLBURT_FIELD.html,,Active Duty,Yes
JB ELMENDORF-RICHARDSON,"61°15'44""N","149°41'53""W",6V UN 55306 94983,15A,15A (OPERATIONS ANALYSIS),https://paladindanse111.github.io/AFSC-PDFs/AFSC_files/15A.html,https://paladindanse111.github.io/AFSC-PDFs/BASE_files/BASE_JB_ELMENDORF-RICHARDSON.html,,Active Duty,Yes
JB LANGLEY-EUSTIS,"37°05'00""N","76°21'33""W",18S UG 79195 04980,15A,15A (OPERATIONS ANALYSIS),https://paladindanse111.github.io/AFSC-PDFs/AFSC_files/15A.html,https://paladindanse111.github.io/AFSC-PDFs/BASE_files/BASE_JB_LANGLEY-EUSTIS.html,,Active Duty,Yes
JB MCGUIRE-DIX-LAKEHURST,"40°02'15""N","74°35'18""W",18T WK 35120 32000,15A,15A (OPERATIONS ANALYSIS),https://paladindanse111.github.io/AFSC-PDFs/AFSC_files/15A.html,https://paladindanse111.github.io/AFSC-PDFs/BASE_files/BASE_JB_MCGUIRE-DIX-LAKEHURST.html,,Active Duty,Yes
JB PEARL HARBOR-HICKAM,"21°20'15""N","157°57'43""W",4Q FJ 07643 59855,15A,15A (OPERATIONS ANALYSIS),https://paladindanse111.github.io/AFSC-PDFs/AFSC_files/15A.html,https://paladindanse111.github.io/AFSC-PDFs/BASE_files/BASE_JB_PEARL_HARBOR-HICKAM.html,,Active Duty,Yes
JBSA FT SAM HOUSTON,"29°26'59""N","98°27'02""W",14R NT 53282 57938,15A,15A (OPERATIONS ANALYSIS),https://paladindanse111.github.io/AFSC-PDFs/AFSC_files/15A.html,https://paladindanse111.github.io/AFSC-PDFs/BASE_files/BASE_JBSA_FT_SAM_HOUSTON.html,,Active Duty,Yes
JBSA LACKLAND,"29°23'14""N","98°37'16""W",14R NT 36765 50947,15A,15A (OPERATIONS ANALYSIS),https://paladindanse111.github.io/AFSC-PDFs/AFSC_files/15A.html,https://paladindanse111.github.io/AFSC-PDFs/BASE_files/BASE_JBSA_LACKLAND.html,,Active Duty,Yes
JBSA RANDOLPH,"29°31'57""N","98°16'45""W",14R NT 69847 67200,15A,15A (OPERATIONS ANALYSIS),https://paladindanse111.github.io/AFSC-PDFs/AFSC_files/15A.html,https://paladindanse111.github.io/AFSC-PDFs/BASE_files/BASE_JBSA_RANDOLPH.html,,Active Duty,Yes
KEESLER AFB,"30°24'34""N","88°55'34""W",16R CU 14981 65731,15A,15A (OPERATIONS ANALYSIS),https://paladindanse111.github.io/AFSC-PDFs/AFSC_files/15A.html,https://paladindanse111.github.io/AFSC-PDFs/BASE_files/BASE_KEESLER_AFB.html,,Active Duty,Yes
KIRTLAND AFB,"35°00'39""N","106°30'44""W",13S CU 62019 75289,15A,15A (OPERATIONS ANALYSIS),https://paladindanse111.github.io/AFSC-PDFs/AFSC_files/15A.html,https://paladindanse111.github.io/AFSC-PDFs/BASE_files/BASE_KIRTLAND_AFB.html,,Active Duty,Yes
LOS ANGELES,"33°54'59""N","118°22'58""W",11S LT 72173 53746,15A,15A1 (OPERATIONS ANALYSIS OFFICER),https://paladindanse111.github.io/AFSC-PDFs/15A.html,https://paladindanse111.github.io/AFSC-PDFs/BASE_LOS_ANGELES.html,,Active Duty,Yes
LOS ANGELES SFB,"33°54'59""N","118°22'58""W",11S LT 72173 53746,15A,15A (OPERATIONS ANALYSIS),https://paladindanse111.github.io/AFSC-PDFs/AFSC_files/15A.html,https://paladindanse111.github.io/AFSC-PDFs/BASE_files/BASE_LOS_ANGELES.html,,Active Duty,No
MAUI ISLAND,"20°45'0.00""N","156°15'0.00""W",,15A,15A (OPERATIONS ANALYSIS),https://paladindanse111.github.io/AFSC-PDFs/AFSC_files/15A.html,,,Active Duty,Yes
MAXWELL-GUNTER AFB,"32°22'43""N","86°21'44""W",16S EA 59993 82581,15A,15A (OPERATIONS ANALYSIS),https://paladindanse111.github.io/AFSC-PDFs/AFSC_files/15A.html,https://paladindanse111.github.io/AFSC-PDFs/BASE_files/BASE_MAXWELL-GUNTER_AFB.html,,Active Duty,Yes
NELLIS AFB,"36°14'25""N","115°03'14""W",11S PA 74874 12355,15A,15A (OPERATIONS ANALYSIS),https://paladindanse111.github.io/AFSC-PDFs/AFSC_files/15A.html,https://paladindanse111.github.io/AFSC-PDFs/BASE_files/BASE_NELLIS_AFB.html,,Active Duty,Yes
NRO HQ CHANTILLY,"38°53'18.00""N","77°25'54.00""W",,15A,15A (OPERATIONS ANALYSIS),https://paladindanse111.github.io/AFSC-PDFs/AFSC_files/15A.html,,,Active Duty,No
OSAN AB,"37°5'26.00""N","127°1'47.00""E",,15A,15A (OPERATIONS ANALYSIS),https://paladindanse111.github.io/AFSC-PDFs/AFSC_files/15A.html,,,Active Duty,Yes
PATRICK SFB,"28°14'21""N","80°36'26""W",17R NM 38533 23759,15A,15A (OPERATIONS ANALYSIS),https://paladindanse111.github.io/AFSC-PDFs/AFSC_files/15A.html,https://paladindanse111.github.io/AFSC-PDFs/BASE_files/BASE_PATRICK_SFB.html,,Active Duty,Yes
PENTAGON,"38°52'15""N","77°03'21""W",18S UJ 21650 04451,15A,15A (OPERATIONS ANALYSIS),https://paladindanse111.github.io/AFSC-PDFs/AFSC_files/15A.html,https://paladindanse111.github.io/AFSC-PDFs/BASE_files/BASE_PENTAGON.html,,Active Duty,Yes
PETERSON SFB,"38°49'32""N","104°41'58""W",13S EC 26089 97461,15A,15A (OPERATIONS ANALYSIS),https://paladindanse111.github.io/AFSC-PDFs/AFSC_files/15A.html,https://paladindanse111.github.io/AFSC-PDFs/BASE_files/BASE_PETERSON_SFB.html,,Active Duty,Yes
RAMSTEIN AB,"49°26'10.00""N","7°36'23.00""E",,15A,15A (OPERATIONS ANALYSIS),https://paladindanse111.github.io/AFSC-PDFs/AFSC_files/15A.html,,,Active Duty,Yes
RICHMOND VA,"37°34'0.00""N","77°25'60.00""W",,15A,15A (OPERATIONS ANALYSIS),https://paladindanse111.github.io/AFSC-PDFs/AFSC_files/15A.html,,,Active Duty,No
ROBINS AFB,"32°38'23""N","83°35'30""W",17S KS 56883 14314,15A,15A (OPERATIONS ANALYSIS),https://paladindanse111.github.io/AFSC-PDFs/AFSC_files/15A.html,https://paladindanse111.github.io/AFSC-PDFs/BASE_files/BASE_ROBINS_AFB.html,,Active Duty,Yes
ROME LAB MTC,"43° 13' 57""N","75° 25' 0""W",18T VN 66166 86718,15A,15A (OPERATIONS ANALYSIS),https://paladindanse111.github.io/AFSC-PDFs/AFSC_files/15A.html,https://paladindanse111.github.io/AFSC-PDFs/BASE_files/BASE_ROME_LAB_MTC.html,,Active Duty,Yes
SAN ANTONIO TX,"29°28'0.00""N","98°31'0.00""W",,15A,15A (OPERATIONS ANALYSIS),https://paladindanse111.github.io/AFSC-PDFs/AFSC_files/15A.html,,,Active Duty,No
SCHRIEVER SFB,"38°48'12""N","104°31'32""W",13S EC 41196 95059,15A,15A (OPERATIONS ANALYSIS),https://paladindanse111.github.io/AFSC-PDFs/AFSC_files/15A.html,https://paladindanse111.github.io/AFSC-PDFs/BASE_files/BASE_SCHRIEVER_SFB.html,,Active Duty,Yes
SCOTT AFB,"38°32'29""N","89°51'18""W",16S BH 51169 69750,15A,15A (OPERATIONS ANALYSIS),https://paladindanse111.github.io/AFSC-PDFs/AFSC_files/15A.html,https://paladindanse111.github.io/AFSC-PDFs/BASE_files/BASE_SCOTT_AFB.html,,Active Duty,Yes
SHAW AFB,"33°58'02""N","80°29'05""W",17S NT 47603 58641,15A,15A (OPERATIONS ANALYSIS),https://paladindanse111.github.io/AFSC-PDFs/AFSC_files/15A.html,https://paladindanse111.github.io/AFSC-PDFs/BASE_files/BASE_SHAW_AFB.html,,Active Duty,Yes
TINKER AFB,"35°25'09""N","97°24'15""W",14S PE 44882 20698,15A,15A (OPERATIONS ANALYSIS),https://paladindanse111.github.io/AFSC-PDFs/AFSC_files/15A.html,https://paladindanse111.github.io/AFSC-PDFs/BASE_files/BASE_TINKER_AFB.html,,Active Duty,Yes
TYNDALL AFB,"30°04'47""N","85°36'26""W",16R FU 34229 28437,15A,15A (OPERATIONS ANALYSIS),https://paladindanse111.github.io/AFSC-PDFs/AFSC_files/15A.html,https://paladindanse111.github.io/AFSC-PDFs/BASE_files/BASE_TYNDALL_AFB.html,,Active Duty,Yes
USAF ACADEMY,"39°0'0.00""N","104°52'60.00""W",,15A,15A (OPERATIONS ANALYSIS),https://paladindanse111.github.io/AFSC-PDFs/AFSC_files/15A.html,,,Active Duty,No
VANDENBERG SFB,"34°44'31""N","120°34'20""W",10S GD 22255 47110,15A,15A (OPERATIONS ANALYSIS),https://paladindanse111.github.io/AFSC-PDFs/AFSC_files/15A.html,https://paladindanse111.github.io/AFSC-PDFs/BASE_files/BASE_VANDENBERG_SFB.html,,Active Duty,Yes
WHITEMAN AFB,"38°43'44""N","93°33'37""W",15S VC 51299 86840,15A,15A (OPERATIONS ANALYSIS),https://paladindanse111.github.io/AFSC-PDFs/AFSC_files/15A.html,https://paladindanse111.github.io/AFSC-PDFs/BASE_files/BASE_WHITEMAN_AFB.html,,Active Duty,Yes
WRIGHT-PATTERSON AFB,"39°48'37""N","84°01'55""W",16S GK 54072 10915,15A,15A (OPERATIONS ANALYSIS),https://paladindanse111.github.io/AFSC-PDFs/AFSC_files/15A.html,https://paladindanse111.github.io/AFSC-PDFs/BASE_files/BASE_WRIGHT-PATTERSON_AFB.html,,Active Duty,Yes
ALTUS AFB,"34°39'18""N","99°17'04""W",14S MD 73935 34821,15W,15W (WEATHER),https://paladindanse111.github.io/AFSC-PDFs/AFSC_files/15W.html,https://paladindanse111.github.io/AFSC-PDFs/BASE_files/BASE_ALTUS_AFB.html,,Active Duty,Yes
ANDERSEN AFB,"13°33'46""N","144°55'25""E",55P BR 75307 00327,15W,15W (WEATHER),https://paladindanse111.github.io/AFSC-PDFs/AFSC_files/15W.html,https://paladindanse111.github.io/AFSC-PDFs/BASE_files/BASE_ANDERSEN_AFB.html,,Active Duty,Yes
ANDREWS JB,"38°47'46""N","76°53'00""W",18S UH 36445 95835,15W,15W (WEATHER),https://paladindanse111.github.io/AFSC-PDFs/AFSC_files/15W.html,https://paladindanse111.github.io/AFSC-PDFs/BASE_files/BASE_ANDREWS_JB.html,,Active Duty,Yes
ASHEVILLE WAE,"34°53'60.00""N","82°13'0.00""W",,15W,15W (WEATHER),https://paladindanse111.github.io/AFSC-PDFs/AFSC_files/15W.html,,,Active Duty,No
AVIANO AB,"46°1'48.00""N","12°35'56.00""E",,15W,15W (WEATHER),https://paladindanse111.github.io/AFSC-PDFs/AFSC_files/15W.html,,,Active Duty,Yes
BARKSDALE AFB,"32°29'45""N","93°40'21""W",15S VR 36822 95596,15W,15W (WEATHER),https://paladindanse111.github.io/AFSC-PDFs/AFSC_files/15W.html,https://paladindanse111.github.io/AFSC-PDFs/BASE_files/BASE_BARKSDALE_AFB.html,,Active Duty,Yes
BEALE AFB,"39°06'41""N","121°21'35""W",10S FJ 41815 30418,15W,15W (WEATHER),https://paladindanse111.github.io/AFSC-PDFs/AFSC_files/15W.html,https://paladindanse111.github.io/AFSC-PDFs/BASE_files/BASE_BEALE_AFB.html,,Active Duty,Yes
BOULDER CO,"40°0'54.00""N","105°16'12.00""W",,15W,15W (WEATHER),https://paladindanse111.github.io/AFSC-PDFs/AFSC_files/15W.html,,,Active Duty,No
CAMP HUMPHREYS,"36°55'0.00""N","127°2'60.00""E",,15W,15W (WEATHER),https://paladindanse111.github.io/AFSC-PDFs/AFSC_files/15W.html,,,Active Duty,No
CANNON AFB,"34°23'20""N","103°19'05""W",13S FU 54620 06558,15W,15W (WEATHER),https://paladindanse111.github.io/AFSC-PDFs/AFSC_files/15W.html,https://paladindanse111.github.io/AFSC-PDFs/BASE_files/BASE_CANNON_AFB.html,,Active Duty,Yes
CAPE CANAVERAL SFS,"28°29'19""N","80°34'22""W",17R NM 41814 51404,15W,15W (WEATHER),https://paladindanse111.github.io/AFSC-PDFs/AFSC_files/15W.html,https://paladindanse111.github.io/AFSC-PDFs/BASE_files/BASE_CAPE_CANAVERAL_SFS.html,,Active Duty,Yes
COLUMBUS AFB,"33°37'38""N","88°26'51""W",16S CC 65739 21763,15W,15W (WEATHER),https://paladindanse111.github.io/AFSC-PDFs/AFSC_files/15W.html,https://paladindanse111.github.io/AFSC-PDFs/BASE_files/BASE_COLUMBUS_AFB.html,,Active Duty,Yes
CREECH AFB,"36°34'41""N","115°39'29""W",11S PA 20060 48904,15W,15W (WEATHER),https://paladindanse111.github.io/AFSC-PDFs/AFSC_files/15W.html,https://paladindanse111.github.io/AFSC-PDFs/BASE_files/BASE_CREECH_AFB.html,,Active Duty,Yes
DAVIS-MONTHAN AFB,"32°10'14""N","110°52'39""W",12S WA 11549 59347,15W,15W (WEATHER),https://paladindanse111.github.io/AFSC-PDFs/AFSC_files/15W.html,https://paladindanse111.github.io/AFSC-PDFs/BASE_files/BASE_DAVIS-MONTHAN_AFB.html,,Active Duty,Yes
DYESS AFB,"32°25'17""N","99°50'31""W",14S MA 20838 87456,15W,15W (WEATHER),https://paladindanse111.github.io/AFSC-PDFs/AFSC_files/15W.html,https://paladindanse111.github.io/AFSC-PDFs/BASE_files/BASE_DYESS_AFB.html,,Active Duty,Yes
EDWARDS AFB,"34°55'25""N","117°53'29""W",11S MU 18582 64934,15W,15W (WEATHER),https://paladindanse111.github.io/AFSC-PDFs/AFSC_files/15W.html,https://paladindanse111.github.io/AFSC-PDFs/BASE_files/BASE_EDWARDS_AFB.html,,Active Duty,Yes
EGLIN AFB,"30°27'49""N","86°33'11""W",16R EU 42905 70243,15W,15W (WEATHER),https://paladindanse111.github.io/AFSC-PDFs/AFSC_files/15W.html,https://paladindanse111.github.io/AFSC-PDFs/BASE_files/BASE_EGLIN_AFB.html,,Active Duty,Yes
EINSIEDLERHOF STG,"49°25'60.00""N","7°40'0.00""E",,15W,15W (WEATHER),https://paladindanse111.github.io/AFSC-PDFs/AFSC_files/15W.html,,,Active Duty,No
ELLSWORTH AFB,"44°08'54""N","103°05'15""W",13T FJ 52951 90126,15W,15W (WEATHER),https://paladindanse111.github.io/AFSC-PDFs/AFSC_files/15W.html,https://paladindanse111.github.io/AFSC-PDFs/BASE_files/BASE_ELLSWORTH_AFB.html,,Active Duty,Yes
FAIRFORD RAF,"51°40'56.00""N","1°47'24.00""W",,15W,15W (WEATHER),https://paladindanse111.github.io/AFSC-PDFs/AFSC_files/15W.html,,,Active Duty,No
FE WARREN AFB,"41°08'32""N","104°52'41""W",13T EF 10233 54552,15W,15W (WEATHER),https://paladindanse111.github.io/AFSC-PDFs/AFSC_files/15W.html,https://paladindanse111.github.io/AFSC-PDFs/BASE_files/BASE_FE_WARREN_AFB.html,,Active Duty,Yes
FT BLISS,"31°48'0.00""N","106°25'0.00""W",,15W,15W (WEATHER),https://paladindanse111.github.io/AFSC-PDFs/AFSC_files/15W.html,,,Active Duty,No
FT CAMPBELL,"36°40'0.00""N","87°28'60.00""W",,15W,15W (WEATHER),https://paladindanse111.github.io/AFSC-PDFs/AFSC_files/15W.html,,,Active Duty,Yes
FT CARSON,"38°40'60.00""N","104°46'0.00""W",,15W,15W (WEATHER),https://paladindanse111.github.io/AFSC-PDFs/AFSC_files/15W.html,,,Active Duty,Yes
FT CAVAZOS,"31°08'22""N","97°45'56""W",14R PV 17679 45711,15W,15W (WEATHER),https://paladindanse111.github.io/AFSC-PDFs/AFSC_files/15W.html,https://paladindanse111.github.io/AFSC-PDFs/BASE_files/BASE_FT_CAVAZOS.html,,Active Duty,Yes
FT DRUM,"44°2'60.00""N","75°43'60.00""W",,15W,15W (WEATHER),https://paladindanse111.github.io/AFSC-PDFs/AFSC_files/15W.html,,,Active Duty,No
FT IRWIN,"35°22'60.00""N","116°34'60.00""W",,15W,15W (WEATHER),https://paladindanse111.github.io/AFSC-PDFs/AFSC_files/15W.html,,,Active Duty,No
FT KNOX,"37°53'60.00""N","85°58'60.00""W",,15W,15W (WEATHER),https://paladindanse111.github.io/AFSC-PDFs/AFSC_files/15W.html,,,Active Duty,No
FT LEAVENWORTH,"39°21'0.00""N","94°55'0.00""W",,15W,15W (WEATHER),https://paladindanse111.github.io/AFSC-PDFs/AFSC_files/15W.html,,,Active Duty,No
FT LIBERTY (AKA FT BRAGG),"35°08'22""N","78°59'50""W",17S PU 82458 90342,15W,15W (WEATHER),https://paladindanse111.github.io/AFSC-PDFs/AFSC_files/15W.html,https://paladindanse111.github.io/AFSC-PDFs/BASE_files/BASE_FT_LIBERTY_AKA_FT_BRAGG.html,,Active Duty,Yes
FT POLK,"31°1'60.00""N","93°10'60.00""W",,15W,15W (WEATHER),https://paladindanse111.github.io/AFSC-PDFs/AFSC_files/15W.html,,,Active Duty,No
FT RILEY,"39°10'0.00""N","96°49'0.00""W",,15W,15W (WEATHER),https://paladindanse111.github.io/AFSC-PDFs/AFSC_files/15W.html,,,Active Duty,No
FT STEWART,"31°51'0.00""N","81°35'60.00""W",,15W,15W (WEATHER),https://paladindanse111.github.io/AFSC-PDFs/AFSC_files/15W.html,,,Active Duty,Yes
FT WAINWRIGHT,"64°49'60.00""N","147°34'60.00""W",,15W,15W (WEATHER),https://paladindanse111.github.io/AFSC-PDFs/AFSC_files/15W.html,,,Active Duty,No
GRAFENWOHR,"49°40'60.00""N","11°55'60.00""E",,15W,15W (WEATHER),https://paladindanse111.github.io/AFSC-PDFs/AFSC_files/15W.html,,,Active Duty,No
HAMILTON MA,"42°37'0.00""N","70°52'0.00""W",,15W,15W (WEATHER),https://paladindanse111.github.io/AFSC-PDFs/AFSC_files/15W.html,,,Active Duty,No
HANSCOM AFB,"42°27'23""N","71°16'35""W",19T CH 12823 02961,15W,15W (WEATHER),https://paladindanse111.github.io/AFSC-PDFs/AFSC_files/15W.html,https://paladindanse111.github.io/AFSC-PDFs/BASE_files/BASE_HANSCOM_AFB.html,,Active Duty,Yes
HILL AFB,"41°06'36""N","111°58'56""W",12T VL 17530 51433,15W,15W (WEATHER),https://paladindanse111.github.io/AFSC-PDFs/AFSC_files/15W.html,https://paladindanse111.github.io/AFSC-PDFs/BASE_files/BASE_HILL_AFB.html,,Active Duty,Yes
HOLLOMAN AFB,"32°50'33""N","106°05'55""W",13S CS 97187 34361,15W,15W (WEATHER),https://paladindanse111.github.io/AFSC-PDFs/AFSC_files/15W.html,https://paladindanse111.github.io/AFSC-PDFs/BASE_files/BASE_HOLLOMAN_AFB.html,,Active Duty,Yes
HUNTER AAF,"32°0'36.00""N","81°8'46.00""W",,15W,15W (WEATHER),https://paladindanse111.github.io/AFSC-PDFs/AFSC_files/15W.html,,,Active Duty,No
HURLBURT FIELD,"30°25'23""N","86°41'41""W",16R EU 29317 65704,15W,15W (WEATHER),https://paladindanse111.github.io/AFSC-PDFs/AFSC_files/15W.html,https://paladindanse111.github.io/AFSC-PDFs/BASE_files/BASE_HURLBURT_FIELD.html,,Active Duty,Yes
JB ELMENDORF-RICHARDSON,"61°15'44""N","149°41'53""W",6V UN 55306 94983,15W,15W (WEATHER),https://paladindanse111.github.io/AFSC-PDFs/AFSC_files/15W.html,https://paladindanse111.github.io/AFSC-PDFs/BASE_files/BASE_JB_ELMENDORF-RICHARDSON.html,,Active Duty,Yes
JB LANGLEY-EUSTIS,"37°05'00""N","76°21'33""W",18S UG 79195 04980,15W,15W (WEATHER),https://paladindanse111.github.io/AFSC-PDFs/AFSC_files/15W.html,https://paladindanse111.github.io/AFSC-PDFs/BASE_files/BASE_JB_LANGLEY-EUSTIS.html,,Active Duty,Yes
JB LEWIS-MCCHORD,"47°05'30""N","122°36'53""W",10T ET 29240 15422,15W,15W (WEATHER),https://paladindanse111.github.io/AFSC-PDFs/AFSC_files/15W.html,https://paladindanse111.github.io/AFSC-PDFs/BASE_files/BASE_JB_LEWIS-MCCHORD.html,,Active Duty,Yes
JB MCGUIRE-DIX-LAKEHURST,"40°02'15""N","74°35'18""W",18T WK 35120 32000,15W,15W (WEATHER),https://paladindanse111.github.io/AFSC-PDFs/AFSC_files/15W.html,https://paladindanse111.github.io/AFSC-PDFs/BASE_files/BASE_JB_MCGUIRE-DIX-LAKEHURST.html,,Active Duty,Yes
JB PEARL HARBOR-HICKAM,"21°20'15""N","157°57'43""W",4Q FJ 07643 59855,15W,15W (WEATHER),https://paladindanse111.github.io/AFSC-PDFs/AFSC_files/15W.html,https://paladindanse111.github.io/AFSC-PDFs/BASE_files/BASE_JB_PEARL_HARBOR-HICKAM.html,,Active Duty,Yes
JBSA FT SAM HOUSTON,"29°26'59""N","98°27'02""W",14R NT 53282 57938,15W,15W (WEATHER),https://paladindanse111.github.io/AFSC-PDFs/AFSC_files/15W.html,https://paladindanse111.github.io/AFSC-PDFs/BASE_files/BASE_JBSA_FT_SAM_HOUSTON.html,,Active Duty,Yes
KADENA AB,"26°21'20.00""N","127°46'3.00""E",,15W,15W (WEATHER),https://paladindanse111.github.io/AFSC-PDFs/AFSC_files/15W.html,,,Active Duty,Yes
KAPAUN AIR STATION,"49°42'0.00""N","7°34'60.00""E",,15W,15W (WEATHER),https://paladindanse111.github.io/AFSC-PDFs/AFSC_files/15W.html,,,Active Duty,Yes
KATTERBACH,"49°19'0.00""N","10°37'60.00""E",,15W,15W (WEATHER),https://paladindanse111.github.io/AFSC-PDFs/AFSC_files/15W.html,,,Active Duty,No
KEESLER AFB,"30°24'34""N","88°55'34""W",16R CU 14981 65731,15W,15W (WEATHER),https://paladindanse111.github.io/AFSC-PDFs/AFSC_files/15W.html,https://paladindanse111.github.io/AFSC-PDFs/BASE_files/BASE_KEESLER_AFB.html,,Active Duty,Yes
KUNSAN AB,"35°54'14.00""N","126°36'57.00""E",,15W,15W (WEATHER),https://paladindanse111.github.io/AFSC-PDFs/AFSC_files/15W.html,,,Active Duty,Yes
LAKENHEATH RAF,"52°24'33.00""N","0°33'40.00""E",,15W,15W (WEATHER),https://paladindanse111.github.io/AFSC-PDFs/AFSC_files/15W.html,,,Active Duty,Yes
LAUGHLIN AFB,"29°21'21""N","100°46'58""W",14R LT 26940 48730,15W,15W (WEATHER),https://paladindanse111.github.io/AFSC-PDFs/AFSC_files/15W.html,https://paladindanse111.github.io/AFSC-PDFs/BASE_files/BASE_LAUGHLIN_AFB.html,,Active Duty,Yes
LITTLE ROCK AFB,"34°53'47""N","92°08'38""W",15S WU 78220 61887,15W,15W (WEATHER),https://paladindanse111.github.io/AFSC-PDFs/AFSC_files/15W.html,https://paladindanse111.github.io/AFSC-PDFs/BASE_files/BASE_LITTLE_ROCK_AFB.html,,Active Duty,Yes
LUCIUS D CLAY KAS ABS,"50°2'59.00""N","8°19'31.00""E",,15W,15W (WEATHER),https://paladindanse111.github.io/AFSC-PDFs/AFSC_files/15W.html,,,Active Duty,No
LUKE AFB,"33°32'22""N","112°22'32""W",12S UC 72284 11939,15W,15W (WEATHER),https://paladindanse111.github.io/AFSC-PDFs/AFSC_files/15W.html,https://paladindanse111.github.io/AFSC-PDFs/BASE_files/BASE_LUKE_AFB.html,,Active Duty,Yes
MALMSTROM AFB,"47°30'17""N","111°10'56""W",12T VT 86277 61270,15W,15W (WEATHER),https://paladindanse111.github.io/AFSC-PDFs/AFSC_files/15W.html,https://paladindanse111.github.io/AFSC-PDFs/BASE_files/BASE_MALMSTROM_AFB.html,,Active Duty,Yes
MILDENHALL RAF,"52°21'43.00""N","0°29'11.00""E",,15W,15W (WEATHER),https://paladindanse111.github.io/AFSC-PDFs/AFSC_files/15W.html,,,Active Duty,Yes
MINOT AFB,"48°25'13""N","101°19'36""W",14U LU 27861 65629,15W,15W (WEATHER),https://paladindanse111.github.io/AFSC-PDFs/AFSC_files/15W.html,https://paladindanse111.github.io/AFSC-PDFs/BASE_files/BASE_MINOT_AFB.html,,Active Duty,Yes
MISAWA AB,"40°42'12.00""N","141°22'6.00""E",,15W,15W (WEATHER),https://paladindanse111.github.io/AFSC-PDFs/AFSC_files/15W.html,,,Active Duty,Yes
MOODY AFB,"30°58'12""N","83°11'47""W",17R KQ 90229 28346,15W,15W (WEATHER),https://paladindanse111.github.io/AFSC-PDFs/AFSC_files/15W.html,https://paladindanse111.github.io/AFSC-PDFs/BASE_files/BASE_MOODY_AFB.html,,Active Duty,Yes
MOUNTAIN HOME AFB,"43°03'59""N","115°51'18""W",11T NH 93226 68823,15W,15W (WEATHER),https://paladindanse111.github.io/AFSC-PDFs/AFSC_files/15W.html,https://paladindanse111.github.io/AFSC-PDFs/BASE_files/BASE_MOUNTAIN_HOME_AFB.html,,Active Duty,Yes
NELLIS AFB,"36°14'25""N","115°03'14""W",11S PA 74874 12355,15W,15W (WEATHER),https://paladindanse111.github.io/AFSC-PDFs/AFSC_files/15W.html,https://paladindanse111.github.io/AFSC-PDFs/BASE_files/BASE_NELLIS_AFB.html,,Active Duty,Yes
NGA HQ SPRINGFIELD,"38°45'0.00""N","77°13'0.00""W",,15W,15W (WEATHER),https://paladindanse111.github.io/AFSC-PDFs/AFSC_files/15W.html,,,Active Duty,No
OFFUTT AFB,"41°07'25""N","95°54'52""W",15T TF 55334 56573,15W,15W (WEATHER),https://paladindanse111.github.io/AFSC-PDFs/AFSC_files/15W.html,https://paladindanse111.github.io/AFSC-PDFs/BASE_files/BASE_OFFUTT_AFB.html,,Active Duty,Yes
OSAN AB,"37°5'26.00""N","127°1'47.00""E",,15W,15W (WEATHER),https://paladindanse111.github.io/AFSC-PDFs/AFSC_files/15W.html,,,Active Duty,Yes
PANZER KASERNE,"49°26'36.00""N","7°50'4.00""E",,15W,15W (WEATHER),https://paladindanse111.github.io/AFSC-PDFs/AFSC_files/15W.html,,,Active Duty,No
PATRICK SFB,"28°14'21""N","80°36'26""W",17R NM 38533 23759,15W,15W (WEATHER),https://paladindanse111.github.io/AFSC-PDFs/AFSC_files/15W.html,https://paladindanse111.github.io/AFSC-PDFs/BASE_files/BASE_PATRICK_SFB.html,,Active Duty,Yes
PENTAGON,"38°52'15""N","77°03'21""W",18S UJ 21650 04451,15W,15W (WEATHER),https://paladindanse111.github.io/AFSC-PDFs/AFSC_files/15W.html,https://paladindanse111.github.io/AFSC-PDFs/BASE_files/BASE_PENTAGON.html,,Active Duty,Yes
PETERSON SFB,"38°49'32""N","104°41'58""W",13S EC 26089 97461,15W,15W (WEATHER),https://paladindanse111.github.io/AFSC-PDFs/AFSC_files/15W.html,https://paladindanse111.github.io/AFSC-PDFs/BASE_files/BASE_PETERSON_SFB.html,,Active Duty,Yes
RAMSTEIN AB,"49°26'10.00""N","7°36'23.00""E",,15W,15W (WEATHER),https://paladindanse111.github.io/AFSC-PDFs/AFSC_files/15W.html,,,Active Duty,Yes
ROBINS AFB,"32°38'23""N","83°35'30""W",17S KS 56883 14314,15W,15W (WEATHER),https://paladindanse111.github.io/AFSC-PDFs/AFSC_files/15W.html,https://paladindanse111.github.io/AFSC-PDFs/BASE_files/BASE_ROBINS_AFB.html,,Active Duty,Yes
SCOTT AFB,"38°32'29""N","89°51'18""W",16S BH 51169 69750,15W,15W (WEATHER),https://paladindanse111.github.io/AFSC-PDFs/AFSC_files/15W.html,https://paladindanse111.github.io/AFSC-PDFs/BASE_files/BASE_SCOTT_AFB.html,,Active Duty,Yes
SEYMOUR JOHNSON AFB,"35°20'24""N","77°57'41""W",18S TE 30850 14774,15W,15W (WEATHER),https://paladindanse111.github.io/AFSC-PDFs/AFSC_files/15W.html,https://paladindanse111.github.io/AFSC-PDFs/BASE_files/BASE_SEYMOUR_JOHNSON_AFB.html,,Active Duty,Yes
SHAW AFB,"33°58'02""N","80°29'05""W",17S NT 47603 58641,15W,15W (WEATHER),https://paladindanse111.github.io/AFSC-PDFs/AFSC_files/15W.html,https://paladindanse111.github.io/AFSC-PDFs/BASE_files/BASE_SHAW_AFB.html,,Active Duty,Yes
SHEPPARD AFB,"33°58'06""N","98°30'38""W",14S NC 45216 58752,15W,15W (WEATHER),https://paladindanse111.github.io/AFSC-PDFs/AFSC_files/15W.html,https://paladindanse111.github.io/AFSC-PDFs/BASE_files/BASE_SHEPPARD_AFB.html,,Active Duty,Yes
SPANGDAHLEM AB,"49°58'35.00""N","6°41'55.00""E",,15W,15W (WEATHER),https://paladindanse111.github.io/AFSC-PDFs/AFSC_files/15W.html,,,Active Duty,Yes
TINKER AFB,"35°25'09""N","97°24'15""W",14S PE 44882 20698,15W,15W (WEATHER),https://paladindanse111.github.io/AFSC-PDFs/AFSC_files/15W.html,https://paladindanse111.github.io/AFSC-PDFs/BASE_files/BASE_TINKER_AFB.html,,Active Duty,Yes
TYNDALL AFB,"30°04'47""N","85°36'26""W",16R FU 34229 28437,15W,15W (WEATHER),https://paladindanse111.github.io/AFSC-PDFs/AFSC_files/15W.html,https://paladindanse111.github.io/AFSC-PDFs/BASE_files/BASE_TYNDALL_AFB.html,,Active Duty,Yes
USAF ACADEMY,"39°0'0.00""N","104°52'60.00""W",,15W,15W (WEATHER),https://paladindanse111.github.io/AFSC-PDFs/AFSC_files/15W.html,,,Active Duty,No
VANCE AFB,"36°20'21""N","97°54'47""W",14S NF 97544 22116,15W,15W (WEATHER),https://paladindanse111.github.io/AFSC-PDFs/AFSC_files/15W.html,https://paladindanse111.github.io/AFSC-PDFs/BASE_files/BASE_VANCE_AFB.html,,Active Duty,Yes
VANDENBERG SFB,"34°44'31""N","120°34'20""W",10S GD 22255 47110,15W,15W (WEATHER),https://paladindanse111.github.io/AFSC-PDFs/AFSC_files/15W.html,https://paladindanse111.github.io/AFSC-PDFs/BASE_files/BASE_VANDENBERG_SFB.html,,Active Duty,Yes
VICENZA,"45°32'60.00""N","11°33'0.00""E",,15W,15W (WEATHER),https://paladindanse111.github.io/AFSC-PDFs/AFSC_files/15W.html,,,Active Duty,No
WASHINGTON DC,"38°55'0.00""N","77°4'0.00""W",,15W,15W (WEATHER),https://paladindanse111.github.io/AFSC-PDFs/AFSC_files/15W.html,,,Active Duty,No
WHEELER AAF,"21°29'1.00""N","158°2'23.00""W",,15W,15W (WEATHER),https://paladindanse111.github.io/AFSC-PDFs/AFSC_files/15W.html,,,Active Duty,No
WHITEMAN AFB,"38°43'44""N","93°33'37""W",15S VC 51299 86840,15W,15W (WEATHER),https://paladindanse111.github.io/AFSC-PDFs/AFSC_files/15W.html,https://paladindanse111.github.io/AFSC-PDFs/BASE_files/BASE_WHITEMAN_AFB.html,,Active Duty,Yes
WRIGHT-PATTERSON AFB,"39°48'37""N","84°01'55""W",16S GK 54072 10915,15W,15W (WEATHER),https://paladindanse111.github.io/AFSC-PDFs/AFSC_files/15W.html,https://paladindanse111.github.io/AFSC-PDFs/BASE_files/BASE_WRIGHT-PATTERSON_AFB.html,,Active Duty,Yes
YOKOTA AB,"35°44'55.00""N","139°20'55.00""E",,15W,15W (WEATHER),https://paladindanse111.github.io/AFSC-PDFs/AFSC_files/15W.html,,,Active Duty,Yes
ALCONBURY RAF,"52°22'31.40""N","0°13'23.07""W",,17D,17D (CYBERSPACE OPERATIONS),https://paladindanse111.github.io/AFSC-PDFs/AFSC_files/17D.html,,,Active Duty,Yes
ANDERSEN AFB,"13°33'46""N","144°55'25""E",55P BR 75307 00327,17D,17D (CYBERSPACE OPERATIONS),https://paladindanse111.github.io/AFSC-PDFs/AFSC_files/17D.html,https://paladindanse111.github.io/AFSC-PDFs/BASE_files/BASE_ANDERSEN_AFB.html,,Active Duty,Yes
ANDREWS JB,"38°47'46""N","76°53'00""W",18S UH 36445 95835,17D,17D (CYBERSPACE OPERATIONS),https://paladindanse111.github.io/AFSC-PDFs/AFSC_files/17D.html,https://paladindanse111.github.io/AFSC-PDFs/BASE_files/BASE_ANDREWS_JB.html,,Active Duty,Yes
ANKARA,"39°55'2.00""N","32°42'37.00""E",,17D,17D (CYBERSPACE OPERATIONS),https://paladindanse111.github.io/AFSC-PDFs/AFSC_files/17D.html,,,Active Duty,No
ARNOLD AFB,"35°22'58""N","86°01'49""W",16S EE 88076 15924,17D,17D (CYBERSPACE OPERATIONS),https://paladindanse111.github.io/AFSC-PDFs/AFSC_files/17D.html,https://paladindanse111.github.io/AFSC-PDFs/BASE_files/BASE_ARNOLD_AFB.html,,Active Duty,Yes
AVIANO AB,"46°1'48.00""N","12°35'56.00""E",,17D,17D (CYBERSPACE OPERATIONS),https://paladindanse111.github.io/AFSC-PDFs/AFSC_files/17D.html,,,Active Duty,Yes
BARKSDALE AFB,"32°29'45""N","93°40'21""W",15S VR 36822 95596,17D,17D (CYBERSPACE OPERATIONS),https://paladindanse111.github.io/AFSC-PDFs/AFSC_files/17D.html,https://paladindanse111.github.io/AFSC-PDFs/BASE_files/BASE_BARKSDALE_AFB.html,,Active Duty,Yes
BEALE AFB,"39°06'41""N","121°21'35""W",10S FJ 41815 30418,17D,17D (CYBERSPACE OPERATIONS),https://paladindanse111.github.io/AFSC-PDFs/AFSC_files/17D.html,https://paladindanse111.github.io/AFSC-PDFs/BASE_files/BASE_BEALE_AFB.html,,Active Duty,Yes
BRUNSSUM,"50°58'0.00""N","5°57'0.00""E",,17D,17D (CYBERSPACE OPERATIONS),https://paladindanse111.github.io/AFSC-PDFs/AFSC_files/17D.html,,,Active Duty,No
BUCHEL AB,"50°10'26.00""N","7°3'48.00""E",,17D,17D (CYBERSPACE OPERATIONS),https://paladindanse111.github.io/AFSC-PDFs/AFSC_files/17D.html,,,Active Duty,No
BUCKLEY SFB,"39°42'09""N","104°45'29""W",13S ED 20741 94766,17D,17D (CYBERSPACE OPERATIONS),https://paladindanse111.github.io/AFSC-PDFs/AFSC_files/17D.html,https://paladindanse111.github.io/AFSC-PDFs/BASE_files/BASE_BUCKLEY_SFB.html,,Active Duty,Yes
CAMBRIDGE MA,"42°22'0.00""N","71°5'60.00""W",,17D,17D (CYBERSPACE OPERATIONS),https://paladindanse111.github.io/AFSC-PDFs/AFSC_files/17D.html,,,Active Duty,No
CAMP HUMPHREYS,"36°55'0.00""N","127°2'60.00""E",,17D,17D (CYBERSPACE OPERATIONS),https://paladindanse111.github.io/AFSC-PDFs/AFSC_files/17D.html,,,Active Duty,No
CAMP MACKALL,"35°7'60.00""N","79°25'60.00""W",,17D,17D (CYBERSPACE OPERATIONS),https://paladindanse111.github.io/AFSC-PDFs/AFSC_files/17D.html,,,Active Duty,No
CANNON AFB,"34°23'20""N","103°19'05""W",13S FU 54620 06558,17D,17D (CYBERSPACE OPERATIONS),https://paladindanse111.github.io/AFSC-PDFs/AFSC_files/17D.html,https://paladindanse111.github.io/AFSC-PDFs/BASE_files/BASE_CANNON_AFB.html,,Active Duty,Yes
CHEYENNE MOUNTAIN SFS,"38°49'0.00""N","104°32'60.00""W",,17D,17D (CYBERSPACE OPERATIONS),https://paladindanse111.github.io/AFSC-PDFs/AFSC_files/17D.html,,,Active Duty,No
COLORADO SPRINGS,"38°50'2.00""N","104°49'15.00""W",,17D,17D (CYBERSPACE OPERATIONS),https://paladindanse111.github.io/AFSC-PDFs/AFSC_files/17D.html,,,Active Duty,Yes
CP SMITH MGI,"21°22'0.00""N","157°55'0.00""W",,17D,17D (CYBERSPACE OPERATIONS),https://paladindanse111.github.io/AFSC-PDFs/AFSC_files/17D.html,,,Active Duty,No
CREECH AFB,"36°34'41""N","115°39'29""W",11S PA 20060 48904,17D,17D (CYBERSPACE OPERATIONS),https://paladindanse111.github.io/AFSC-PDFs/AFSC_files/17D.html,https://paladindanse111.github.io/AFSC-PDFs/BASE_files/BASE_CREECH_AFB.html,,Active Duty,Yes
DAVIS-MONTHAN AFB,"32°10'14""N","110°52'39""W",12S WA 11549 59347,17D,17D (CYBERSPACE OPERATIONS),https://paladindanse111.github.io/AFSC-PDFs/AFSC_files/17D.html,https://paladindanse111.github.io/AFSC-PDFs/BASE_files/BASE_DAVIS-MONTHAN_AFB.html,,Active Duty,Yes
DOVER AFB,"39°07'39""N","75°28'06""W",18S VJ 59518 31029,17D,17D (CYBERSPACE OPERATIONS),https://paladindanse111.github.io/AFSC-PDFs/AFSC_files/17D.html,https://paladindanse111.github.io/AFSC-PDFs/BASE_files/BASE_DOVER_AFB.html,,Active Duty,Yes
DUKE FIELD,"30°39'1.00""N","86°31'22.00""W",,17D,17D (CYBERSPACE OPERATIONS),https://paladindanse111.github.io/AFSC-PDFs/AFSC_files/17D.html,,,Active Duty,No
DYESS AFB,"32°25'17""N","99°50'31""W",14S MA 20838 87456,17D,17D (CYBERSPACE OPERATIONS),https://paladindanse111.github.io/AFSC-PDFs/AFSC_files/17D.html,https://paladindanse111.github.io/AFSC-PDFs/BASE_files/BASE_DYESS_AFB.html,,Active Duty,Yes
EDWARDS AFB,"34°55'25""N","117°53'29""W",11S MU 18582 64934,17D,17D (CYBERSPACE OPERATIONS),https://paladindanse111.github.io/AFSC-PDFs/AFSC_files/17D.html,https://paladindanse111.github.io/AFSC-PDFs/BASE_files/BASE_EDWARDS_AFB.html,,Active Duty,Yes
EGLIN AFB,"30°27'49""N","86°33'11""W",16R EU 42905 70243,17D,17D (CYBERSPACE OPERATIONS),https://paladindanse111.github.io/AFSC-PDFs/AFSC_files/17D.html,https://paladindanse111.github.io/AFSC-PDFs/BASE_files/BASE_EGLIN_AFB.html,,Active Duty,Yes
EIELSON AFB,"64°39'52""N","147°05'45""W",6W VS 95424 71061,17D,17D (CYBERSPACE OPERATIONS),https://paladindanse111.github.io/AFSC-PDFs/AFSC_files/17D.html,https://paladindanse111.github.io/AFSC-PDFs/BASE_files/BASE_EIELSON_AFB.html,,Active Duty,Yes
EINSIEDLERHOF STG,"49°25'60.00""N","7°40'0.00""E",,17D,17D (CYBERSPACE OPERATIONS),https://paladindanse111.github.io/AFSC-PDFs/AFSC_files/17D.html,,,Active Duty,No
ELLSWORTH AFB,"44°08'54""N","103°05'15""W",13T FJ 52951 90126,17D,17D (CYBERSPACE OPERATIONS),https://paladindanse111.github.io/AFSC-PDFs/AFSC_files/17D.html,https://paladindanse111.github.io/AFSC-PDFs/BASE_files/BASE_ELLSWORTH_AFB.html,,Active Duty,Yes
FAIRCHILD AFB,"47°38'28""N","117°38'41""W",11T MN 51574 76613,17D,17D (CYBERSPACE OPERATIONS),https://paladindanse111.github.io/AFSC-PDFs/AFSC_files/17D.html,https://paladindanse111.github.io/AFSC-PDFs/BASE_files/BASE_FAIRCHILD_AFB.html,,Active Duty,Yes
FE WARREN AFB,"41°08'32""N","104°52'41""W",13T EF 10233 54552,17D,17D (CYBERSPACE OPERATIONS),https://paladindanse111.github.io/AFSC-PDFs/AFSC_files/17D.html,https://paladindanse111.github.io/AFSC-PDFs/BASE_files/BASE_FE_WARREN_AFB.html,,Active Duty,Yes
FT BELVOIR,"38°40'60.00""N","77°7'60.00""W",,17D,17D (CYBERSPACE OPERATIONS),https://paladindanse111.github.io/AFSC-PDFs/AFSC_files/17D.html,,,Active Duty,Yes
FT BLISS,"31°48'0.00""N","106°25'0.00""W",,17D,17D (CYBERSPACE OPERATIONS),https://paladindanse111.github.io/AFSC-PDFs/AFSC_files/17D.html,,,Active Duty,No
FT CAMPBELL,"36°40'0.00""N","87°28'60.00""W",,17D,17D (CYBERSPACE OPERATIONS),https://paladindanse111.github.io/AFSC-PDFs/AFSC_files/17D.html,,,Active Duty,Yes
FT CARSON,"38°40'60.00""N","104°46'0.00""W",,17D,17D (CYBERSPACE OPERATIONS),https://paladindanse111.github.io/AFSC-PDFs/AFSC_files/17D.html,,,Active Duty,Yes
FT CAVAZOS,"31°08'22""N","97°45'56""W",14R PV 17679 45711,17D,17D (CYBERSPACE OPERATIONS),https://paladindanse111.github.io/AFSC-PDFs/AFSC_files/17D.html,https://paladindanse111.github.io/AFSC-PDFs/BASE_files/BASE_FT_CAVAZOS.html,,Active Duty,Yes
FT DRUM,"44°2'60.00""N","75°43'60.00""W",,17D,17D (CYBERSPACE OPERATIONS),https://paladindanse111.github.io/AFSC-PDFs/AFSC_files/17D.html,,,Active Duty,No
FT GEORGE G MEADE,"39°6'0.00""N","76°43'0.00""W",,17D,17D (CYBERSPACE OPERATIONS),https://paladindanse111.github.io/AFSC-PDFs/AFSC_files/17D.html,,,Active Duty,Yes
FT HUACHUCA,"31°33'0.00""N","110°19'60.00""W",,17D,17D (CYBERSPACE OPERATIONS),https://paladindanse111.github.io/AFSC-PDFs/AFSC_files/17D.html,,,Active Duty,No
FT LIBERTY (AKA FT BRAGG),"35°08'22""N","78°59'50""W",17S PU 82458 90342,17D,17D (CYBERSPACE OPERATIONS),https://paladindanse111.github.io/AFSC-PDFs/AFSC_files/17D.html,https://paladindanse111.github.io/AFSC-PDFs/BASE_files/BASE_FT_LIBERTY_AKA_FT_BRAGG.html,,Active Duty,Yes
FT MCNAIR,"38°52'0.00""N","77°4'0.00""W",,17D,17D (CYBERSPACE OPERATIONS),https://paladindanse111.github.io/AFSC-PDFs/AFSC_files/17D.html,,,Active Duty,No
FT RILEY,"39°10'0.00""N","96°49'0.00""W",,17D,17D (CYBERSPACE OPERATIONS),https://paladindanse111.github.io/AFSC-PDFs/AFSC_files/17D.html,,,Active Duty,No
FT STEWART,"31°51'0.00""N","81°35'60.00""W",,17D,17D (CYBERSPACE OPERATIONS),https://paladindanse111.github.io/AFSC-PDFs/AFSC_files/17D.html,,,Active Duty,Yes
GHEDI AB,"45°0'0.00""N","12°0'0.00""E",,17D,17D (CYBERSPACE OPERATIONS),https://paladindanse111.github.io/AFSC-PDFs/AFSC_files/17D.html,,,Active Duty,No
GOODFELLOW AFB,"31°26'09""N","100°24'03""W",14R LV 66873 78753,17D,17D (CYBERSPACE OPERATIONS),https://paladindanse111.github.io/AFSC-PDFs/AFSC_files/17D.html,https://paladindanse111.github.io/AFSC-PDFs/BASE_files/BASE_GOODFELLOW_AFB.html,,Active Duty,Yes
GRAND FORKS AFB,"47°57'07""N","97°22'57""W",14T PU 20768 12225,17D,17D (CYBERSPACE OPERATIONS),https://paladindanse111.github.io/AFSC-PDFs/AFSC_files/17D.html,https://paladindanse111.github.io/AFSC-PDFs/BASE_files/BASE_GRAND_FORKS_AFB.html,,Active Duty,Yes
HANSCOM AFB,"42°27'23""N","71°16'35""W",19T CH 12823 02961,17D,17D (CYBERSPACE OPERATIONS),https://paladindanse111.github.io/AFSC-PDFs/AFSC_files/17D.html,https://paladindanse111.github.io/AFSC-PDFs/BASE_files/BASE_HANSCOM_AFB.html,,Active Duty,Yes
HILL AFB,"41°06'36""N","111°58'56""W",12T VL 17530 51433,17D,17D (CYBERSPACE OPERATIONS),https://paladindanse111.github.io/AFSC-PDFs/AFSC_files/17D.html,https://paladindanse111.github.io/AFSC-PDFs/BASE_files/BASE_HILL_AFB.html,,Active Duty,Yes
HOLLOMAN AFB,"32°50'33""N","106°05'55""W",13S CS 97187 34361,17D,17D (CYBERSPACE OPERATIONS),https://paladindanse111.github.io/AFSC-PDFs/AFSC_files/17D.html,https://paladindanse111.github.io/AFSC-PDFs/BASE_files/BASE_HOLLOMAN_AFB.html,,Active Duty,Yes
HOMESTEAD ARB,"25°29'38.75""N","80°23'38.92""W",17R NJ 60890 19798,17D,17D (CYBERSPACE OPERATIONS),https://paladindanse111.github.io/AFSC-PDFs/AFSC_files/17D.html,https://paladindanse111.github.io/AFSC-PDFs/WING_files/WING_HOMESTEAD_ARB.html,,Active Duty,No
HURLBURT FIELD,"30°25'23""N","86°41'41""W",16R EU 29317 65704,17D,17D (CYBERSPACE OPERATIONS),https://paladindanse111.github.io/AFSC-PDFs/AFSC_files/17D.html,https://paladindanse111.github.io/AFSC-PDFs/BASE_files/BASE_HURLBURT_FIELD.html,,Active Duty,Yes
INCIRLIK AB,"37°0'7.00""N","35°25'34.00""E",,17D,17D (CYBERSPACE OPERATIONS),https://paladindanse111.github.io/AFSC-PDFs/AFSC_files/17D.html,,,Active Duty,Yes
IZMIR,"38°25'0.00""N","27°10'10.00""E",,17D,17D (CYBERSPACE OPERATIONS),https://paladindanse111.github.io/AFSC-PDFs/AFSC_files/17D.html,,,Active Duty,No
JB ANACOSTIA-BOLLING,"38°52'0.00""N","76°58'60.00""W",,17D,17D (CYBERSPACE OPERATIONS),https://paladindanse111.github.io/AFSC-PDFs/AFSC_files/17D.html,,,Active Duty,Yes
JB CHARLESTON,"32°53'29""N","80°04'03""W",17S NS 87218 39631,17D,17D (CYBERSPACE OPERATIONS),https://paladindanse111.github.io/AFSC-PDFs/AFSC_files/17D.html,https://paladindanse111.github.io/AFSC-PDFs/BASE_files/BASE_JB_CHARLESTON.html,,Active Duty,Yes
JB ELMENDORF-RICHARDSON,"61°15'44""N","149°41'53""W",6V UN 55306 94983,17D,17D (CYBERSPACE OPERATIONS),https://paladindanse111.github.io/AFSC-PDFs/AFSC_files/17D.html,https://paladindanse111.github.io/AFSC-PDFs/BASE_files/BASE_JB_ELMENDORF-RICHARDSON.html,,Active Duty,Yes
JB LANGLEY-EUSTIS,"37°05'00""N","76°21'33""W",18S UG 79195 04980,17D,17D (CYBERSPACE OPERATIONS),https://paladindanse111.github.io/AFSC-PDFs/AFSC_files/17D.html,https://paladindanse111.github.io/AFSC-PDFs/BASE_files/BASE_JB_LANGLEY-EUSTIS.html,,Active Duty,Yes
JB LEWIS-MCCHORD,"47°05'30""N","122°36'53""W",10T ET 29240 15422,17D,17D (CYBERSPACE OPERATIONS),https://paladindanse111.github.io/AFSC-PDFs/AFSC_files/17D.html,https://paladindanse111.github.io/AFSC-PDFs/BASE_files/BASE_JB_LEWIS-MCCHORD.html,,Active Duty,Yes
JB MCGUIRE-DIX-LAKEHURST,"40°02'15""N","74°35'18""W",18T WK 35120 32000,17D,17D (CYBERSPACE OPERATIONS),https://paladindanse111.github.io/AFSC-PDFs/AFSC_files/17D.html,https://paladindanse111.github.io/AFSC-PDFs/BASE_files/BASE_JB_MCGUIRE-DIX-LAKEHURST.html,,Active Duty,Yes
JB PEARL HARBOR-HICKAM,"21°22'0.00""N","157°58'0.00""W",,17D,17D (CYBERSPACE OPERATIONS),https://paladindanse111.github.io/AFSC-PDFs/AFSC_files/17D.html,,,Active Duty,Yes
JBSA LACKLAND,"29°23'14""N","98°37'16""W",14R NT 36765 50947,17D,17D (CYBERSPACE OPERATIONS),https://paladindanse111.github.io/AFSC-PDFs/AFSC_files/17D.html,https://paladindanse111.github.io/AFSC-PDFs/BASE_files/BASE_JBSA_LACKLAND.html,,Active Duty,Yes
JBSA RANDOLPH,"29°31'57""N","98°16'45""W",14R NT 69847 67200,17D,17D (CYBERSPACE OPERATIONS),https://paladindanse111.github.io/AFSC-PDFs/AFSC_files/17D.html,https://paladindanse111.github.io/AFSC-PDFs/BASE_files/BASE_JBSA_RANDOLPH.html,,Active Duty,Yes
KADENA AB,"26°21'20.00""N","127°46'3.00""E",,17D,17D (CYBERSPACE OPERATIONS),https://paladindanse111.github.io/AFSC-PDFs/AFSC_files/17D.html,,,Active Duty,Yes
KAPAUN AIR STATION,"49°42'0.00""N","7°34'60.00""E",,17D,17D (CYBERSPACE OPERATIONS),https://paladindanse111.github.io/AFSC-PDFs/AFSC_files/17D.html,,,Active Duty,Yes
KEESLER AFB,"30°24'34""N","88°55'34""W",16R CU 14981 65731,17D,17D (CYBERSPACE OPERATIONS),https://paladindanse111.github.io/AFSC-PDFs/AFSC_files/17D.html,https://paladindanse111.github.io/AFSC-PDFs/BASE_files/BASE_KEESLER_AFB.html,,Active Duty,Yes
KIRTLAND AFB,"35°00'39""N","106°30'44""W",13S CU 62019 75289,17D,17D (CYBERSPACE OPERATIONS),https://paladindanse111.github.io/AFSC-PDFs/AFSC_files/17D.html,https://paladindanse111.github.io/AFSC-PDFs/BASE_files/BASE_KIRTLAND_AFB.html,,Active Duty,Yes
KLEINE BROGEL AB,"51°10'6.00""N","5°28'12.00""E",,17D,17D (CYBERSPACE OPERATIONS),https://paladindanse111.github.io/AFSC-PDFs/AFSC_files/17D.html,,,Active Duty,No
KUNSAN AB,"35°54'14.00""N","126°36'57.00""E",,17D,17D (CYBERSPACE OPERATIONS),https://paladindanse111.github.io/AFSC-PDFs/AFSC_files/17D.html,,,Active Duty,Yes
LAJES FIELD,"38°45'42.00""N","27°5'27.00""W",,17D,17D (CYBERSPACE OPERATIONS),https://paladindanse111.github.io/AFSC-PDFs/AFSC_files/17D.html,,,Active Duty,No
LAKENHEATH RAF,"52°24'33.00""N","0°33'40.00""E",,17D,17D (CYBERSPACE OPERATIONS),https://paladindanse111.github.io/AFSC-PDFs/AFSC_files/17D.html,,,Active Duty,Yes
LITTLE ROCK AFB,"34°53'47""N","92°08'38""W",15S WU 78220 61887,17D,17D (CYBERSPACE OPERATIONS),https://paladindanse111.github.io/AFSC-PDFs/AFSC_files/17D.html,https://paladindanse111.github.io/AFSC-PDFs/BASE_files/BASE_LITTLE_ROCK_AFB.html,,Active Duty,Yes
LUKE AFB,"33°32'22""N","112°22'32""W",12S UC 72284 11939,17D,17D (CYBERSPACE OPERATIONS),https://paladindanse111.github.io/AFSC-PDFs/AFSC_files/17D.html,https://paladindanse111.github.io/AFSC-PDFs/BASE_files/BASE_LUKE_AFB.html,,Active Duty,Yes
MACDILL AFB,"27°51'28""N","82°29'19""W",17R LL 53434 82337,17D,17D (CYBERSPACE OPERATIONS),https://paladindanse111.github.io/AFSC-PDFs/AFSC_files/17D.html,https://paladindanse111.github.io/AFSC-PDFs/BASE_files/BASE_MACDILL_AFB.html,,Active Duty,Yes
MAINZ KASTEL,"50°1'60.00""N","8°34'0.00""E",,17D,17D (CYBERSPACE OPERATIONS),https://paladindanse111.github.io/AFSC-PDFs/AFSC_files/17D.html,,,Active Duty,No
MAXWELL-GUNTER AFB,"33°58'25.00""N","86°5'13.00""W",,17D,17D (CYBERSPACE OPERATIONS),https://paladindanse111.github.io/AFSC-PDFs/AFSC_files/17D.html,,,Active Duty,Yes
MCCONNELL AFB,"37°37'51""N","97°15'06""W",14S PG 54271 66293,17D,17D (CYBERSPACE OPERATIONS),https://paladindanse111.github.io/AFSC-PDFs/AFSC_files/17D.html,https://paladindanse111.github.io/AFSC-PDFs/BASE_files/BASE_MCCONNELL_AFB.html,,Active Duty,Yes
MILDENHALL RAF,"52°21'43.00""N","0°29'11.00""E",,17D,17D (CYBERSPACE OPERATIONS),https://paladindanse111.github.io/AFSC-PDFs/AFSC_files/17D.html,,,Active Duty,Yes
MINOT AFB,"48°25'13""N","101°19'36""W",14U LU 27861 65629,17D,17D (CYBERSPACE OPERATIONS),https://paladindanse111.github.io/AFSC-PDFs/AFSC_files/17D.html,https://paladindanse111.github.io/AFSC-PDFs/BASE_files/BASE_MINOT_AFB.html,,Active Duty,Yes
MISAWA AB,"40°42'12.00""N","141°22'6.00""E",,17D,17D (CYBERSPACE OPERATIONS),https://paladindanse111.github.io/AFSC-PDFs/AFSC_files/17D.html,,,Active Duty,Yes
MOHRINGEN,"48°43'60.00""N","9°7'60.00""E",,17D,17D (CYBERSPACE OPERATIONS),https://paladindanse111.github.io/AFSC-PDFs/AFSC_files/17D.html,,,Active Duty,No
MOLESWORTH STG,"52°22'0.00""N","0°24'0.00""W",,17D,17D (CYBERSPACE OPERATIONS),https://paladindanse111.github.io/AFSC-PDFs/AFSC_files/17D.html,,,Active Duty,No
MONS,"50°30'0.00""N","4°1'60.00""E",,17D,17D (CYBERSPACE OPERATIONS),https://paladindanse111.github.io/AFSC-PDFs/AFSC_files/17D.html,,,Active Duty,No
MOODY AFB,"30°58'12""N","83°11'47""W",17R KQ 90229 28346,17D,17D (CYBERSPACE OPERATIONS),https://paladindanse111.github.io/AFSC-PDFs/AFSC_files/17D.html,https://paladindanse111.github.io/AFSC-PDFs/BASE_files/BASE_MOODY_AFB.html,,Active Duty,Yes
MOUNTAIN HOME AFB,"43°03'59""N","115°51'18""W",11T NH 93226 68823,17D,17D (CYBERSPACE OPERATIONS),https://paladindanse111.github.io/AFSC-PDFs/AFSC_files/17D.html,https://paladindanse111.github.io/AFSC-PDFs/BASE_files/BASE_MOUNTAIN_HOME_AFB.html,,Active Duty,Yes
NELLIS AFB,"36°14'25""N","115°03'14""W",11S PA 74874 12355,17D,17D (CYBERSPACE OPERATIONS),https://paladindanse111.github.io/AFSC-PDFs/AFSC_files/17D.html,https://paladindanse111.github.io/AFSC-PDFs/BASE_files/BASE_NELLIS_AFB.html,,Active Duty,Yes
NGA HQ SPRINGFIELD,"38°45'0.00""N","77°13'0.00""W",,17D,17D (CYBERSPACE OPERATIONS),https://paladindanse111.github.io/AFSC-PDFs/AFSC_files/17D.html,,,Active Duty,No
NORFOLK NAS,"36°56'15.00""N","76°17'21.00""W",,17D,17D (CYBERSPACE OPERATIONS),https://paladindanse111.github.io/AFSC-PDFs/AFSC_files/17D.html,,,Active Duty,No
NORTHWOOD UK,"51°36'0.00""N","0°25'0.00""W",,17D,17D (CYBERSPACE OPERATIONS),https://paladindanse111.github.io/AFSC-PDFs/AFSC_files/17D.html,,,Active Duty,No
OFFUTT AFB,"41°07'25""N","95°54'52""W",15T TF 55334 56573,17D,17D (CYBERSPACE OPERATIONS),https://paladindanse111.github.io/AFSC-PDFs/AFSC_files/17D.html,https://paladindanse111.github.io/AFSC-PDFs/BASE_files/BASE_OFFUTT_AFB.html,,Active Duty,Yes
OSAN AB,"37°5'26.00""N","127°1'47.00""E",,17D,17D (CYBERSPACE OPERATIONS),https://paladindanse111.github.io/AFSC-PDFs/AFSC_files/17D.html,,,Active Duty,Yes
OTTAWA,"45°27'0.00""N","75°42'0.00""W",,17D,17D (CYBERSPACE OPERATIONS),https://paladindanse111.github.io/AFSC-PDFs/AFSC_files/17D.html,,,Active Duty,No
PATRICK SFB,"28°14'21""N","80°36'26""W",17R NM 38533 23759,17D,17D (CYBERSPACE OPERATIONS),https://paladindanse111.github.io/AFSC-PDFs/AFSC_files/17D.html,https://paladindanse111.github.io/AFSC-PDFs/BASE_files/BASE_PATRICK_SFB.html,,Active Duty,Yes
PENTAGON,"38°52'15""N","77°03'21""W",18S UJ 21650 04451,17D,17D (CYBERSPACE OPERATIONS),https://paladindanse111.github.io/AFSC-PDFs/AFSC_files/17D.html,https://paladindanse111.github.io/AFSC-PDFs/BASE_files/BASE_PENTAGON.html,,Active Duty,Yes
PETERSON SFB,"38°49'32""N","104°41'58""W",13S EC 26089 97461,17D,17D (CYBERSPACE OPERATIONS),https://paladindanse111.github.io/AFSC-PDFs/AFSC_files/17D.html,https://paladindanse111.github.io/AFSC-PDFs/BASE_files/BASE_PETERSON_SFB.html,,Active Duty,Yes
PITUFFIK SBS,"76°31'52.00""N","68°42'12.00""W",,17D,17D (CYBERSPACE OPERATIONS),https://paladindanse111.github.io/AFSC-PDFs/AFSC_files/17D.html,,,Active Duty,No
POGGIO RENATICO,"44°46'0.00""N","11°28'60.00""E",,17D,17D (CYBERSPACE OPERATIONS),https://paladindanse111.github.io/AFSC-PDFs/AFSC_files/17D.html,,,Active Duty,No
POPE AAF,"35°10'15.00""N","79°0'52.00""W",,17D,17D (CYBERSPACE OPERATIONS),https://paladindanse111.github.io/AFSC-PDFs/AFSC_files/17D.html,,,Active Duty,Yes
RAMSTEIN AB,"49°26'10.00""N","7°36'23.00""E",,17D,17D (CYBERSPACE OPERATIONS),https://paladindanse111.github.io/AFSC-PDFs/AFSC_files/17D.html,,,Active Duty,Yes
ROBINS AFB,"32°38'23""N","83°35'30""W",17S KS 56883 14314,17D,17D (CYBERSPACE OPERATIONS),https://paladindanse111.github.io/AFSC-PDFs/AFSC_files/17D.html,https://paladindanse111.github.io/AFSC-PDFs/BASE_files/BASE_ROBINS_AFB.html,,Active Duty,Yes
ROME LAB MTC,"43° 13' 57""N","75° 25' 0""W",18T VN 66166 86718,17D,17D (CYBERSPACE OPERATIONS),https://paladindanse111.github.io/AFSC-PDFs/AFSC_files/17D.html,https://paladindanse111.github.io/AFSC-PDFs/BASE_files/BASE_ROME_LAB_MTC.html,,Active Duty,Yes
SCHRIEVER SFB,"38°48'12""N","104°31'32""W",13S EC 41196 95059,17D,17D (CYBERSPACE OPERATIONS),https://paladindanse111.github.io/AFSC-PDFs/AFSC_files/17D.html,https://paladindanse111.github.io/AFSC-PDFs/BASE_files/BASE_SCHRIEVER_SFB.html,,Active Duty,Yes
SCOTT AFB,"38°32'29""N","89°51'18""W",16S BH 51169 69750,17D,17D (CYBERSPACE OPERATIONS),https://paladindanse111.github.io/AFSC-PDFs/AFSC_files/17D.html,https://paladindanse111.github.io/AFSC-PDFs/BASE_files/BASE_SCOTT_AFB.html,,Active Duty,Yes
SEYMOUR JOHNSON AFB,"35°20'24""N","77°57'41""W",18S TE 30850 14774,17D,17D (CYBERSPACE OPERATIONS),https://paladindanse111.github.io/AFSC-PDFs/AFSC_files/17D.html,https://paladindanse111.github.io/AFSC-PDFs/BASE_files/BASE_SEYMOUR_JOHNSON_AFB.html,,Active Duty,Yes
SHAPE HQ,"50°30'0.00""N","3°58'60.00""E",,17D,17D (CYBERSPACE OPERATIONS),https://paladindanse111.github.io/AFSC-PDFs/AFSC_files/17D.html,,,Active Duty,No
SHAW AFB,"33°58'02""N","80°29'05""W",17S NT 47603 58641,17D,17D (CYBERSPACE OPERATIONS),https://paladindanse111.github.io/AFSC-PDFs/AFSC_files/17D.html,https://paladindanse111.github.io/AFSC-PDFs/BASE_files/BASE_SHAW_AFB.html,,Active Duty,Yes
SHEPPARD AFB,"33°58'06""N","98°30'38""W",14S NC 45216 58752,17D,17D (CYBERSPACE OPERATIONS),https://paladindanse111.github.io/AFSC-PDFs/AFSC_files/17D.html,https://paladindanse111.github.io/AFSC-PDFs/BASE_files/BASE_SHEPPARD_AFB.html,,Active Duty,Yes
SIGONELLA NAS,"37°24'6.00""N","14°55'21.00""E",,17D,17D (CYBERSPACE OPERATIONS),https://paladindanse111.github.io/AFSC-PDFs/AFSC_files/17D.html,,,Active Duty,No
SOUTHCOM HQ,"25°47'43.00""N","80°17'24.00""W",,17D,17D (CYBERSPACE OPERATIONS),https://paladindanse111.github.io/AFSC-PDFs/AFSC_files/17D.html,,,Active Duty,No
SPANGDAHLEM AB,"49°58'35.00""N","6°41'55.00""E",,17D,17D (CYBERSPACE OPERATIONS),https://paladindanse111.github.io/AFSC-PDFs/AFSC_files/17D.html,,,Active Duty,Yes
STAVANGER,"58°58'0.00""N","5°45'0.00""E",,17D,17D (CYBERSPACE OPERATIONS),https://paladindanse111.github.io/AFSC-PDFs/AFSC_files/17D.html,,,Active Duty,No
STUTTGART VAIHINGEN,"48°43'60.00""N","9°5'60.00""E",,17D,17D (CYBERSPACE OPERATIONS),https://paladindanse111.github.io/AFSC-PDFs/AFSC_files/17D.html,,,Active Duty,No
SUWON ABS,"37°14'22.00""N","127°0'25.00""E",,17D,17D (CYBERSPACE OPERATIONS),https://paladindanse111.github.io/AFSC-PDFs/AFSC_files/17D.html,,,Active Duty,No
TINKER AFB,"35°25'09""N","97°24'15""W",14S PE 44882 20698,17D,17D (CYBERSPACE OPERATIONS),https://paladindanse111.github.io/AFSC-PDFs/AFSC_files/17D.html,https://paladindanse111.github.io/AFSC-PDFs/BASE_files/BASE_TINKER_AFB.html,,Active Duty,Yes
TRAVIS AFB,"38°16'09""N","121°56'51""W",10S EH 92069 36204,17D,17D (CYBERSPACE OPERATIONS),https://paladindanse111.github.io/AFSC-PDFs/AFSC_files/17D.html,https://paladindanse111.github.io/AFSC-PDFs/BASE_files/BASE_TRAVIS_AFB.html,,Active Duty,Yes
TYNDALL AFB,"30°04'47""N","85°36'26""W",16R FU 34229 28437,17D,17D (CYBERSPACE OPERATIONS),https://paladindanse111.github.io/AFSC-PDFs/AFSC_files/17D.html,https://paladindanse111.github.io/AFSC-PDFs/BASE_files/BASE_TYNDALL_AFB.html,,Active Duty,Yes
TYSONS CORNER VA,"38°55'0.00""N","77°13'60.00""W",,17D,17D (CYBERSPACE OPERATIONS),https://paladindanse111.github.io/AFSC-PDFs/AFSC_files/17D.html,,,Active Duty,No
UEDEM,"51°40'57.00""N","6°17'57.00""E",,17D,17D (CYBERSPACE OPERATIONS),https://paladindanse111.github.io/AFSC-PDFs/AFSC_files/17D.html,,,Active Duty,No
USAF ACADEMY,"39°0'0.00""N","104°52'60.00""W",,17D,17D (CYBERSPACE OPERATIONS),https://paladindanse111.github.io/AFSC-PDFs/AFSC_files/17D.html,,,Active Duty,No
VANCE AFB,"36°20'21""N","97°54'47""W",14S NF 97544 22116,17D,17D (CYBERSPACE OPERATIONS),https://paladindanse111.github.io/AFSC-PDFs/AFSC_files/17D.html,https://paladindanse111.github.io/AFSC-PDFs/BASE_files/BASE_VANCE_AFB.html,,Active Duty,Yes
VANDENBERG SFB,"34°44'31""N","120°34'20""W",10S GD 22255 47110,17D,17D (CYBERSPACE OPERATIONS),https://paladindanse111.github.io/AFSC-PDFs/AFSC_files/17D.html,https://paladindanse111.github.io/AFSC-PDFs/BASE_files/BASE_VANDENBERG_SFB.html,,Active Duty,Yes
VOLKEL AB,"51°39'26.00""N","5°42'28.00""E",,17D,17D (CYBERSPACE OPERATIONS),https://paladindanse111.github.io/AFSC-PDFs/AFSC_files/17D.html,,,Active Duty,No
WASHINGTON DC,"38°55'0.00""N","77°4'0.00""W",,17D,17D (CYBERSPACE OPERATIONS),https://paladindanse111.github.io/AFSC-PDFs/AFSC_files/17D.html,,,Active Duty,No
WHEELER AAF,"21°29'1.00""N","158°2'23.00""W",,17D,17D (CYBERSPACE OPERATIONS),https://paladindanse111.github.io/AFSC-PDFs/AFSC_files/17D.html,,,Active Duty,No
WHITEMAN AFB,"38°43'44""N","93°33'37""W",15S VC 51299 86840,17D,17D (CYBERSPACE OPERATIONS),https://paladindanse111.github.io/AFSC-PDFs/AFSC_files/17D.html,https://paladindanse111.github.io/AFSC-PDFs/BASE_files/BASE_WHITEMAN_AFB.html,,Active Duty,Yes
WRIGHT-PATTERSON AFB,"39°48'37""N","84°01'55""W",16S GK 54072 10915,17D,17D (CYBERSPACE OPERATIONS),https://paladindanse111.github.io/AFSC-PDFs/AFSC_files/17D.html,https://paladindanse111.github.io/AFSC-PDFs/BASE_files/BASE_WRIGHT-PATTERSON_AFB.html,,Active Duty,Yes
YOKOTA AB,"35°44'55.00""N","139°20'55.00""E",,17D,17D (CYBERSPACE OPERATIONS),https://paladindanse111.github.io/AFSC-PDFs/AFSC_files/17D.html,,,Active Duty,Yes
AVIANO AB,"46°1'48.00""N","12°35'56.00""E",,19Z,19Z (SPECIAL WARFARE),https://paladindanse111.github.io/AFSC-PDFs/AFSC_files/19Z.html,,,Active Duty,Yes
CAMP HUMPHREYS,"36°55'0.00""N","127°2'60.00""E",,19Z,19Z (SPECIAL WARFARE),https://paladindanse111.github.io/AFSC-PDFs/AFSC_files/19Z.html,,,Active Duty,No
CAMP MACKALL,"35°7'60.00""N","79°25'60.00""W",,19Z,19Z (SPECIAL WARFARE),https://paladindanse111.github.io/AFSC-PDFs/AFSC_files/19Z.html,,,Active Duty,No
CANNON AFB,"34°23'20""N","103°19'05""W",13S FU 54620 06558,19Z,19Z (SPECIAL WARFARE),https://paladindanse111.github.io/AFSC-PDFs/AFSC_files/19Z.html,https://paladindanse111.github.io/AFSC-PDFs/BASE_files/BASE_CANNON_AFB.html,,Active Duty,Yes
CP SMITH MGI,"21°22'0.00""N","157°55'0.00""W",,19Z,19Z (SPECIAL WARFARE),https://paladindanse111.github.io/AFSC-PDFs/AFSC_files/19Z.html,,,Active Duty,No
DAVIS-MONTHAN AFB,"32°10'14""N","110°52'39""W",12S WA 11549 59347,19Z,19Z (SPECIAL WARFARE),https://paladindanse111.github.io/AFSC-PDFs/AFSC_files/19Z.html,https://paladindanse111.github.io/AFSC-PDFs/BASE_files/BASE_DAVIS-MONTHAN_AFB.html,,Active Duty,Yes
EINSIEDLERHOF STG,"49°25'60.00""N","7°40'0.00""E",,19Z,19Z (SPECIAL WARFARE),https://paladindanse111.github.io/AFSC-PDFs/AFSC_files/19Z.html,,,Active Duty,No
FAIRCHILD AFB,"47°38'28""N","117°38'41""W",11T MN 51574 76613,19Z,19Z (SPECIAL WARFARE),https://paladindanse111.github.io/AFSC-PDFs/AFSC_files/19Z.html,https://paladindanse111.github.io/AFSC-PDFs/BASE_files/BASE_FAIRCHILD_AFB.html,,Active Duty,Yes
FT BENNING,"32°22'60.00""N","84°52'60.00""W",,19Z,19Z (SPECIAL WARFARE),https://paladindanse111.github.io/AFSC-PDFs/AFSC_files/19Z.html,,,Active Duty,No
FT BLISS,"31°48'0.00""N","106°25'0.00""W",,19Z,19Z (SPECIAL WARFARE),https://paladindanse111.github.io/AFSC-PDFs/AFSC_files/19Z.html,,,Active Duty,No
FT CAMPBELL,"36°40'0.00""N","87°28'60.00""W",,19Z,19Z (SPECIAL WARFARE),https://paladindanse111.github.io/AFSC-PDFs/AFSC_files/19Z.html,,,Active Duty,Yes
FT CARSON,"38°40'60.00""N","104°46'0.00""W",,19Z,19Z (SPECIAL WARFARE),https://paladindanse111.github.io/AFSC-PDFs/AFSC_files/19Z.html,,,Active Duty,Yes
FT CAVAZOS,"31°08'22""N","97°45'56""W",14R PV 17679 45711,19Z,19Z (SPECIAL WARFARE),https://paladindanse111.github.io/AFSC-PDFs/AFSC_files/19Z.html,https://paladindanse111.github.io/AFSC-PDFs/BASE_files/BASE_FT_CAVAZOS.html,,Active Duty,Yes
FT DRUM,"44°2'60.00""N","75°43'60.00""W",,19Z,19Z (SPECIAL WARFARE),https://paladindanse111.github.io/AFSC-PDFs/AFSC_files/19Z.html,,,Active Duty,No
FT KNOX,"37°53'60.00""N","85°58'60.00""W",,19Z,19Z (SPECIAL WARFARE),https://paladindanse111.github.io/AFSC-PDFs/AFSC_files/19Z.html,,,Active Duty,No
FT LEAVENWORTH,"39°21'0.00""N","94°55'0.00""W",,19Z,19Z (SPECIAL WARFARE),https://paladindanse111.github.io/AFSC-PDFs/AFSC_files/19Z.html,,,Active Duty,No
FT RILEY,"39°10'0.00""N","96°49'0.00""W",,19Z,19Z (SPECIAL WARFARE),https://paladindanse111.github.io/AFSC-PDFs/AFSC_files/19Z.html,,,Active Duty,No
FT SILL,"34°38'60.00""N","98°24'0.00""W",,19Z,19Z (SPECIAL WARFARE),https://paladindanse111.github.io/AFSC-PDFs/AFSC_files/19Z.html,,,Active Duty,No
FT STEWART,"31°51'0.00""N","81°35'60.00""W",,19Z,19Z (SPECIAL WARFARE),https://paladindanse111.github.io/AFSC-PDFs/AFSC_files/19Z.html,,,Active Duty,Yes
FT WAINWRIGHT,"64°49'60.00""N","147°34'60.00""W",,19Z,19Z (SPECIAL WARFARE),https://paladindanse111.github.io/AFSC-PDFs/AFSC_files/19Z.html,,,Active Duty,No
HUNTER AAF,"32°0'36.00""N","81°8'46.00""W",,19Z,19Z (SPECIAL WARFARE),https://paladindanse111.github.io/AFSC-PDFs/AFSC_files/19Z.html,,,Active Duty,No
HURLBURT FIELD,"30°25'23""N","86°41'41""W",16R EU 29317 65704,19Z,19Z (SPECIAL WARFARE),https://paladindanse111.github.io/AFSC-PDFs/AFSC_files/19Z.html,https://paladindanse111.github.io/AFSC-PDFs/BASE_files/BASE_HURLBURT_FIELD.html,,Active Duty,Yes
JB ANACOSTIA-BOLLING,"38°50'29""N","77°01'05""W",18S UJ 24855 01110,19Z,19Z (SPECIAL WARFARE),https://paladindanse111.github.io/AFSC-PDFs/AFSC_files/19Z.html,https://paladindanse111.github.io/AFSC-PDFs/BASE_files/BASE_JB_ANACOSTIA-BOLLING.html,,Active Duty,Yes
JB ELMENDORF-RICHARDSON,"61°15'44""N","149°41'53""W",6V UN 55306 94983,19Z,19Z (SPECIAL WARFARE),https://paladindanse111.github.io/AFSC-PDFs/AFSC_files/19Z.html,https://paladindanse111.github.io/AFSC-PDFs/BASE_files/BASE_JB_ELMENDORF-RICHARDSON.html,,Active Duty,Yes
JB LANGLEY-EUSTIS,"37°05'00""N","76°21'33""W",18S UG 79195 04980,19Z,19Z (SPECIAL WARFARE),https://paladindanse111.github.io/AFSC-PDFs/AFSC_files/19Z.html,https://paladindanse111.github.io/AFSC-PDFs/BASE_files/BASE_JB_LANGLEY-EUSTIS.html,,Active Duty,Yes
JB LEWIS-MCCHORD,"47°05'30""N","122°36'53""W",10T ET 29240 15422,19Z,19Z (SPECIAL WARFARE),https://paladindanse111.github.io/AFSC-PDFs/AFSC_files/19Z.html,https://paladindanse111.github.io/AFSC-PDFs/BASE_files/BASE_JB_LEWIS-MCCHORD.html,,Active Duty,Yes
JBSA FT SAM HOUSTON,"29°34'46.00""N","98°38'30.00""W",,19Z,19Z (SPECIAL WARFARE),https://paladindanse111.github.io/AFSC-PDFs/AFSC_files/19Z.html,,,Active Duty,Yes
JBSA LACKLAND,"29°23'14""N","98°37'16""W",14R NT 36765 50947,19Z,19Z (SPECIAL WARFARE),https://paladindanse111.github.io/AFSC-PDFs/AFSC_files/19Z.html,https://paladindanse111.github.io/AFSC-PDFs/BASE_files/BASE_JBSA_LACKLAND.html,,Active Duty,Yes
JBSA RANDOLPH,"29°31'57""N","98°16'45""W",14R NT 69847 67200,19Z,19Z (SPECIAL WARFARE),https://paladindanse111.github.io/AFSC-PDFs/AFSC_files/19Z.html,https://paladindanse111.github.io/AFSC-PDFs/BASE_files/BASE_JBSA_RANDOLPH.html,,Active Duty,Yes
KADENA AB,"26°21'20.00""N","127°46'3.00""E",,19Z,19Z (SPECIAL WARFARE),https://paladindanse111.github.io/AFSC-PDFs/AFSC_files/19Z.html,,,Active Duty,Yes
KIRTLAND AFB,"35°00'39""N","106°30'44""W",13S CU 62019 75289,19Z,19Z (SPECIAL WARFARE),https://paladindanse111.github.io/AFSC-PDFs/AFSC_files/19Z.html,https://paladindanse111.github.io/AFSC-PDFs/BASE_files/BASE_KIRTLAND_AFB.html,,Active Duty,Yes
KRZESINY AB,"52°19'55.00""N","16°58'0.00""E",,19Z,19Z (SPECIAL WARFARE),https://paladindanse111.github.io/AFSC-PDFs/AFSC_files/19Z.html,,,Active Duty,No
MILDENHALL RAF,"52°21'43.00""N","0°29'11.00""E",,19Z,19Z (SPECIAL WARFARE),https://paladindanse111.github.io/AFSC-PDFs/AFSC_files/19Z.html,,,Active Duty,Yes
MOODY AFB,"30°58'12""N","83°11'47""W",17R KQ 90229 28346,19Z,19Z (SPECIAL WARFARE),https://paladindanse111.github.io/AFSC-PDFs/AFSC_files/19Z.html,https://paladindanse111.github.io/AFSC-PDFs/BASE_files/BASE_MOODY_AFB.html,,Active Duty,Yes
NELLIS AFB,"36°14'25""N","115°03'14""W",11S PA 74874 12355,19Z,19Z (SPECIAL WARFARE),https://paladindanse111.github.io/AFSC-PDFs/AFSC_files/19Z.html,https://paladindanse111.github.io/AFSC-PDFs/BASE_files/BASE_NELLIS_AFB.html,,Active Duty,Yes
OSAN AB,"37°5'26.00""N","127°1'47.00""E",,19Z,19Z (SPECIAL WARFARE),https://paladindanse111.github.io/AFSC-PDFs/AFSC_files/19Z.html,,,Active Duty,Yes
PANAMA CITY FL,"30°10'0.00""N","85°40'0.00""W",,19Z,19Z (SPECIAL WARFARE),https://paladindanse111.github.io/AFSC-PDFs/AFSC_files/19Z.html,,,Active Duty,No
PENTAGON,"38°52'15""N","77°03'21""W",18S UJ 21650 04451,19Z,19Z (SPECIAL WARFARE),https://paladindanse111.github.io/AFSC-PDFs/AFSC_files/19Z.html,https://paladindanse111.github.io/AFSC-PDFs/BASE_files/BASE_PENTAGON.html,,Active Duty,Yes
POPE AAF,"35°10'15.00""N","79°0'52.00""W",,19Z,19Z (SPECIAL WARFARE),https://paladindanse111.github.io/AFSC-PDFs/AFSC_files/19Z.html,,,Active Duty,Yes
RAMSTEIN AB,"49°26'10.00""N","7°36'23.00""E",,19Z,19Z (SPECIAL WARFARE),https://paladindanse111.github.io/AFSC-PDFs/AFSC_files/19Z.html,,,Active Duty,Yes
SHAW AFB,"33°58'02""N","80°29'05""W",17S NT 47603 58641,19Z,19Z (SPECIAL WARFARE),https://paladindanse111.github.io/AFSC-PDFs/AFSC_files/19Z.html,https://paladindanse111.github.io/AFSC-PDFs/BASE_files/BASE_SHAW_AFB.html,,Active Duty,Yes
USAF ACADEMY,"39°0'0.00""N","104°52'60.00""W",,19Z,19Z (SPECIAL WARFARE),https://paladindanse111.github.io/AFSC-PDFs/AFSC_files/19Z.html,,,Active Duty,No
VILSECK,"49°37'0.00""N","11°48'0.00""E",,19Z,19Z (SPECIAL WARFARE),https://paladindanse111.github.io/AFSC-PDFs/AFSC_files/19Z.html,,,Active Duty,No
WHEELER AAF,"21°29'1.00""N","158°2'23.00""W",,19Z,19Z (SPECIAL WARFARE),https://paladindanse111.github.io/AFSC-PDFs/AFSC_files/19Z.html,,,Active Duty,No
WRIGHT-PATTERSON AFB,"39°48'37""N","84°01'55""W",16S GK 54072 10915,19Z,19Z (SPECIAL WARFARE),https://paladindanse111.github.io/AFSC-PDFs/AFSC_files/19Z.html,https://paladindanse111.github.io/AFSC-PDFs/BASE_files/BASE_WRIGHT-PATTERSON_AFB.html,,Active Duty,Yes
AKROTIRI ABS,"34°35'25.00""N","32°59'16.00""E",,21A,21A (AIRCRAFT MAINTENANCE),https://paladindanse111.github.io/AFSC-PDFs/AFSC_files/21A.html,,,Active Duty,No
ANDERSEN AFB,"13°33'46""N","144°55'25""E",55P BR 75307 00327,21A,21A (AIRCRAFT MAINTENANCE),https://paladindanse111.github.io/AFSC-PDFs/AFSC_files/21A.html,https://paladindanse111.github.io/AFSC-PDFs/BASE_files/BASE_ANDERSEN_AFB.html,,Active Duty,Yes
ANDREWS JB,"38°47'46""N","76°53'00""W",18S UH 36445 95835,21A,21A (AIRCRAFT MAINTENANCE),https://paladindanse111.github.io/AFSC-PDFs/AFSC_files/21A.html,https://paladindanse111.github.io/AFSC-PDFs/BASE_files/BASE_ANDREWS_JB.html,,Active Duty,Yes
AVIANO AB,"46°1'48.00""N","12°35'56.00""E",,21A,21A (AIRCRAFT MAINTENANCE),https://paladindanse111.github.io/AFSC-PDFs/AFSC_files/21A.html,,,Active Duty,Yes
BARKSDALE AFB,"32°29'45""N","93°40'21""W",15S VR 36822 95596,21A,21A (AIRCRAFT MAINTENANCE),https://paladindanse111.github.io/AFSC-PDFs/AFSC_files/21A.html,https://paladindanse111.github.io/AFSC-PDFs/BASE_files/BASE_BARKSDALE_AFB.html,,Active Duty,Yes
BEALE AFB,"39°06'41""N","121°21'35""W",10S FJ 41815 30418,21A,21A (AIRCRAFT MAINTENANCE),https://paladindanse111.github.io/AFSC-PDFs/AFSC_files/21A.html,https://paladindanse111.github.io/AFSC-PDFs/BASE_files/BASE_BEALE_AFB.html,,Active Duty,Yes
CANNON AFB,"34°23'20""N","103°19'05""W",13S FU 54620 06558,21A,21A (AIRCRAFT MAINTENANCE),https://paladindanse111.github.io/AFSC-PDFs/AFSC_files/21A.html,https://paladindanse111.github.io/AFSC-PDFs/BASE_files/BASE_CANNON_AFB.html,,Active Duty,Yes
CREECH AFB,"36°34'41""N","115°39'29""W",11S PA 20060 48904,21A,21A (AIRCRAFT MAINTENANCE),https://paladindanse111.github.io/AFSC-PDFs/AFSC_files/21A.html,https://paladindanse111.github.io/AFSC-PDFs/BASE_files/BASE_CREECH_AFB.html,,Active Duty,Yes
DAVIS-MONTHAN AFB,"32°10'14""N","110°52'39""W",12S WA 11549 59347,21A,21A (AIRCRAFT MAINTENANCE),https://paladindanse111.github.io/AFSC-PDFs/AFSC_files/21A.html,https://paladindanse111.github.io/AFSC-PDFs/BASE_files/BASE_DAVIS-MONTHAN_AFB.html,,Active Duty,Yes
DOVER AFB,"39°07'39""N","75°28'06""W",18S VJ 59518 31029,21A,21A (AIRCRAFT MAINTENANCE),https://paladindanse111.github.io/AFSC-PDFs/AFSC_files/21A.html,https://paladindanse111.github.io/AFSC-PDFs/BASE_files/BASE_DOVER_AFB.html,,Active Duty,Yes
DYESS AFB,"32°25'17""N","99°50'31""W",14S MA 20838 87456,21A,21A (AIRCRAFT MAINTENANCE),https://paladindanse111.github.io/AFSC-PDFs/AFSC_files/21A.html,https://paladindanse111.github.io/AFSC-PDFs/BASE_files/BASE_DYESS_AFB.html,,Active Duty,Yes
EDWARDS AFB,"34°55'25""N","117°53'29""W",11S MU 18582 64934,21A,21A (AIRCRAFT MAINTENANCE),https://paladindanse111.github.io/AFSC-PDFs/AFSC_files/21A.html,https://paladindanse111.github.io/AFSC-PDFs/BASE_files/BASE_EDWARDS_AFB.html,,Active Duty,Yes
EGLIN AFB,"30°27'49""N","86°33'11""W",16R EU 42905 70243,21A,21A (AIRCRAFT MAINTENANCE),https://paladindanse111.github.io/AFSC-PDFs/AFSC_files/21A.html,https://paladindanse111.github.io/AFSC-PDFs/BASE_files/BASE_EGLIN_AFB.html,,Active Duty,Yes
EIELSON AFB,"64°39'52""N","147°05'45""W",6W VS 95424 71061,21A,21A (AIRCRAFT MAINTENANCE),https://paladindanse111.github.io/AFSC-PDFs/AFSC_files/21A.html,https://paladindanse111.github.io/AFSC-PDFs/BASE_files/BASE_EIELSON_AFB.html,,Active Duty,Yes
ELLSWORTH AFB,"44°08'54""N","103°05'15""W",13T FJ 52951 90126,21A,21A (AIRCRAFT MAINTENANCE),https://paladindanse111.github.io/AFSC-PDFs/AFSC_files/21A.html,https://paladindanse111.github.io/AFSC-PDFs/BASE_files/BASE_ELLSWORTH_AFB.html,,Active Duty,Yes
FAIRCHILD AFB,"47°38'28""N","117°38'41""W",11T MN 51574 76613,21A,21A (AIRCRAFT MAINTENANCE),https://paladindanse111.github.io/AFSC-PDFs/AFSC_files/21A.html,https://paladindanse111.github.io/AFSC-PDFs/BASE_files/BASE_FAIRCHILD_AFB.html,,Active Duty,Yes
FORT WORTH NAS JRB,"32°46'9.00""N","97°26'29.00""W",,21A,21A (AIRCRAFT MAINTENANCE),https://paladindanse111.github.io/AFSC-PDFs/AFSC_files/21A.html,,,Active Duty,No
FT EUSTIS,"37°8'60.00""N","76°34'60.00""W",,21A,21A (AIRCRAFT MAINTENANCE),https://paladindanse111.github.io/AFSC-PDFs/AFSC_files/21A.html,,,Active Duty,No
GEILENKIRCHEN AB,"50°57'39.00""N","6°2'30.00""E",,21A,21A (AIRCRAFT MAINTENANCE),https://paladindanse111.github.io/AFSC-PDFs/AFSC_files/21A.html,,,Active Duty,No
GRAND FORKS AFB,"47°57'07""N","97°22'57""W",14T PU 20768 12225,21A,21A (AIRCRAFT MAINTENANCE),https://paladindanse111.github.io/AFSC-PDFs/AFSC_files/21A.html,https://paladindanse111.github.io/AFSC-PDFs/BASE_files/BASE_GRAND_FORKS_AFB.html,,Active Duty,Yes
GREENVILLE TX,"33°8'60.00""N","96°7'0.00""W",,21A,21A (AIRCRAFT MAINTENANCE),https://paladindanse111.github.io/AFSC-PDFs/AFSC_files/21A.html,,,Active Duty,No
HANSCOM AFB,"42°27'23""N","71°16'35""W",19T CH 12823 02961,21A,21A (AIRCRAFT MAINTENANCE),https://paladindanse111.github.io/AFSC-PDFs/AFSC_files/21A.html,https://paladindanse111.github.io/AFSC-PDFs/BASE_files/BASE_HANSCOM_AFB.html,,Active Duty,Yes
HILL AFB,"41°06'36""N","111°58'56""W",12T VL 17530 51433,21A,21A (AIRCRAFT MAINTENANCE),https://paladindanse111.github.io/AFSC-PDFs/AFSC_files/21A.html,https://paladindanse111.github.io/AFSC-PDFs/BASE_files/BASE_HILL_AFB.html,,Active Duty,Yes
HOLLOMAN AFB,"32°50'33""N","106°05'55""W",13S CS 97187 34361,21A,21A (AIRCRAFT MAINTENANCE),https://paladindanse111.github.io/AFSC-PDFs/AFSC_files/21A.html,https://paladindanse111.github.io/AFSC-PDFs/BASE_files/BASE_HOLLOMAN_AFB.html,,Active Duty,Yes
HOMESTEAD ARB,"25°29'38.75""N","80°23'38.92""W",17R NJ 60890 19798,21A,21A (AIRCRAFT MAINTENANCE),https://paladindanse111.github.io/AFSC-PDFs/AFSC_files/21A.html,https://paladindanse111.github.io/AFSC-PDFs/WING_files/WING_HOMESTEAD_ARB.html,,Active Duty,No
HURLBURT FIELD,"30°25'23""N","86°41'41""W",16R EU 29317 65704,21A,21A (AIRCRAFT MAINTENANCE),https://paladindanse111.github.io/AFSC-PDFs/AFSC_files/21A.html,https://paladindanse111.github.io/AFSC-PDFs/BASE_files/BASE_HURLBURT_FIELD.html,,Active Duty,Yes
INCIRLIK AB,"37°0'7.00""N","35°25'34.00""E",,21A,21A (AIRCRAFT MAINTENANCE),https://paladindanse111.github.io/AFSC-PDFs/AFSC_files/21A.html,,,Active Duty,Yes
JB CHARLESTON,"32°53'29""N","80°04'03""W",17S NS 87218 39631,21A,21A (AIRCRAFT MAINTENANCE),https://paladindanse111.github.io/AFSC-PDFs/AFSC_files/21A.html,https://paladindanse111.github.io/AFSC-PDFs/BASE_files/BASE_JB_CHARLESTON.html,,Active Duty,Yes
JB ELMENDORF-RICHARDSON,"61°15'44""N","149°41'53""W",6V UN 55306 94983,21A,21A (AIRCRAFT MAINTENANCE),https://paladindanse111.github.io/AFSC-PDFs/AFSC_files/21A.html,https://paladindanse111.github.io/AFSC-PDFs/BASE_files/BASE_JB_ELMENDORF-RICHARDSON.html,,Active Duty,Yes
JB LANGLEY-EUSTIS,"37°05'00""N","76°21'33""W",18S UG 79195 04980,21A,21A (AIRCRAFT MAINTENANCE),https://paladindanse111.github.io/AFSC-PDFs/AFSC_files/21A.html,https://paladindanse111.github.io/AFSC-PDFs/BASE_files/BASE_JB_LANGLEY-EUSTIS.html,,Active Duty,Yes
JB LEWIS-MCCHORD,"47°05'30""N","122°36'53""W",10T ET 29240 15422,21A,21A (AIRCRAFT MAINTENANCE),https://paladindanse111.github.io/AFSC-PDFs/AFSC_files/21A.html,https://paladindanse111.github.io/AFSC-PDFs/BASE_files/BASE_JB_LEWIS-MCCHORD.html,,Active Duty,Yes
JB MCGUIRE-DIX-LAKEHURST,"40°02'15""N","74°35'18""W",18T WK 35120 32000,21A,21A (AIRCRAFT MAINTENANCE),https://paladindanse111.github.io/AFSC-PDFs/AFSC_files/21A.html,https://paladindanse111.github.io/AFSC-PDFs/BASE_files/BASE_JB_MCGUIRE-DIX-LAKEHURST.html,,Active Duty,Yes
JB PEARL HARBOR-HICKAM,"21°20'15""N","157°57'43""W",4Q FJ 07643 59855,21A,21A (AIRCRAFT MAINTENANCE),https://paladindanse111.github.io/AFSC-PDFs/AFSC_files/21A.html,https://paladindanse111.github.io/AFSC-PDFs/BASE_files/BASE_JB_PEARL_HARBOR-HICKAM.html,,Active Duty,Yes
JBSA LACKLAND,"29°23'14""N","98°37'16""W",14R NT 36765 50947,21A,21A (AIRCRAFT MAINTENANCE),https://paladindanse111.github.io/AFSC-PDFs/AFSC_files/21A.html,https://paladindanse111.github.io/AFSC-PDFs/BASE_files/BASE_JBSA_LACKLAND.html,,Active Duty,Yes
JBSA RANDOLPH,"29°31'57""N","98°16'45""W",14R NT 69847 67200,21A,21A (AIRCRAFT MAINTENANCE),https://paladindanse111.github.io/AFSC-PDFs/AFSC_files/21A.html,https://paladindanse111.github.io/AFSC-PDFs/BASE_files/BASE_JBSA_RANDOLPH.html,,Active Duty,Yes
KADENA AB,"26°21'20.00""N","127°46'3.00""E",,21A,21A (AIRCRAFT MAINTENANCE),https://paladindanse111.github.io/AFSC-PDFs/AFSC_files/21A.html,,,Active Duty,Yes
KIRTLAND AFB,"35°00'39""N","106°30'44""W",13S CU 62019 75289,21A,21A (AIRCRAFT MAINTENANCE),https://paladindanse111.github.io/AFSC-PDFs/AFSC_files/21A.html,https://paladindanse111.github.io/AFSC-PDFs/BASE_files/BASE_KIRTLAND_AFB.html,,Active Duty,Yes
KUNSAN AB,"35°54'14.00""N","126°36'57.00""E",,21A,21A (AIRCRAFT MAINTENANCE),https://paladindanse111.github.io/AFSC-PDFs/AFSC_files/21A.html,,,Active Duty,Yes
LAKENHEATH RAF,"52°24'33.00""N","0°33'40.00""E",,21A,21A (AIRCRAFT MAINTENANCE),https://paladindanse111.github.io/AFSC-PDFs/AFSC_files/21A.html,,,Active Duty,Yes
LITTLE ROCK AFB,"34°53'47""N","92°08'38""W",15S WU 78220 61887,21A,21A (AIRCRAFT MAINTENANCE),https://paladindanse111.github.io/AFSC-PDFs/AFSC_files/21A.html,https://paladindanse111.github.io/AFSC-PDFs/BASE_files/BASE_LITTLE_ROCK_AFB.html,,Active Duty,Yes
LOS ANGELES SFB,"33°54'59""N","118°22'58""W",11S LT 72173 53746,21A,21A (AIRCRAFT MAINTENANCE),https://paladindanse111.github.io/AFSC-PDFs/AFSC_files/21A.html,https://paladindanse111.github.io/AFSC-PDFs/BASE_files/BASE_LOS_ANGELES.html,,Active Duty,No
LUKE AFB,"33°32'22""N","112°22'32""W",12S UC 72284 11939,21A,21A (AIRCRAFT MAINTENANCE),https://paladindanse111.github.io/AFSC-PDFs/AFSC_files/21A.html,https://paladindanse111.github.io/AFSC-PDFs/BASE_files/BASE_LUKE_AFB.html,,Active Duty,Yes
MACDILL AFB,"27°51'28""N","82°29'19""W",17R LL 53434 82337,21A,21A (AIRCRAFT MAINTENANCE),https://paladindanse111.github.io/AFSC-PDFs/AFSC_files/21A.html,https://paladindanse111.github.io/AFSC-PDFs/BASE_files/BASE_MACDILL_AFB.html,,Active Duty,Yes
MARCH ARB,"33°53'26.85""N","117°15'42.24""W",11S MT 75798 50078,21A,21A (AIRCRAFT MAINTENANCE),https://paladindanse111.github.io/AFSC-PDFs/AFSC_files/21A.html,https://paladindanse111.github.io/AFSC-PDFs/WING_files/WING_MARCH_ARB.html,,Active Duty,No
MAXWELL-GUNTER AFB,"33°58'25.00""N","86°5'13.00""W",,21A,21A (AIRCRAFT MAINTENANCE),https://paladindanse111.github.io/AFSC-PDFs/AFSC_files/21A.html,,,Active Duty,Yes
MCCONNELL AFB,"37°37'51""N","97°15'06""W",14S PG 54271 66293,21A,21A (AIRCRAFT MAINTENANCE),https://paladindanse111.github.io/AFSC-PDFs/AFSC_files/21A.html,https://paladindanse111.github.io/AFSC-PDFs/BASE_files/BASE_MCCONNELL_AFB.html,,Active Duty,Yes
MILDENHALL RAF,"52°21'43.00""N","0°29'11.00""E",,21A,21A (AIRCRAFT MAINTENANCE),https://paladindanse111.github.io/AFSC-PDFs/AFSC_files/21A.html,,,Active Duty,Yes
MINOT AFB,"48°25'13""N","101°19'36""W",14U LU 27861 65629,21A,21A (AIRCRAFT MAINTENANCE),https://paladindanse111.github.io/AFSC-PDFs/AFSC_files/21A.html,https://paladindanse111.github.io/AFSC-PDFs/BASE_files/BASE_MINOT_AFB.html,,Active Duty,Yes
MISAWA AB,"40°42'12.00""N","141°22'6.00""E",,21A,21A (AIRCRAFT MAINTENANCE),https://paladindanse111.github.io/AFSC-PDFs/AFSC_files/21A.html,,,Active Duty,Yes
MOODY AFB,"30°58'12""N","83°11'47""W",17R KQ 90229 28346,21A,21A (AIRCRAFT MAINTENANCE),https://paladindanse111.github.io/AFSC-PDFs/AFSC_files/21A.html,https://paladindanse111.github.io/AFSC-PDFs/BASE_files/BASE_MOODY_AFB.html,,Active Duty,Yes
MOUNTAIN HOME AFB,"43°03'59""N","115°51'18""W",11T NH 93226 68823,21A,21A (AIRCRAFT MAINTENANCE),https://paladindanse111.github.io/AFSC-PDFs/AFSC_files/21A.html,https://paladindanse111.github.io/AFSC-PDFs/BASE_files/BASE_MOUNTAIN_HOME_AFB.html,,Active Duty,Yes
NELLIS AFB,"36°14'25""N","115°03'14""W",11S PA 74874 12355,21A,21A (AIRCRAFT MAINTENANCE),https://paladindanse111.github.io/AFSC-PDFs/AFSC_files/21A.html,https://paladindanse111.github.io/AFSC-PDFs/BASE_files/BASE_NELLIS_AFB.html,,Active Duty,Yes
OFFUTT AFB,"41°07'25""N","95°54'52""W",15T TF 55334 56573,21A,21A (AIRCRAFT MAINTENANCE),https://paladindanse111.github.io/AFSC-PDFs/AFSC_files/21A.html,https://paladindanse111.github.io/AFSC-PDFs/BASE_files/BASE_OFFUTT_AFB.html,,Active Duty,Yes
OSAN AB,"37°5'26.00""N","127°1'47.00""E",,21A,21A (AIRCRAFT MAINTENANCE),https://paladindanse111.github.io/AFSC-PDFs/AFSC_files/21A.html,,,Active Duty,Yes
PATUXENT RIVER NA,"38°17'10.00""N","76°24'42.00""W",,21A,21A (AIRCRAFT MAINTENANCE),https://paladindanse111.github.io/AFSC-PDFs/AFSC_files/21A.html,,,Active Duty,Yes
PEASE ANGB,"43°4'41.00""N","70°49'24.00""W",,21A,21A (AIRCRAFT MAINTENANCE),https://paladindanse111.github.io/AFSC-PDFs/AFSC_files/21A.html,,,Active Duty,No
PENTAGON,"38°52'15""N","77°03'21""W",18S UJ 21650 04451,21A,21A (AIRCRAFT MAINTENANCE),https://paladindanse111.github.io/AFSC-PDFs/AFSC_files/21A.html,https://paladindanse111.github.io/AFSC-PDFs/BASE_files/BASE_PENTAGON.html,,Active Duty,Yes
RAMSTEIN AB,"49°26'10.00""N","7°36'23.00""E",,21A,21A (AIRCRAFT MAINTENANCE),https://paladindanse111.github.io/AFSC-PDFs/AFSC_files/21A.html,,,Active Duty,Yes
RIYADH,"24°37'60.00""N","46°43'0.00""E",,21A,21A (AIRCRAFT MAINTENANCE),https://paladindanse111.github.io/AFSC-PDFs/AFSC_files/21A.html,,,Active Duty,No
ROBINS AFB,"32°38'23""N","83°35'30""W",17S KS 56883 14314,21A,21A (AIRCRAFT MAINTENANCE),https://paladindanse111.github.io/AFSC-PDFs/AFSC_files/21A.html,https://paladindanse111.github.io/AFSC-PDFs/BASE_files/BASE_ROBINS_AFB.html,,Active Duty,Yes
ROTA NS,"36°38'43.00""N","6°20'58.00""W",,21A,21A (AIRCRAFT MAINTENANCE),https://paladindanse111.github.io/AFSC-PDFs/AFSC_files/21A.html,,,Active Duty,No
SCOTT AFB,"38°32'29""N","89°51'18""W",16S BH 51169 69750,21A,21A (AIRCRAFT MAINTENANCE),https://paladindanse111.github.io/AFSC-PDFs/AFSC_files/21A.html,https://paladindanse111.github.io/AFSC-PDFs/BASE_files/BASE_SCOTT_AFB.html,,Active Duty,Yes
SEYMOUR JOHNSON AFB,"35°20'24""N","77°57'41""W",18S TE 30850 14774,21A,21A (AIRCRAFT MAINTENANCE),https://paladindanse111.github.io/AFSC-PDFs/AFSC_files/21A.html,https://paladindanse111.github.io/AFSC-PDFs/BASE_files/BASE_SEYMOUR_JOHNSON_AFB.html,,Active Duty,Yes
SHAW AFB,"33°58'02""N","80°29'05""W",17S NT 47603 58641,21A,21A (AIRCRAFT MAINTENANCE),https://paladindanse111.github.io/AFSC-PDFs/AFSC_files/21A.html,https://paladindanse111.github.io/AFSC-PDFs/BASE_files/BASE_SHAW_AFB.html,,Active Duty,Yes
SHEPPARD AFB,"33°58'06""N","98°30'38""W",14S NC 45216 58752,21A,21A (AIRCRAFT MAINTENANCE),https://paladindanse111.github.io/AFSC-PDFs/AFSC_files/21A.html,https://paladindanse111.github.io/AFSC-PDFs/BASE_files/BASE_SHEPPARD_AFB.html,,Active Duty,Yes
SIGONELLA NAS,"37°24'6.00""N","14°55'21.00""E",,21A,21A (AIRCRAFT MAINTENANCE),https://paladindanse111.github.io/AFSC-PDFs/AFSC_files/21A.html,,,Active Duty,No
SPANGDAHLEM AB,"49°58'35.00""N","6°41'55.00""E",,21A,21A (AIRCRAFT MAINTENANCE),https://paladindanse111.github.io/AFSC-PDFs/AFSC_files/21A.html,,,Active Duty,Yes
TINKER AFB,"35°25'09""N","97°24'15""W",14S PE 44882 20698,21A,21A (AIRCRAFT MAINTENANCE),https://paladindanse111.github.io/AFSC-PDFs/AFSC_files/21A.html,https://paladindanse111.github.io/AFSC-PDFs/BASE_files/BASE_TINKER_AFB.html,,Active Duty,Yes
TRAVIS AFB,"38°16'09""N","121°56'51""W",10S EH 92069 36204,21A,21A (AIRCRAFT MAINTENANCE),https://paladindanse111.github.io/AFSC-PDFs/AFSC_files/21A.html,https://paladindanse111.github.io/AFSC-PDFs/BASE_files/BASE_TRAVIS_AFB.html,,Active Duty,Yes
TYNDALL AFB,"30°04'47""N","85°36'26""W",16R FU 34229 28437,21A,21A (AIRCRAFT MAINTENANCE),https://paladindanse111.github.io/AFSC-PDFs/AFSC_files/21A.html,https://paladindanse111.github.io/AFSC-PDFs/BASE_files/BASE_TYNDALL_AFB.html,,Active Duty,Yes
WHITEMAN AFB,"38°43'44""N","93°33'37""W",15S VC 51299 86840,21A,21A (AIRCRAFT MAINTENANCE),https://paladindanse111.github.io/AFSC-PDFs/AFSC_files/21A.html,https://paladindanse111.github.io/AFSC-PDFs/BASE_files/BASE_WHITEMAN_AFB.html,,Active Duty,Yes
WRIGHT-PATTERSON AFB,"39°48'37""N","84°01'55""W",16S GK 54072 10915,21A,21A (AIRCRAFT MAINTENANCE),https://paladindanse111.github.io/AFSC-PDFs/AFSC_files/21A.html,https://paladindanse111.github.io/AFSC-PDFs/BASE_files/BASE_WRIGHT-PATTERSON_AFB.html,,Active Duty,Yes
YOKOTA AB,"35°44'55.00""N","139°20'55.00""E",,21A,21A (AIRCRAFT MAINTENANCE),https://paladindanse111.github.io/AFSC-PDFs/AFSC_files/21A.html,,,Active Duty,Yes
YUMA MCAS YUMA IN JAP,"32°39'24.00""N","114°36'22.00""W",,21A,21A (AIRCRAFT MAINTENANCE),https://paladindanse111.github.io/AFSC-PDFs/AFSC_files/21A.html,,,Active Duty,No
AVIANO AB,"46°1'48.00""N","12°35'56.00""E",,21M,21M (MUNITIONS AND MISSILE MAINTENANCE),https://paladindanse111.github.io/AFSC-PDFs/AFSC_files/21M.html,,,Active Duty,Yes
BARKSDALE AFB,"32°29'45""N","93°40'21""W",15S VR 36822 95596,21M,21M (MUNITIONS AND MISSILE MAINTENANCE),https://paladindanse111.github.io/AFSC-PDFs/AFSC_files/21M.html,https://paladindanse111.github.io/AFSC-PDFs/BASE_files/BASE_BARKSDALE_AFB.html,,Active Duty,Yes
BEALE AFB,"39°06'41""N","121°21'35""W",10S FJ 41815 30418,21M,21M (MUNITIONS AND MISSILE MAINTENANCE),https://paladindanse111.github.io/AFSC-PDFs/AFSC_files/21M.html,https://paladindanse111.github.io/AFSC-PDFs/BASE_files/BASE_BEALE_AFB.html,,Active Duty,Yes
BUCHEL AB,"50°10'26.00""N","7°3'48.00""E",,21M,21M (MUNITIONS AND MISSILE MAINTENANCE),https://paladindanse111.github.io/AFSC-PDFs/AFSC_files/21M.html,,,Active Duty,No
CREECH AFB,"36°34'41""N","115°39'29""W",11S PA 20060 48904,21M,21M (MUNITIONS AND MISSILE MAINTENANCE),https://paladindanse111.github.io/AFSC-PDFs/AFSC_files/21M.html,https://paladindanse111.github.io/AFSC-PDFs/BASE_files/BASE_CREECH_AFB.html,,Active Duty,Yes
DAVIS-MONTHAN AFB,"32°10'14""N","110°52'39""W",12S WA 11549 59347,21M,21M (MUNITIONS AND MISSILE MAINTENANCE),https://paladindanse111.github.io/AFSC-PDFs/AFSC_files/21M.html,https://paladindanse111.github.io/AFSC-PDFs/BASE_files/BASE_DAVIS-MONTHAN_AFB.html,,Active Duty,Yes
DYESS AFB,"32°25'17""N","99°50'31""W",14S MA 20838 87456,21M,21M (MUNITIONS AND MISSILE MAINTENANCE),https://paladindanse111.github.io/AFSC-PDFs/AFSC_files/21M.html,https://paladindanse111.github.io/AFSC-PDFs/BASE_files/BASE_DYESS_AFB.html,,Active Duty,Yes
EGLIN AFB,"30°27'49""N","86°33'11""W",16R EU 42905 70243,21M,21M (MUNITIONS AND MISSILE MAINTENANCE),https://paladindanse111.github.io/AFSC-PDFs/AFSC_files/21M.html,https://paladindanse111.github.io/AFSC-PDFs/BASE_files/BASE_EGLIN_AFB.html,,Active Duty,Yes
EIELSON AFB,"64°39'52""N","147°05'45""W",6W VS 95424 71061,21M,21M (MUNITIONS AND MISSILE MAINTENANCE),https://paladindanse111.github.io/AFSC-PDFs/AFSC_files/21M.html,https://paladindanse111.github.io/AFSC-PDFs/BASE_files/BASE_EIELSON_AFB.html,,Active Duty,Yes
ELLSWORTH AFB,"44°08'54""N","103°05'15""W",13T FJ 52951 90126,21M,21M (MUNITIONS AND MISSILE MAINTENANCE),https://paladindanse111.github.io/AFSC-PDFs/AFSC_files/21M.html,https://paladindanse111.github.io/AFSC-PDFs/BASE_files/BASE_ELLSWORTH_AFB.html,,Active Duty,Yes
FE WARREN AFB,"41°08'32""N","104°52'41""W",13T EF 10233 54552,21M,21M (MUNITIONS AND MISSILE MAINTENANCE),https://paladindanse111.github.io/AFSC-PDFs/AFSC_files/21M.html,https://paladindanse111.github.io/AFSC-PDFs/BASE_files/BASE_FE_WARREN_AFB.html,,Active Duty,Yes
FT BELVOIR,"38°40'60.00""N","77°7'60.00""W",,21M,21M (MUNITIONS AND MISSILE MAINTENANCE),https://paladindanse111.github.io/AFSC-PDFs/AFSC_files/21M.html,,,Active Duty,Yes
GHEDI AB,"45°0'0.00""N","12°0'0.00""E",,21M,21M (MUNITIONS AND MISSILE MAINTENANCE),https://paladindanse111.github.io/AFSC-PDFs/AFSC_files/21M.html,,,Active Duty,No
GWANGJU IAP,"35°7'35.00""N","126°48'32.00""E",,21M,21M (MUNITIONS AND MISSILE MAINTENANCE),https://paladindanse111.github.io/AFSC-PDFs/AFSC_files/21M.html,,,Active Duty,No
HILL AFB,"41°06'36""N","111°58'56""W",12T VL 17530 51433,21M,21M (MUNITIONS AND MISSILE MAINTENANCE),https://paladindanse111.github.io/AFSC-PDFs/AFSC_files/21M.html,https://paladindanse111.github.io/AFSC-PDFs/BASE_files/BASE_HILL_AFB.html,,Active Duty,Yes
HOLLOMAN AFB,"32°50'33""N","106°05'55""W",13S CS 97187 34361,21M,21M (MUNITIONS AND MISSILE MAINTENANCE),https://paladindanse111.github.io/AFSC-PDFs/AFSC_files/21M.html,https://paladindanse111.github.io/AFSC-PDFs/BASE_files/BASE_HOLLOMAN_AFB.html,,Active Duty,Yes
HURLBURT FIELD,"30°25'23""N","86°41'41""W",16R EU 29317 65704,21M,21M (MUNITIONS AND MISSILE MAINTENANCE),https://paladindanse111.github.io/AFSC-PDFs/AFSC_files/21M.html,https://paladindanse111.github.io/AFSC-PDFs/BASE_files/BASE_HURLBURT_FIELD.html,,Active Duty,Yes
INCIRLIK AB,"37°0'7.00""N","35°25'34.00""E",,21M,21M (MUNITIONS AND MISSILE MAINTENANCE),https://paladindanse111.github.io/AFSC-PDFs/AFSC_files/21M.html,,,Active Duty,Yes
JB ELMENDORF-RICHARDSON,"61°15'44""N","149°41'53""W",6V UN 55306 94983,21M,21M (MUNITIONS AND MISSILE MAINTENANCE),https://paladindanse111.github.io/AFSC-PDFs/AFSC_files/21M.html,https://paladindanse111.github.io/AFSC-PDFs/BASE_files/BASE_JB_ELMENDORF-RICHARDSON.html,,Active Duty,Yes
JB LANGLEY-EUSTIS,"37°05'00""N","76°21'33""W",18S UG 79195 04980,21M,21M (MUNITIONS AND MISSILE MAINTENANCE),https://paladindanse111.github.io/AFSC-PDFs/AFSC_files/21M.html,https://paladindanse111.github.io/AFSC-PDFs/BASE_files/BASE_JB_LANGLEY-EUSTIS.html,,Active Duty,Yes
JBSA RANDOLPH,"29°31'57""N","98°16'45""W",14R NT 69847 67200,21M,21M (MUNITIONS AND MISSILE MAINTENANCE),https://paladindanse111.github.io/AFSC-PDFs/AFSC_files/21M.html,https://paladindanse111.github.io/AFSC-PDFs/BASE_files/BASE_JBSA_RANDOLPH.html,,Active Duty,Yes
KADENA AB,"26°21'20.00""N","127°46'3.00""E",,21M,21M (MUNITIONS AND MISSILE MAINTENANCE),https://paladindanse111.github.io/AFSC-PDFs/AFSC_files/21M.html,,,Active Duty,Yes
KIRTLAND AFB,"35°00'39""N","106°30'44""W",13S CU 62019 75289,21M,21M (MUNITIONS AND MISSILE MAINTENANCE),https://paladindanse111.github.io/AFSC-PDFs/AFSC_files/21M.html,https://paladindanse111.github.io/AFSC-PDFs/BASE_files/BASE_KIRTLAND_AFB.html,,Active Duty,Yes
KLEINE BROGEL AB,"51°10'6.00""N","5°28'12.00""E",,21M,21M (MUNITIONS AND MISSILE MAINTENANCE),https://paladindanse111.github.io/AFSC-PDFs/AFSC_files/21M.html,,,Active Duty,No
KUNSAN AB,"35°54'14.00""N","126°36'57.00""E",,21M,21M (MUNITIONS AND MISSILE MAINTENANCE),https://paladindanse111.github.io/AFSC-PDFs/AFSC_files/21M.html,,,Active Duty,Yes
LAKENHEATH RAF,"52°24'33.00""N","0°33'40.00""E",,21M,21M (MUNITIONS AND MISSILE MAINTENANCE),https://paladindanse111.github.io/AFSC-PDFs/AFSC_files/21M.html,,,Active Duty,Yes
LIVORNO,"43°32'60.00""N","10°18'0.00""E",,21M,21M (MUNITIONS AND MISSILE MAINTENANCE),https://paladindanse111.github.io/AFSC-PDFs/AFSC_files/21M.html,,,Active Duty,No
LUKE AFB,"33°32'22""N","112°22'32""W",12S UC 72284 11939,21M,21M (MUNITIONS AND MISSILE MAINTENANCE),https://paladindanse111.github.io/AFSC-PDFs/AFSC_files/21M.html,https://paladindanse111.github.io/AFSC-PDFs/BASE_files/BASE_LUKE_AFB.html,,Active Duty,Yes
MALMSTROM AFB,"47°30'17""N","111°10'56""W",12T VT 86277 61270,21M,21M (MUNITIONS AND MISSILE MAINTENANCE),https://paladindanse111.github.io/AFSC-PDFs/AFSC_files/21M.html,https://paladindanse111.github.io/AFSC-PDFs/BASE_files/BASE_MALMSTROM_AFB.html,,Active Duty,Yes
MINOT AFB,"48°25'13""N","101°19'36""W",14U LU 27861 65629,21M,21M (MUNITIONS AND MISSILE MAINTENANCE),https://paladindanse111.github.io/AFSC-PDFs/AFSC_files/21M.html,https://paladindanse111.github.io/AFSC-PDFs/BASE_files/BASE_MINOT_AFB.html,,Active Duty,Yes
MISAWA AB,"40°42'12.00""N","141°22'6.00""E",,21M,21M (MUNITIONS AND MISSILE MAINTENANCE),https://paladindanse111.github.io/AFSC-PDFs/AFSC_files/21M.html,,,Active Duty,Yes
MOODY AFB,"30°58'12""N","83°11'47""W",17R KQ 90229 28346,21M,21M (MUNITIONS AND MISSILE MAINTENANCE),https://paladindanse111.github.io/AFSC-PDFs/AFSC_files/21M.html,https://paladindanse111.github.io/AFSC-PDFs/BASE_files/BASE_MOODY_AFB.html,,Active Duty,Yes
MOUNTAIN HOME AFB,"43°03'59""N","115°51'18""W",11T NH 93226 68823,21M,21M (MUNITIONS AND MISSILE MAINTENANCE),https://paladindanse111.github.io/AFSC-PDFs/AFSC_files/21M.html,https://paladindanse111.github.io/AFSC-PDFs/BASE_files/BASE_MOUNTAIN_HOME_AFB.html,,Active Duty,Yes
NELLIS AFB,"36°14'25""N","115°03'14""W",11S PA 74874 12355,21M,21M (MUNITIONS AND MISSILE MAINTENANCE),https://paladindanse111.github.io/AFSC-PDFs/AFSC_files/21M.html,https://paladindanse111.github.io/AFSC-PDFs/BASE_files/BASE_NELLIS_AFB.html,,Active Duty,Yes
RAMSTEIN AB,"49°26'10.00""N","7°36'23.00""E",,21M,21M (MUNITIONS AND MISSILE MAINTENANCE),https://paladindanse111.github.io/AFSC-PDFs/AFSC_files/21M.html,,,Active Duty,Yes
SEYMOUR JOHNSON AFB,"35°20'24""N","77°57'41""W",18S TE 30850 14774,21M,21M (MUNITIONS AND MISSILE MAINTENANCE),https://paladindanse111.github.io/AFSC-PDFs/AFSC_files/21M.html,https://paladindanse111.github.io/AFSC-PDFs/BASE_files/BASE_SEYMOUR_JOHNSON_AFB.html,,Active Duty,Yes
SHAW AFB,"33°58'02""N","80°29'05""W",17S NT 47603 58641,21M,21M (MUNITIONS AND MISSILE MAINTENANCE),https://paladindanse111.github.io/AFSC-PDFs/AFSC_files/21M.html,https://paladindanse111.github.io/AFSC-PDFs/BASE_files/BASE_SHAW_AFB.html,,Active Duty,Yes
SHEPPARD AFB,"33°58'06""N","98°30'38""W",14S NC 45216 58752,21M,21M (MUNITIONS AND MISSILE MAINTENANCE),https://paladindanse111.github.io/AFSC-PDFs/AFSC_files/21M.html,https://paladindanse111.github.io/AFSC-PDFs/BASE_files/BASE_SHEPPARD_AFB.html,,Active Duty,Yes
SPANGDAHLEM AB,"49°58'35.00""N","6°41'55.00""E",,21M,21M (MUNITIONS AND MISSILE MAINTENANCE),https://paladindanse111.github.io/AFSC-PDFs/AFSC_files/21M.html,,,Active Duty,Yes
TYNDALL AFB,"30°04'47""N","85°36'26""W",16R FU 34229 28437,21M,21M (MUNITIONS AND MISSILE MAINTENANCE),https://paladindanse111.github.io/AFSC-PDFs/AFSC_files/21M.html,https://paladindanse111.github.io/AFSC-PDFs/BASE_files/BASE_TYNDALL_AFB.html,,Active Duty,Yes
VANDENBERG SFB,"34°44'31""N","120°34'20""W",10S GD 22255 47110,21M,21M (MUNITIONS AND MISSILE MAINTENANCE),https://paladindanse111.github.io/AFSC-PDFs/AFSC_files/21M.html,https://paladindanse111.github.io/AFSC-PDFs/BASE_files/BASE_VANDENBERG_SFB.html,,Active Duty,Yes
VOLKEL AB,"51°39'26.00""N","5°42'28.00""E",,21M,21M (MUNITIONS AND MISSILE MAINTENANCE),https://paladindanse111.github.io/AFSC-PDFs/AFSC_files/21M.html,,,Active Duty,No
WELFORD RAF,"51°28'3.00""N","1°23'49.00""W",,21M,21M (MUNITIONS AND MISSILE MAINTENANCE),https://paladindanse111.github.io/AFSC-PDFs/AFSC_files/21M.html,,,Active Duty,No
WHITEMAN AFB,"38°43'44""N","93°33'37""W",15S VC 51299 86840,21M,21M (MUNITIONS AND MISSILE MAINTENANCE),https://paladindanse111.github.io/AFSC-PDFs/AFSC_files/21M.html,https://paladindanse111.github.io/AFSC-PDFs/BASE_files/BASE_WHITEMAN_AFB.html,,Active Duty,Yes
AL UDEID AB ABS,"25°7'2.00""N","51°18'54.00""E",,21R,21R (LOGISTICS READINESS),https://paladindanse111.github.io/AFSC-PDFs/AFSC_files/21R.html,,,Active Duty,No
ALCONBURY RAF,"52°22'31.40""N","0°13'23.07""W",,21R,21R (LOGISTICS READINESS),https://paladindanse111.github.io/AFSC-PDFs/AFSC_files/21R.html,,,Active Duty,Yes
ALTUS AFB,"34°39'18""N","99°17'04""W",14S MD 73935 34821,21R,21R (LOGISTICS READINESS),https://paladindanse111.github.io/AFSC-PDFs/AFSC_files/21R.html,https://paladindanse111.github.io/AFSC-PDFs/BASE_files/BASE_ALTUS_AFB.html,,Active Duty,Yes
ANDERSEN AFB,"13°33'46""N","144°55'25""E",55P BR 75307 00327,21R,21R (LOGISTICS READINESS),https://paladindanse111.github.io/AFSC-PDFs/AFSC_files/21R.html,https://paladindanse111.github.io/AFSC-PDFs/BASE_files/BASE_ANDERSEN_AFB.html,,Active Duty,Yes
ANDREWS JB,"38°47'46""N","76°53'00""W",18S UH 36445 95835,21R,21R (LOGISTICS READINESS),https://paladindanse111.github.io/AFSC-PDFs/AFSC_files/21R.html,https://paladindanse111.github.io/AFSC-PDFs/BASE_files/BASE_ANDREWS_JB.html,,Active Duty,Yes
AVIANO AB,"46°1'48.00""N","12°35'56.00""E",,21R,21R (LOGISTICS READINESS),https://paladindanse111.github.io/AFSC-PDFs/AFSC_files/21R.html,,,Active Duty,Yes
BARKSDALE AFB,"32°29'45""N","93°40'21""W",15S VR 36822 95596,21R,21R (LOGISTICS READINESS),https://paladindanse111.github.io/AFSC-PDFs/AFSC_files/21R.html,https://paladindanse111.github.io/AFSC-PDFs/BASE_files/BASE_BARKSDALE_AFB.html,,Active Duty,Yes
BEALE AFB,"39°06'41""N","121°21'35""W",10S FJ 41815 30418,21R,21R (LOGISTICS READINESS),https://paladindanse111.github.io/AFSC-PDFs/AFSC_files/21R.html,https://paladindanse111.github.io/AFSC-PDFs/BASE_files/BASE_BEALE_AFB.html,,Active Duty,Yes
BRUNSSUM,"50°58'0.00""N","5°57'0.00""E",,21R,21R (LOGISTICS READINESS),https://paladindanse111.github.io/AFSC-PDFs/AFSC_files/21R.html,,,Active Duty,No
CAMP HUMPHREYS,"36°55'0.00""N","127°2'60.00""E",,21R,21R (LOGISTICS READINESS),https://paladindanse111.github.io/AFSC-PDFs/AFSC_files/21R.html,,,Active Duty,No
CANNON AFB,"34°23'20""N","103°19'05""W",13S FU 54620 06558,21R,21R (LOGISTICS READINESS),https://paladindanse111.github.io/AFSC-PDFs/AFSC_files/21R.html,https://paladindanse111.github.io/AFSC-PDFs/BASE_files/BASE_CANNON_AFB.html,,Active Duty,Yes
COLUMBUS AFB,"33°37'38""N","88°26'51""W",16S CC 65739 21763,21R,21R (LOGISTICS READINESS),https://paladindanse111.github.io/AFSC-PDFs/AFSC_files/21R.html,https://paladindanse111.github.io/AFSC-PDFs/BASE_files/BASE_COLUMBUS_AFB.html,,Active Duty,Yes
CREECH AFB,"36°34'41""N","115°39'29""W",11S PA 20060 48904,21R,21R (LOGISTICS READINESS),https://paladindanse111.github.io/AFSC-PDFs/AFSC_files/21R.html,https://paladindanse111.github.io/AFSC-PDFs/BASE_files/BASE_CREECH_AFB.html,,Active Duty,Yes
DAEGU AB,"35°53'39.00""N","128°39'32.00""E",,21R,21R (LOGISTICS READINESS),https://paladindanse111.github.io/AFSC-PDFs/AFSC_files/21R.html,,,Active Duty,No
DAVIS-MONTHAN AFB,"32°10'14""N","110°52'39""W",12S WA 11549 59347,21R,21R (LOGISTICS READINESS),https://paladindanse111.github.io/AFSC-PDFs/AFSC_files/21R.html,https://paladindanse111.github.io/AFSC-PDFs/BASE_files/BASE_DAVIS-MONTHAN_AFB.html,,Active Duty,Yes
DOVER AFB,"39°07'39""N","75°28'06""W",18S VJ 59518 31029,21R,21R (LOGISTICS READINESS),https://paladindanse111.github.io/AFSC-PDFs/AFSC_files/21R.html,https://paladindanse111.github.io/AFSC-PDFs/BASE_files/BASE_DOVER_AFB.html,,Active Duty,Yes
DYESS AFB,"32°25'17""N","99°50'31""W",14S MA 20838 87456,21R,21R (LOGISTICS READINESS),https://paladindanse111.github.io/AFSC-PDFs/AFSC_files/21R.html,https://paladindanse111.github.io/AFSC-PDFs/BASE_files/BASE_DYESS_AFB.html,,Active Duty,Yes
EGLIN AFB,"30°27'49""N","86°33'11""W",16R EU 42905 70243,21R,21R (LOGISTICS READINESS),https://paladindanse111.github.io/AFSC-PDFs/AFSC_files/21R.html,https://paladindanse111.github.io/AFSC-PDFs/BASE_files/BASE_EGLIN_AFB.html,,Active Duty,Yes
EIELSON AFB,"64°39'52""N","147°05'45""W",6W VS 95424 71061,21R,21R (LOGISTICS READINESS),https://paladindanse111.github.io/AFSC-PDFs/AFSC_files/21R.html,https://paladindanse111.github.io/AFSC-PDFs/BASE_files/BASE_EIELSON_AFB.html,,Active Duty,Yes
ELLSWORTH AFB,"44°08'54""N","103°05'15""W",13T FJ 52951 90126,21R,21R (LOGISTICS READINESS),https://paladindanse111.github.io/AFSC-PDFs/AFSC_files/21R.html,https://paladindanse111.github.io/AFSC-PDFs/BASE_files/BASE_ELLSWORTH_AFB.html,,Active Duty,Yes
FAIRCHILD AFB,"47°38'28""N","117°38'41""W",11T MN 51574 76613,21R,21R (LOGISTICS READINESS),https://paladindanse111.github.io/AFSC-PDFs/AFSC_files/21R.html,https://paladindanse111.github.io/AFSC-PDFs/BASE_files/BASE_FAIRCHILD_AFB.html,,Active Duty,Yes
FAIRFORD RAF,"51°40'56.00""N","1°47'24.00""W",,21R,21R (LOGISTICS READINESS),https://paladindanse111.github.io/AFSC-PDFs/AFSC_files/21R.html,,,Active Duty,No
FE WARREN AFB,"41°08'32""N","104°52'41""W",13T EF 10233 54552,21R,21R (LOGISTICS READINESS),https://paladindanse111.github.io/AFSC-PDFs/AFSC_files/21R.html,https://paladindanse111.github.io/AFSC-PDFs/BASE_files/BASE_FE_WARREN_AFB.html,,Active Duty,Yes
FT BELVOIR,"38°40'60.00""N","77°7'60.00""W",,21R,21R (LOGISTICS READINESS),https://paladindanse111.github.io/AFSC-PDFs/AFSC_files/21R.html,,,Active Duty,Yes
FT BENNING,"32°22'60.00""N","84°52'60.00""W",,21R,21R (LOGISTICS READINESS),https://paladindanse111.github.io/AFSC-PDFs/AFSC_files/21R.html,,,Active Duty,No
FT LEE,"37°13'0.00""N","77°19'60.00""W",,21R,21R (LOGISTICS READINESS),https://paladindanse111.github.io/AFSC-PDFs/AFSC_files/21R.html,,,Active Duty,No
GEILENKIRCHEN AB,"50°57'39.00""N","6°2'30.00""E",,21R,21R (LOGISTICS READINESS),https://paladindanse111.github.io/AFSC-PDFs/AFSC_files/21R.html,,,Active Duty,No
GRAND FORKS AFB,"47°57'07""N","97°22'57""W",14T PU 20768 12225,21R,21R (LOGISTICS READINESS),https://paladindanse111.github.io/AFSC-PDFs/AFSC_files/21R.html,https://paladindanse111.github.io/AFSC-PDFs/BASE_files/BASE_GRAND_FORKS_AFB.html,,Active Duty,Yes
HANSCOM AFB,"42°27'23""N","71°16'35""W",19T CH 12823 02961,21R,21R (LOGISTICS READINESS),https://paladindanse111.github.io/AFSC-PDFs/AFSC_files/21R.html,https://paladindanse111.github.io/AFSC-PDFs/BASE_files/BASE_HANSCOM_AFB.html,,Active Duty,Yes
HILL AFB,"41°06'36""N","111°58'56""W",12T VL 17530 51433,21R,21R (LOGISTICS READINESS),https://paladindanse111.github.io/AFSC-PDFs/AFSC_files/21R.html,https://paladindanse111.github.io/AFSC-PDFs/BASE_files/BASE_HILL_AFB.html,,Active Duty,Yes
HOLLOMAN AFB,"32°50'33""N","106°05'55""W",13S CS 97187 34361,21R,21R (LOGISTICS READINESS),https://paladindanse111.github.io/AFSC-PDFs/AFSC_files/21R.html,https://paladindanse111.github.io/AFSC-PDFs/BASE_files/BASE_HOLLOMAN_AFB.html,,Active Duty,Yes
HURLBURT FIELD,"30°25'23""N","86°41'41""W",16R EU 29317 65704,21R,21R (LOGISTICS READINESS),https://paladindanse111.github.io/AFSC-PDFs/AFSC_files/21R.html,https://paladindanse111.github.io/AFSC-PDFs/BASE_files/BASE_HURLBURT_FIELD.html,,Active Duty,Yes
INCIRLIK AB,"37°0'7.00""N","35°25'34.00""E",,21R,21R (LOGISTICS READINESS),https://paladindanse111.github.io/AFSC-PDFs/AFSC_files/21R.html,,,Active Duty,Yes
JB ANACOSTIA-BOLLING,"38°50'29""N","77°01'05""W",18S UJ 24855 01110,21R,21R (LOGISTICS READINESS),https://paladindanse111.github.io/AFSC-PDFs/AFSC_files/21R.html,https://paladindanse111.github.io/AFSC-PDFs/BASE_files/BASE_JB_ANACOSTIA-BOLLING.html,,Active Duty,Yes
JB CHARLESTON,"32°53'29""N","80°04'03""W",17S NS 87218 39631,21R,21R (LOGISTICS READINESS),https://paladindanse111.github.io/AFSC-PDFs/AFSC_files/21R.html,https://paladindanse111.github.io/AFSC-PDFs/BASE_files/BASE_JB_CHARLESTON.html,,Active Duty,Yes
JB ELMENDORF-RICHARDSON,"61°15'44""N","149°41'53""W",6V UN 55306 94983,21R,21R (LOGISTICS READINESS),https://paladindanse111.github.io/AFSC-PDFs/AFSC_files/21R.html,https://paladindanse111.github.io/AFSC-PDFs/BASE_files/BASE_JB_ELMENDORF-RICHARDSON.html,,Active Duty,Yes
JB LANGLEY-EUSTIS,"37°05'00""N","76°21'33""W",18S UG 79195 04980,21R,21R (LOGISTICS READINESS),https://paladindanse111.github.io/AFSC-PDFs/AFSC_files/21R.html,https://paladindanse111.github.io/AFSC-PDFs/BASE_files/BASE_JB_LANGLEY-EUSTIS.html,,Active Duty,Yes
JB LEWIS-MCCHORD,"47°05'30""N","122°36'53""W",10T ET 29240 15422,21R,21R (LOGISTICS READINESS),https://paladindanse111.github.io/AFSC-PDFs/AFSC_files/21R.html,https://paladindanse111.github.io/AFSC-PDFs/BASE_files/BASE_JB_LEWIS-MCCHORD.html,,Active Duty,Yes
JB MCGUIRE-DIX-LAKEHURST,"40°02'15""N","74°35'18""W",18T WK 35120 32000,21R,21R (LOGISTICS READINESS),https://paladindanse111.github.io/AFSC-PDFs/AFSC_files/21R.html,https://paladindanse111.github.io/AFSC-PDFs/BASE_files/BASE_JB_MCGUIRE-DIX-LAKEHURST.html,,Active Duty,Yes
JB PEARL HARBOR-HICKAM,"21°20'15""N","157°57'43""W",4Q FJ 07643 59855,21R,21R (LOGISTICS READINESS),https://paladindanse111.github.io/AFSC-PDFs/AFSC_files/21R.html,https://paladindanse111.github.io/AFSC-PDFs/BASE_files/BASE_JB_PEARL_HARBOR-HICKAM.html,,Active Duty,Yes
JBSA LACKLAND,"29°23'14""N","98°37'16""W",14R NT 36765 50947,21R,21R (LOGISTICS READINESS),https://paladindanse111.github.io/AFSC-PDFs/AFSC_files/21R.html,https://paladindanse111.github.io/AFSC-PDFs/BASE_files/BASE_JBSA_LACKLAND.html,,Active Duty,Yes
JBSA RANDOLPH,"29°31'57""N","98°16'45""W",14R NT 69847 67200,21R,21R (LOGISTICS READINESS),https://paladindanse111.github.io/AFSC-PDFs/AFSC_files/21R.html,https://paladindanse111.github.io/AFSC-PDFs/BASE_files/BASE_JBSA_RANDOLPH.html,,Active Duty,Yes
KADENA AB,"26°21'20.00""N","127°46'3.00""E",,21R,21R (LOGISTICS READINESS),https://paladindanse111.github.io/AFSC-PDFs/AFSC_files/21R.html,,,Active Duty,Yes
KAISERSLAUTERN,"49°25'60.00""N","7°46'0.00""E",,21R,21R (LOGISTICS READINESS),https://paladindanse111.github.io/AFSC-PDFs/AFSC_files/21R.html,,,Active Duty,No
KEESLER AFB,"30°24'34""N","88°55'34""W",16R CU 14981 65731,21R,21R (LOGISTICS READINESS),https://paladindanse111.github.io/AFSC-PDFs/AFSC_files/21R.html,https://paladindanse111.github.io/AFSC-PDFs/BASE_files/BASE_KEESLER_AFB.html,,Active Duty,Yes
KIRTLAND AFB,"35°00'39""N","106°30'44""W",13S CU 62019 75289,21R,21R (LOGISTICS READINESS),https://paladindanse111.github.io/AFSC-PDFs/AFSC_files/21R.html,https://paladindanse111.github.io/AFSC-PDFs/BASE_files/BASE_KIRTLAND_AFB.html,,Active Duty,Yes
KUNSAN AB,"35°54'14.00""N","126°36'57.00""E",,21R,21R (LOGISTICS READINESS),https://paladindanse111.github.io/AFSC-PDFs/AFSC_files/21R.html,,,Active Duty,Yes
LAKENHEATH RAF,"52°24'33.00""N","0°33'40.00""E",,21R,21R (LOGISTICS READINESS),https://paladindanse111.github.io/AFSC-PDFs/AFSC_files/21R.html,,,Active Duty,Yes
LITTLE ROCK AFB,"34°53'47""N","92°08'38""W",15S WU 78220 61887,21R,21R (LOGISTICS READINESS),https://paladindanse111.github.io/AFSC-PDFs/AFSC_files/21R.html,https://paladindanse111.github.io/AFSC-PDFs/BASE_files/BASE_LITTLE_ROCK_AFB.html,,Active Duty,Yes
LOS ANGELES SFB,"33°54'59""N","118°22'58""W",11S LT 72173 53746,21R,21R (LOGISTICS READINESS),https://paladindanse111.github.io/AFSC-PDFs/AFSC_files/21R.html,https://paladindanse111.github.io/AFSC-PDFs/BASE_files/BASE_LOS_ANGELES.html,,Active Duty,No
LUKE AFB,"33°32'22""N","112°22'32""W",12S UC 72284 11939,21R,21R (LOGISTICS READINESS),https://paladindanse111.github.io/AFSC-PDFs/AFSC_files/21R.html,https://paladindanse111.github.io/AFSC-PDFs/BASE_files/BASE_LUKE_AFB.html,,Active Duty,Yes
MACDILL AFB,"27°51'28""N","82°29'19""W",17R LL 53434 82337,21R,21R (LOGISTICS READINESS),https://paladindanse111.github.io/AFSC-PDFs/AFSC_files/21R.html,https://paladindanse111.github.io/AFSC-PDFs/BASE_files/BASE_MACDILL_AFB.html,,Active Duty,Yes
MALMSTROM AFB,"47°30'17""N","111°10'56""W",12T VT 86277 61270,21R,21R (LOGISTICS READINESS),https://paladindanse111.github.io/AFSC-PDFs/AFSC_files/21R.html,https://paladindanse111.github.io/AFSC-PDFs/BASE_files/BASE_MALMSTROM_AFB.html,,Active Duty,Yes
MAXWELL-GUNTER AFB,"32°22'43""N","86°21'44""W",16S EA 59993 82581,21R,21R (LOGISTICS READINESS),https://paladindanse111.github.io/AFSC-PDFs/AFSC_files/21R.html,https://paladindanse111.github.io/AFSC-PDFs/BASE_files/BASE_MAXWELL-GUNTER_AFB.html,,Active Duty,Yes
MCCONNELL AFB,"37°37'51""N","97°15'06""W",14S PG 54271 66293,21R,21R (LOGISTICS READINESS),https://paladindanse111.github.io/AFSC-PDFs/AFSC_files/21R.html,https://paladindanse111.github.io/AFSC-PDFs/BASE_files/BASE_MCCONNELL_AFB.html,,Active Duty,Yes
MILDENHALL RAF,"52°21'43.00""N","0°29'11.00""E",,21R,21R (LOGISTICS READINESS),https://paladindanse111.github.io/AFSC-PDFs/AFSC_files/21R.html,,,Active Duty,Yes
MINOT AFB,"48°25'13""N","101°19'36""W",14U LU 27861 65629,21R,21R (LOGISTICS READINESS),https://paladindanse111.github.io/AFSC-PDFs/AFSC_files/21R.html,https://paladindanse111.github.io/AFSC-PDFs/BASE_files/BASE_MINOT_AFB.html,,Active Duty,Yes
MISAWA AB,"40°42'12.00""N","141°22'6.00""E",,21R,21R (LOGISTICS READINESS),https://paladindanse111.github.io/AFSC-PDFs/AFSC_files/21R.html,,,Active Duty,Yes
MOODY AFB,"30°58'12""N","83°11'47""W",17R KQ 90229 28346,21R,21R (LOGISTICS READINESS),https://paladindanse111.github.io/AFSC-PDFs/AFSC_files/21R.html,https://paladindanse111.github.io/AFSC-PDFs/BASE_files/BASE_MOODY_AFB.html,,Active Duty,Yes
MORON AB,"37°10'30.00""N","5°36'57.00""W",,21R,21R (LOGISTICS READINESS),https://paladindanse111.github.io/AFSC-PDFs/AFSC_files/21R.html,,,Active Duty,No
MOUNTAIN HOME AFB,"43°03'59""N","115°51'18""W",11T NH 93226 68823,21R,21R (LOGISTICS READINESS),https://paladindanse111.github.io/AFSC-PDFs/AFSC_files/21R.html,https://paladindanse111.github.io/AFSC-PDFs/BASE_files/BASE_MOUNTAIN_HOME_AFB.html,,Active Duty,Yes
NELLIS AFB,"36°14'25""N","115°03'14""W",11S PA 74874 12355,21R,21R (LOGISTICS READINESS),https://paladindanse111.github.io/AFSC-PDFs/AFSC_files/21R.html,https://paladindanse111.github.io/AFSC-PDFs/BASE_files/BASE_NELLIS_AFB.html,,Active Duty,Yes
NORFOLK VA,"36°49'60.00""N","76°17'60.00""W",,21R,21R (LOGISTICS READINESS),https://paladindanse111.github.io/AFSC-PDFs/AFSC_files/21R.html,,,Active Duty,No
OFFUTT AFB,"41°07'25""N","95°54'52""W",15T TF 55334 56573,21R,21R (LOGISTICS READINESS),https://paladindanse111.github.io/AFSC-PDFs/AFSC_files/21R.html,https://paladindanse111.github.io/AFSC-PDFs/BASE_files/BASE_OFFUTT_AFB.html,,Active Duty,Yes
OSAN AB,"37°5'26.00""N","127°1'47.00""E",,21R,21R (LOGISTICS READINESS),https://paladindanse111.github.io/AFSC-PDFs/AFSC_files/21R.html,,,Active Duty,Yes
PAPA AB,"47°21'50.00""N","17°30'2.00""E",,21R,21R (LOGISTICS READINESS),https://paladindanse111.github.io/AFSC-PDFs/AFSC_files/21R.html,,,Active Duty,No
PAYA LEBAR AFD,"1°21'12.00""N","103°54'15.00""E",,21R,21R (LOGISTICS READINESS),https://paladindanse111.github.io/AFSC-PDFs/AFSC_files/21R.html,,,Active Duty,No
PEARL HARBOR NAD PRT,"21°19'60.00""N","157°58'0.00""W",,21R,21R (LOGISTICS READINESS),https://paladindanse111.github.io/AFSC-PDFs/AFSC_files/21R.html,,,Active Duty,No
PETERSON SFB,"38°49'32""N","104°41'58""W",13S EC 26089 97461,21R,21R (LOGISTICS READINESS),https://paladindanse111.github.io/AFSC-PDFs/AFSC_files/21R.html,https://paladindanse111.github.io/AFSC-PDFs/BASE_files/BASE_PETERSON_SFB.html,,Active Duty,Yes
PHILADELPHIA,"39°55'0.00""N","75°12'0.00""W",,21R,21R (LOGISTICS READINESS),https://paladindanse111.github.io/AFSC-PDFs/AFSC_files/21R.html,,,Active Duty,No
PITUFFIK SBS,"76°31'52.00""N","68°42'12.00""W",,21R,21R (LOGISTICS READINESS),https://paladindanse111.github.io/AFSC-PDFs/AFSC_files/21R.html,,,Active Duty,No
POGGIO RENATICO,"44°46'0.00""N","11°28'60.00""E",,21R,21R (LOGISTICS READINESS),https://paladindanse111.github.io/AFSC-PDFs/AFSC_files/21R.html,,,Active Duty,No
POPE AAF,"35°10'15.00""N","79°0'52.00""W",,21R,21R (LOGISTICS READINESS),https://paladindanse111.github.io/AFSC-PDFs/AFSC_files/21R.html,,,Active Duty,Yes
RAMSTEIN AB,"49°26'10.00""N","7°36'23.00""E",,21R,21R (LOGISTICS READINESS),https://paladindanse111.github.io/AFSC-PDFs/AFSC_files/21R.html,,,Active Duty,Yes
RICHMOND DEF SUP ADM,"37°25'0.00""N","77°25'60.00""W",,21R,21R (LOGISTICS READINESS),https://paladindanse111.github.io/AFSC-PDFs/AFSC_files/21R.html,,,Active Duty,No
RKB-QUANTICO MGI,"38°30'34.00""N","77°23'21.00""W",,21R,21R (LOGISTICS READINESS),https://paladindanse111.github.io/AFSC-PDFs/AFSC_files/21R.html,,,Active Duty,No
ROBINS AFB,"32°38'23""N","83°35'30""W",17S KS 56883 14314,21R,21R (LOGISTICS READINESS),https://paladindanse111.github.io/AFSC-PDFs/AFSC_files/21R.html,https://paladindanse111.github.io/AFSC-PDFs/BASE_files/BASE_ROBINS_AFB.html,,Active Duty,Yes
ROTA NS,"36°38'43.00""N","6°20'58.00""W",,21R,21R (LOGISTICS READINESS),https://paladindanse111.github.io/AFSC-PDFs/AFSC_files/21R.html,,,Active Duty,No
SCOTT AFB,"38°32'29""N","89°51'18""W",16S BH 51169 69750,21R,21R (LOGISTICS READINESS),https://paladindanse111.github.io/AFSC-PDFs/AFSC_files/21R.html,https://paladindanse111.github.io/AFSC-PDFs/BASE_files/BASE_SCOTT_AFB.html,,Active Duty,Yes
SEYMOUR JOHNSON AFB,"35°20'24""N","77°57'41""W",18S TE 30850 14774,21R,21R (LOGISTICS READINESS),https://paladindanse111.github.io/AFSC-PDFs/AFSC_files/21R.html,https://paladindanse111.github.io/AFSC-PDFs/BASE_files/BASE_SEYMOUR_JOHNSON_AFB.html,,Active Duty,Yes
SHAW AFB,"33°58'02""N","80°29'05""W",17S NT 47603 58641,21R,21R (LOGISTICS READINESS),https://paladindanse111.github.io/AFSC-PDFs/AFSC_files/21R.html,https://paladindanse111.github.io/AFSC-PDFs/BASE_files/BASE_SHAW_AFB.html,,Active Duty,Yes
SHEPPARD AFB,"33°58'06""N","98°30'38""W",14S NC 45216 58752,21R,21R (LOGISTICS READINESS),https://paladindanse111.github.io/AFSC-PDFs/AFSC_files/21R.html,https://paladindanse111.github.io/AFSC-PDFs/BASE_files/BASE_SHEPPARD_AFB.html,,Active Duty,Yes
SOTO CANO AB,"15°39'0.00""N","87°54'0.00""W",,21R,21R (LOGISTICS READINESS),https://paladindanse111.github.io/AFSC-PDFs/AFSC_files/21R.html,,,Active Duty,No
SPANGDAHLEM AB,"49°58'35.00""N","6°41'55.00""E",,21R,21R (LOGISTICS READINESS),https://paladindanse111.github.io/AFSC-PDFs/AFSC_files/21R.html,,,Active Duty,Yes
STUTTGART,"48°46'60.00""N","9°11'60.00""E",,21R,21R (LOGISTICS READINESS),https://paladindanse111.github.io/AFSC-PDFs/AFSC_files/21R.html,,,Active Duty,No
TINKER AFB,"35°25'09""N","97°24'15""W",14S PE 44882 20698,21R,21R (LOGISTICS READINESS),https://paladindanse111.github.io/AFSC-PDFs/AFSC_files/21R.html,https://paladindanse111.github.io/AFSC-PDFs/BASE_files/BASE_TINKER_AFB.html,,Active Duty,Yes
TRAVIS AFB,"38°16'09""N","121°56'51""W",10S EH 92069 36204,21R,21R (LOGISTICS READINESS),https://paladindanse111.github.io/AFSC-PDFs/AFSC_files/21R.html,https://paladindanse111.github.io/AFSC-PDFs/BASE_files/BASE_TRAVIS_AFB.html,,Active Duty,Yes
TYNDALL AFB,"30°04'47""N","85°36'26""W",16R FU 34229 28437,21R,21R (LOGISTICS READINESS),https://paladindanse111.github.io/AFSC-PDFs/AFSC_files/21R.html,https://paladindanse111.github.io/AFSC-PDFs/BASE_files/BASE_TYNDALL_AFB.html,,Active Duty,Yes
USAF ACADEMY,"39°0'0.00""N","104°52'60.00""W",,21R,21R (LOGISTICS READINESS),https://paladindanse111.github.io/AFSC-PDFs/AFSC_files/21R.html,,,Active Duty,No
VANCE AFB,"36°20'21""N","97°54'47""W",14S NF 97544 22116,21R,21R (LOGISTICS READINESS),https://paladindanse111.github.io/AFSC-PDFs/AFSC_files/21R.html,https://paladindanse111.github.io/AFSC-PDFs/BASE_files/BASE_VANCE_AFB.html,,Active Duty,Yes
VANDENBERG SFB,"34°44'31""N","120°34'20""W",10S GD 22255 47110,21R,21R (LOGISTICS READINESS),https://paladindanse111.github.io/AFSC-PDFs/AFSC_files/21R.html,https://paladindanse111.github.io/AFSC-PDFs/BASE_files/BASE_VANDENBERG_SFB.html,,Active Duty,Yes
WHITEMAN AFB,"38°43'44""N","93°33'37""W",15S VC 51299 86840,21R,21R (LOGISTICS READINESS),https://paladindanse111.github.io/AFSC-PDFs/AFSC_files/21R.html,https://paladindanse111.github.io/AFSC-PDFs/BASE_files/BASE_WHITEMAN_AFB.html,,Active Duty,Yes
WRIGHT-PATTERSON AFB,"39°48'37""N","84°01'55""W",16S GK 54072 10915,21R,21R (LOGISTICS READINESS),https://paladindanse111.github.io/AFSC-PDFs/AFSC_files/21R.html,https://paladindanse111.github.io/AFSC-PDFs/BASE_files/BASE_WRIGHT-PATTERSON_AFB.html,,Active Duty,Yes
YOKOTA AB,"35°44'55.00""N","139°20'55.00""E",,21R,21R (LOGISTICS READINESS),https://paladindanse111.github.io/AFSC-PDFs/AFSC_files/21R.html,,,Active Duty,Yes
ALCONBURY RAF,"52°22'31.40""N","0°13'23.07""W",,31P,31P (SECURITY FORCES),https://paladindanse111.github.io/AFSC-PDFs/AFSC_files/31P.html,,,Active Duty,Yes
ALTUS AFB,"34°39'18""N","99°17'04""W",14S MD 73935 34821,31P,31P (SECURITY FORCES),https://paladindanse111.github.io/AFSC-PDFs/AFSC_files/31P.html,https://paladindanse111.github.io/AFSC-PDFs/BASE_files/BASE_ALTUS_AFB.html,,Active Duty,Yes
ANDERSEN AFB,"13°33'46""N","144°55'25""E",55P BR 75307 00327,31P,31P (SECURITY FORCES),https://paladindanse111.github.io/AFSC-PDFs/AFSC_files/31P.html,https://paladindanse111.github.io/AFSC-PDFs/BASE_files/BASE_ANDERSEN_AFB.html,,Active Duty,Yes
ANDREWS JB,"38°47'46""N","76°53'00""W",18S UH 36445 95835,31P,31P (SECURITY FORCES),https://paladindanse111.github.io/AFSC-PDFs/AFSC_files/31P.html,https://paladindanse111.github.io/AFSC-PDFs/BASE_files/BASE_ANDREWS_JB.html,,Active Duty,Yes
AVIANO AB,"46°1'48.00""N","12°35'56.00""E",,31P,31P (SECURITY FORCES),https://paladindanse111.github.io/AFSC-PDFs/AFSC_files/31P.html,,,Active Duty,Yes
BARKSDALE AFB,"32°29'45""N","93°40'21""W",15S VR 36822 95596,31P,31P (SECURITY FORCES),https://paladindanse111.github.io/AFSC-PDFs/AFSC_files/31P.html,https://paladindanse111.github.io/AFSC-PDFs/BASE_files/BASE_BARKSDALE_AFB.html,,Active Duty,Yes
BEALE AFB,"39°06'41""N","121°21'35""W",10S FJ 41815 30418,31P,31P (SECURITY FORCES),https://paladindanse111.github.io/AFSC-PDFs/AFSC_files/31P.html,https://paladindanse111.github.io/AFSC-PDFs/BASE_files/BASE_BEALE_AFB.html,,Active Duty,Yes
BRUNSSUM,"50°58'0.00""N","5°57'0.00""E",,31P,31P (SECURITY FORCES),https://paladindanse111.github.io/AFSC-PDFs/AFSC_files/31P.html,,,Active Duty,No
BUCHEL AB,"50°10'26.00""N","7°3'48.00""E",,31P,31P (SECURITY FORCES),https://paladindanse111.github.io/AFSC-PDFs/AFSC_files/31P.html,,,Active Duty,No
BUCKLEY SFB,"39°42'09""N","104°45'29""W",13S ED 20741 94766,31P,31P (SECURITY FORCES),https://paladindanse111.github.io/AFSC-PDFs/AFSC_files/31P.html,https://paladindanse111.github.io/AFSC-PDFs/BASE_files/BASE_BUCKLEY_SFB.html,,Active Duty,Yes
CAIRO,"30°1'60.00""N","31°15'0.00""E",,31P,31P (SECURITY FORCES),https://paladindanse111.github.io/AFSC-PDFs/AFSC_files/31P.html,,,Active Duty,No
CANNON AFB,"34°23'20""N","103°19'05""W",13S FU 54620 06558,31P,31P (SECURITY FORCES),https://paladindanse111.github.io/AFSC-PDFs/AFSC_files/31P.html,https://paladindanse111.github.io/AFSC-PDFs/BASE_files/BASE_CANNON_AFB.html,,Active Duty,Yes
CHEYENNE MOUNTAIN SFS,"38°49'0.00""N","104°32'60.00""W",,31P,31P (SECURITY FORCES),https://paladindanse111.github.io/AFSC-PDFs/AFSC_files/31P.html,,,Active Duty,No
CLEAR SFS,"64°18'7.00""N","149°7'21.00""W",,31P,31P (SECURITY FORCES),https://paladindanse111.github.io/AFSC-PDFs/AFSC_files/31P.html,,,Active Duty,No
COLUMBUS AFB,"33°37'38""N","88°26'51""W",16S CC 65739 21763,31P,31P (SECURITY FORCES),https://paladindanse111.github.io/AFSC-PDFs/AFSC_files/31P.html,https://paladindanse111.github.io/AFSC-PDFs/BASE_files/BASE_COLUMBUS_AFB.html,,Active Duty,Yes
CREECH AFB,"36°34'41""N","115°39'29""W",11S PA 20060 48904,31P,31P (SECURITY FORCES),https://paladindanse111.github.io/AFSC-PDFs/AFSC_files/31P.html,https://paladindanse111.github.io/AFSC-PDFs/BASE_files/BASE_CREECH_AFB.html,,Active Duty,Yes
CROUGHTON RAF,"51°59'21.00""N","1°10'55.00""W",,31P,31P (SECURITY FORCES),https://paladindanse111.github.io/AFSC-PDFs/AFSC_files/31P.html,,,Active Duty,No
DAVIS-MONTHAN AFB,"32°10'14""N","110°52'39""W",12S WA 11549 59347,31P,31P (SECURITY FORCES),https://paladindanse111.github.io/AFSC-PDFs/AFSC_files/31P.html,https://paladindanse111.github.io/AFSC-PDFs/BASE_files/BASE_DAVIS-MONTHAN_AFB.html,,Active Duty,Yes
DOVER AFB,"39°07'39""N","75°28'06""W",18S VJ 59518 31029,31P,31P (SECURITY FORCES),https://paladindanse111.github.io/AFSC-PDFs/AFSC_files/31P.html,https://paladindanse111.github.io/AFSC-PDFs/BASE_files/BASE_DOVER_AFB.html,,Active Duty,Yes
DYESS AFB,"32°25'17""N","99°50'31""W",14S MA 20838 87456,31P,31P (SECURITY FORCES),https://paladindanse111.github.io/AFSC-PDFs/AFSC_files/31P.html,https://paladindanse111.github.io/AFSC-PDFs/BASE_files/BASE_DYESS_AFB.html,,Active Duty,Yes
EDWARDS AFB,"34°55'25""N","117°53'29""W",11S MU 18582 64934,31P,31P (SECURITY FORCES),https://paladindanse111.github.io/AFSC-PDFs/AFSC_files/31P.html,https://paladindanse111.github.io/AFSC-PDFs/BASE_files/BASE_EDWARDS_AFB.html,,Active Duty,Yes
EGLIN AFB,"30°27'49""N","86°33'11""W",16R EU 42905 70243,31P,31P (SECURITY FORCES),https://paladindanse111.github.io/AFSC-PDFs/AFSC_files/31P.html,https://paladindanse111.github.io/AFSC-PDFs/BASE_files/BASE_EGLIN_AFB.html,,Active Duty,Yes
EIELSON AFB,"64°39'52""N","147°05'45""W",6W VS 95424 71061,31P,31P (SECURITY FORCES),https://paladindanse111.github.io/AFSC-PDFs/AFSC_files/31P.html,https://paladindanse111.github.io/AFSC-PDFs/BASE_files/BASE_EIELSON_AFB.html,,Active Duty,Yes
ELLSWORTH AFB,"44°08'54""N","103°05'15""W",13T FJ 52951 90126,31P,31P (SECURITY FORCES),https://paladindanse111.github.io/AFSC-PDFs/AFSC_files/31P.html,https://paladindanse111.github.io/AFSC-PDFs/BASE_files/BASE_ELLSWORTH_AFB.html,,Active Duty,Yes
FAIRCHILD AFB,"47°38'28""N","117°38'41""W",11T MN 51574 76613,31P,31P (SECURITY FORCES),https://paladindanse111.github.io/AFSC-PDFs/AFSC_files/31P.html,https://paladindanse111.github.io/AFSC-PDFs/BASE_files/BASE_FAIRCHILD_AFB.html,,Active Duty,Yes
FE WARREN AFB,"41°08'32""N","104°52'41""W",13T EF 10233 54552,31P,31P (SECURITY FORCES),https://paladindanse111.github.io/AFSC-PDFs/AFSC_files/31P.html,https://paladindanse111.github.io/AFSC-PDFs/BASE_files/BASE_FE_WARREN_AFB.html,,Active Duty,Yes
GHEDI AB,"45°0'0.00""N","12°0'0.00""E",,31P,31P (SECURITY FORCES),https://paladindanse111.github.io/AFSC-PDFs/AFSC_files/31P.html,,,Active Duty,No
GOODFELLOW AFB,"31°26'09""N","100°24'03""W",14R LV 66873 78753,31P,31P (SECURITY FORCES),https://paladindanse111.github.io/AFSC-PDFs/AFSC_files/31P.html,https://paladindanse111.github.io/AFSC-PDFs/BASE_files/BASE_GOODFELLOW_AFB.html,,Active Duty,Yes
GRAND FORKS AFB,"47°57'07""N","97°22'57""W",14T PU 20768 12225,31P,31P (SECURITY FORCES),https://paladindanse111.github.io/AFSC-PDFs/AFSC_files/31P.html,https://paladindanse111.github.io/AFSC-PDFs/BASE_files/BASE_GRAND_FORKS_AFB.html,,Active Duty,Yes
HANSCOM AFB,"42°27'23""N","71°16'35""W",19T CH 12823 02961,31P,31P (SECURITY FORCES),https://paladindanse111.github.io/AFSC-PDFs/AFSC_files/31P.html,https://paladindanse111.github.io/AFSC-PDFs/BASE_files/BASE_HANSCOM_AFB.html,,Active Duty,Yes
HILL AFB,"41°06'36""N","111°58'56""W",12T VL 17530 51433,31P,31P (SECURITY FORCES),https://paladindanse111.github.io/AFSC-PDFs/AFSC_files/31P.html,https://paladindanse111.github.io/AFSC-PDFs/BASE_files/BASE_HILL_AFB.html,,Active Duty,Yes
HOLLOMAN AFB,"32°50'33""N","106°05'55""W",13S CS 97187 34361,31P,31P (SECURITY FORCES),https://paladindanse111.github.io/AFSC-PDFs/AFSC_files/31P.html,https://paladindanse111.github.io/AFSC-PDFs/BASE_files/BASE_HOLLOMAN_AFB.html,,Active Duty,Yes
HURLBURT FIELD,"30°25'23""N","86°41'41""W",16R EU 29317 65704,31P,31P (SECURITY FORCES),https://paladindanse111.github.io/AFSC-PDFs/AFSC_files/31P.html,https://paladindanse111.github.io/AFSC-PDFs/BASE_files/BASE_HURLBURT_FIELD.html,,Active Duty,Yes
INCIRLIK AB,"37°0'7.00""N","35°25'34.00""E",,31P,31P (SECURITY FORCES),https://paladindanse111.github.io/AFSC-PDFs/AFSC_files/31P.html,,,Active Duty,Yes
JB ANACOSTIA-BOLLING,"38°50'29""N","77°01'05""W",18S UJ 24855 01110,31P,31P (SECURITY FORCES),https://paladindanse111.github.io/AFSC-PDFs/AFSC_files/31P.html,https://paladindanse111.github.io/AFSC-PDFs/BASE_files/BASE_JB_ANACOSTIA-BOLLING.html,,Active Duty,Yes
JB CHARLESTON,"32°53'29""N","80°04'03""W",17S NS 87218 39631,31P,31P (SECURITY FORCES),https://paladindanse111.github.io/AFSC-PDFs/AFSC_files/31P.html,https://paladindanse111.github.io/AFSC-PDFs/BASE_files/BASE_JB_CHARLESTON.html,,Active Duty,Yes
JB ELMENDORF-RICHARDSON,"61°15'44""N","149°41'53""W",6V UN 55306 94983,31P,31P (SECURITY FORCES),https://paladindanse111.github.io/AFSC-PDFs/AFSC_files/31P.html,https://paladindanse111.github.io/AFSC-PDFs/BASE_files/BASE_JB_ELMENDORF-RICHARDSON.html,,Active Duty,Yes
JB LANGLEY-EUSTIS,"37°05'00""N","76°21'33""W",18S UG 79195 04980,31P,31P (SECURITY FORCES),https://paladindanse111.github.io/AFSC-PDFs/AFSC_files/31P.html,https://paladindanse111.github.io/AFSC-PDFs/BASE_files/BASE_JB_LANGLEY-EUSTIS.html,,Active Duty,Yes
JB LEWIS-MCCHORD,"47°05'30""N","122°36'53""W",10T ET 29240 15422,31P,31P (SECURITY FORCES),https://paladindanse111.github.io/AFSC-PDFs/AFSC_files/31P.html,https://paladindanse111.github.io/AFSC-PDFs/BASE_files/BASE_JB_LEWIS-MCCHORD.html,,Active Duty,Yes
JB MCGUIRE-DIX-LAKEHURST,"40°02'15""N","74°35'18""W",18T WK 35120 32000,31P,31P (SECURITY FORCES),https://paladindanse111.github.io/AFSC-PDFs/AFSC_files/31P.html,https://paladindanse111.github.io/AFSC-PDFs/BASE_files/BASE_JB_MCGUIRE-DIX-LAKEHURST.html,,Active Duty,Yes
JB PEARL HARBOR-HICKAM,"21°20'15""N","157°57'43""W",4Q FJ 07643 59855,31P,31P (SECURITY FORCES),https://paladindanse111.github.io/AFSC-PDFs/AFSC_files/31P.html,https://paladindanse111.github.io/AFSC-PDFs/BASE_files/BASE_JB_PEARL_HARBOR-HICKAM.html,,Active Duty,Yes
JBSA FT SAM HOUSTON,"29°34'46.00""N","98°38'30.00""W",,31P,31P (SECURITY FORCES),https://paladindanse111.github.io/AFSC-PDFs/AFSC_files/31P.html,,,Active Duty,Yes
JBSA LACKLAND,"29°23'14""N","98°37'16""W",14R NT 36765 50947,31P,31P (SECURITY FORCES),https://paladindanse111.github.io/AFSC-PDFs/AFSC_files/31P.html,https://paladindanse111.github.io/AFSC-PDFs/BASE_files/BASE_JBSA_LACKLAND.html,,Active Duty,Yes
JBSA RANDOLPH,"29°31'57""N","98°16'45""W",14R NT 69847 67200,31P,31P (SECURITY FORCES),https://paladindanse111.github.io/AFSC-PDFs/AFSC_files/31P.html,https://paladindanse111.github.io/AFSC-PDFs/BASE_files/BASE_JBSA_RANDOLPH.html,,Active Duty,Yes
KADENA AB,"26°21'20.00""N","127°46'3.00""E",,31P,31P (SECURITY FORCES),https://paladindanse111.github.io/AFSC-PDFs/AFSC_files/31P.html,,,Active Duty,Yes
KEESLER AFB,"30°24'34""N","88°55'34""W",16R CU 14981 65731,31P,31P (SECURITY FORCES),https://paladindanse111.github.io/AFSC-PDFs/AFSC_files/31P.html,https://paladindanse111.github.io/AFSC-PDFs/BASE_files/BASE_KEESLER_AFB.html,,Active Duty,Yes
KIRTLAND AFB,"35°00'39""N","106°30'44""W",13S CU 62019 75289,31P,31P (SECURITY FORCES),https://paladindanse111.github.io/AFSC-PDFs/AFSC_files/31P.html,https://paladindanse111.github.io/AFSC-PDFs/BASE_files/BASE_KIRTLAND_AFB.html,,Active Duty,Yes
KLEINE BROGEL AB,"51°10'6.00""N","5°28'12.00""E",,31P,31P (SECURITY FORCES),https://paladindanse111.github.io/AFSC-PDFs/AFSC_files/31P.html,,,Active Duty,No
KUNSAN AB,"35°54'14.00""N","126°36'57.00""E",,31P,31P (SECURITY FORCES),https://paladindanse111.github.io/AFSC-PDFs/AFSC_files/31P.html,,,Active Duty,Yes
LAKENHEATH RAF,"52°24'33.00""N","0°33'40.00""E",,31P,31P (SECURITY FORCES),https://paladindanse111.github.io/AFSC-PDFs/AFSC_files/31P.html,,,Active Duty,Yes
LAUGHLIN AFB,"29°21'21""N","100°46'58""W",14R LT 26940 48730,31P,31P (SECURITY FORCES),https://paladindanse111.github.io/AFSC-PDFs/AFSC_files/31P.html,https://paladindanse111.github.io/AFSC-PDFs/BASE_files/BASE_LAUGHLIN_AFB.html,,Active Duty,Yes
LITTLE ROCK AFB,"34°53'47""N","92°08'38""W",15S WU 78220 61887,31P,31P (SECURITY FORCES),https://paladindanse111.github.io/AFSC-PDFs/AFSC_files/31P.html,https://paladindanse111.github.io/AFSC-PDFs/BASE_files/BASE_LITTLE_ROCK_AFB.html,,Active Duty,Yes
LOS ANGELES SFB,"33°54'59""N","118°22'58""W",11S LT 72173 53746,31P,31P (SECURITY FORCES),https://paladindanse111.github.io/AFSC-PDFs/AFSC_files/31P.html,https://paladindanse111.github.io/AFSC-PDFs/BASE_files/BASE_LOS_ANGELES.html,,Active Duty,No
LUKE AFB,"33°32'22""N","112°22'32""W",12S UC 72284 11939,31P,31P (SECURITY FORCES),https://paladindanse111.github.io/AFSC-PDFs/AFSC_files/31P.html,https://paladindanse111.github.io/AFSC-PDFs/BASE_files/BASE_LUKE_AFB.html,,Active Duty,Yes
MACDILL AFB,"27°51'28""N","82°29'19""W",17R LL 53434 82337,31P,31P (SECURITY FORCES),https://paladindanse111.github.io/AFSC-PDFs/AFSC_files/31P.html,https://paladindanse111.github.io/AFSC-PDFs/BASE_files/BASE_MACDILL_AFB.html,,Active Duty,Yes
MALMSTROM AFB,"47°30'17""N","111°10'56""W",12T VT 86277 61270,31P,31P (SECURITY FORCES),https://paladindanse111.github.io/AFSC-PDFs/AFSC_files/31P.html,https://paladindanse111.github.io/AFSC-PDFs/BASE_files/BASE_MALMSTROM_AFB.html,,Active Duty,Yes
MAXWELL-GUNTER AFB,"32°22'43""N","86°21'44""W",16S EA 59993 82581,31P,31P (SECURITY FORCES),https://paladindanse111.github.io/AFSC-PDFs/AFSC_files/31P.html,https://paladindanse111.github.io/AFSC-PDFs/BASE_files/BASE_MAXWELL-GUNTER_AFB.html,,Active Duty,Yes
MCCONNELL AFB,"37°37'51""N","97°15'06""W",14S PG 54271 66293,31P,31P (SECURITY FORCES),https://paladindanse111.github.io/AFSC-PDFs/AFSC_files/31P.html,https://paladindanse111.github.io/AFSC-PDFs/BASE_files/BASE_MCCONNELL_AFB.html,,Active Duty,Yes
MILDENHALL RAF,"52°21'43.00""N","0°29'11.00""E",,31P,31P (SECURITY FORCES),https://paladindanse111.github.io/AFSC-PDFs/AFSC_files/31P.html,,,Active Duty,Yes
MINOT AFB,"48°25'13""N","101°19'36""W",14U LU 27861 65629,31P,31P (SECURITY FORCES),https://paladindanse111.github.io/AFSC-PDFs/AFSC_files/31P.html,https://paladindanse111.github.io/AFSC-PDFs/BASE_files/BASE_MINOT_AFB.html,,Active Duty,Yes
MISAWA AB,"40°42'12.00""N","141°22'6.00""E",,31P,31P (SECURITY FORCES),https://paladindanse111.github.io/AFSC-PDFs/AFSC_files/31P.html,,,Active Duty,Yes
MOODY AFB,"30°58'12""N","83°11'47""W",17R KQ 90229 28346,31P,31P (SECURITY FORCES),https://paladindanse111.github.io/AFSC-PDFs/AFSC_files/31P.html,https://paladindanse111.github.io/AFSC-PDFs/BASE_files/BASE_MOODY_AFB.html,,Active Duty,Yes
MOUNTAIN HOME AFB,"43°03'59""N","115°51'18""W",11T NH 93226 68823,31P,31P (SECURITY FORCES),https://paladindanse111.github.io/AFSC-PDFs/AFSC_files/31P.html,https://paladindanse111.github.io/AFSC-PDFs/BASE_files/BASE_MOUNTAIN_HOME_AFB.html,,Active Duty,Yes
MUSHAF ABS,"32°2'41.00""N","72°40'3.00""E",,31P,31P (SECURITY FORCES),https://paladindanse111.github.io/AFSC-PDFs/AFSC_files/31P.html,,,Active Duty,No
NELLIS AFB,"36°14'25""N","115°03'14""W",11S PA 74874 12355,31P,31P (SECURITY FORCES),https://paladindanse111.github.io/AFSC-PDFs/AFSC_files/31P.html,https://paladindanse111.github.io/AFSC-PDFs/BASE_files/BASE_NELLIS_AFB.html,,Active Duty,Yes
OFFUTT AFB,"41°07'25""N","95°54'52""W",15T TF 55334 56573,31P,31P (SECURITY FORCES),https://paladindanse111.github.io/AFSC-PDFs/AFSC_files/31P.html,https://paladindanse111.github.io/AFSC-PDFs/BASE_files/BASE_OFFUTT_AFB.html,,Active Duty,Yes
OSAN AB,"37°5'26.00""N","127°1'47.00""E",,31P,31P (SECURITY FORCES),https://paladindanse111.github.io/AFSC-PDFs/AFSC_files/31P.html,,,Active Duty,Yes
PALMDALE USAF PLA ABS,"34°37'46.00""N","118°5'5.00""W",,31P,31P (SECURITY FORCES),https://paladindanse111.github.io/AFSC-PDFs/AFSC_files/31P.html,,,Active Duty,No
PATRICK SFB,"28°14'21""N","80°36'26""W",17R NM 38533 23759,31P,31P (SECURITY FORCES),https://paladindanse111.github.io/AFSC-PDFs/AFSC_files/31P.html,https://paladindanse111.github.io/AFSC-PDFs/BASE_files/BASE_PATRICK_SFB.html,,Active Duty,Yes
PENTAGON,"38°52'15""N","77°03'21""W",18S UJ 21650 04451,31P,31P (SECURITY FORCES),https://paladindanse111.github.io/AFSC-PDFs/AFSC_files/31P.html,https://paladindanse111.github.io/AFSC-PDFs/BASE_files/BASE_PENTAGON.html,,Active Duty,Yes
PETERSON SFB,"38°49'32""N","104°41'58""W",13S EC 26089 97461,31P,31P (SECURITY FORCES),https://paladindanse111.github.io/AFSC-PDFs/AFSC_files/31P.html,https://paladindanse111.github.io/AFSC-PDFs/BASE_files/BASE_PETERSON_SFB.html,,Active Duty,Yes
RAMSTEIN AB,"49°26'10.00""N","7°36'23.00""E",,31P,31P (SECURITY FORCES),https://paladindanse111.github.io/AFSC-PDFs/AFSC_files/31P.html,,,Active Duty,Yes
ROBINS AFB,"32°38'23""N","83°35'30""W",17S KS 56883 14314,31P,31P (SECURITY FORCES),https://paladindanse111.github.io/AFSC-PDFs/AFSC_files/31P.html,https://paladindanse111.github.io/AFSC-PDFs/BASE_files/BASE_ROBINS_AFB.html,,Active Duty,Yes
SCHRIEVER SFB,"38°48'12""N","104°31'32""W",13S EC 41196 95059,31P,31P (SECURITY FORCES),https://paladindanse111.github.io/AFSC-PDFs/AFSC_files/31P.html,https://paladindanse111.github.io/AFSC-PDFs/BASE_files/BASE_SCHRIEVER_SFB.html,,Active Duty,Yes
SCOTT AFB,"38°32'29""N","89°51'18""W",16S BH 51169 69750,31P,31P (SECURITY FORCES),https://paladindanse111.github.io/AFSC-PDFs/AFSC_files/31P.html,https://paladindanse111.github.io/AFSC-PDFs/BASE_files/BASE_SCOTT_AFB.html,,Active Duty,Yes
SEYMOUR JOHNSON AFB,"35°20'24""N","77°57'41""W",18S TE 30850 14774,31P,31P (SECURITY FORCES),https://paladindanse111.github.io/AFSC-PDFs/AFSC_files/31P.html,https://paladindanse111.github.io/AFSC-PDFs/BASE_files/BASE_SEYMOUR_JOHNSON_AFB.html,,Active Duty,Yes
SHAHBAZ AB APT,"28°17'3.00""N","68°26'59.00""E",,31P,31P (SECURITY FORCES),https://paladindanse111.github.io/AFSC-PDFs/AFSC_files/31P.html,,,Active Duty,No
SHAW AFB,"33°58'02""N","80°29'05""W",17S NT 47603 58641,31P,31P (SECURITY FORCES),https://paladindanse111.github.io/AFSC-PDFs/AFSC_files/31P.html,https://paladindanse111.github.io/AFSC-PDFs/BASE_files/BASE_SHAW_AFB.html,,Active Duty,Yes
SHEPPARD AFB,"33°58'06""N","98°30'38""W",14S NC 45216 58752,31P,31P (SECURITY FORCES),https://paladindanse111.github.io/AFSC-PDFs/AFSC_files/31P.html,https://paladindanse111.github.io/AFSC-PDFs/BASE_files/BASE_SHEPPARD_AFB.html,,Active Duty,Yes
SPANGDAHLEM AB,"49°58'35.00""N","6°41'55.00""E",,31P,31P (SECURITY FORCES),https://paladindanse111.github.io/AFSC-PDFs/AFSC_files/31P.html,,,Active Duty,Yes
TINKER AFB,"35°25'09""N","97°24'15""W",14S PE 44882 20698,31P,31P (SECURITY FORCES),https://paladindanse111.github.io/AFSC-PDFs/AFSC_files/31P.html,https://paladindanse111.github.io/AFSC-PDFs/BASE_files/BASE_TINKER_AFB.html,,Active Duty,Yes
TRAVIS AFB,"38°16'09""N","121°56'51""W",10S EH 92069 36204,31P,31P (SECURITY FORCES),https://paladindanse111.github.io/AFSC-PDFs/AFSC_files/31P.html,https://paladindanse111.github.io/AFSC-PDFs/BASE_files/BASE_TRAVIS_AFB.html,,Active Duty,Yes
TYNDALL AFB,"30°04'47""N","85°36'26""W",16R FU 34229 28437,31P,31P (SECURITY FORCES),https://paladindanse111.github.io/AFSC-PDFs/AFSC_files/31P.html,https://paladindanse111.github.io/AFSC-PDFs/BASE_files/BASE_TYNDALL_AFB.html,,Active Duty,Yes
UEDEM,"51°40'57.00""N","6°17'57.00""E",,31P,31P (SECURITY FORCES),https://paladindanse111.github.io/AFSC-PDFs/AFSC_files/31P.html,,,Active Duty,No
USAF ACADEMY,"39°0'0.00""N","104°52'60.00""W",,31P,31P (SECURITY FORCES),https://paladindanse111.github.io/AFSC-PDFs/AFSC_files/31P.html,,,Active Duty,No
VANCE AFB,"36°20'21""N","97°54'47""W",14S NF 97544 22116,31P,31P (SECURITY FORCES),https://paladindanse111.github.io/AFSC-PDFs/AFSC_files/31P.html,https://paladindanse111.github.io/AFSC-PDFs/BASE_files/BASE_VANCE_AFB.html,,Active Duty,Yes
VANDENBERG SFB,"34°44'31""N","120°34'20""W",10S GD 22255 47110,31P,31P (SECURITY FORCES),https://paladindanse111.github.io/AFSC-PDFs/AFSC_files/31P.html,https://paladindanse111.github.io/AFSC-PDFs/BASE_files/BASE_VANDENBERG_SFB.html,,Active Duty,Yes
VOGELWEH,"49°25'60.00""N","7°43'0.00""E",,31P,31P (SECURITY FORCES),https://paladindanse111.github.io/AFSC-PDFs/AFSC_files/31P.html,,,Active Duty,No
VOLKEL AB,"51°39'26.00""N","5°42'28.00""E",,31P,31P (SECURITY FORCES),https://paladindanse111.github.io/AFSC-PDFs/AFSC_files/31P.html,,,Active Duty,No
WHITEMAN AFB,"38°43'44""N","93°33'37""W",15S VC 51299 86840,31P,31P (SECURITY FORCES),https://paladindanse111.github.io/AFSC-PDFs/AFSC_files/31P.html,https://paladindanse111.github.io/AFSC-PDFs/BASE_files/BASE_WHITEMAN_AFB.html,,Active Duty,Yes
WRIGHT-PATTERSON AFB,"39°48'37""N","84°01'55""W",16S GK 54072 10915,31P,31P (SECURITY FORCES),https://paladindanse111.github.io/AFSC-PDFs/AFSC_files/31P.html,https://paladindanse111.github.io/AFSC-PDFs/BASE_files/BASE_WRIGHT-PATTERSON_AFB.html,,Active Duty,Yes
AL DHAFRA ABS,"24°14'23.00""N","54°32'58.00""E",,32E,32E (CIVIL ENGINEER),https://paladindanse111.github.io/AFSC-PDFs/AFSC_files/32E.html,,,Active Duty,No
AL UDEID AB ABS,"25°7'2.00""N","51°18'54.00""E",,32E,32E (CIVIL ENGINEER),https://paladindanse111.github.io/AFSC-PDFs/AFSC_files/32E.html,,,Active Duty,No
ALCONBURY RAF,"52°22'31.40""N","0°13'23.07""W",,32E,32E (CIVIL ENGINEER),https://paladindanse111.github.io/AFSC-PDFs/AFSC_files/32E.html,,,Active Duty,Yes
ALTUS AFB,"34°39'18""N","99°17'04""W",14S MD 73935 34821,32E,32E (CIVIL ENGINEER),https://paladindanse111.github.io/AFSC-PDFs/AFSC_files/32E.html,https://paladindanse111.github.io/AFSC-PDFs/BASE_files/BASE_ALTUS_AFB.html,,Active Duty,Yes
ANDERSEN AFB,"13°33'46""N","144°55'25""E",55P BR 75307 00327,32E,32E (CIVIL ENGINEER),https://paladindanse111.github.io/AFSC-PDFs/AFSC_files/32E.html,https://paladindanse111.github.io/AFSC-PDFs/BASE_files/BASE_ANDERSEN_AFB.html,,Active Duty,Yes
ANDREWS JB,"38°47'46""N","76°53'00""W",18S UH 36445 95835,32E,32E (CIVIL ENGINEER),https://paladindanse111.github.io/AFSC-PDFs/AFSC_files/32E.html,https://paladindanse111.github.io/AFSC-PDFs/BASE_files/BASE_ANDREWS_JB.html,,Active Duty,Yes
AVIANO AB,"46°1'48.00""N","12°35'56.00""E",,32E,32E (CIVIL ENGINEER),https://paladindanse111.github.io/AFSC-PDFs/AFSC_files/32E.html,,,Active Duty,Yes
BARKSDALE AFB,"32°29'45""N","93°40'21""W",15S VR 36822 95596,32E,32E (CIVIL ENGINEER),https://paladindanse111.github.io/AFSC-PDFs/AFSC_files/32E.html,https://paladindanse111.github.io/AFSC-PDFs/BASE_files/BASE_BARKSDALE_AFB.html,,Active Duty,Yes
BEALE AFB,"39°06'41""N","121°21'35""W",10S FJ 41815 30418,32E,32E (CIVIL ENGINEER),https://paladindanse111.github.io/AFSC-PDFs/AFSC_files/32E.html,https://paladindanse111.github.io/AFSC-PDFs/BASE_files/BASE_BEALE_AFB.html,,Active Duty,Yes
BUCKLEY SFB,"39°42'09""N","104°45'29""W",13S ED 20741 94766,32E,32E (CIVIL ENGINEER),https://paladindanse111.github.io/AFSC-PDFs/AFSC_files/32E.html,https://paladindanse111.github.io/AFSC-PDFs/BASE_files/BASE_BUCKLEY_SFB.html,,Active Duty,Yes
CANNON AFB,"34°23'20""N","103°19'05""W",13S FU 54620 06558,32E,32E (CIVIL ENGINEER),https://paladindanse111.github.io/AFSC-PDFs/AFSC_files/32E.html,https://paladindanse111.github.io/AFSC-PDFs/BASE_files/BASE_CANNON_AFB.html,,Active Duty,Yes
CAPE CANAVERAL SFS,"28°29'19""N","80°34'22""W",17R NM 41814 51404,32E,32E (CIVIL ENGINEER),https://paladindanse111.github.io/AFSC-PDFs/AFSC_files/32E.html,https://paladindanse111.github.io/AFSC-PDFs/BASE_files/BASE_CAPE_CANAVERAL_SFS.html,,Active Duty,Yes
CAVALIER SFS,"48°43'29.00""N","97°53'59.00""W",,32E,32E (CIVIL ENGINEER),https://paladindanse111.github.io/AFSC-PDFs/AFSC_files/32E.html,,,Active Duty,No
CHEYENNE MOUNTAIN SFS,"38°49'0.00""N","104°32'60.00""W",,32E,32E (CIVIL ENGINEER),https://paladindanse111.github.io/AFSC-PDFs/AFSC_files/32E.html,,,Active Duty,No
CLEAR SFS,"64°18'7.00""N","149°7'21.00""W",,32E,32E (CIVIL ENGINEER),https://paladindanse111.github.io/AFSC-PDFs/AFSC_files/32E.html,,,Active Duty,No
COLUMBUS AFB,"33°37'38""N","88°26'51""W",16S CC 65739 21763,32E,32E (CIVIL ENGINEER),https://paladindanse111.github.io/AFSC-PDFs/AFSC_files/32E.html,https://paladindanse111.github.io/AFSC-PDFs/BASE_files/BASE_COLUMBUS_AFB.html,,Active Duty,Yes
CREECH AFB,"36°34'41""N","115°39'29""W",11S PA 20060 48904,32E,32E (CIVIL ENGINEER),https://paladindanse111.github.io/AFSC-PDFs/AFSC_files/32E.html,https://paladindanse111.github.io/AFSC-PDFs/BASE_files/BASE_CREECH_AFB.html,,Active Duty,Yes
CROUGHTON RAF,"51°59'21.00""N","1°10'55.00""W",,32E,32E (CIVIL ENGINEER),https://paladindanse111.github.io/AFSC-PDFs/AFSC_files/32E.html,,,Active Duty,No
DAVIS-MONTHAN AFB,"32°10'14""N","110°52'39""W",12S WA 11549 59347,32E,32E (CIVIL ENGINEER),https://paladindanse111.github.io/AFSC-PDFs/AFSC_files/32E.html,https://paladindanse111.github.io/AFSC-PDFs/BASE_files/BASE_DAVIS-MONTHAN_AFB.html,,Active Duty,Yes
DOVER AFB,"39°07'39""N","75°28'06""W",18S VJ 59518 31029,32E,32E (CIVIL ENGINEER),https://paladindanse111.github.io/AFSC-PDFs/AFSC_files/32E.html,https://paladindanse111.github.io/AFSC-PDFs/BASE_files/BASE_DOVER_AFB.html,,Active Duty,Yes
DYESS AFB,"32°25'17""N","99°50'31""W",14S MA 20838 87456,32E,32E (CIVIL ENGINEER),https://paladindanse111.github.io/AFSC-PDFs/AFSC_files/32E.html,https://paladindanse111.github.io/AFSC-PDFs/BASE_files/BASE_DYESS_AFB.html,,Active Duty,Yes
EARECKSON AFS,"52°42'44.00""N","174°6'49.00""E",,32E,32E (CIVIL ENGINEER),https://paladindanse111.github.io/AFSC-PDFs/AFSC_files/32E.html,,,Active Duty,No
EBBING ANGB,"35°20'30.00""N","94°22'15.00""W",,32E,32E (CIVIL ENGINEER),https://paladindanse111.github.io/AFSC-PDFs/AFSC_files/32E.html,,,Active Duty,No
EGLIN AFB,"30°27'49""N","86°33'11""W",16R EU 42905 70243,32E,32E (CIVIL ENGINEER),https://paladindanse111.github.io/AFSC-PDFs/AFSC_files/32E.html,https://paladindanse111.github.io/AFSC-PDFs/BASE_files/BASE_EGLIN_AFB.html,,Active Duty,Yes
EIELSON AFB,"64°39'52""N","147°05'45""W",6W VS 95424 71061,32E,32E (CIVIL ENGINEER),https://paladindanse111.github.io/AFSC-PDFs/AFSC_files/32E.html,https://paladindanse111.github.io/AFSC-PDFs/BASE_files/BASE_EIELSON_AFB.html,,Active Duty,Yes
ELLSWORTH AFB,"44°08'54""N","103°05'15""W",13T FJ 52951 90126,32E,32E (CIVIL ENGINEER),https://paladindanse111.github.io/AFSC-PDFs/AFSC_files/32E.html,https://paladindanse111.github.io/AFSC-PDFs/BASE_files/BASE_ELLSWORTH_AFB.html,,Active Duty,Yes
FAIRCHILD AFB,"47°38'28""N","117°38'41""W",11T MN 51574 76613,32E,32E (CIVIL ENGINEER),https://paladindanse111.github.io/AFSC-PDFs/AFSC_files/32E.html,https://paladindanse111.github.io/AFSC-PDFs/BASE_files/BASE_FAIRCHILD_AFB.html,,Active Duty,Yes
FAIRFORD RAF,"51°40'56.00""N","1°47'24.00""W",,32E,32E (CIVIL ENGINEER),https://paladindanse111.github.io/AFSC-PDFs/AFSC_files/32E.html,,,Active Duty,No
FE WARREN AFB,"41°08'32""N","104°52'41""W",13T EF 10233 54552,32E,32E (CIVIL ENGINEER),https://paladindanse111.github.io/AFSC-PDFs/AFSC_files/32E.html,https://paladindanse111.github.io/AFSC-PDFs/BASE_files/BASE_FE_WARREN_AFB.html,,Active Duty,Yes
FT LIBERTY (AKA FT BRAGG),"35°08'22""N","78°59'50""W",17S PU 82458 90342,32E,32E (CIVIL ENGINEER),https://paladindanse111.github.io/AFSC-PDFs/AFSC_files/32E.html,https://paladindanse111.github.io/AFSC-PDFs/BASE_files/BASE_FT_LIBERTY_AKA_FT_BRAGG.html,,Active Duty,Yes
GOODFELLOW AFB,"31°26'09""N","100°24'03""W",14R LV 66873 78753,32E,32E (CIVIL ENGINEER),https://paladindanse111.github.io/AFSC-PDFs/AFSC_files/32E.html,https://paladindanse111.github.io/AFSC-PDFs/BASE_files/BASE_GOODFELLOW_AFB.html,,Active Duty,Yes
GRAND FORKS AFB,"47°57'07""N","97°22'57""W",14T PU 20768 12225,32E,32E (CIVIL ENGINEER),https://paladindanse111.github.io/AFSC-PDFs/AFSC_files/32E.html,https://paladindanse111.github.io/AFSC-PDFs/BASE_files/BASE_GRAND_FORKS_AFB.html,,Active Duty,Yes
GULFPORT MS,"30°21'0.00""N","89°7'60.00""W",,32E,32E (CIVIL ENGINEER),https://paladindanse111.github.io/AFSC-PDFs/AFSC_files/32E.html,,,Active Duty,No
HILL AFB,"41°06'36""N","111°58'56""W",12T VL 17530 51433,32E,32E (CIVIL ENGINEER),https://paladindanse111.github.io/AFSC-PDFs/AFSC_files/32E.html,https://paladindanse111.github.io/AFSC-PDFs/BASE_files/BASE_HILL_AFB.html,,Active Duty,Yes
HOLLOMAN AFB,"32°50'33""N","106°05'55""W",13S CS 97187 34361,32E,32E (CIVIL ENGINEER),https://paladindanse111.github.io/AFSC-PDFs/AFSC_files/32E.html,https://paladindanse111.github.io/AFSC-PDFs/BASE_files/BASE_HOLLOMAN_AFB.html,,Active Duty,Yes
HURLBURT FIELD,"30°25'23""N","86°41'41""W",16R EU 29317 65704,32E,32E (CIVIL ENGINEER),https://paladindanse111.github.io/AFSC-PDFs/AFSC_files/32E.html,https://paladindanse111.github.io/AFSC-PDFs/BASE_files/BASE_HURLBURT_FIELD.html,,Active Duty,Yes
INCIRLIK AB,"37°0'7.00""N","35°25'34.00""E",,32E,32E (CIVIL ENGINEER),https://paladindanse111.github.io/AFSC-PDFs/AFSC_files/32E.html,,,Active Duty,Yes
JB ANACOSTIA-BOLLING,"38°50'29""N","77°01'05""W",18S UJ 24855 01110,32E,32E (CIVIL ENGINEER),https://paladindanse111.github.io/AFSC-PDFs/AFSC_files/32E.html,https://paladindanse111.github.io/AFSC-PDFs/BASE_files/BASE_JB_ANACOSTIA-BOLLING.html,,Active Duty,Yes
JB CHARLESTON,"32°53'29""N","80°04'03""W",17S NS 87218 39631,32E,32E (CIVIL ENGINEER),https://paladindanse111.github.io/AFSC-PDFs/AFSC_files/32E.html,https://paladindanse111.github.io/AFSC-PDFs/BASE_files/BASE_JB_CHARLESTON.html,,Active Duty,Yes
JB ELMENDORF-RICHARDSON,"61°15'44""N","149°41'53""W",6V UN 55306 94983,32E,32E (CIVIL ENGINEER),https://paladindanse111.github.io/AFSC-PDFs/AFSC_files/32E.html,https://paladindanse111.github.io/AFSC-PDFs/BASE_files/BASE_JB_ELMENDORF-RICHARDSON.html,,Active Duty,Yes
JB LANGLEY-EUSTIS,"37°05'00""N","76°21'33""W",18S UG 79195 04980,32E,32E (CIVIL ENGINEER),https://paladindanse111.github.io/AFSC-PDFs/AFSC_files/32E.html,https://paladindanse111.github.io/AFSC-PDFs/BASE_files/BASE_JB_LANGLEY-EUSTIS.html,,Active Duty,Yes
JB LEWIS-MCCHORD,"47°05'30""N","122°36'53""W",10T ET 29240 15422,32E,32E (CIVIL ENGINEER),https://paladindanse111.github.io/AFSC-PDFs/AFSC_files/32E.html,https://paladindanse111.github.io/AFSC-PDFs/BASE_files/BASE_JB_LEWIS-MCCHORD.html,,Active Duty,Yes
JB MCGUIRE-DIX-LAKEHURST,"40°02'15""N","74°35'18""W",18T WK 35120 32000,32E,32E (CIVIL ENGINEER),https://paladindanse111.github.io/AFSC-PDFs/AFSC_files/32E.html,https://paladindanse111.github.io/AFSC-PDFs/BASE_files/BASE_JB_MCGUIRE-DIX-LAKEHURST.html,,Active Duty,Yes
JB PEARL HARBOR-HICKAM,"21°20'15""N","157°57'43""W",4Q FJ 07643 59855,32E,32E (CIVIL ENGINEER),https://paladindanse111.github.io/AFSC-PDFs/AFSC_files/32E.html,https://paladindanse111.github.io/AFSC-PDFs/BASE_files/BASE_JB_PEARL_HARBOR-HICKAM.html,,Active Duty,Yes
JBSA LACKLAND,"29°23'14""N","98°37'16""W",14R NT 36765 50947,32E,32E (CIVIL ENGINEER),https://paladindanse111.github.io/AFSC-PDFs/AFSC_files/32E.html,https://paladindanse111.github.io/AFSC-PDFs/BASE_files/BASE_JBSA_LACKLAND.html,,Active Duty,Yes
JBSA RANDOLPH,"29°31'57""N","98°16'45""W",14R NT 69847 67200,32E,32E (CIVIL ENGINEER),https://paladindanse111.github.io/AFSC-PDFs/AFSC_files/32E.html,https://paladindanse111.github.io/AFSC-PDFs/BASE_files/BASE_JBSA_RANDOLPH.html,,Active Duty,Yes
KADENA AB,"26°21'20.00""N","127°46'3.00""E",,32E,32E (CIVIL ENGINEER),https://paladindanse111.github.io/AFSC-PDFs/AFSC_files/32E.html,,,Active Duty,Yes
KIRTLAND AFB,"35°00'39""N","106°30'44""W",13S CU 62019 75289,32E,32E (CIVIL ENGINEER),https://paladindanse111.github.io/AFSC-PDFs/AFSC_files/32E.html,https://paladindanse111.github.io/AFSC-PDFs/BASE_files/BASE_KIRTLAND_AFB.html,,Active Duty,Yes
KUNSAN AB,"35°54'14.00""N","126°36'57.00""E",,32E,32E (CIVIL ENGINEER),https://paladindanse111.github.io/AFSC-PDFs/AFSC_files/32E.html,,,Active Duty,Yes
LAJES FIELD,"38°45'42.00""N","27°5'27.00""W",,32E,32E (CIVIL ENGINEER),https://paladindanse111.github.io/AFSC-PDFs/AFSC_files/32E.html,,,Active Duty,No
LAKENHEATH RAF,"52°24'33.00""N","0°33'40.00""E",,32E,32E (CIVIL ENGINEER),https://paladindanse111.github.io/AFSC-PDFs/AFSC_files/32E.html,,,Active Duty,Yes
LAUGHLIN AFB,"29°21'21""N","100°46'58""W",14R LT 26940 48730,32E,32E (CIVIL ENGINEER),https://paladindanse111.github.io/AFSC-PDFs/AFSC_files/32E.html,https://paladindanse111.github.io/AFSC-PDFs/BASE_files/BASE_LAUGHLIN_AFB.html,,Active Duty,Yes
LITTLE ROCK AFB,"34°53'47""N","92°08'38""W",15S WU 78220 61887,32E,32E (CIVIL ENGINEER),https://paladindanse111.github.io/AFSC-PDFs/AFSC_files/32E.html,https://paladindanse111.github.io/AFSC-PDFs/BASE_files/BASE_LITTLE_ROCK_AFB.html,,Active Duty,Yes
LOS ANGELES SFB,"33°54'59""N","118°22'58""W",11S LT 72173 53746,32E,32E (CIVIL ENGINEER),https://paladindanse111.github.io/AFSC-PDFs/AFSC_files/32E.html,https://paladindanse111.github.io/AFSC-PDFs/BASE_files/BASE_LOS_ANGELES.html,,Active Duty,No
LUKE AFB,"33°32'22""N","112°22'32""W",12S UC 72284 11939,32E,32E (CIVIL ENGINEER),https://paladindanse111.github.io/AFSC-PDFs/AFSC_files/32E.html,https://paladindanse111.github.io/AFSC-PDFs/BASE_files/BASE_LUKE_AFB.html,,Active Duty,Yes
MACDILL AFB,"27°51'28""N","82°29'19""W",17R LL 53434 82337,32E,32E (CIVIL ENGINEER),https://paladindanse111.github.io/AFSC-PDFs/AFSC_files/32E.html,https://paladindanse111.github.io/AFSC-PDFs/BASE_files/BASE_MACDILL_AFB.html,,Active Duty,Yes
MALMSTROM AFB,"47°30'17""N","111°10'56""W",12T VT 86277 61270,32E,32E (CIVIL ENGINEER),https://paladindanse111.github.io/AFSC-PDFs/AFSC_files/32E.html,https://paladindanse111.github.io/AFSC-PDFs/BASE_files/BASE_MALMSTROM_AFB.html,,Active Duty,Yes
MCCONNELL AFB,"37°37'51""N","97°15'06""W",14S PG 54271 66293,32E,32E (CIVIL ENGINEER),https://paladindanse111.github.io/AFSC-PDFs/AFSC_files/32E.html,https://paladindanse111.github.io/AFSC-PDFs/BASE_files/BASE_MCCONNELL_AFB.html,,Active Duty,Yes
MILDENHALL RAF,"52°21'43.00""N","0°29'11.00""E",,32E,32E (CIVIL ENGINEER),https://paladindanse111.github.io/AFSC-PDFs/AFSC_files/32E.html,,,Active Duty,Yes
MINOT AFB,"48°25'13""N","101°19'36""W",14U LU 27861 65629,32E,32E (CIVIL ENGINEER),https://paladindanse111.github.io/AFSC-PDFs/AFSC_files/32E.html,https://paladindanse111.github.io/AFSC-PDFs/BASE_files/BASE_MINOT_AFB.html,,Active Duty,Yes
MISAWA AB,"40°42'12.00""N","141°22'6.00""E",,32E,32E (CIVIL ENGINEER),https://paladindanse111.github.io/AFSC-PDFs/AFSC_files/32E.html,,,Active Duty,Yes
MOODY AFB,"30°58'12""N","83°11'47""W",17R KQ 90229 28346,32E,32E (CIVIL ENGINEER),https://paladindanse111.github.io/AFSC-PDFs/AFSC_files/32E.html,https://paladindanse111.github.io/AFSC-PDFs/BASE_files/BASE_MOODY_AFB.html,,Active Duty,Yes
MOUNTAIN HOME AFB,"43°03'59""N","115°51'18""W",11T NH 93226 68823,32E,32E (CIVIL ENGINEER),https://paladindanse111.github.io/AFSC-PDFs/AFSC_files/32E.html,https://paladindanse111.github.io/AFSC-PDFs/BASE_files/BASE_MOUNTAIN_HOME_AFB.html,,Active Duty,Yes
MUWAFFAQ SALTI AB ABS,"31°50'0.42""N","36°47'0.03""E",,32E,32E (CIVIL ENGINEER),https://paladindanse111.github.io/AFSC-PDFs/AFSC_files/32E.html,,,Active Duty,No
NELLIS AFB,"36°14'25""N","115°03'14""W",11S PA 74874 12355,32E,32E (CIVIL ENGINEER),https://paladindanse111.github.io/AFSC-PDFs/AFSC_files/32E.html,https://paladindanse111.github.io/AFSC-PDFs/BASE_files/BASE_NELLIS_AFB.html,,Active Duty,Yes
OSAN AB,"37°5'26.00""N","127°1'47.00""E",,32E,32E (CIVIL ENGINEER),https://paladindanse111.github.io/AFSC-PDFs/AFSC_files/32E.html,,,Active Duty,Yes
PATRICK SFB,"28°14'21""N","80°36'26""W",17R NM 38533 23759,32E,32E (CIVIL ENGINEER),https://paladindanse111.github.io/AFSC-PDFs/AFSC_files/32E.html,https://paladindanse111.github.io/AFSC-PDFs/BASE_files/BASE_PATRICK_SFB.html,,Active Duty,Yes
PENTAGON,"38°52'15""N","77°03'21""W",18S UJ 21650 04451,32E,32E (CIVIL ENGINEER),https://paladindanse111.github.io/AFSC-PDFs/AFSC_files/32E.html,https://paladindanse111.github.io/AFSC-PDFs/BASE_files/BASE_PENTAGON.html,,Active Duty,Yes
PETERSON SFB,"38°49'32""N","104°41'58""W",13S EC 26089 97461,32E,32E (CIVIL ENGINEER),https://paladindanse111.github.io/AFSC-PDFs/AFSC_files/32E.html,https://paladindanse111.github.io/AFSC-PDFs/BASE_files/BASE_PETERSON_SFB.html,,Active Duty,Yes
PITUFFIK SBS,"76°31'52.00""N","68°42'12.00""W",,32E,32E (CIVIL ENGINEER),https://paladindanse111.github.io/AFSC-PDFs/AFSC_files/32E.html,,,Active Duty,No
PORT HUENEME NCBC NYI,"34°9'10.00""N","119°13'10.00""W",,32E,32E (CIVIL ENGINEER),https://paladindanse111.github.io/AFSC-PDFs/AFSC_files/32E.html,,,Active Duty,No
RAMSTEIN AB,"49°26'10.00""N","7°36'23.00""E",,32E,32E (CIVIL ENGINEER),https://paladindanse111.github.io/AFSC-PDFs/AFSC_files/32E.html,,,Active Duty,Yes
SCHOFIELD BARRACKS,"21°28'60.00""N","158°4'60.00""W",,32E,32E (CIVIL ENGINEER),https://paladindanse111.github.io/AFSC-PDFs/AFSC_files/32E.html,,,Active Duty,No
SCHRIEVER SFB,"38°48'12""N","104°31'32""W",13S EC 41196 95059,32E,32E (CIVIL ENGINEER),https://paladindanse111.github.io/AFSC-PDFs/AFSC_files/32E.html,https://paladindanse111.github.io/AFSC-PDFs/BASE_files/BASE_SCHRIEVER_SFB.html,,Active Duty,Yes
SCOTT AFB,"38°32'29""N","89°51'18""W",16S BH 51169 69750,32E,32E (CIVIL ENGINEER),https://paladindanse111.github.io/AFSC-PDFs/AFSC_files/32E.html,https://paladindanse111.github.io/AFSC-PDFs/BASE_files/BASE_SCOTT_AFB.html,,Active Duty,Yes
SEYMOUR JOHNSON AFB,"35°20'24""N","77°57'41""W",18S TE 30850 14774,32E,32E (CIVIL ENGINEER),https://paladindanse111.github.io/AFSC-PDFs/AFSC_files/32E.html,https://paladindanse111.github.io/AFSC-PDFs/BASE_files/BASE_SEYMOUR_JOHNSON_AFB.html,,Active Duty,Yes
SHAW AFB,"33°58'02""N","80°29'05""W",17S NT 47603 58641,32E,32E (CIVIL ENGINEER),https://paladindanse111.github.io/AFSC-PDFs/AFSC_files/32E.html,https://paladindanse111.github.io/AFSC-PDFs/BASE_files/BASE_SHAW_AFB.html,,Active Duty,Yes
SOTO CANO AB,"15°39'0.00""N","87°54'0.00""W",,32E,32E (CIVIL ENGINEER),https://paladindanse111.github.io/AFSC-PDFs/AFSC_files/32E.html,,,Active Duty,No
SPANGDAHLEM AB,"49°58'35.00""N","6°41'55.00""E",,32E,32E (CIVIL ENGINEER),https://paladindanse111.github.io/AFSC-PDFs/AFSC_files/32E.html,,,Active Duty,Yes
TRAVIS AFB,"38°16'09""N","121°56'51""W",10S EH 92069 36204,32E,32E (CIVIL ENGINEER),https://paladindanse111.github.io/AFSC-PDFs/AFSC_files/32E.html,https://paladindanse111.github.io/AFSC-PDFs/BASE_files/BASE_TRAVIS_AFB.html,,Active Duty,Yes
TYNDALL AFB,"30°04'47""N","85°36'26""W",16R FU 34229 28437,32E,32E (CIVIL ENGINEER),https://paladindanse111.github.io/AFSC-PDFs/AFSC_files/32E.html,https://paladindanse111.github.io/AFSC-PDFs/BASE_files/BASE_TYNDALL_AFB.html,,Active Duty,Yes
USAF ACADEMY,"39°0'0.00""N","104°52'60.00""W",,32E,32E (CIVIL ENGINEER),https://paladindanse111.github.io/AFSC-PDFs/AFSC_files/32E.html,,,Active Duty,No
VANDENBERG SFB,"34°44'31""N","120°34'20""W",10S GD 22255 47110,32E,32E (CIVIL ENGINEER),https://paladindanse111.github.io/AFSC-PDFs/AFSC_files/32E.html,https://paladindanse111.github.io/AFSC-PDFs/BASE_files/BASE_VANDENBERG_SFB.html,,Active Duty,Yes
WASHINGTON DC,"38°55'0.00""N","77°4'0.00""W",,32E,32E (CIVIL ENGINEER),https://paladindanse111.github.io/AFSC-PDFs/AFSC_files/32E.html,,,Active Duty,No
WHITEMAN AFB,"38°43'44""N","93°33'37""W",15S VC 51299 86840,32E,32E (CIVIL ENGINEER),https://paladindanse111.github.io/AFSC-PDFs/AFSC_files/32E.html,https://paladindanse111.github.io/AFSC-PDFs/BASE_files/BASE_WHITEMAN_AFB.html,,Active Duty,Yes
WRIGHT-PATTERSON AFB,"39°48'37""N","84°01'55""W",16S GK 54072 10915,32E,32E (CIVIL ENGINEER),https://paladindanse111.github.io/AFSC-PDFs/AFSC_files/32E.html,https://paladindanse111.github.io/AFSC-PDFs/BASE_files/BASE_WRIGHT-PATTERSON_AFB.html,,Active Duty,Yes
YOKOTA AB,"35°44'55.00""N","139°20'55.00""E",,32E,32E (CIVIL ENGINEER),https://paladindanse111.github.io/AFSC-PDFs/AFSC_files/32E.html,,,Active Duty,Yes
ALTUS AFB,"34°39'18""N","99°17'04""W",14S MD 73935 34821,35P,35P (PUBLIC AFFAIRS),https://paladindanse111.github.io/AFSC-PDFs/AFSC_files/35P.html,https://paladindanse111.github.io/AFSC-PDFs/BASE_files/BASE_ALTUS_AFB.html,,Active Duty,Yes
ANDERSEN AFB,"13°33'46""N","144°55'25""E",55P BR 75307 00327,35P,35P (PUBLIC AFFAIRS),https://paladindanse111.github.io/AFSC-PDFs/AFSC_files/35P.html,https://paladindanse111.github.io/AFSC-PDFs/BASE_files/BASE_ANDERSEN_AFB.html,,Active Duty,Yes
ANDREWS JB,"38°47'46""N","76°53'00""W",18S UH 36445 95835,35P,35P (PUBLIC AFFAIRS),https://paladindanse111.github.io/AFSC-PDFs/AFSC_files/35P.html,https://paladindanse111.github.io/AFSC-PDFs/BASE_files/BASE_ANDREWS_JB.html,,Active Duty,Yes
AVIANO AB,"46°1'48.00""N","12°35'56.00""E",,35P,35P (PUBLIC AFFAIRS),https://paladindanse111.github.io/AFSC-PDFs/AFSC_files/35P.html,,,Active Duty,Yes
BARKSDALE AFB,"32°29'45""N","93°40'21""W",15S VR 36822 95596,35P,35P (PUBLIC AFFAIRS),https://paladindanse111.github.io/AFSC-PDFs/AFSC_files/35P.html,https://paladindanse111.github.io/AFSC-PDFs/BASE_files/BASE_BARKSDALE_AFB.html,,Active Duty,Yes
BEALE AFB,"39°06'41""N","121°21'35""W",10S FJ 41815 30418,35P,35P (PUBLIC AFFAIRS),https://paladindanse111.github.io/AFSC-PDFs/AFSC_files/35P.html,https://paladindanse111.github.io/AFSC-PDFs/BASE_files/BASE_BEALE_AFB.html,,Active Duty,Yes
BUCKLEY SFB,"39°42'09""N","104°45'29""W",13S ED 20741 94766,35P,35P (PUBLIC AFFAIRS),https://paladindanse111.github.io/AFSC-PDFs/AFSC_files/35P.html,https://paladindanse111.github.io/AFSC-PDFs/BASE_files/BASE_BUCKLEY_SFB.html,,Active Duty,Yes
CANNON AFB,"34°23'20""N","103°19'05""W",13S FU 54620 06558,35P,35P (PUBLIC AFFAIRS),https://paladindanse111.github.io/AFSC-PDFs/AFSC_files/35P.html,https://paladindanse111.github.io/AFSC-PDFs/BASE_files/BASE_CANNON_AFB.html,,Active Duty,Yes
COLUMBUS AFB,"33°37'38""N","88°26'51""W",16S CC 65739 21763,35P,35P (PUBLIC AFFAIRS),https://paladindanse111.github.io/AFSC-PDFs/AFSC_files/35P.html,https://paladindanse111.github.io/AFSC-PDFs/BASE_files/BASE_COLUMBUS_AFB.html,,Active Duty,Yes
CREECH AFB,"36°34'41""N","115°39'29""W",11S PA 20060 48904,35P,35P (PUBLIC AFFAIRS),https://paladindanse111.github.io/AFSC-PDFs/AFSC_files/35P.html,https://paladindanse111.github.io/AFSC-PDFs/BASE_files/BASE_CREECH_AFB.html,,Active Duty,Yes
DAVIS-MONTHAN AFB,"32°10'14""N","110°52'39""W",12S WA 11549 59347,35P,35P (PUBLIC AFFAIRS),https://paladindanse111.github.io/AFSC-PDFs/AFSC_files/35P.html,https://paladindanse111.github.io/AFSC-PDFs/BASE_files/BASE_DAVIS-MONTHAN_AFB.html,,Active Duty,Yes
DOVER AFB,"39°07'39""N","75°28'06""W",18S VJ 59518 31029,35P,35P (PUBLIC AFFAIRS),https://paladindanse111.github.io/AFSC-PDFs/AFSC_files/35P.html,https://paladindanse111.github.io/AFSC-PDFs/BASE_files/BASE_DOVER_AFB.html,,Active Duty,Yes
DYESS AFB,"32°25'17""N","99°50'31""W",14S MA 20838 87456,35P,35P (PUBLIC AFFAIRS),https://paladindanse111.github.io/AFSC-PDFs/AFSC_files/35P.html,https://paladindanse111.github.io/AFSC-PDFs/BASE_files/BASE_DYESS_AFB.html,,Active Duty,Yes
EDWARDS AFB,"34°55'25""N","117°53'29""W",11S MU 18582 64934,35P,35P (PUBLIC AFFAIRS),https://paladindanse111.github.io/AFSC-PDFs/AFSC_files/35P.html,https://paladindanse111.github.io/AFSC-PDFs/BASE_files/BASE_EDWARDS_AFB.html,,Active Duty,Yes
EGLIN AFB,"30°27'49""N","86°33'11""W",16R EU 42905 70243,35P,35P (PUBLIC AFFAIRS),https://paladindanse111.github.io/AFSC-PDFs/AFSC_files/35P.html,https://paladindanse111.github.io/AFSC-PDFs/BASE_files/BASE_EGLIN_AFB.html,,Active Duty,Yes
EIELSON AFB,"64°39'52""N","147°05'45""W",6W VS 95424 71061,35P,35P (PUBLIC AFFAIRS),https://paladindanse111.github.io/AFSC-PDFs/AFSC_files/35P.html,https://paladindanse111.github.io/AFSC-PDFs/BASE_files/BASE_EIELSON_AFB.html,,Active Duty,Yes
ELLSWORTH AFB,"44°08'54""N","103°05'15""W",13T FJ 52951 90126,35P,35P (PUBLIC AFFAIRS),https://paladindanse111.github.io/AFSC-PDFs/AFSC_files/35P.html,https://paladindanse111.github.io/AFSC-PDFs/BASE_files/BASE_ELLSWORTH_AFB.html,,Active Duty,Yes
FAIRCHILD AFB,"47°38'28""N","117°38'41""W",11T MN 51574 76613,35P,35P (PUBLIC AFFAIRS),https://paladindanse111.github.io/AFSC-PDFs/AFSC_files/35P.html,https://paladindanse111.github.io/AFSC-PDFs/BASE_files/BASE_FAIRCHILD_AFB.html,,Active Duty,Yes
FAIRFORD RAF,"51°40'56.00""N","1°47'24.00""W",,35P,35P (PUBLIC AFFAIRS),https://paladindanse111.github.io/AFSC-PDFs/AFSC_files/35P.html,,,Active Duty,No
FE WARREN AFB,"41°08'32""N","104°52'41""W",13T EF 10233 54552,35P,35P (PUBLIC AFFAIRS),https://paladindanse111.github.io/AFSC-PDFs/AFSC_files/35P.html,https://paladindanse111.github.io/AFSC-PDFs/BASE_files/BASE_FE_WARREN_AFB.html,,Active Duty,Yes
FT GEORGE G MEADE,"39°6'0.00""N","76°43'0.00""W",,35P,35P (PUBLIC AFFAIRS),https://paladindanse111.github.io/AFSC-PDFs/AFSC_files/35P.html,,,Active Duty,Yes
GOODFELLOW AFB,"31°26'09""N","100°24'03""W",14R LV 66873 78753,35P,35P (PUBLIC AFFAIRS),https://paladindanse111.github.io/AFSC-PDFs/AFSC_files/35P.html,https://paladindanse111.github.io/AFSC-PDFs/BASE_files/BASE_GOODFELLOW_AFB.html,,Active Duty,Yes
GRAND FORKS AFB,"47°57'07""N","97°22'57""W",14T PU 20768 12225,35P,35P (PUBLIC AFFAIRS),https://paladindanse111.github.io/AFSC-PDFs/AFSC_files/35P.html,https://paladindanse111.github.io/AFSC-PDFs/BASE_files/BASE_GRAND_FORKS_AFB.html,,Active Duty,Yes
HANSCOM AFB,"42°27'23""N","71°16'35""W",19T CH 12823 02961,35P,35P (PUBLIC AFFAIRS),https://paladindanse111.github.io/AFSC-PDFs/AFSC_files/35P.html,https://paladindanse111.github.io/AFSC-PDFs/BASE_files/BASE_HANSCOM_AFB.html,,Active Duty,Yes
HILL AFB,"41°06'36""N","111°58'56""W",12T VL 17530 51433,35P,35P (PUBLIC AFFAIRS),https://paladindanse111.github.io/AFSC-PDFs/AFSC_files/35P.html,https://paladindanse111.github.io/AFSC-PDFs/BASE_files/BASE_HILL_AFB.html,,Active Duty,Yes
HOLLOMAN AFB,"32°50'33""N","106°05'55""W",13S CS 97187 34361,35P,35P (PUBLIC AFFAIRS),https://paladindanse111.github.io/AFSC-PDFs/AFSC_files/35P.html,https://paladindanse111.github.io/AFSC-PDFs/BASE_files/BASE_HOLLOMAN_AFB.html,,Active Duty,Yes
HURLBURT FIELD,"30°25'23""N","86°41'41""W",16R EU 29317 65704,35P,35P (PUBLIC AFFAIRS),https://paladindanse111.github.io/AFSC-PDFs/AFSC_files/35P.html,https://paladindanse111.github.io/AFSC-PDFs/BASE_files/BASE_HURLBURT_FIELD.html,,Active Duty,Yes
INCIRLIK AB,"37°0'7.00""N","35°25'34.00""E",,35P,35P (PUBLIC AFFAIRS),https://paladindanse111.github.io/AFSC-PDFs/AFSC_files/35P.html,,,Active Duty,Yes
JB ANACOSTIA-BOLLING,"38°50'29""N","77°01'05""W",18S UJ 24855 01110,35P,35P (PUBLIC AFFAIRS),https://paladindanse111.github.io/AFSC-PDFs/AFSC_files/35P.html,https://paladindanse111.github.io/AFSC-PDFs/BASE_files/BASE_JB_ANACOSTIA-BOLLING.html,,Active Duty,Yes
JB CHARLESTON,"32°53'29""N","80°04'03""W",17S NS 87218 39631,35P,35P (PUBLIC AFFAIRS),https://paladindanse111.github.io/AFSC-PDFs/AFSC_files/35P.html,https://paladindanse111.github.io/AFSC-PDFs/BASE_files/BASE_JB_CHARLESTON.html,,Active Duty,Yes
JB ELMENDORF-RICHARDSON,"61°15'44""N","149°41'53""W",6V UN 55306 94983,35P,35P (PUBLIC AFFAIRS),https://paladindanse111.github.io/AFSC-PDFs/AFSC_files/35P.html,https://paladindanse111.github.io/AFSC-PDFs/BASE_files/BASE_JB_ELMENDORF-RICHARDSON.html,,Active Duty,Yes
JB LANGLEY-EUSTIS,"37°05'00""N","76°21'33""W",18S UG 79195 04980,35P,35P (PUBLIC AFFAIRS),https://paladindanse111.github.io/AFSC-PDFs/AFSC_files/35P.html,https://paladindanse111.github.io/AFSC-PDFs/BASE_files/BASE_JB_LANGLEY-EUSTIS.html,,Active Duty,Yes
JB LEWIS-MCCHORD,"47°05'30""N","122°36'53""W",10T ET 29240 15422,35P,35P (PUBLIC AFFAIRS),https://paladindanse111.github.io/AFSC-PDFs/AFSC_files/35P.html,https://paladindanse111.github.io/AFSC-PDFs/BASE_files/BASE_JB_LEWIS-MCCHORD.html,,Active Duty,Yes
JB MCGUIRE-DIX-LAKEHURST,"40°02'15""N","74°35'18""W",18T WK 35120 32000,35P,35P (PUBLIC AFFAIRS),https://paladindanse111.github.io/AFSC-PDFs/AFSC_files/35P.html,https://paladindanse111.github.io/AFSC-PDFs/BASE_files/BASE_JB_MCGUIRE-DIX-LAKEHURST.html,,Active Duty,Yes
JB PEARL HARBOR-HICKAM,"21°20'15""N","157°57'43""W",4Q FJ 07643 59855,35P,35P (PUBLIC AFFAIRS),https://paladindanse111.github.io/AFSC-PDFs/AFSC_files/35P.html,https://paladindanse111.github.io/AFSC-PDFs/BASE_files/BASE_JB_PEARL_HARBOR-HICKAM.html,,Active Duty,Yes
JBSA FT SAM HOUSTON,"29°26'59""N","98°27'02""W",14R NT 53282 57938,35P,35P (PUBLIC AFFAIRS),https://paladindanse111.github.io/AFSC-PDFs/AFSC_files/35P.html,https://paladindanse111.github.io/AFSC-PDFs/BASE_files/BASE_JBSA_FT_SAM_HOUSTON.html,,Active Duty,Yes
JBSA LACKLAND,"29°23'14""N","98°37'16""W",14R NT 36765 50947,35P,35P (PUBLIC AFFAIRS),https://paladindanse111.github.io/AFSC-PDFs/AFSC_files/35P.html,https://paladindanse111.github.io/AFSC-PDFs/BASE_files/BASE_JBSA_LACKLAND.html,,Active Duty,Yes
JBSA RANDOLPH,"29°31'57""N","98°16'45""W",14R NT 69847 67200,35P,35P (PUBLIC AFFAIRS),https://paladindanse111.github.io/AFSC-PDFs/AFSC_files/35P.html,https://paladindanse111.github.io/AFSC-PDFs/BASE_files/BASE_JBSA_RANDOLPH.html,,Active Duty,Yes
KADENA AB,"26°21'20.00""N","127°46'3.00""E",,35P,35P (PUBLIC AFFAIRS),https://paladindanse111.github.io/AFSC-PDFs/AFSC_files/35P.html,,,Active Duty,Yes
KEESLER AFB,"30°24'34""N","88°55'34""W",16R CU 14981 65731,35P,35P (PUBLIC AFFAIRS),https://paladindanse111.github.io/AFSC-PDFs/AFSC_files/35P.html,https://paladindanse111.github.io/AFSC-PDFs/BASE_files/BASE_KEESLER_AFB.html,,Active Duty,Yes
KIRTLAND AFB,"35°00'39""N","106°30'44""W",13S CU 62019 75289,35P,35P (PUBLIC AFFAIRS),https://paladindanse111.github.io/AFSC-PDFs/AFSC_files/35P.html,https://paladindanse111.github.io/AFSC-PDFs/BASE_files/BASE_KIRTLAND_AFB.html,,Active Duty,Yes
KUNSAN AB,"35°54'14.00""N","126°36'57.00""E",,35P,35P (PUBLIC AFFAIRS),https://paladindanse111.github.io/AFSC-PDFs/AFSC_files/35P.html,,,Active Duty,Yes
LAKENHEATH RAF,"52°24'33.00""N","0°33'40.00""E",,35P,35P (PUBLIC AFFAIRS),https://paladindanse111.github.io/AFSC-PDFs/AFSC_files/35P.html,,,Active Duty,Yes
LAUGHLIN AFB,"29°21'21""N","100°46'58""W",14R LT 26940 48730,35P,35P (PUBLIC AFFAIRS),https://paladindanse111.github.io/AFSC-PDFs/AFSC_files/35P.html,https://paladindanse111.github.io/AFSC-PDFs/BASE_files/BASE_LAUGHLIN_AFB.html,,Active Duty,Yes
LITTLE ROCK AFB,"34°53'47""N","92°08'38""W",15S WU 78220 61887,35P,35P (PUBLIC AFFAIRS),https://paladindanse111.github.io/AFSC-PDFs/AFSC_files/35P.html,https://paladindanse111.github.io/AFSC-PDFs/BASE_files/BASE_LITTLE_ROCK_AFB.html,,Active Duty,Yes
LOS ANGELES SFB,"33°54'59""N","118°22'58""W",11S LT 72173 53746,35P,35P (PUBLIC AFFAIRS),https://paladindanse111.github.io/AFSC-PDFs/AFSC_files/35P.html,https://paladindanse111.github.io/AFSC-PDFs/BASE_files/BASE_LOS_ANGELES.html,,Active Duty,No
LUKE AFB,"33°32'22""N","112°22'32""W",12S UC 72284 11939,35P,35P (PUBLIC AFFAIRS),https://paladindanse111.github.io/AFSC-PDFs/AFSC_files/35P.html,https://paladindanse111.github.io/AFSC-PDFs/BASE_files/BASE_LUKE_AFB.html,,Active Duty,Yes
MACDILL AFB,"27°51'28""N","82°29'19""W",17R LL 53434 82337,35P,35P (PUBLIC AFFAIRS),https://paladindanse111.github.io/AFSC-PDFs/AFSC_files/35P.html,https://paladindanse111.github.io/AFSC-PDFs/BASE_files/BASE_MACDILL_AFB.html,,Active Duty,Yes
MALMSTROM AFB,"47°30'17""N","111°10'56""W",12T VT 86277 61270,35P,35P (PUBLIC AFFAIRS),https://paladindanse111.github.io/AFSC-PDFs/AFSC_files/35P.html,https://paladindanse111.github.io/AFSC-PDFs/BASE_files/BASE_MALMSTROM_AFB.html,,Active Duty,Yes
MCCONNELL AFB,"37°37'51""N","97°15'06""W",14S PG 54271 66293,35P,35P (PUBLIC AFFAIRS),https://paladindanse111.github.io/AFSC-PDFs/AFSC_files/35P.html,https://paladindanse111.github.io/AFSC-PDFs/BASE_files/BASE_MCCONNELL_AFB.html,,Active Duty,Yes
MILDENHALL RAF,"52°21'43.00""N","0°29'11.00""E",,35P,35P (PUBLIC AFFAIRS),https://paladindanse111.github.io/AFSC-PDFs/AFSC_files/35P.html,,,Active Duty,Yes
MINOT AFB,"48°25'13""N","101°19'36""W",14U LU 27861 65629,35P,35P (PUBLIC AFFAIRS),https://paladindanse111.github.io/AFSC-PDFs/AFSC_files/35P.html,https://paladindanse111.github.io/AFSC-PDFs/BASE_files/BASE_MINOT_AFB.html,,Active Duty,Yes
MISAWA AB,"40°42'12.00""N","141°22'6.00""E",,35P,35P (PUBLIC AFFAIRS),https://paladindanse111.github.io/AFSC-PDFs/AFSC_files/35P.html,,,Active Duty,Yes
MOODY AFB,"30°58'12""N","83°11'47""W",17R KQ 90229 28346,35P,35P (PUBLIC AFFAIRS),https://paladindanse111.github.io/AFSC-PDFs/AFSC_files/35P.html,https://paladindanse111.github.io/AFSC-PDFs/BASE_files/BASE_MOODY_AFB.html,,Active Duty,Yes
MOUNTAIN HOME AFB,"43°03'59""N","115°51'18""W",11T NH 93226 68823,35P,35P (PUBLIC AFFAIRS),https://paladindanse111.github.io/AFSC-PDFs/AFSC_files/35P.html,https://paladindanse111.github.io/AFSC-PDFs/BASE_files/BASE_MOUNTAIN_HOME_AFB.html,,Active Duty,Yes
NELLIS AFB,"36°14'25""N","115°03'14""W",11S PA 74874 12355,35P,35P (PUBLIC AFFAIRS),https://paladindanse111.github.io/AFSC-PDFs/AFSC_files/35P.html,https://paladindanse111.github.io/AFSC-PDFs/BASE_files/BASE_NELLIS_AFB.html,,Active Duty,Yes
OSAN AB,"37°5'26.00""N","127°1'47.00""E",,35P,35P (PUBLIC AFFAIRS),https://paladindanse111.github.io/AFSC-PDFs/AFSC_files/35P.html,,,Active Duty,Yes
PATRICK SFB,"28°14'21""N","80°36'26""W",17R NM 38533 23759,35P,35P (PUBLIC AFFAIRS),https://paladindanse111.github.io/AFSC-PDFs/AFSC_files/35P.html,https://paladindanse111.github.io/AFSC-PDFs/BASE_files/BASE_PATRICK_SFB.html,,Active Duty,Yes
PENTAGON,"38°52'15""N","77°03'21""W",18S UJ 21650 04451,35P,35P (PUBLIC AFFAIRS),https://paladindanse111.github.io/AFSC-PDFs/AFSC_files/35P.html,https://paladindanse111.github.io/AFSC-PDFs/BASE_files/BASE_PENTAGON.html,,Active Duty,Yes
PETERSON SFB,"38°49'32""N","104°41'58""W",13S EC 26089 97461,35P,35P (PUBLIC AFFAIRS),https://paladindanse111.github.io/AFSC-PDFs/AFSC_files/35P.html,https://paladindanse111.github.io/AFSC-PDFs/BASE_files/BASE_PETERSON_SFB.html,,Active Duty,Yes
RAMSTEIN AB,"49°26'10.00""N","7°36'23.00""E",,35P,35P (PUBLIC AFFAIRS),https://paladindanse111.github.io/AFSC-PDFs/AFSC_files/35P.html,,,Active Duty,Yes
ROBINS AFB,"32°38'23""N","83°35'30""W",17S KS 56883 14314,35P,35P (PUBLIC AFFAIRS),https://paladindanse111.github.io/AFSC-PDFs/AFSC_files/35P.html,https://paladindanse111.github.io/AFSC-PDFs/BASE_files/BASE_ROBINS_AFB.html,,Active Duty,Yes
SCOTT AFB,"38°32'29""N","89°51'18""W",16S BH 51169 69750,35P,35P (PUBLIC AFFAIRS),https://paladindanse111.github.io/AFSC-PDFs/AFSC_files/35P.html,https://paladindanse111.github.io/AFSC-PDFs/BASE_files/BASE_SCOTT_AFB.html,,Active Duty,Yes
SEYMOUR JOHNSON AFB,"35°20'24""N","77°57'41""W",18S TE 30850 14774,35P,35P (PUBLIC AFFAIRS),https://paladindanse111.github.io/AFSC-PDFs/AFSC_files/35P.html,https://paladindanse111.github.io/AFSC-PDFs/BASE_files/BASE_SEYMOUR_JOHNSON_AFB.html,,Active Duty,Yes
SHAW AFB,"33°58'02""N","80°29'05""W",17S NT 47603 58641,35P,35P (PUBLIC AFFAIRS),https://paladindanse111.github.io/AFSC-PDFs/AFSC_files/35P.html,https://paladindanse111.github.io/AFSC-PDFs/BASE_files/BASE_SHAW_AFB.html,,Active Duty,Yes
SHEPPARD AFB,"33°58'06""N","98°30'38""W",14S NC 45216 58752,35P,35P (PUBLIC AFFAIRS),https://paladindanse111.github.io/AFSC-PDFs/AFSC_files/35P.html,https://paladindanse111.github.io/AFSC-PDFs/BASE_files/BASE_SHEPPARD_AFB.html,,Active Duty,Yes
SPANGDAHLEM AB,"49°58'35.00""N","6°41'55.00""E",,35P,35P (PUBLIC AFFAIRS),https://paladindanse111.github.io/AFSC-PDFs/AFSC_files/35P.html,,,Active Duty,Yes
TINKER AFB,"35°25'09""N","97°24'15""W",14S PE 44882 20698,35P,35P (PUBLIC AFFAIRS),https://paladindanse111.github.io/AFSC-PDFs/AFSC_files/35P.html,https://paladindanse111.github.io/AFSC-PDFs/BASE_files/BASE_TINKER_AFB.html,,Active Duty,Yes
TRAVIS AFB,"38°16'09""N","121°56'51""W",10S EH 92069 36204,35P,35P (PUBLIC AFFAIRS),https://paladindanse111.github.io/AFSC-PDFs/AFSC_files/35P.html,https://paladindanse111.github.io/AFSC-PDFs/BASE_files/BASE_TRAVIS_AFB.html,,Active Duty,Yes
TYNDALL AFB,"30°04'47""N","85°36'26""W",16R FU 34229 28437,35P,35P (PUBLIC AFFAIRS),https://paladindanse111.github.io/AFSC-PDFs/AFSC_files/35P.html,https://paladindanse111.github.io/AFSC-PDFs/BASE_files/BASE_TYNDALL_AFB.html,,Active Duty,Yes
VANCE AFB,"36°20'21""N","97°54'47""W",14S NF 97544 22116,35P,35P (PUBLIC AFFAIRS),https://paladindanse111.github.io/AFSC-PDFs/AFSC_files/35P.html,https://paladindanse111.github.io/AFSC-PDFs/BASE_files/BASE_VANCE_AFB.html,,Active Duty,Yes
VANDENBERG SFB,"34°44'31""N","120°34'20""W",10S GD 22255 47110,35P,35P (PUBLIC AFFAIRS),https://paladindanse111.github.io/AFSC-PDFs/AFSC_files/35P.html,https://paladindanse111.github.io/AFSC-PDFs/BASE_files/BASE_VANDENBERG_SFB.html,,Active Duty,Yes
WHITEMAN AFB,"38°43'44""N","93°33'37""W",15S VC 51299 86840,35P,35P (PUBLIC AFFAIRS),https://paladindanse111.github.io/AFSC-PDFs/AFSC_files/35P.html,https://paladindanse111.github.io/AFSC-PDFs/BASE_files/BASE_WHITEMAN_AFB.html,,Active Duty,Yes
WRIGHT-PATTERSON AFB,"39°48'37""N","84°01'55""W",16S GK 54072 10915,35P,35P (PUBLIC AFFAIRS),https://paladindanse111.github.io/AFSC-PDFs/AFSC_files/35P.html,https://paladindanse111.github.io/AFSC-PDFs/BASE_files/BASE_WRIGHT-PATTERSON_AFB.html,,Active Duty,Yes
YOKOTA AB,"35°44'55.00""N","139°20'55.00""E",,35P,35P (PUBLIC AFFAIRS),https://paladindanse111.github.io/AFSC-PDFs/AFSC_files/35P.html,,,Active Duty,Yes
AL UDEID AB ABS,"25°7'2.00""N","51°18'54.00""E",,38F,38F (FORCE SUPPORT),https://paladindanse111.github.io/AFSC-PDFs/AFSC_files/38F.html,,,Active Duty,No
ALCONBURY RAF,"52°22'31.40""N","0°13'23.07""W",,38F,38F (FORCE SUPPORT),https://paladindanse111.github.io/AFSC-PDFs/AFSC_files/38F.html,,,Active Duty,Yes
ALTUS AFB,"34°39'18""N","99°17'04""W",14S MD 73935 34821,38F,38F (FORCE SUPPORT),https://paladindanse111.github.io/AFSC-PDFs/AFSC_files/38F.html,https://paladindanse111.github.io/AFSC-PDFs/BASE_files/BASE_ALTUS_AFB.html,,Active Duty,Yes
ANDERSEN AFB,"13°33'46""N","144°55'25""E",55P BR 75307 00327,38F,38F (FORCE SUPPORT),https://paladindanse111.github.io/AFSC-PDFs/AFSC_files/38F.html,https://paladindanse111.github.io/AFSC-PDFs/BASE_files/BASE_ANDERSEN_AFB.html,,Active Duty,Yes
ANDREWS JB,"38°47'46""N","76°53'00""W",18S UH 36445 95835,38F,38F (FORCE SUPPORT),https://paladindanse111.github.io/AFSC-PDFs/AFSC_files/38F.html,https://paladindanse111.github.io/AFSC-PDFs/BASE_files/BASE_ANDREWS_JB.html,,Active Duty,Yes
ARLINGTON VA,"38°55'0.00""N","77°10'0.00""W",,38F,38F (FORCE SUPPORT),https://paladindanse111.github.io/AFSC-PDFs/AFSC_files/38F.html,,,Active Duty,No
AVIANO AB,"46°1'48.00""N","12°35'56.00""E",,38F,38F (FORCE SUPPORT),https://paladindanse111.github.io/AFSC-PDFs/AFSC_files/38F.html,,,Active Duty,Yes
BARKSDALE AFB,"32°29'45""N","93°40'21""W",15S VR 36822 95596,38F,38F (FORCE SUPPORT),https://paladindanse111.github.io/AFSC-PDFs/AFSC_files/38F.html,https://paladindanse111.github.io/AFSC-PDFs/BASE_files/BASE_BARKSDALE_AFB.html,,Active Duty,Yes
BEALE AFB,"39°06'41""N","121°21'35""W",10S FJ 41815 30418,38F,38F (FORCE SUPPORT),https://paladindanse111.github.io/AFSC-PDFs/AFSC_files/38F.html,https://paladindanse111.github.io/AFSC-PDFs/BASE_files/BASE_BEALE_AFB.html,,Active Duty,Yes
BUCHEL AB,"50°10'26.00""N","7°3'48.00""E",,38F,38F (FORCE SUPPORT),https://paladindanse111.github.io/AFSC-PDFs/AFSC_files/38F.html,,,Active Duty,No
BUCKLEY SFB,"39°42'09""N","104°45'29""W",13S ED 20741 94766,38F,38F (FORCE SUPPORT),https://paladindanse111.github.io/AFSC-PDFs/AFSC_files/38F.html,https://paladindanse111.github.io/AFSC-PDFs/BASE_files/BASE_BUCKLEY_SFB.html,,Active Duty,Yes
CAMP HUMPHREYS,"36°55'0.00""N","127°2'60.00""E",,38F,38F (FORCE SUPPORT),https://paladindanse111.github.io/AFSC-PDFs/AFSC_files/38F.html,,,Active Duty,No
CANNON AFB,"34°23'20""N","103°19'05""W",13S FU 54620 06558,38F,38F (FORCE SUPPORT),https://paladindanse111.github.io/AFSC-PDFs/AFSC_files/38F.html,https://paladindanse111.github.io/AFSC-PDFs/BASE_files/BASE_CANNON_AFB.html,,Active Duty,Yes
COLUMBUS AFB,"33°37'38""N","88°26'51""W",16S CC 65739 21763,38F,38F (FORCE SUPPORT),https://paladindanse111.github.io/AFSC-PDFs/AFSC_files/38F.html,https://paladindanse111.github.io/AFSC-PDFs/BASE_files/BASE_COLUMBUS_AFB.html,,Active Duty,Yes
CP SMITH MGI,"21°22'0.00""N","157°55'0.00""W",,38F,38F (FORCE SUPPORT),https://paladindanse111.github.io/AFSC-PDFs/AFSC_files/38F.html,,,Active Duty,No
CREECH AFB,"36°34'41""N","115°39'29""W",11S PA 20060 48904,38F,38F (FORCE SUPPORT),https://paladindanse111.github.io/AFSC-PDFs/AFSC_files/38F.html,https://paladindanse111.github.io/AFSC-PDFs/BASE_files/BASE_CREECH_AFB.html,,Active Duty,Yes
DAVIS-MONTHAN AFB,"32°10'14""N","110°52'39""W",12S WA 11549 59347,38F,38F (FORCE SUPPORT),https://paladindanse111.github.io/AFSC-PDFs/AFSC_files/38F.html,https://paladindanse111.github.io/AFSC-PDFs/BASE_files/BASE_DAVIS-MONTHAN_AFB.html,,Active Duty,Yes
DOVER AFB,"39°07'39""N","75°28'06""W",18S VJ 59518 31029,38F,38F (FORCE SUPPORT),https://paladindanse111.github.io/AFSC-PDFs/AFSC_files/38F.html,https://paladindanse111.github.io/AFSC-PDFs/BASE_files/BASE_DOVER_AFB.html,,Active Duty,Yes
DYESS AFB,"32°25'17""N","99°50'31""W",14S MA 20838 87456,38F,38F (FORCE SUPPORT),https://paladindanse111.github.io/AFSC-PDFs/AFSC_files/38F.html,https://paladindanse111.github.io/AFSC-PDFs/BASE_files/BASE_DYESS_AFB.html,,Active Duty,Yes
EDWARDS AFB,"34°55'25""N","117°53'29""W",11S MU 18582 64934,38F,38F (FORCE SUPPORT),https://paladindanse111.github.io/AFSC-PDFs/AFSC_files/38F.html,https://paladindanse111.github.io/AFSC-PDFs/BASE_files/BASE_EDWARDS_AFB.html,,Active Duty,Yes
EGLIN AFB,"30°27'49""N","86°33'11""W",16R EU 42905 70243,38F,38F (FORCE SUPPORT),https://paladindanse111.github.io/AFSC-PDFs/AFSC_files/38F.html,https://paladindanse111.github.io/AFSC-PDFs/BASE_files/BASE_EGLIN_AFB.html,,Active Duty,Yes
EIELSON AFB,"64°39'52""N","147°05'45""W",6W VS 95424 71061,38F,38F (FORCE SUPPORT),https://paladindanse111.github.io/AFSC-PDFs/AFSC_files/38F.html,https://paladindanse111.github.io/AFSC-PDFs/BASE_files/BASE_EIELSON_AFB.html,,Active Duty,Yes
ELLSWORTH AFB,"44°08'54""N","103°05'15""W",13T FJ 52951 90126,38F,38F (FORCE SUPPORT),https://paladindanse111.github.io/AFSC-PDFs/AFSC_files/38F.html,https://paladindanse111.github.io/AFSC-PDFs/BASE_files/BASE_ELLSWORTH_AFB.html,,Active Duty,Yes
FAIRCHILD AFB,"47°38'28""N","117°38'41""W",11T MN 51574 76613,38F,38F (FORCE SUPPORT),https://paladindanse111.github.io/AFSC-PDFs/AFSC_files/38F.html,https://paladindanse111.github.io/AFSC-PDFs/BASE_files/BASE_FAIRCHILD_AFB.html,,Active Duty,Yes
FE WARREN AFB,"41°08'32""N","104°52'41""W",13T EF 10233 54552,38F,38F (FORCE SUPPORT),https://paladindanse111.github.io/AFSC-PDFs/AFSC_files/38F.html,https://paladindanse111.github.io/AFSC-PDFs/BASE_files/BASE_FE_WARREN_AFB.html,,Active Duty,Yes
FT BELVOIR,"38°40'60.00""N","77°7'60.00""W",,38F,38F (FORCE SUPPORT),https://paladindanse111.github.io/AFSC-PDFs/AFSC_files/38F.html,,,Active Duty,Yes
FT GEORGE G MEADE,"39°6'0.00""N","76°43'0.00""W",,38F,38F (FORCE SUPPORT),https://paladindanse111.github.io/AFSC-PDFs/AFSC_files/38F.html,,,Active Duty,Yes
FT GORDON,"33°25'0.00""N","82°7'60.00""W",,38F,38F (FORCE SUPPORT),https://paladindanse111.github.io/AFSC-PDFs/AFSC_files/38F.html,,,Active Duty,Yes
FT LEE,"37°13'0.00""N","77°19'60.00""W",,38F,38F (FORCE SUPPORT),https://paladindanse111.github.io/AFSC-PDFs/AFSC_files/38F.html,,,Active Duty,No
GEILENKIRCHEN AB,"50°57'39.00""N","6°2'30.00""E",,38F,38F (FORCE SUPPORT),https://paladindanse111.github.io/AFSC-PDFs/AFSC_files/38F.html,,,Active Duty,No
GHEDI AB,"45°0'0.00""N","12°0'0.00""E",,38F,38F (FORCE SUPPORT),https://paladindanse111.github.io/AFSC-PDFs/AFSC_files/38F.html,,,Active Duty,No
GOODFELLOW AFB,"31°26'09""N","100°24'03""W",14R LV 66873 78753,38F,38F (FORCE SUPPORT),https://paladindanse111.github.io/AFSC-PDFs/AFSC_files/38F.html,https://paladindanse111.github.io/AFSC-PDFs/BASE_files/BASE_GOODFELLOW_AFB.html,,Active Duty,Yes
GRAND FORKS AFB,"47°57'07""N","97°22'57""W",14T PU 20768 12225,38F,38F (FORCE SUPPORT),https://paladindanse111.github.io/AFSC-PDFs/AFSC_files/38F.html,https://paladindanse111.github.io/AFSC-PDFs/BASE_files/BASE_GRAND_FORKS_AFB.html,,Active Duty,Yes
HANSCOM AFB,"42°27'23""N","71°16'35""W",19T CH 12823 02961,38F,38F (FORCE SUPPORT),https://paladindanse111.github.io/AFSC-PDFs/AFSC_files/38F.html,https://paladindanse111.github.io/AFSC-PDFs/BASE_files/BASE_HANSCOM_AFB.html,,Active Duty,Yes
HOLLOMAN AFB,"32°50'33""N","106°05'55""W",13S CS 97187 34361,38F,38F (FORCE SUPPORT),https://paladindanse111.github.io/AFSC-PDFs/AFSC_files/38F.html,https://paladindanse111.github.io/AFSC-PDFs/BASE_files/BASE_HOLLOMAN_AFB.html,,Active Duty,Yes
HURLBURT FIELD,"30°25'23""N","86°41'41""W",16R EU 29317 65704,38F,38F (FORCE SUPPORT),https://paladindanse111.github.io/AFSC-PDFs/AFSC_files/38F.html,https://paladindanse111.github.io/AFSC-PDFs/BASE_files/BASE_HURLBURT_FIELD.html,,Active Duty,Yes
INCIRLIK AB,"37°0'7.00""N","35°25'34.00""E",,38F,38F (FORCE SUPPORT),https://paladindanse111.github.io/AFSC-PDFs/AFSC_files/38F.html,,,Active Duty,Yes
JB ANACOSTIA-BOLLING,"38°50'29""N","77°01'05""W",18S UJ 24855 01110,38F,38F (FORCE SUPPORT),https://paladindanse111.github.io/AFSC-PDFs/AFSC_files/38F.html,https://paladindanse111.github.io/AFSC-PDFs/BASE_files/BASE_JB_ANACOSTIA-BOLLING.html,,Active Duty,Yes
JB CHARLESTON,"32°53'29""N","80°04'03""W",17S NS 87218 39631,38F,38F (FORCE SUPPORT),https://paladindanse111.github.io/AFSC-PDFs/AFSC_files/38F.html,https://paladindanse111.github.io/AFSC-PDFs/BASE_files/BASE_JB_CHARLESTON.html,,Active Duty,Yes
JB ELMENDORF-RICHARDSON,"61°15'44""N","149°41'53""W",6V UN 55306 94983,38F,38F (FORCE SUPPORT),https://paladindanse111.github.io/AFSC-PDFs/AFSC_files/38F.html,https://paladindanse111.github.io/AFSC-PDFs/BASE_files/BASE_JB_ELMENDORF-RICHARDSON.html,,Active Duty,Yes
JB LANGLEY-EUSTIS,"37°05'00""N","76°21'33""W",18S UG 79195 04980,38F,38F (FORCE SUPPORT),https://paladindanse111.github.io/AFSC-PDFs/AFSC_files/38F.html,https://paladindanse111.github.io/AFSC-PDFs/BASE_files/BASE_JB_LANGLEY-EUSTIS.html,,Active Duty,Yes
JB LEWIS-MCCHORD,"47°05'30""N","122°36'53""W",10T ET 29240 15422,38F,38F (FORCE SUPPORT),https://paladindanse111.github.io/AFSC-PDFs/AFSC_files/38F.html,https://paladindanse111.github.io/AFSC-PDFs/BASE_files/BASE_JB_LEWIS-MCCHORD.html,,Active Duty,Yes
JB MCGUIRE-DIX-LAKEHURST,"40°02'15""N","74°35'18""W",18T WK 35120 32000,38F,38F (FORCE SUPPORT),https://paladindanse111.github.io/AFSC-PDFs/AFSC_files/38F.html,https://paladindanse111.github.io/AFSC-PDFs/BASE_files/BASE_JB_MCGUIRE-DIX-LAKEHURST.html,,Active Duty,Yes
JB PEARL HARBOR-HICKAM,"21°20'15""N","157°57'43""W",4Q FJ 07643 59855,38F,38F (FORCE SUPPORT),https://paladindanse111.github.io/AFSC-PDFs/AFSC_files/38F.html,https://paladindanse111.github.io/AFSC-PDFs/BASE_files/BASE_JB_PEARL_HARBOR-HICKAM.html,,Active Duty,Yes
JBSA FT SAM HOUSTON,"29°26'59""N","98°27'02""W",14R NT 53282 57938,38F,38F (FORCE SUPPORT),https://paladindanse111.github.io/AFSC-PDFs/AFSC_files/38F.html,https://paladindanse111.github.io/AFSC-PDFs/BASE_files/BASE_JBSA_FT_SAM_HOUSTON.html,,Active Duty,Yes
JBSA LACKLAND,"29°23'14""N","98°37'16""W",14R NT 36765 50947,38F,38F (FORCE SUPPORT),https://paladindanse111.github.io/AFSC-PDFs/AFSC_files/38F.html,https://paladindanse111.github.io/AFSC-PDFs/BASE_files/BASE_JBSA_LACKLAND.html,,Active Duty,Yes
JBSA RANDOLPH,"29°31'57""N","98°16'45""W",14R NT 69847 67200,38F,38F (FORCE SUPPORT),https://paladindanse111.github.io/AFSC-PDFs/AFSC_files/38F.html,https://paladindanse111.github.io/AFSC-PDFs/BASE_files/BASE_JBSA_RANDOLPH.html,,Active Duty,Yes
KADENA AB,"26°21'20.00""N","127°46'3.00""E",,38F,38F (FORCE SUPPORT),https://paladindanse111.github.io/AFSC-PDFs/AFSC_files/38F.html,,,Active Duty,Yes
KEESLER AFB,"30°24'34""N","88°55'34""W",16R CU 14981 65731,38F,38F (FORCE SUPPORT),https://paladindanse111.github.io/AFSC-PDFs/AFSC_files/38F.html,https://paladindanse111.github.io/AFSC-PDFs/BASE_files/BASE_KEESLER_AFB.html,,Active Duty,Yes
KIRTLAND AFB,"35°00'39""N","106°30'44""W",13S CU 62019 75289,38F,38F (FORCE SUPPORT),https://paladindanse111.github.io/AFSC-PDFs/AFSC_files/38F.html,https://paladindanse111.github.io/AFSC-PDFs/BASE_files/BASE_KIRTLAND_AFB.html,,Active Duty,Yes
KLEINE BROGEL AB,"51°10'6.00""N","5°28'12.00""E",,38F,38F (FORCE SUPPORT),https://paladindanse111.github.io/AFSC-PDFs/AFSC_files/38F.html,,,Active Duty,No
KUNSAN AB,"35°54'14.00""N","126°36'57.00""E",,38F,38F (FORCE SUPPORT),https://paladindanse111.github.io/AFSC-PDFs/AFSC_files/38F.html,,,Active Duty,Yes
LAJES FIELD,"38°45'42.00""N","27°5'27.00""W",,38F,38F (FORCE SUPPORT),https://paladindanse111.github.io/AFSC-PDFs/AFSC_files/38F.html,,,Active Duty,No
LAKENHEATH RAF,"52°24'33.00""N","0°33'40.00""E",,38F,38F (FORCE SUPPORT),https://paladindanse111.github.io/AFSC-PDFs/AFSC_files/38F.html,,,Active Duty,Yes
LASK AB,"51°33'6.00""N","19°10'44.00""E",,38F,38F (FORCE SUPPORT),https://paladindanse111.github.io/AFSC-PDFs/AFSC_files/38F.html,,,Active Duty,No
LAUGHLIN AFB,"29°21'21""N","100°46'58""W",14R LT 26940 48730,38F,38F (FORCE SUPPORT),https://paladindanse111.github.io/AFSC-PDFs/AFSC_files/38F.html,https://paladindanse111.github.io/AFSC-PDFs/BASE_files/BASE_LAUGHLIN_AFB.html,,Active Duty,Yes
LITTLE ROCK AFB,"34°53'47""N","92°08'38""W",15S WU 78220 61887,38F,38F (FORCE SUPPORT),https://paladindanse111.github.io/AFSC-PDFs/AFSC_files/38F.html,https://paladindanse111.github.io/AFSC-PDFs/BASE_files/BASE_LITTLE_ROCK_AFB.html,,Active Duty,Yes
LUKE AFB,"33°32'22""N","112°22'32""W",12S UC 72284 11939,38F,38F (FORCE SUPPORT),https://paladindanse111.github.io/AFSC-PDFs/AFSC_files/38F.html,https://paladindanse111.github.io/AFSC-PDFs/BASE_files/BASE_LUKE_AFB.html,,Active Duty,Yes
MACDILL AFB,"27°51'28""N","82°29'19""W",17R LL 53434 82337,38F,38F (FORCE SUPPORT),https://paladindanse111.github.io/AFSC-PDFs/AFSC_files/38F.html,https://paladindanse111.github.io/AFSC-PDFs/BASE_files/BASE_MACDILL_AFB.html,,Active Duty,Yes
MALMSTROM AFB,"47°30'17""N","111°10'56""W",12T VT 86277 61270,38F,38F (FORCE SUPPORT),https://paladindanse111.github.io/AFSC-PDFs/AFSC_files/38F.html,https://paladindanse111.github.io/AFSC-PDFs/BASE_files/BASE_MALMSTROM_AFB.html,,Active Duty,Yes
MAXWELL-GUNTER AFB,"32°22'43""N","86°21'44""W",16S EA 59993 82581,38F,38F (FORCE SUPPORT),https://paladindanse111.github.io/AFSC-PDFs/AFSC_files/38F.html,https://paladindanse111.github.io/AFSC-PDFs/BASE_files/BASE_MAXWELL-GUNTER_AFB.html,,Active Duty,Yes
MCCONNELL AFB,"37°37'51""N","97°15'06""W",14S PG 54271 66293,38F,38F (FORCE SUPPORT),https://paladindanse111.github.io/AFSC-PDFs/AFSC_files/38F.html,https://paladindanse111.github.io/AFSC-PDFs/BASE_files/BASE_MCCONNELL_AFB.html,,Active Duty,Yes
MILDENHALL RAF,"52°21'43.00""N","0°29'11.00""E",,38F,38F (FORCE SUPPORT),https://paladindanse111.github.io/AFSC-PDFs/AFSC_files/38F.html,,,Active Duty,Yes
MINOT AFB,"48°25'13""N","101°19'36""W",14U LU 27861 65629,38F,38F (FORCE SUPPORT),https://paladindanse111.github.io/AFSC-PDFs/AFSC_files/38F.html,https://paladindanse111.github.io/AFSC-PDFs/BASE_files/BASE_MINOT_AFB.html,,Active Duty,Yes
MISAWA AB,"40°42'12.00""N","141°22'6.00""E",,38F,38F (FORCE SUPPORT),https://paladindanse111.github.io/AFSC-PDFs/AFSC_files/38F.html,,,Active Duty,Yes
MOODY AFB,"30°58'12""N","83°11'47""W",17R KQ 90229 28346,38F,38F (FORCE SUPPORT),https://paladindanse111.github.io/AFSC-PDFs/AFSC_files/38F.html,https://paladindanse111.github.io/AFSC-PDFs/BASE_files/BASE_MOODY_AFB.html,,Active Duty,Yes
MOUNTAIN HOME AFB,"43°03'59""N","115°51'18""W",11T NH 93226 68823,38F,38F (FORCE SUPPORT),https://paladindanse111.github.io/AFSC-PDFs/AFSC_files/38F.html,https://paladindanse111.github.io/AFSC-PDFs/BASE_files/BASE_MOUNTAIN_HOME_AFB.html,,Active Duty,Yes
NELLIS AFB,"36°14'25""N","115°03'14""W",11S PA 74874 12355,38F,38F (FORCE SUPPORT),https://paladindanse111.github.io/AFSC-PDFs/AFSC_files/38F.html,https://paladindanse111.github.io/AFSC-PDFs/BASE_files/BASE_NELLIS_AFB.html,,Active Duty,Yes
OFFUTT AFB,"41°07'25""N","95°54'52""W",15T TF 55334 56573,38F,38F (FORCE SUPPORT),https://paladindanse111.github.io/AFSC-PDFs/AFSC_files/38F.html,https://paladindanse111.github.io/AFSC-PDFs/BASE_files/BASE_OFFUTT_AFB.html,,Active Duty,Yes
OKUMA REC,"26°43'60.00""N","128°10'60.00""E",,38F,38F (FORCE SUPPORT),https://paladindanse111.github.io/AFSC-PDFs/AFSC_files/38F.html,,,Active Duty,No
OSAN AB,"37°5'26.00""N","127°1'47.00""E",,38F,38F (FORCE SUPPORT),https://paladindanse111.github.io/AFSC-PDFs/AFSC_files/38F.html,,,Active Duty,Yes
PAPA AB,"47°21'50.00""N","17°30'2.00""E",,38F,38F (FORCE SUPPORT),https://paladindanse111.github.io/AFSC-PDFs/AFSC_files/38F.html,,,Active Duty,No
PENTAGON,"38°52'15""N","77°03'21""W",18S UJ 21650 04451,38F,38F (FORCE SUPPORT),https://paladindanse111.github.io/AFSC-PDFs/AFSC_files/38F.html,https://paladindanse111.github.io/AFSC-PDFs/BASE_files/BASE_PENTAGON.html,,Active Duty,Yes
PETERSON SFB,"38°49'32""N","104°41'58""W",13S EC 26089 97461,38F,38F (FORCE SUPPORT),https://paladindanse111.github.io/AFSC-PDFs/AFSC_files/38F.html,https://paladindanse111.github.io/AFSC-PDFs/BASE_files/BASE_PETERSON_SFB.html,,Active Duty,Yes
PITUFFIK SBS,"76°31'52.00""N","68°42'12.00""W",,38F,38F (FORCE SUPPORT),https://paladindanse111.github.io/AFSC-PDFs/AFSC_files/38F.html,,,Active Duty,No
POGGIO RENATICO,"44°46'0.00""N","11°28'60.00""E",,38F,38F (FORCE SUPPORT),https://paladindanse111.github.io/AFSC-PDFs/AFSC_files/38F.html,,,Active Duty,No
POPE AAF,"35°10'15.00""N","79°0'52.00""W",,38F,38F (FORCE SUPPORT),https://paladindanse111.github.io/AFSC-PDFs/AFSC_files/38F.html,,,Active Duty,Yes
PRESIDIO OF MONTEREY,"36°36'4.00""N","121°54'6.00""W",,38F,38F (FORCE SUPPORT),https://paladindanse111.github.io/AFSC-PDFs/AFSC_files/38F.html,,,Active Duty,No
RAMSTEIN AB,"49°26'10.00""N","7°36'23.00""E",,38F,38F (FORCE SUPPORT),https://paladindanse111.github.io/AFSC-PDFs/AFSC_files/38F.html,,,Active Duty,Yes
RKB-QUANTICO MGI,"38°30'34.00""N","77°23'21.00""W",,38F,38F (FORCE SUPPORT),https://paladindanse111.github.io/AFSC-PDFs/AFSC_files/38F.html,,,Active Duty,No
ROBINS AFB,"32°38'23""N","83°35'30""W",17S KS 56883 14314,38F,38F (FORCE SUPPORT),https://paladindanse111.github.io/AFSC-PDFs/AFSC_files/38F.html,https://paladindanse111.github.io/AFSC-PDFs/BASE_files/BASE_ROBINS_AFB.html,,Active Duty,Yes
SCHRIEVER SFB,"38°48'12""N","104°31'32""W",13S EC 41196 95059,38F,38F (FORCE SUPPORT),https://paladindanse111.github.io/AFSC-PDFs/AFSC_files/38F.html,https://paladindanse111.github.io/AFSC-PDFs/BASE_files/BASE_SCHRIEVER_SFB.html,,Active Duty,Yes
SCOTT AFB,"38°32'29""N","89°51'18""W",16S BH 51169 69750,38F,38F (FORCE SUPPORT),https://paladindanse111.github.io/AFSC-PDFs/AFSC_files/38F.html,https://paladindanse111.github.io/AFSC-PDFs/BASE_files/BASE_SCOTT_AFB.html,,Active Duty,Yes
SEYMOUR JOHNSON AFB,"35°20'24""N","77°57'41""W",18S TE 30850 14774,38F,38F (FORCE SUPPORT),https://paladindanse111.github.io/AFSC-PDFs/AFSC_files/38F.html,https://paladindanse111.github.io/AFSC-PDFs/BASE_files/BASE_SEYMOUR_JOHNSON_AFB.html,,Active Duty,Yes
SHAW AFB,"33°58'02""N","80°29'05""W",17S NT 47603 58641,38F,38F (FORCE SUPPORT),https://paladindanse111.github.io/AFSC-PDFs/AFSC_files/38F.html,https://paladindanse111.github.io/AFSC-PDFs/BASE_files/BASE_SHAW_AFB.html,,Active Duty,Yes
SHEPPARD AFB,"33°58'06""N","98°30'38""W",14S NC 45216 58752,38F,38F (FORCE SUPPORT),https://paladindanse111.github.io/AFSC-PDFs/AFSC_files/38F.html,https://paladindanse111.github.io/AFSC-PDFs/BASE_files/BASE_SHEPPARD_AFB.html,,Active Duty,Yes
SPANGDAHLEM AB,"49°58'35.00""N","6°41'55.00""E",,38F,38F (FORCE SUPPORT),https://paladindanse111.github.io/AFSC-PDFs/AFSC_files/38F.html,,,Active Duty,Yes
TINKER AFB,"35°25'09""N","97°24'15""W",14S PE 44882 20698,38F,38F (FORCE SUPPORT),https://paladindanse111.github.io/AFSC-PDFs/AFSC_files/38F.html,https://paladindanse111.github.io/AFSC-PDFs/BASE_files/BASE_TINKER_AFB.html,,Active Duty,Yes
TRAVIS AFB,"38°16'09""N","121°56'51""W",10S EH 92069 36204,38F,38F (FORCE SUPPORT),https://paladindanse111.github.io/AFSC-PDFs/AFSC_files/38F.html,https://paladindanse111.github.io/AFSC-PDFs/BASE_files/BASE_TRAVIS_AFB.html,,Active Duty,Yes
TYNDALL AFB,"30°04'47""N","85°36'26""W",16R FU 34229 28437,38F,38F (FORCE SUPPORT),https://paladindanse111.github.io/AFSC-PDFs/AFSC_files/38F.html,https://paladindanse111.github.io/AFSC-PDFs/BASE_files/BASE_TYNDALL_AFB.html,,Active Duty,Yes
USAF ACADEMY,"39°0'0.00""N","104°52'60.00""W",,38F,38F (FORCE SUPPORT),https://paladindanse111.github.io/AFSC-PDFs/AFSC_files/38F.html,,,Active Duty,No
VANCE AFB,"36°20'21""N","97°54'47""W",14S NF 97544 22116,38F,38F (FORCE SUPPORT),https://paladindanse111.github.io/AFSC-PDFs/AFSC_files/38F.html,https://paladindanse111.github.io/AFSC-PDFs/BASE_files/BASE_VANCE_AFB.html,,Active Duty,Yes
VANDENBERG SFB,"34°44'31""N","120°34'20""W",10S GD 22255 47110,38F,38F (FORCE SUPPORT),https://paladindanse111.github.io/AFSC-PDFs/AFSC_files/38F.html,https://paladindanse111.github.io/AFSC-PDFs/BASE_files/BASE_VANDENBERG_SFB.html,,Active Duty,Yes
VOGELWEH,"49°25'60.00""N","7°43'0.00""E",,38F,38F (FORCE SUPPORT),https://paladindanse111.github.io/AFSC-PDFs/AFSC_files/38F.html,,,Active Duty,No
VOLKEL AB,"51°39'26.00""N","5°42'28.00""E",,38F,38F (FORCE SUPPORT),https://paladindanse111.github.io/AFSC-PDFs/AFSC_files/38F.html,,,Active Duty,No
WHITEMAN AFB,"38°43'44""N","93°33'37""W",15S VC 51299 86840,38F,38F (FORCE SUPPORT),https://paladindanse111.github.io/AFSC-PDFs/AFSC_files/38F.html,https://paladindanse111.github.io/AFSC-PDFs/BASE_files/BASE_WHITEMAN_AFB.html,,Active Duty,Yes
WRIGHT-PATTERSON AFB,"39°48'37""N","84°01'55""W",16S GK 54072 10915,38F,38F (FORCE SUPPORT),https://paladindanse111.github.io/AFSC-PDFs/AFSC_files/38F.html,https://paladindanse111.github.io/AFSC-PDFs/BASE_files/BASE_WRIGHT-PATTERSON_AFB.html,,Active Duty,Yes
YOKOTA AB,"35°44'55.00""N","139°20'55.00""E",,38F,38F (FORCE SUPPORT),https://paladindanse111.github.io/AFSC-PDFs/AFSC_files/38F.html,,,Active Duty,Yes
ABERDEEN PROVING GROUND,"39°29'30.00""N","76°8'10.00""W",,61C,61C (CHEMIST/NUCLEAR CHEMIST),https://paladindanse111.github.io/AFSC-PDFs/AFSC_files/61C.html,,,Active Duty,Yes
CHARLOTTESVILLE,"38°1'60.00""N","78°28'60.00""W",,61C,61C (CHEMIST/NUCLEAR CHEMIST),https://paladindanse111.github.io/AFSC-PDFs/AFSC_files/61C.html,,,Active Duty,Yes
EDWARDS AFB,"34°55'25""N","117°53'29""W",11S MU 18582 64934,61C,61C (CHEMIST/NUCLEAR CHEMIST),https://paladindanse111.github.io/AFSC-PDFs/AFSC_files/61C.html,https://paladindanse111.github.io/AFSC-PDFs/BASE_files/BASE_EDWARDS_AFB.html,,Active Duty,Yes
EGLIN AFB,"30°27'49""N","86°33'11""W",16R EU 42905 70243,61C,61C (CHEMIST/NUCLEAR CHEMIST),https://paladindanse111.github.io/AFSC-PDFs/AFSC_files/61C.html,https://paladindanse111.github.io/AFSC-PDFs/BASE_files/BASE_EGLIN_AFB.html,,Active Duty,Yes
HILL AFB,"41°06'36""N","111°58'56""W",12T VL 17530 51433,61C,61C (CHEMIST/NUCLEAR CHEMIST),https://paladindanse111.github.io/AFSC-PDFs/AFSC_files/61C.html,https://paladindanse111.github.io/AFSC-PDFs/BASE_files/BASE_HILL_AFB.html,,Active Duty,Yes
JBSA FT SAM HOUSTON,"29°26'59""N","98°27'02""W",14R NT 53282 57938,61C,61C (CHEMIST/NUCLEAR CHEMIST),https://paladindanse111.github.io/AFSC-PDFs/AFSC_files/61C.html,https://paladindanse111.github.io/AFSC-PDFs/BASE_files/BASE_JBSA_FT_SAM_HOUSTON.html,,Active Duty,Yes
KADENA AB,"26°21'20.00""N","127°46'3.00""E",,61C,61C (CHEMIST/NUCLEAR CHEMIST),https://paladindanse111.github.io/AFSC-PDFs/AFSC_files/61C.html,,,Active Duty,Yes
MILDENHALL RAF,"52°21'43.00""N","0°29'11.00""E",,61C,61C (CHEMIST/NUCLEAR CHEMIST),https://paladindanse111.github.io/AFSC-PDFs/AFSC_files/61C.html,,,Active Duty,Yes
PATRICK SFB,"28°14'21""N","80°36'26""W",17R NM 38533 23759,61C,61C (CHEMIST/NUCLEAR CHEMIST),https://paladindanse111.github.io/AFSC-PDFs/AFSC_files/61C.html,https://paladindanse111.github.io/AFSC-PDFs/BASE_files/BASE_PATRICK_SFB.html,,Active Duty,Yes
USAF ACADEMY,"39°0'0.00""N","104°52'60.00""W",,61C,61C (CHEMIST/NUCLEAR CHEMIST),https://paladindanse111.github.io/AFSC-PDFs/AFSC_files/61C.html,,,Active Duty,No
WRIGHT-PATTERSON AFB,"39°48'37""N","84°01'55""W",16S GK 54072 10915,61C,61C (CHEMIST/NUCLEAR CHEMIST),https://paladindanse111.github.io/AFSC-PDFs/AFSC_files/61C.html,https://paladindanse111.github.io/AFSC-PDFs/BASE_files/BASE_WRIGHT-PATTERSON_AFB.html,,Active Duty,Yes
AMSTERDAM,"52°22'0.00""N","4°54'0.00""E",,61D,61D (PHYSICIST/NUCLEAR ENGINEER),https://paladindanse111.github.io/AFSC-PDFs/AFSC_files/61D.html,,,Active Duty,No
BUCKLEY SFB,"39°42'09""N","104°45'29""W",13S ED 20741 94766,61D,61D (PHYSICIST/NUCLEAR ENGINEER),https://paladindanse111.github.io/AFSC-PDFs/AFSC_files/61D.html,https://paladindanse111.github.io/AFSC-PDFs/BASE_files/BASE_BUCKLEY_SFB.html,,Active Duty,Yes
EDWARDS AFB,"34°55'25""N","117°53'29""W",11S MU 18582 64934,61D,61D (PHYSICIST/NUCLEAR ENGINEER),https://paladindanse111.github.io/AFSC-PDFs/AFSC_files/61D.html,https://paladindanse111.github.io/AFSC-PDFs/BASE_files/BASE_EDWARDS_AFB.html,,Active Duty,Yes
EGLIN AFB,"30°27'49""N","86°33'11""W",16R EU 42905 70243,61D,61D (PHYSICIST/NUCLEAR ENGINEER),https://paladindanse111.github.io/AFSC-PDFs/AFSC_files/61D.html,https://paladindanse111.github.io/AFSC-PDFs/BASE_files/BASE_EGLIN_AFB.html,,Active Duty,Yes
FT BELVOIR,"38°40'60.00""N","77°7'60.00""W",,61D,61D (PHYSICIST/NUCLEAR ENGINEER),https://paladindanse111.github.io/AFSC-PDFs/AFSC_files/61D.html,,,Active Duty,Yes
HILL AFB,"41°06'36""N","111°58'56""W",12T VL 17530 51433,61D,61D (PHYSICIST/NUCLEAR ENGINEER),https://paladindanse111.github.io/AFSC-PDFs/AFSC_files/61D.html,https://paladindanse111.github.io/AFSC-PDFs/BASE_files/BASE_HILL_AFB.html,,Active Duty,Yes
JB ANACOSTIA-BOLLING,"38°50'29""N","77°01'05""W",18S UJ 24855 01110,61D,61D (PHYSICIST/NUCLEAR ENGINEER),https://paladindanse111.github.io/AFSC-PDFs/AFSC_files/61D.html,https://paladindanse111.github.io/AFSC-PDFs/BASE_files/BASE_JB_ANACOSTIA-BOLLING.html,,Active Duty,Yes
JBSA FT SAM HOUSTON,"29°26'59""N","98°27'02""W",14R NT 53282 57938,61D,61D (PHYSICIST/NUCLEAR ENGINEER),https://paladindanse111.github.io/AFSC-PDFs/AFSC_files/61D.html,https://paladindanse111.github.io/AFSC-PDFs/BASE_files/BASE_JBSA_FT_SAM_HOUSTON.html,,Active Duty,Yes
JBSA RANDOLPH,"29°31'57""N","98°16'45""W",14R NT 69847 67200,61D,61D (PHYSICIST/NUCLEAR ENGINEER),https://paladindanse111.github.io/AFSC-PDFs/AFSC_files/61D.html,https://paladindanse111.github.io/AFSC-PDFs/BASE_files/BASE_JBSA_RANDOLPH.html,,Active Duty,Yes
KIRTLAND AFB,"35°00'39""N","106°30'44""W",13S CU 62019 75289,61D,61D (PHYSICIST/NUCLEAR ENGINEER),https://paladindanse111.github.io/AFSC-PDFs/AFSC_files/61D.html,https://paladindanse111.github.io/AFSC-PDFs/BASE_files/BASE_KIRTLAND_AFB.html,,Active Duty,Yes
LOS ANGELES,"33°54'59""N","118°22'58""W",11S LT 72173 53746,61D,61D1 (PHYSICIST/NUCLEAR ENGINEER),https://paladindanse111.github.io/AFSC-PDFs/61D.html,https://paladindanse111.github.io/AFSC-PDFs/BASE_LOS_ANGELES.html,,Active Duty,Yes
LOS ANGELES SFB,"33°54'59""N","118°22'58""W",11S LT 72173 53746,61D,61D (PHYSICIST/NUCLEAR ENGINEER),https://paladindanse111.github.io/AFSC-PDFs/AFSC_files/61D.html,https://paladindanse111.github.io/AFSC-PDFs/BASE_files/BASE_LOS_ANGELES.html,,Active Duty,No
MAUI ISLAND,"20°45'0.00""N","156°15'0.00""W",,61D,61D (PHYSICIST/NUCLEAR ENGINEER),https://paladindanse111.github.io/AFSC-PDFs/AFSC_files/61D.html,,,Active Duty,Yes
NRO HQ CHANTILLY,"38°53'18.00""N","77°25'54.00""W",,61D,61D (PHYSICIST/NUCLEAR ENGINEER),https://paladindanse111.github.io/AFSC-PDFs/AFSC_files/61D.html,,,Active Duty,No
OFFUTT AFB,"41°07'25""N","95°54'52""W",15T TF 55334 56573,61D,61D (PHYSICIST/NUCLEAR ENGINEER),https://paladindanse111.github.io/AFSC-PDFs/AFSC_files/61D.html,https://paladindanse111.github.io/AFSC-PDFs/BASE_files/BASE_OFFUTT_AFB.html,,Active Duty,Yes
PATRICK SFB,"28°14'21""N","80°36'26""W",17R NM 38533 23759,61D,61D (PHYSICIST/NUCLEAR ENGINEER),https://paladindanse111.github.io/AFSC-PDFs/AFSC_files/61D.html,https://paladindanse111.github.io/AFSC-PDFs/BASE_files/BASE_PATRICK_SFB.html,,Active Duty,Yes
PENTAGON,"38°52'15""N","77°03'21""W",18S UJ 21650 04451,61D,61D (PHYSICIST/NUCLEAR ENGINEER),https://paladindanse111.github.io/AFSC-PDFs/AFSC_files/61D.html,https://paladindanse111.github.io/AFSC-PDFs/BASE_files/BASE_PENTAGON.html,,Active Duty,Yes
PETERSON SFB,"38°49'32""N","104°41'58""W",13S EC 26089 97461,61D,61D (PHYSICIST/NUCLEAR ENGINEER),https://paladindanse111.github.io/AFSC-PDFs/AFSC_files/61D.html,https://paladindanse111.github.io/AFSC-PDFs/BASE_files/BASE_PETERSON_SFB.html,,Active Duty,Yes
ROME LAB MTC,"43° 13' 57""N","75° 25' 0""W",18T VN 66166 86718,61D,61D (PHYSICIST/NUCLEAR ENGINEER),https://paladindanse111.github.io/AFSC-PDFs/AFSC_files/61D.html,https://paladindanse111.github.io/AFSC-PDFs/BASE_files/BASE_ROME_LAB_MTC.html,,Active Duty,Yes
WASHINGTON DC,"38°55'0.00""N","77°4'0.00""W",,61D,61D (PHYSICIST/NUCLEAR ENGINEER),https://paladindanse111.github.io/AFSC-PDFs/AFSC_files/61D.html,,,Active Duty,No
WRIGHT-PATTERSON AFB,"39°48'37""N","84°01'55""W",16S GK 54072 10915,61D,61D (PHYSICIST/NUCLEAR ENGINEER),https://paladindanse111.github.io/AFSC-PDFs/AFSC_files/61D.html,https://paladindanse111.github.io/AFSC-PDFs/BASE_files/BASE_WRIGHT-PATTERSON_AFB.html,,Active Duty,Yes
ABERDEEN PROVING GROUND,"39°29'30.00""N","76°8'10.00""W",,62E,62E (DEVELOPMENTAL ENGINEER),https://paladindanse111.github.io/AFSC-PDFs/AFSC_files/62E.html,,,Active Duty,Yes
AL UDEID AB ABS,"25°7'2.00""N","51°18'54.00""E",,62E,62E (DEVELOPMENTAL ENGINEER),https://paladindanse111.github.io/AFSC-PDFs/AFSC_files/62E.html,,,Active Duty,No
ANDREWS JB,"38°47'46""N","76°53'00""W",18S UH 36445 95835,62E,62E (DEVELOPMENTAL ENGINEER),https://paladindanse111.github.io/AFSC-PDFs/AFSC_files/62E.html,https://paladindanse111.github.io/AFSC-PDFs/BASE_files/BASE_ANDREWS_JB.html,,Active Duty,Yes
ARLINGTON VA,"38°55'0.00""N","77°10'0.00""W",,62E,62E (DEVELOPMENTAL ENGINEER),https://paladindanse111.github.io/AFSC-PDFs/AFSC_files/62E.html,,,Active Duty,No
ARNOLD AFB,"35°22'58""N","86°01'49""W",16S EE 88076 15924,62E,62E (DEVELOPMENTAL ENGINEER),https://paladindanse111.github.io/AFSC-PDFs/AFSC_files/62E.html,https://paladindanse111.github.io/AFSC-PDFs/BASE_files/BASE_ARNOLD_AFB.html,,Active Duty,Yes
AURORA CO,"39°43'46.00""N","104°49'53.00""W",,62E,62E (DEVELOPMENTAL ENGINEER),https://paladindanse111.github.io/AFSC-PDFs/AFSC_files/62E.html,,,Active Duty,No
BARKSDALE AFB,"32°29'45""N","93°40'21""W",15S VR 36822 95596,62E,62E (DEVELOPMENTAL ENGINEER),https://paladindanse111.github.io/AFSC-PDFs/AFSC_files/62E.html,https://paladindanse111.github.io/AFSC-PDFs/BASE_files/BASE_BARKSDALE_AFB.html,,Active Duty,Yes
BEALE AFB,"39°06'41""N","121°21'35""W",10S FJ 41815 30418,62E,62E (DEVELOPMENTAL ENGINEER),https://paladindanse111.github.io/AFSC-PDFs/AFSC_files/62E.html,https://paladindanse111.github.io/AFSC-PDFs/BASE_files/BASE_BEALE_AFB.html,,Active Duty,Yes
BOULDER CO,"40°0'54.00""N","105°16'12.00""W",,62E,62E (DEVELOPMENTAL ENGINEER),https://paladindanse111.github.io/AFSC-PDFs/AFSC_files/62E.html,,,Active Duty,No
BUCKLEY SFB,"39°42'09""N","104°45'29""W",13S ED 20741 94766,62E,62E (DEVELOPMENTAL ENGINEER),https://paladindanse111.github.io/AFSC-PDFs/AFSC_files/62E.html,https://paladindanse111.github.io/AFSC-PDFs/BASE_files/BASE_BUCKLEY_SFB.html,,Active Duty,Yes
CAMP MACKALL,"35°7'60.00""N","79°25'60.00""W",,62E,62E (DEVELOPMENTAL ENGINEER),https://paladindanse111.github.io/AFSC-PDFs/AFSC_files/62E.html,,,Active Duty,No
CAPE CANAVERAL SFS,"28°29'19""N","80°34'22""W",17R NM 41814 51404,62E,62E (DEVELOPMENTAL ENGINEER),https://paladindanse111.github.io/AFSC-PDFs/AFSC_files/62E.html,https://paladindanse111.github.io/AFSC-PDFs/BASE_files/BASE_CAPE_CANAVERAL_SFS.html,,Active Duty,Yes
CHARLOTTESVILLE,"38°1'60.00""N","78°28'60.00""W",,62E,62E (DEVELOPMENTAL ENGINEER),https://paladindanse111.github.io/AFSC-PDFs/AFSC_files/62E.html,,,Active Duty,Yes
COLOGNE,"50°55'60.00""N","6°57'0.00""E",,62E,62E (DEVELOPMENTAL ENGINEER),https://paladindanse111.github.io/AFSC-PDFs/AFSC_files/62E.html,,,Active Duty,No
COLORADO SPRINGS,"38°50'2.00""N","104°49'15.00""W",,62E,62E (DEVELOPMENTAL ENGINEER),https://paladindanse111.github.io/AFSC-PDFs/AFSC_files/62E.html,,,Active Duty,Yes
CREECH AFB,"36°34'41""N","115°39'29""W",11S PA 20060 48904,62E,62E (DEVELOPMENTAL ENGINEER),https://paladindanse111.github.io/AFSC-PDFs/AFSC_files/62E.html,https://paladindanse111.github.io/AFSC-PDFs/BASE_files/BASE_CREECH_AFB.html,,Active Duty,Yes
DAVIS-MONTHAN AFB,"32°10'14""N","110°52'39""W",12S WA 11549 59347,62E,62E (DEVELOPMENTAL ENGINEER),https://paladindanse111.github.io/AFSC-PDFs/AFSC_files/62E.html,https://paladindanse111.github.io/AFSC-PDFs/BASE_files/BASE_DAVIS-MONTHAN_AFB.html,,Active Duty,Yes
DECATUR AL,"34°34'60.00""N","87°0'0.00""W",,62E,62E (DEVELOPMENTAL ENGINEER),https://paladindanse111.github.io/AFSC-PDFs/AFSC_files/62E.html,,,Active Duty,No
DENVER CO,"39°44'21.00""N","104°59'3.00""W",,62E,62E (DEVELOPMENTAL ENGINEER),https://paladindanse111.github.io/AFSC-PDFs/AFSC_files/62E.html,,,Active Duty,No
DYESS AFB,"32°25'17""N","99°50'31""W",14S MA 20838 87456,62E,62E (DEVELOPMENTAL ENGINEER),https://paladindanse111.github.io/AFSC-PDFs/AFSC_files/62E.html,https://paladindanse111.github.io/AFSC-PDFs/BASE_files/BASE_DYESS_AFB.html,,Active Duty,Yes
EDWARDS AFB,"34°55'25""N","117°53'29""W",11S MU 18582 64934,62E,62E (DEVELOPMENTAL ENGINEER),https://paladindanse111.github.io/AFSC-PDFs/AFSC_files/62E.html,https://paladindanse111.github.io/AFSC-PDFs/BASE_files/BASE_EDWARDS_AFB.html,,Active Duty,Yes
EGLIN AFB,"30°27'49""N","86°33'11""W",16R EU 42905 70243,62E,62E (DEVELOPMENTAL ENGINEER),https://paladindanse111.github.io/AFSC-PDFs/AFSC_files/62E.html,https://paladindanse111.github.io/AFSC-PDFs/BASE_files/BASE_EGLIN_AFB.html,,Active Duty,Yes
EL SEGUNDO CA,"33°55'60.00""N","118°25'0.00""W",,62E,62E (DEVELOPMENTAL ENGINEER),https://paladindanse111.github.io/AFSC-PDFs/AFSC_files/62E.html,,,Active Duty,No
ELLSWORTH AFB,"44°08'54""N","103°05'15""W",13T FJ 52951 90126,62E,62E (DEVELOPMENTAL ENGINEER),https://paladindanse111.github.io/AFSC-PDFs/AFSC_files/62E.html,https://paladindanse111.github.io/AFSC-PDFs/BASE_files/BASE_ELLSWORTH_AFB.html,,Active Duty,Yes
FAREHAM UK,"50°51'0.00""N","1°10'48.00""W",,62E,62E (DEVELOPMENTAL ENGINEER),https://paladindanse111.github.io/AFSC-PDFs/AFSC_files/62E.html,,,Active Duty,No
FE WARREN AFB,"41°08'32""N","104°52'41""W",13T EF 10233 54552,62E,62E (DEVELOPMENTAL ENGINEER),https://paladindanse111.github.io/AFSC-PDFs/AFSC_files/62E.html,https://paladindanse111.github.io/AFSC-PDFs/BASE_files/BASE_FE_WARREN_AFB.html,,Active Duty,Yes
FT BELVOIR,"38°40'60.00""N","77°7'60.00""W",,62E,62E (DEVELOPMENTAL ENGINEER),https://paladindanse111.github.io/AFSC-PDFs/AFSC_files/62E.html,,,Active Duty,Yes
FT GEORGE G MEADE,"39°6'0.00""N","76°43'0.00""W",,62E,62E (DEVELOPMENTAL ENGINEER),https://paladindanse111.github.io/AFSC-PDFs/AFSC_files/62E.html,,,Active Duty,Yes
FT GORDON,"33°25'0.00""N","82°7'60.00""W",,62E,62E (DEVELOPMENTAL ENGINEER),https://paladindanse111.github.io/AFSC-PDFs/AFSC_files/62E.html,,,Active Duty,Yes
FT HUACHUCA,"31°33'0.00""N","110°19'60.00""W",,62E,62E (DEVELOPMENTAL ENGINEER),https://paladindanse111.github.io/AFSC-PDFs/AFSC_files/62E.html,,,Active Duty,No
FT WORTH TX,"32°45'0.00""N","97°17'60.00""W",,62E,62E (DEVELOPMENTAL ENGINEER),https://paladindanse111.github.io/AFSC-PDFs/AFSC_files/62E.html,,,Active Duty,No
GREENVILLE TX,"33°8'60.00""N","96°7'0.00""W",,62E,62E (DEVELOPMENTAL ENGINEER),https://paladindanse111.github.io/AFSC-PDFs/AFSC_files/62E.html,,,Active Duty,No
HANSCOM AFB,"42°27'23""N","71°16'35""W",19T CH 12823 02961,62E,62E (DEVELOPMENTAL ENGINEER),https://paladindanse111.github.io/AFSC-PDFs/AFSC_files/62E.html,https://paladindanse111.github.io/AFSC-PDFs/BASE_files/BASE_HANSCOM_AFB.html,,Active Duty,Yes
HILL AFB,"41°06'36""N","111°58'56""W",12T VL 17530 51433,62E,62E (DEVELOPMENTAL ENGINEER),https://paladindanse111.github.io/AFSC-PDFs/AFSC_files/62E.html,https://paladindanse111.github.io/AFSC-PDFs/BASE_files/BASE_HILL_AFB.html,,Active Duty,Yes
HOLLOMAN AFB,"32°50'33""N","106°05'55""W",13S CS 97187 34361,62E,62E (DEVELOPMENTAL ENGINEER),https://paladindanse111.github.io/AFSC-PDFs/AFSC_files/62E.html,https://paladindanse111.github.io/AFSC-PDFs/BASE_files/BASE_HOLLOMAN_AFB.html,,Active Duty,Yes
HUNTSVILLE AL,"34°42'0.00""N","86°34'60.00""W",,62E,62E (DEVELOPMENTAL ENGINEER),https://paladindanse111.github.io/AFSC-PDFs/AFSC_files/62E.html,,,Active Duty,No
HURLBURT FIELD,"30°25'23""N","86°41'41""W",16R EU 29317 65704,62E,62E (DEVELOPMENTAL ENGINEER),https://paladindanse111.github.io/AFSC-PDFs/AFSC_files/62E.html,https://paladindanse111.github.io/AFSC-PDFs/BASE_files/BASE_HURLBURT_FIELD.html,,Active Duty,Yes
JB ANACOSTIA-BOLLING,"38°52'0.00""N","76°58'60.00""W",,62E,62E (DEVELOPMENTAL ENGINEER),https://paladindanse111.github.io/AFSC-PDFs/AFSC_files/62E.html,,,Active Duty,Yes
JB LANGLEY-EUSTIS,"37°05'00""N","76°21'33""W",18S UG 79195 04980,62E,62E (DEVELOPMENTAL ENGINEER),https://paladindanse111.github.io/AFSC-PDFs/AFSC_files/62E.html,https://paladindanse111.github.io/AFSC-PDFs/BASE_files/BASE_JB_LANGLEY-EUSTIS.html,,Active Duty,Yes
JB LEWIS-MCCHORD,"47°05'30""N","122°36'53""W",10T ET 29240 15422,62E,62E (DEVELOPMENTAL ENGINEER),https://paladindanse111.github.io/AFSC-PDFs/AFSC_files/62E.html,https://paladindanse111.github.io/AFSC-PDFs/BASE_files/BASE_JB_LEWIS-MCCHORD.html,,Active Duty,Yes
JB PEARL HARBOR-HICKAM,"21°20'15""N","157°57'43""W",4Q FJ 07643 59855,62E,62E (DEVELOPMENTAL ENGINEER),https://paladindanse111.github.io/AFSC-PDFs/AFSC_files/62E.html,https://paladindanse111.github.io/AFSC-PDFs/BASE_files/BASE_JB_PEARL_HARBOR-HICKAM.html,,Active Duty,Yes
JBSA FT SAM HOUSTON,"29°26'59""N","98°27'02""W",14R NT 53282 57938,62E,62E (DEVELOPMENTAL ENGINEER),https://paladindanse111.github.io/AFSC-PDFs/AFSC_files/62E.html,https://paladindanse111.github.io/AFSC-PDFs/BASE_files/BASE_JBSA_FT_SAM_HOUSTON.html,,Active Duty,Yes
JBSA LACKLAND,"29°23'14""N","98°37'16""W",14R NT 36765 50947,62E,62E (DEVELOPMENTAL ENGINEER),https://paladindanse111.github.io/AFSC-PDFs/AFSC_files/62E.html,https://paladindanse111.github.io/AFSC-PDFs/BASE_files/BASE_JBSA_LACKLAND.html,,Active Duty,Yes
JBSA RANDOLPH,"29°31'57""N","98°16'45""W",14R NT 69847 67200,62E,62E (DEVELOPMENTAL ENGINEER),https://paladindanse111.github.io/AFSC-PDFs/AFSC_files/62E.html,https://paladindanse111.github.io/AFSC-PDFs/BASE_files/BASE_JBSA_RANDOLPH.html,,Active Duty,Yes
KADENA AB,"26°21'20.00""N","127°46'3.00""E",,62E,62E (DEVELOPMENTAL ENGINEER),https://paladindanse111.github.io/AFSC-PDFs/AFSC_files/62E.html,,,Active Duty,Yes
KEESLER AFB,"30°24'34""N","88°55'34""W",16R CU 14981 65731,62E,62E (DEVELOPMENTAL ENGINEER),https://paladindanse111.github.io/AFSC-PDFs/AFSC_files/62E.html,https://paladindanse111.github.io/AFSC-PDFs/BASE_files/BASE_KEESLER_AFB.html,,Active Duty,Yes
KIRTLAND AFB,"35°00'39""N","106°30'44""W",13S CU 62019 75289,62E,62E (DEVELOPMENTAL ENGINEER),https://paladindanse111.github.io/AFSC-PDFs/AFSC_files/62E.html,https://paladindanse111.github.io/AFSC-PDFs/BASE_files/BASE_KIRTLAND_AFB.html,,Active Duty,Yes
KJELLER AB,"59°58'9.00""N","11°2'10.00""E",,62E,62E (DEVELOPMENTAL ENGINEER),https://paladindanse111.github.io/AFSC-PDFs/AFSC_files/62E.html,,,Active Duty,No
L B JOHNSON SP CN COM,"29°37'0.00""N","95°10'0.00""W",,62E,62E (DEVELOPMENTAL ENGINEER),https://paladindanse111.github.io/AFSC-PDFs/AFSC_files/62E.html,,,Active Duty,No
LONDON,"51°28'20.00""N","0°29'15.00""W",,62E,62E (DEVELOPMENTAL ENGINEER),https://paladindanse111.github.io/AFSC-PDFs/AFSC_files/62E.html,,,Active Duty,No
LOS ANGELES SFB,"33°54'59""N","118°22'58""W",11S LT 72173 53746,62E,62E (DEVELOPMENTAL ENGINEER),https://paladindanse111.github.io/AFSC-PDFs/AFSC_files/62E.html,https://paladindanse111.github.io/AFSC-PDFs/BASE_files/BASE_LOS_ANGELES.html,,Active Duty,No
MAINZ KASTEL,"50°1'60.00""N","8°34'0.00""E",,62E,62E (DEVELOPMENTAL ENGINEER),https://paladindanse111.github.io/AFSC-PDFs/AFSC_files/62E.html,,,Active Duty,No
MALMSTROM AFB,"47°30'17""N","111°10'56""W",12T VT 86277 61270,62E,62E (DEVELOPMENTAL ENGINEER),https://paladindanse111.github.io/AFSC-PDFs/AFSC_files/62E.html,https://paladindanse111.github.io/AFSC-PDFs/BASE_files/BASE_MALMSTROM_AFB.html,,Active Duty,Yes
MAUI ISLAND,"20°45'0.00""N","156°15'0.00""W",,62E,62E (DEVELOPMENTAL ENGINEER),https://paladindanse111.github.io/AFSC-PDFs/AFSC_files/62E.html,,,Active Duty,Yes
MAXWELL-GUNTER AFB,"33°58'25.00""N","86°5'13.00""W",,62E,62E (DEVELOPMENTAL ENGINEER),https://paladindanse111.github.io/AFSC-PDFs/AFSC_files/62E.html,,,Active Duty,Yes
MENWITH HILL RAF,"54°0'0.00""N","1°33'0.00""W",,62E,62E (DEVELOPMENTAL ENGINEER),https://paladindanse111.github.io/AFSC-PDFs/AFSC_files/62E.html,,,Active Duty,No
MINOT AFB,"48°25'13""N","101°19'36""W",14U LU 27861 65629,62E,62E (DEVELOPMENTAL ENGINEER),https://paladindanse111.github.io/AFSC-PDFs/AFSC_files/62E.html,https://paladindanse111.github.io/AFSC-PDFs/BASE_files/BASE_MINOT_AFB.html,,Active Duty,Yes
MORRIS ANG,"32°6'58.00""N","110°56'28.00""W",,62E,62E (DEVELOPMENTAL ENGINEER),https://paladindanse111.github.io/AFSC-PDFs/AFSC_files/62E.html,,,Active Duty,No
MUNICH,"48°12'0.00""N","11°34'60.00""E",,62E,62E (DEVELOPMENTAL ENGINEER),https://paladindanse111.github.io/AFSC-PDFs/AFSC_files/62E.html,,,Active Duty,No
NASHUA NH,"42°46'0.00""N","71°28'0.00""W",,62E,62E (DEVELOPMENTAL ENGINEER),https://paladindanse111.github.io/AFSC-PDFs/AFSC_files/62E.html,,,Active Duty,No
NELLIS AFB,"36°14'25""N","115°03'14""W",11S PA 74874 12355,62E,62E (DEVELOPMENTAL ENGINEER),https://paladindanse111.github.io/AFSC-PDFs/AFSC_files/62E.html,https://paladindanse111.github.io/AFSC-PDFs/BASE_files/BASE_NELLIS_AFB.html,,Active Duty,Yes
NEUBIBERG,"48°4'0.00""N","11°40'60.00""E",,62E,62E (DEVELOPMENTAL ENGINEER),https://paladindanse111.github.io/AFSC-PDFs/AFSC_files/62E.html,,,Active Duty,No
NGA HQ SPRINGFIELD,"38°45'0.00""N","77°13'0.00""W",,62E,62E (DEVELOPMENTAL ENGINEER),https://paladindanse111.github.io/AFSC-PDFs/AFSC_files/62E.html,,,Active Duty,No
NORTH LAS VEGAS NV,"36°15'0.00""N","115°10'0.00""W",,62E,62E (DEVELOPMENTAL ENGINEER),https://paladindanse111.github.io/AFSC-PDFs/AFSC_files/62E.html,,,Active Duty,No
NRO HQ CHANTILLY,"38°53'18.00""N","77°25'54.00""W",,62E,62E (DEVELOPMENTAL ENGINEER),https://paladindanse111.github.io/AFSC-PDFs/AFSC_files/62E.html,,,Active Duty,No
OFFUTT AFB,"41°07'25""N","95°54'52""W",15T TF 55334 56573,62E,62E (DEVELOPMENTAL ENGINEER),https://paladindanse111.github.io/AFSC-PDFs/AFSC_files/62E.html,https://paladindanse111.github.io/AFSC-PDFs/BASE_files/BASE_OFFUTT_AFB.html,,Active Duty,Yes
PATRICK SFB,"28°14'21""N","80°36'26""W",17R NM 38533 23759,62E,62E (DEVELOPMENTAL ENGINEER),https://paladindanse111.github.io/AFSC-PDFs/AFSC_files/62E.html,https://paladindanse111.github.io/AFSC-PDFs/BASE_files/BASE_PATRICK_SFB.html,,Active Duty,Yes
PATUXENT RIVER NA,"38°17'10.00""N","76°24'42.00""W",,62E,62E (DEVELOPMENTAL ENGINEER),https://paladindanse111.github.io/AFSC-PDFs/AFSC_files/62E.html,,,Active Duty,Yes
PENTAGON,"38°52'15""N","77°03'21""W",18S UJ 21650 04451,62E,62E (DEVELOPMENTAL ENGINEER),https://paladindanse111.github.io/AFSC-PDFs/AFSC_files/62E.html,https://paladindanse111.github.io/AFSC-PDFs/BASE_files/BASE_PENTAGON.html,,Active Duty,Yes
PETERSON SFB,"38°49'32""N","104°41'58""W",13S EC 26089 97461,62E,62E (DEVELOPMENTAL ENGINEER),https://paladindanse111.github.io/AFSC-PDFs/AFSC_files/62E.html,https://paladindanse111.github.io/AFSC-PDFs/BASE_files/BASE_PETERSON_SFB.html,,Active Duty,Yes
POINT MUGU NAS,"34°7'13.00""N","119°7'15.00""W",,62E,62E (DEVELOPMENTAL ENGINEER),https://paladindanse111.github.io/AFSC-PDFs/AFSC_files/62E.html,,,Active Duty,No
POWAY,"32° 57' 5""N","117° 1' 7""W",11S MS 98260 45898,62E,62E1A (DEVELOPMENTAL ENGINEER),https://paladindanse111.github.io/AFSC-PDFs/62E.html,https://paladindanse111.github.io/AFSC-PDFs/BASE_POWAY.html,,Active Duty,Yes
POWAY CA,"32°57'5.00""N","117°1'7.00""W",,62E,62E (DEVELOPMENTAL ENGINEER),https://paladindanse111.github.io/AFSC-PDFs/AFSC_files/62E.html,,,Active Duty,No
RAMSTEIN AB,"49°26'10.00""N","7°36'23.00""E",,62E,62E (DEVELOPMENTAL ENGINEER),https://paladindanse111.github.io/AFSC-PDFs/AFSC_files/62E.html,,,Active Duty,Yes
RESTON VA,"38°55'0.00""N","77°20'60.00""W",,62E,62E (DEVELOPMENTAL ENGINEER),https://paladindanse111.github.io/AFSC-PDFs/AFSC_files/62E.html,,,Active Duty,No
ROBINS AFB,"32°38'23""N","83°35'30""W",17S KS 56883 14314,62E,62E (DEVELOPMENTAL ENGINEER),https://paladindanse111.github.io/AFSC-PDFs/AFSC_files/62E.html,https://paladindanse111.github.io/AFSC-PDFs/BASE_files/BASE_ROBINS_AFB.html,,Active Duty,Yes
ROME ITALY,"41°53'60.00""N","12°28'60.00""E",,62E,62E (DEVELOPMENTAL ENGINEER),https://paladindanse111.github.io/AFSC-PDFs/AFSC_files/62E.html,,,Active Duty,No
ROME LAB MTC,"43° 13' 57""N","75° 25' 0""W",18T VN 66166 86718,62E,62E (DEVELOPMENTAL ENGINEER),https://paladindanse111.github.io/AFSC-PDFs/AFSC_files/62E.html,https://paladindanse111.github.io/AFSC-PDFs/BASE_files/BASE_ROME_LAB_MTC.html,,Active Duty,Yes
SAN ANTONIO TX,"29°28'0.00""N","98°31'0.00""W",,62E,62E (DEVELOPMENTAL ENGINEER),https://paladindanse111.github.io/AFSC-PDFs/AFSC_files/62E.html,,,Active Duty,No
SAN DIEGO CA,"32°40'60.00""N","117°7'60.00""W",,62E,62E (DEVELOPMENTAL ENGINEER),https://paladindanse111.github.io/AFSC-PDFs/AFSC_files/62E.html,,,Active Duty,No
SCHRIEVER SFB,"38°48'12""N","104°31'32""W",13S EC 41196 95059,62E,62E (DEVELOPMENTAL ENGINEER),https://paladindanse111.github.io/AFSC-PDFs/AFSC_files/62E.html,https://paladindanse111.github.io/AFSC-PDFs/BASE_files/BASE_SCHRIEVER_SFB.html,,Active Duty,Yes
SEATTLE WA,"47°36'0.00""N","122°19'0.00""W",,62E,62E (DEVELOPMENTAL ENGINEER),https://paladindanse111.github.io/AFSC-PDFs/AFSC_files/62E.html,,,Active Duty,No
SODAEJON IC OPA,"36°17'25.00""N","127°19'0.00""E",,62E,62E (DEVELOPMENTAL ENGINEER),https://paladindanse111.github.io/AFSC-PDFs/AFSC_files/62E.html,,,Active Duty,No
SUNNYVALE CA,"37°30'0.00""N","122°22'0.00""W",,62E,62E (DEVELOPMENTAL ENGINEER),https://paladindanse111.github.io/AFSC-PDFs/AFSC_files/62E.html,,,Active Duty,No
TACHIKAWA,"35°42'0.00""N","139°24'0.00""E",,62E,62E (DEVELOPMENTAL ENGINEER),https://paladindanse111.github.io/AFSC-PDFs/AFSC_files/62E.html,,,Active Duty,No
TEXAS A&M,"30°36'0.00""N","96°19'60.00""W",,62E,62E (DEVELOPMENTAL ENGINEER),https://paladindanse111.github.io/AFSC-PDFs/AFSC_files/62E.html,,,Active Duty,No
TINKER AFB,"35°25'09""N","97°24'15""W",14S PE 44882 20698,62E,62E (DEVELOPMENTAL ENGINEER),https://paladindanse111.github.io/AFSC-PDFs/AFSC_files/62E.html,https://paladindanse111.github.io/AFSC-PDFs/BASE_files/BASE_TINKER_AFB.html,,Active Duty,Yes
TUCSON INTL,"32° 6' 58""N","110° 56' 28""W",12S WA 05555 53307,62E,62E1A (DEVELOPMENTAL ENGINEER),https://paladindanse111.github.io/AFSC-PDFs/62E.html,https://paladindanse111.github.io/AFSC-PDFs/BASE_TUCSON_INTL.html,,Active Duty,Yes
TYNDALL AFB,"30°04'47""N","85°36'26""W",16R FU 34229 28437,62E,62E (DEVELOPMENTAL ENGINEER),https://paladindanse111.github.io/AFSC-PDFs/AFSC_files/62E.html,https://paladindanse111.github.io/AFSC-PDFs/BASE_files/BASE_TYNDALL_AFB.html,,Active Duty,Yes
USAF ACADEMY,"39°0'0.00""N","104°52'60.00""W",,62E,62E (DEVELOPMENTAL ENGINEER),https://paladindanse111.github.io/AFSC-PDFs/AFSC_files/62E.html,,,Active Duty,No
VANDENBERG SFB,"34°44'31""N","120°34'20""W",10S GD 22255 47110,62E,62E (DEVELOPMENTAL ENGINEER),https://paladindanse111.github.io/AFSC-PDFs/AFSC_files/62E.html,https://paladindanse111.github.io/AFSC-PDFs/BASE_files/BASE_VANDENBERG_SFB.html,,Active Duty,Yes
WARSAW,"52°10'60.00""N","21°0'0.00""E",,62E,62E (DEVELOPMENTAL ENGINEER),https://paladindanse111.github.io/AFSC-PDFs/AFSC_files/62E.html,,,Active Duty,No
WASHINGTON DC,"38°55'0.00""N","77°4'0.00""W",,62E,62E (DEVELOPMENTAL ENGINEER),https://paladindanse111.github.io/AFSC-PDFs/AFSC_files/62E.html,,,Active Duty,No
WATERTON CO,"39°29'37.00""N","105°5'17.00""W",,62E,62E (DEVELOPMENTAL ENGINEER),https://paladindanse111.github.io/AFSC-PDFs/AFSC_files/62E.html,,,Active Duty,No
WHITE SAND MSL RG,"32° 24' 0""N","106° 24' 0""W",13S CR 68334 85636,62E,62E1A (DEVELOPMENTAL ENGINEER),https://paladindanse111.github.io/AFSC-PDFs/62E.html,https://paladindanse111.github.io/AFSC-PDFs/BASE_WHITE_SAND_MSL_RG.html,,Active Duty,Yes
WHITE SAND MSL RG AIN,"32°23'60.00""N","106°24'0.00""W",,62E,62E (DEVELOPMENTAL ENGINEER),https://paladindanse111.github.io/AFSC-PDFs/AFSC_files/62E.html,,,Active Duty,No
WHITEMAN AFB,"38°43'44""N","93°33'37""W",15S VC 51299 86840,62E,62E (DEVELOPMENTAL ENGINEER),https://paladindanse111.github.io/AFSC-PDFs/AFSC_files/62E.html,https://paladindanse111.github.io/AFSC-PDFs/BASE_files/BASE_WHITEMAN_AFB.html,,Active Duty,Yes
WINDSOR LOCKS CT,"41°55'45.00""N","72°37'40.00""W",,62E,62E (DEVELOPMENTAL ENGINEER),https://paladindanse111.github.io/AFSC-PDFs/AFSC_files/62E.html,,,Active Duty,No
WRIGHT-PATTERSON AFB,"39°48'37""N","84°01'55""W",16S GK 54072 10915,62E,62E (DEVELOPMENTAL ENGINEER),https://paladindanse111.github.io/AFSC-PDFs/AFSC_files/62E.html,https://paladindanse111.github.io/AFSC-PDFs/BASE_files/BASE_WRIGHT-PATTERSON_AFB.html,,Active Duty,Yes
YOKOTA AB,"35°44'55.00""N","139°20'55.00""E",,62E,62E (DEVELOPMENTAL ENGINEER),https://paladindanse111.github.io/AFSC-PDFs/AFSC_files/62E.html,,,Active Duty,Yes
ABERDEEN PROVING GROUND,"39°29'30.00""N","76°8'10.00""W",,63A,63A (ACQUISITION MANAGER),https://paladindanse111.github.io/AFSC-PDFs/AFSC_files/63A.html,,,Active Duty,Yes
ANDOVER MA,"42°37'60.00""N","71°9'0.00""W",,63A,63A (ACQUISITION MANAGER),https://paladindanse111.github.io/AFSC-PDFs/AFSC_files/63A.html,,,Active Duty,No
ANDREWS JB,"38°47'46""N","76°53'00""W",18S UH 36445 95835,63A,63A (ACQUISITION MANAGER),https://paladindanse111.github.io/AFSC-PDFs/AFSC_files/63A.html,https://paladindanse111.github.io/AFSC-PDFs/BASE_files/BASE_ANDREWS_JB.html,,Active Duty,Yes
ANNAPOLIS MD,"38°58'60.00""N","76°30'0.00""W",,63A,63A (ACQUISITION MANAGER),https://paladindanse111.github.io/AFSC-PDFs/AFSC_files/63A.html,,,Active Duty,No
ARLINGTON,"38° 55' 0""N","77° 10' 0""W",18S UJ 12155 09760,63A,63A1 (DEVELOPMENTAL ENGINEER),https://paladindanse111.github.io/AFSC-PDFs/63A.html,https://paladindanse111.github.io/AFSC-PDFs/BASE_ARLINGTON.html,,Active Duty,Yes
ARLINGTON VA,"38°55'0.00""N","77°10'0.00""W",,63A,63A (ACQUISITION MANAGER),https://paladindanse111.github.io/AFSC-PDFs/AFSC_files/63A.html,,,Active Duty,No
ARNOLD AFB,"35°22'58""N","86°01'49""W",16S EE 88076 15924,63A,63A (ACQUISITION MANAGER),https://paladindanse111.github.io/AFSC-PDFs/AFSC_files/63A.html,https://paladindanse111.github.io/AFSC-PDFs/BASE_files/BASE_ARNOLD_AFB.html,,Active Duty,Yes
AUSTIN TX,"30°16'0.00""N","97°43'0.00""W",,63A,63A (ACQUISITION MANAGER),https://paladindanse111.github.io/AFSC-PDFs/AFSC_files/63A.html,,,Active Duty,No
BOULDER CO,"40°0'54.00""N","105°16'12.00""W",,63A,63A (ACQUISITION MANAGER),https://paladindanse111.github.io/AFSC-PDFs/AFSC_files/63A.html,,,Active Duty,No
BUCKLEY SFB,"39°42'09""N","104°45'29""W",13S ED 20741 94766,63A,63A (ACQUISITION MANAGER),https://paladindanse111.github.io/AFSC-PDFs/AFSC_files/63A.html,https://paladindanse111.github.io/AFSC-PDFs/BASE_files/BASE_BUCKLEY_SFB.html,,Active Duty,Yes
CAMP MACKALL,"35°7'60.00""N","79°25'60.00""W",,63A,63A (ACQUISITION MANAGER),https://paladindanse111.github.io/AFSC-PDFs/AFSC_files/63A.html,,,Active Duty,No
CAPE CANAVERAL SFS,"28°29'19""N","80°34'22""W",17R NM 41814 51404,63A,63A (ACQUISITION MANAGER),https://paladindanse111.github.io/AFSC-PDFs/AFSC_files/63A.html,https://paladindanse111.github.io/AFSC-PDFs/BASE_files/BASE_CAPE_CANAVERAL_SFS.html,,Active Duty,Yes
CHARLOTTESVILLE,"38°1'60.00""N","78°28'60.00""W",,63A,63A (ACQUISITION MANAGER),https://paladindanse111.github.io/AFSC-PDFs/AFSC_files/63A.html,,,Active Duty,Yes
COLORADO SPRINGS,"38°50'2.00""N","104°49'15.00""W",,63A,63A (ACQUISITION MANAGER),https://paladindanse111.github.io/AFSC-PDFs/AFSC_files/63A.html,,,Active Duty,Yes
CREECH AFB,"36°34'41""N","115°39'29""W",11S PA 20060 48904,63A,63A (ACQUISITION MANAGER),https://paladindanse111.github.io/AFSC-PDFs/AFSC_files/63A.html,https://paladindanse111.github.io/AFSC-PDFs/BASE_files/BASE_CREECH_AFB.html,,Active Duty,Yes
DAVIS-MONTHAN AFB,"32°10'14""N","110°52'39""W",12S WA 11549 59347,63A,63A (ACQUISITION MANAGER),https://paladindanse111.github.io/AFSC-PDFs/AFSC_files/63A.html,https://paladindanse111.github.io/AFSC-PDFs/BASE_files/BASE_DAVIS-MONTHAN_AFB.html,,Active Duty,Yes
DENVER CO,"39°44'21.00""N","104°59'3.00""W",,63A,63A (ACQUISITION MANAGER),https://paladindanse111.github.io/AFSC-PDFs/AFSC_files/63A.html,,,Active Duty,No
DIEGO GARCIA NSA,"7°20'60.00""S","72°28'0.00""E",,63A,63A (ACQUISITION MANAGER),https://paladindanse111.github.io/AFSC-PDFs/AFSC_files/63A.html,,,Active Duty,No
EAST HARTFORD CT,"41°46'56.00""N","72°36'45.00""W",,63A,63A (ACQUISITION MANAGER),https://paladindanse111.github.io/AFSC-PDFs/AFSC_files/63A.html,,,Active Duty,No
EDWARDS AFB,"34°55'25""N","117°53'29""W",11S MU 18582 64934,63A,63A (ACQUISITION MANAGER),https://paladindanse111.github.io/AFSC-PDFs/AFSC_files/63A.html,https://paladindanse111.github.io/AFSC-PDFs/BASE_files/BASE_EDWARDS_AFB.html,,Active Duty,Yes
EGLIN AFB,"30°27'49""N","86°33'11""W",16R EU 42905 70243,63A,63A (ACQUISITION MANAGER),https://paladindanse111.github.io/AFSC-PDFs/AFSC_files/63A.html,https://paladindanse111.github.io/AFSC-PDFs/BASE_files/BASE_EGLIN_AFB.html,,Active Duty,Yes
EIELSON AFB,"64°39'52""N","147°05'45""W",6W VS 95424 71061,63A,63A (ACQUISITION MANAGER),https://paladindanse111.github.io/AFSC-PDFs/AFSC_files/63A.html,https://paladindanse111.github.io/AFSC-PDFs/BASE_files/BASE_EIELSON_AFB.html,,Active Duty,Yes
EL SEGUNDO CA,"33°55'60.00""N","118°25'0.00""W",,63A,63A (ACQUISITION MANAGER),https://paladindanse111.github.io/AFSC-PDFs/AFSC_files/63A.html,,,Active Duty,No
"EVENDALE, OH (USA)","39°6'0.00""N","84°25'0.00""W",,63A,63A (ACQUISITION MANAGER),https://paladindanse111.github.io/AFSC-PDFs/AFSC_files/63A.html,,,Active Duty,No
FT BELVOIR,"38°40'60.00""N","77°7'60.00""W",,63A,63A (ACQUISITION MANAGER),https://paladindanse111.github.io/AFSC-PDFs/AFSC_files/63A.html,,,Active Duty,Yes
FT CARSON,"33°45'20.00""N","118°23'15.00""W",,63A,63A (ACQUISITION MANAGER),https://paladindanse111.github.io/AFSC-PDFs/AFSC_files/63A.html,,,Active Duty,Yes
FT GEORGE G MEADE,"39°6'0.00""N","76°43'0.00""W",,63A,63A (ACQUISITION MANAGER),https://paladindanse111.github.io/AFSC-PDFs/AFSC_files/63A.html,,,Active Duty,Yes
FT HUACHUCA,"31°33'0.00""N","110°19'60.00""W",,63A,63A (ACQUISITION MANAGER),https://paladindanse111.github.io/AFSC-PDFs/AFSC_files/63A.html,,,Active Duty,No
GEILENKIRCHEN AB,"50°57'39.00""N","6°2'30.00""E",,63A,63A (ACQUISITION MANAGER),https://paladindanse111.github.io/AFSC-PDFs/AFSC_files/63A.html,,,Active Duty,No
GREENVILLE TX,"33°8'60.00""N","96°7'0.00""W",,63A,63A (ACQUISITION MANAGER),https://paladindanse111.github.io/AFSC-PDFs/AFSC_files/63A.html,,,Active Duty,No
HANSCOM AFB,"42°27'23""N","71°16'35""W",19T CH 12823 02961,63A,63A (ACQUISITION MANAGER),https://paladindanse111.github.io/AFSC-PDFs/AFSC_files/63A.html,https://paladindanse111.github.io/AFSC-PDFs/BASE_files/BASE_HANSCOM_AFB.html,,Active Duty,Yes
HILL AFB,"41°06'36""N","111°58'56""W",12T VL 17530 51433,63A,63A (ACQUISITION MANAGER),https://paladindanse111.github.io/AFSC-PDFs/AFSC_files/63A.html,https://paladindanse111.github.io/AFSC-PDFs/BASE_files/BASE_HILL_AFB.html,,Active Duty,Yes
HOLLOMAN AFB,"32°50'33""N","106°05'55""W",13S CS 97187 34361,63A,63A (ACQUISITION MANAGER),https://paladindanse111.github.io/AFSC-PDFs/AFSC_files/63A.html,https://paladindanse111.github.io/AFSC-PDFs/BASE_files/BASE_HOLLOMAN_AFB.html,,Active Duty,Yes
HUNTSVILLE AL,"34°42'0.00""N","86°34'60.00""W",,63A,63A (ACQUISITION MANAGER),https://paladindanse111.github.io/AFSC-PDFs/AFSC_files/63A.html,,,Active Duty,No
HURLBURT FIELD,"30°25'23""N","86°41'41""W",16R EU 29317 65704,63A,63A (ACQUISITION MANAGER),https://paladindanse111.github.io/AFSC-PDFs/AFSC_files/63A.html,https://paladindanse111.github.io/AFSC-PDFs/BASE_files/BASE_HURLBURT_FIELD.html,,Active Duty,Yes
JB ANACOSTIA-BOLLING,"38°50'29""N","77°01'05""W",18S UJ 24855 01110,63A,63A (ACQUISITION MANAGER),https://paladindanse111.github.io/AFSC-PDFs/AFSC_files/63A.html,https://paladindanse111.github.io/AFSC-PDFs/BASE_files/BASE_JB_ANACOSTIA-BOLLING.html,,Active Duty,Yes
JB ELMENDORF-RICHARDSON,"61°15'44""N","149°41'53""W",6V UN 55306 94983,63A,63A (ACQUISITION MANAGER),https://paladindanse111.github.io/AFSC-PDFs/AFSC_files/63A.html,https://paladindanse111.github.io/AFSC-PDFs/BASE_files/BASE_JB_ELMENDORF-RICHARDSON.html,,Active Duty,Yes
JB LANGLEY-EUSTIS,"37°05'00""N","76°21'33""W",18S UG 79195 04980,63A,63A (ACQUISITION MANAGER),https://paladindanse111.github.io/AFSC-PDFs/AFSC_files/63A.html,https://paladindanse111.github.io/AFSC-PDFs/BASE_files/BASE_JB_LANGLEY-EUSTIS.html,,Active Duty,Yes
JBSA FT SAM HOUSTON,"29°26'59""N","98°27'02""W",14R NT 53282 57938,63A,63A (ACQUISITION MANAGER),https://paladindanse111.github.io/AFSC-PDFs/AFSC_files/63A.html,https://paladindanse111.github.io/AFSC-PDFs/BASE_files/BASE_JBSA_FT_SAM_HOUSTON.html,,Active Duty,Yes
JBSA LACKLAND,"29°23'14""N","98°37'16""W",14R NT 36765 50947,63A,63A (ACQUISITION MANAGER),https://paladindanse111.github.io/AFSC-PDFs/AFSC_files/63A.html,https://paladindanse111.github.io/AFSC-PDFs/BASE_files/BASE_JBSA_LACKLAND.html,,Active Duty,Yes
JBSA RANDOLPH,"29°31'57""N","98°16'45""W",14R NT 69847 67200,63A,63A (ACQUISITION MANAGER),https://paladindanse111.github.io/AFSC-PDFs/AFSC_files/63A.html,https://paladindanse111.github.io/AFSC-PDFs/BASE_files/BASE_JBSA_RANDOLPH.html,,Active Duty,Yes
KIRTLAND AFB,"35°00'39""N","106°30'44""W",13S CU 62019 75289,63A,63A (ACQUISITION MANAGER),https://paladindanse111.github.io/AFSC-PDFs/AFSC_files/63A.html,https://paladindanse111.github.io/AFSC-PDFs/BASE_files/BASE_KIRTLAND_AFB.html,,Active Duty,Yes
KJELLER AB,"59°58'9.00""N","11°2'10.00""E",,63A,63A (ACQUISITION MANAGER),https://paladindanse111.github.io/AFSC-PDFs/AFSC_files/63A.html,,,Active Duty,No
L B JOHNSON SP CN COM,"29°37'0.00""N","95°10'0.00""W",,63A,63A (ACQUISITION MANAGER),https://paladindanse111.github.io/AFSC-PDFs/AFSC_files/63A.html,,,Active Duty,No
LINTHICUM MD,"39°11'50.00""N","76°41'22.00""W",,63A,63A (ACQUISITION MANAGER),https://paladindanse111.github.io/AFSC-PDFs/AFSC_files/63A.html,,,Active Duty,No
LOS ANGELES SFB,"33°54'59""N","118°22'58""W",11S LT 72173 53746,63A,63A (ACQUISITION MANAGER),https://paladindanse111.github.io/AFSC-PDFs/AFSC_files/63A.html,https://paladindanse111.github.io/AFSC-PDFs/BASE_files/BASE_LOS_ANGELES.html,,Active Duty,No
MAUI ISLAND,"20°45'0.00""N","156°15'0.00""W",,63A,63A (ACQUISITION MANAGER),https://paladindanse111.github.io/AFSC-PDFs/AFSC_files/63A.html,,,Active Duty,Yes
MAXWELL-GUNTER AFB,"33°58'25.00""N","86°5'13.00""W",,63A,63A (ACQUISITION MANAGER),https://paladindanse111.github.io/AFSC-PDFs/AFSC_files/63A.html,,,Active Duty,Yes
NELLIS AFB,"36°14'25""N","115°03'14""W",11S PA 74874 12355,63A,63A (ACQUISITION MANAGER),https://paladindanse111.github.io/AFSC-PDFs/AFSC_files/63A.html,https://paladindanse111.github.io/AFSC-PDFs/BASE_files/BASE_NELLIS_AFB.html,,Active Duty,Yes
NGA HQ SPRINGFIELD,"38°45'0.00""N","77°13'0.00""W",,63A,63A (ACQUISITION MANAGER),https://paladindanse111.github.io/AFSC-PDFs/AFSC_files/63A.html,,,Active Duty,No
NRO HQ CHANTILLY,"38°53'18.00""N","77°25'54.00""W",,63A,63A (ACQUISITION MANAGER),https://paladindanse111.github.io/AFSC-PDFs/AFSC_files/63A.html,,,Active Duty,No
OFFUTT AFB,"41°07'25""N","95°54'52""W",15T TF 55334 56573,63A,63A (ACQUISITION MANAGER),https://paladindanse111.github.io/AFSC-PDFs/AFSC_files/63A.html,https://paladindanse111.github.io/AFSC-PDFs/BASE_files/BASE_OFFUTT_AFB.html,,Active Duty,Yes
PALMDALE CA,"34°34'60.00""N","118°7'0.00""W",,63A,63A (ACQUISITION MANAGER),https://paladindanse111.github.io/AFSC-PDFs/AFSC_files/63A.html,,,Active Duty,No
PATRICK SFB,"28°14'21""N","80°36'26""W",17R NM 38533 23759,63A,63A (ACQUISITION MANAGER),https://paladindanse111.github.io/AFSC-PDFs/AFSC_files/63A.html,https://paladindanse111.github.io/AFSC-PDFs/BASE_files/BASE_PATRICK_SFB.html,,Active Duty,Yes
PATUXENT RIVER NA,"38°17'10.00""N","76°24'42.00""W",,63A,63A (ACQUISITION MANAGER),https://paladindanse111.github.io/AFSC-PDFs/AFSC_files/63A.html,,,Active Duty,Yes
PENTAGON,"38°52'15""N","77°03'21""W",18S UJ 21650 04451,63A,63A (ACQUISITION MANAGER),https://paladindanse111.github.io/AFSC-PDFs/AFSC_files/63A.html,https://paladindanse111.github.io/AFSC-PDFs/BASE_files/BASE_PENTAGON.html,,Active Duty,Yes
PETERSON SFB,"38°49'32""N","104°41'58""W",13S EC 26089 97461,63A,63A (ACQUISITION MANAGER),https://paladindanse111.github.io/AFSC-PDFs/AFSC_files/63A.html,https://paladindanse111.github.io/AFSC-PDFs/BASE_files/BASE_PETERSON_SFB.html,,Active Duty,Yes
POINT MUGU NAS,"34°7'13.00""N","119°7'15.00""W",,63A,63A (ACQUISITION MANAGER),https://paladindanse111.github.io/AFSC-PDFs/AFSC_files/63A.html,,,Active Duty,No
POWAY CA,"32°57'5.00""N","117°1'7.00""W",,63A,63A (ACQUISITION MANAGER),https://paladindanse111.github.io/AFSC-PDFs/AFSC_files/63A.html,,,Active Duty,No
RAMSTEIN AB,"49°26'10.00""N","7°36'23.00""E",,63A,63A (ACQUISITION MANAGER),https://paladindanse111.github.io/AFSC-PDFs/AFSC_files/63A.html,,,Active Duty,Yes
ROBINS AFB,"32°38'23""N","83°35'30""W",17S KS 56883 14314,63A,63A (ACQUISITION MANAGER),https://paladindanse111.github.io/AFSC-PDFs/AFSC_files/63A.html,https://paladindanse111.github.io/AFSC-PDFs/BASE_files/BASE_ROBINS_AFB.html,,Active Duty,Yes
ROLLING MEADOWS IL,"42°5'3.00""N","88°0'47.00""W",,63A,63A (ACQUISITION MANAGER),https://paladindanse111.github.io/AFSC-PDFs/AFSC_files/63A.html,,,Active Duty,No
ROME LAB MTC,"43° 13' 57""N","75° 25' 0""W",18T VN 66166 86718,63A,63A (ACQUISITION MANAGER),https://paladindanse111.github.io/AFSC-PDFs/AFSC_files/63A.html,https://paladindanse111.github.io/AFSC-PDFs/BASE_files/BASE_ROME_LAB_MTC.html,,Active Duty,Yes
SAN ANTONIO TX,"29°28'0.00""N","98°31'0.00""W",,63A,63A (ACQUISITION MANAGER),https://paladindanse111.github.io/AFSC-PDFs/AFSC_files/63A.html,,,Active Duty,No
SAN DIEGO CA,"32°40'60.00""N","117°7'60.00""W",,63A,63A (ACQUISITION MANAGER),https://paladindanse111.github.io/AFSC-PDFs/AFSC_files/63A.html,,,Active Duty,No
SCHRIEVER SFB,"38°48'12""N","104°31'32""W",13S EC 41196 95059,63A,63A (ACQUISITION MANAGER),https://paladindanse111.github.io/AFSC-PDFs/AFSC_files/63A.html,https://paladindanse111.github.io/AFSC-PDFs/BASE_files/BASE_SCHRIEVER_SFB.html,,Active Duty,Yes
SCOTT AFB,"38°32'29""N","89°51'18""W",16S BH 51169 69750,63A,63A (ACQUISITION MANAGER),https://paladindanse111.github.io/AFSC-PDFs/AFSC_files/63A.html,https://paladindanse111.github.io/AFSC-PDFs/BASE_files/BASE_SCOTT_AFB.html,,Active Duty,Yes
SEATTLE WA,"47°36'0.00""N","122°19'0.00""W",,63A,63A (ACQUISITION MANAGER),https://paladindanse111.github.io/AFSC-PDFs/AFSC_files/63A.html,,,Active Duty,No
SINGAPORE,"1°19'60.00""N","103°49'60.00""E",,63A,63A (ACQUISITION MANAGER),https://paladindanse111.github.io/AFSC-PDFs/AFSC_files/63A.html,,,Active Duty,No
SUNNYVALE CA,"37°30'0.00""N","122°22'0.00""W",,63A,63A (ACQUISITION MANAGER),https://paladindanse111.github.io/AFSC-PDFs/AFSC_files/63A.html,,,Active Duty,No
TINKER AFB,"35°25'09""N","97°24'15""W",14S PE 44882 20698,63A,63A (ACQUISITION MANAGER),https://paladindanse111.github.io/AFSC-PDFs/AFSC_files/63A.html,https://paladindanse111.github.io/AFSC-PDFs/BASE_files/BASE_TINKER_AFB.html,,Active Duty,Yes
"TUCSON, AZ (USA)","32°15'0.00""N","110°57'0.00""W",,63A,63A (ACQUISITION MANAGER),https://paladindanse111.github.io/AFSC-PDFs/AFSC_files/63A.html,,,Active Duty,No
TYNDALL AFB,"30°04'47""N","85°36'26""W",16R FU 34229 28437,63A,63A (ACQUISITION MANAGER),https://paladindanse111.github.io/AFSC-PDFs/AFSC_files/63A.html,https://paladindanse111.github.io/AFSC-PDFs/BASE_files/BASE_TYNDALL_AFB.html,,Active Duty,Yes
USAF ACADEMY,"39°0'0.00""N","104°52'60.00""W",,63A,63A (ACQUISITION MANAGER),https://paladindanse111.github.io/AFSC-PDFs/AFSC_files/63A.html,,,Active Duty,No
VANDENBERG SFB,"34°44'31""N","120°34'20""W",10S GD 22255 47110,63A,63A (ACQUISITION MANAGER),https://paladindanse111.github.io/AFSC-PDFs/AFSC_files/63A.html,https://paladindanse111.github.io/AFSC-PDFs/BASE_files/BASE_VANDENBERG_SFB.html,,Active Duty,Yes
WASHINGTON DC,"38°55'0.00""N","77°4'0.00""W",,63A,63A (ACQUISITION MANAGER),https://paladindanse111.github.io/AFSC-PDFs/AFSC_files/63A.html,,,Active Duty,No
WATERTON CO,"39°29'37.00""N","105°5'17.00""W",,63A,63A (ACQUISITION MANAGER),https://paladindanse111.github.io/AFSC-PDFs/AFSC_files/63A.html,,,Active Duty,No
WHITE SAND MSL RG,"32° 24' 0""N","106° 24' 0""W",13S CR 68334 85636,63A,63A1 (DEVELOPMENTAL ENGINEER),https://paladindanse111.github.io/AFSC-PDFs/63A.html,https://paladindanse111.github.io/AFSC-PDFs/BASE_WHITE_SAND_MSL_RG.html,,Active Duty,Yes
WHITE SAND MSL RG AIN,"32°23'60.00""N","106°24'0.00""W",,63A,63A (ACQUISITION MANAGER),https://paladindanse111.github.io/AFSC-PDFs/AFSC_files/63A.html,,,Active Duty,No
WRIGHT-PATTERSON AFB,"39°48'37""N","84°01'55""W",16S GK 54072 10915,63A,63A (ACQUISITION MANAGER),https://paladindanse111.github.io/AFSC-PDFs/AFSC_files/63A.html,https://paladindanse111.github.io/AFSC-PDFs/BASE_files/BASE_WRIGHT-PATTERSON_AFB.html,,Active Duty,Yes
AL UDEID AB ABS,"25°7'2.00""N","51°18'54.00""E",,64P,64P (CONTRACTING),https://paladindanse111.github.io/AFSC-PDFs/AFSC_files/64P.html,,,Active Duty,No
ALTUS AFB,"34°39'18""N","99°17'04""W",14S MD 73935 34821,64P,64P (CONTRACTING),https://paladindanse111.github.io/AFSC-PDFs/AFSC_files/64P.html,https://paladindanse111.github.io/AFSC-PDFs/BASE_files/BASE_ALTUS_AFB.html,,Active Duty,Yes
ANDERSEN AFB,"13°33'46""N","144°55'25""E",55P BR 75307 00327,64P,64P (CONTRACTING),https://paladindanse111.github.io/AFSC-PDFs/AFSC_files/64P.html,https://paladindanse111.github.io/AFSC-PDFs/BASE_files/BASE_ANDERSEN_AFB.html,,Active Duty,Yes
ANDREWS JB,"38°47'46""N","76°53'00""W",18S UH 36445 95835,64P,64P (CONTRACTING),https://paladindanse111.github.io/AFSC-PDFs/AFSC_files/64P.html,https://paladindanse111.github.io/AFSC-PDFs/BASE_files/BASE_ANDREWS_JB.html,,Active Duty,Yes
ARLINGTON VA,"38°55'0.00""N","77°10'0.00""W",,64P,64P (CONTRACTING),https://paladindanse111.github.io/AFSC-PDFs/AFSC_files/64P.html,,,Active Duty,No
AVIANO AB,"46°1'48.00""N","12°35'56.00""E",,64P,64P (CONTRACTING),https://paladindanse111.github.io/AFSC-PDFs/AFSC_files/64P.html,,,Active Duty,Yes
BARKSDALE AFB,"32°29'45""N","93°40'21""W",15S VR 36822 95596,64P,64P (CONTRACTING),https://paladindanse111.github.io/AFSC-PDFs/AFSC_files/64P.html,https://paladindanse111.github.io/AFSC-PDFs/BASE_files/BASE_BARKSDALE_AFB.html,,Active Duty,Yes
BEALE AFB,"39°06'41""N","121°21'35""W",10S FJ 41815 30418,64P,64P (CONTRACTING),https://paladindanse111.github.io/AFSC-PDFs/AFSC_files/64P.html,https://paladindanse111.github.io/AFSC-PDFs/BASE_files/BASE_BEALE_AFB.html,,Active Duty,Yes
CANNON AFB,"34°23'20""N","103°19'05""W",13S FU 54620 06558,64P,64P (CONTRACTING),https://paladindanse111.github.io/AFSC-PDFs/AFSC_files/64P.html,https://paladindanse111.github.io/AFSC-PDFs/BASE_files/BASE_CANNON_AFB.html,,Active Duty,Yes
COLUMBUS AFB,"33°37'38""N","88°26'51""W",16S CC 65739 21763,64P,64P (CONTRACTING),https://paladindanse111.github.io/AFSC-PDFs/AFSC_files/64P.html,https://paladindanse111.github.io/AFSC-PDFs/BASE_files/BASE_COLUMBUS_AFB.html,,Active Duty,Yes
COPENHAGEN,"55°40'60.00""N","12°34'60.00""E",,64P,64P (CONTRACTING),https://paladindanse111.github.io/AFSC-PDFs/AFSC_files/64P.html,,,Active Duty,No
DALLAS TX,"32°16'60.00""N","96°46'60.00""W",,64P,64P (CONTRACTING),https://paladindanse111.github.io/AFSC-PDFs/AFSC_files/64P.html,,,Active Duty,No
DAVIS-MONTHAN AFB,"32°10'14""N","110°52'39""W",12S WA 11549 59347,64P,64P (CONTRACTING),https://paladindanse111.github.io/AFSC-PDFs/AFSC_files/64P.html,https://paladindanse111.github.io/AFSC-PDFs/BASE_files/BASE_DAVIS-MONTHAN_AFB.html,,Active Duty,Yes
DOVER AFB,"39°07'39""N","75°28'06""W",18S VJ 59518 31029,64P,64P (CONTRACTING),https://paladindanse111.github.io/AFSC-PDFs/AFSC_files/64P.html,https://paladindanse111.github.io/AFSC-PDFs/BASE_files/BASE_DOVER_AFB.html,,Active Duty,Yes
DYESS AFB,"32°25'17""N","99°50'31""W",14S MA 20838 87456,64P,64P (CONTRACTING),https://paladindanse111.github.io/AFSC-PDFs/AFSC_files/64P.html,https://paladindanse111.github.io/AFSC-PDFs/BASE_files/BASE_DYESS_AFB.html,,Active Duty,Yes
EGLIN AFB,"30°27'49""N","86°33'11""W",16R EU 42905 70243,64P,64P (CONTRACTING),https://paladindanse111.github.io/AFSC-PDFs/AFSC_files/64P.html,https://paladindanse111.github.io/AFSC-PDFs/BASE_files/BASE_EGLIN_AFB.html,,Active Duty,Yes
EIELSON AFB,"64°39'52""N","147°05'45""W",6W VS 95424 71061,64P,64P (CONTRACTING),https://paladindanse111.github.io/AFSC-PDFs/AFSC_files/64P.html,https://paladindanse111.github.io/AFSC-PDFs/BASE_files/BASE_EIELSON_AFB.html,,Active Duty,Yes
EL SEGUNDO CA,"33°55'60.00""N","118°25'0.00""W",,64P,64P (CONTRACTING),https://paladindanse111.github.io/AFSC-PDFs/AFSC_files/64P.html,,,Active Duty,No
ELLSWORTH AFB,"44°08'54""N","103°05'15""W",13T FJ 52951 90126,64P,64P (CONTRACTING),https://paladindanse111.github.io/AFSC-PDFs/AFSC_files/64P.html,https://paladindanse111.github.io/AFSC-PDFs/BASE_files/BASE_ELLSWORTH_AFB.html,,Active Duty,Yes
ENGLEWOOD CO,"39°38'52.00""N","104°59'14.00""W",,64P,64P (CONTRACTING),https://paladindanse111.github.io/AFSC-PDFs/AFSC_files/64P.html,,,Active Duty,No
"EVENDALE, OH (USA)","39°6'0.00""N","84°25'0.00""W",,64P,64P (CONTRACTING),https://paladindanse111.github.io/AFSC-PDFs/AFSC_files/64P.html,,,Active Duty,No
FAIRCHILD AFB,"47°38'28""N","117°38'41""W",11T MN 51574 76613,64P,64P (CONTRACTING),https://paladindanse111.github.io/AFSC-PDFs/AFSC_files/64P.html,https://paladindanse111.github.io/AFSC-PDFs/BASE_files/BASE_FAIRCHILD_AFB.html,,Active Duty,Yes
FE WARREN AFB,"41°08'32""N","104°52'41""W",13T EF 10233 54552,64P,64P (CONTRACTING),https://paladindanse111.github.io/AFSC-PDFs/AFSC_files/64P.html,https://paladindanse111.github.io/AFSC-PDFs/BASE_files/BASE_FE_WARREN_AFB.html,,Active Duty,Yes
FT CARSON,"33°45'20.00""N","118°23'15.00""W",,64P,64P (CONTRACTING),https://paladindanse111.github.io/AFSC-PDFs/AFSC_files/64P.html,,,Active Duty,Yes
FT WORTH TX,"32°45'0.00""N","97°17'60.00""W",,64P,64P (CONTRACTING),https://paladindanse111.github.io/AFSC-PDFs/AFSC_files/64P.html,,,Active Duty,No
GOODFELLOW AFB,"31°26'09""N","100°24'03""W",14R LV 66873 78753,64P,64P (CONTRACTING),https://paladindanse111.github.io/AFSC-PDFs/AFSC_files/64P.html,https://paladindanse111.github.io/AFSC-PDFs/BASE_files/BASE_GOODFELLOW_AFB.html,,Active Duty,Yes
GRAND FORKS AFB,"47°57'07""N","97°22'57""W",14T PU 20768 12225,64P,64P (CONTRACTING),https://paladindanse111.github.io/AFSC-PDFs/AFSC_files/64P.html,https://paladindanse111.github.io/AFSC-PDFs/BASE_files/BASE_GRAND_FORKS_AFB.html,,Active Duty,Yes
HANSCOM AFB,"42°27'23""N","71°16'35""W",19T CH 12823 02961,64P,64P (CONTRACTING),https://paladindanse111.github.io/AFSC-PDFs/AFSC_files/64P.html,https://paladindanse111.github.io/AFSC-PDFs/BASE_files/BASE_HANSCOM_AFB.html,,Active Duty,Yes
HILL AFB,"41°06'36""N","111°58'56""W",12T VL 17530 51433,64P,64P (CONTRACTING),https://paladindanse111.github.io/AFSC-PDFs/AFSC_files/64P.html,https://paladindanse111.github.io/AFSC-PDFs/BASE_files/BASE_HILL_AFB.html,,Active Duty,Yes
HUNTSVILLE AL,"34°42'0.00""N","86°34'60.00""W",,64P,64P (CONTRACTING),https://paladindanse111.github.io/AFSC-PDFs/AFSC_files/64P.html,,,Active Duty,No
HURLBURT FIELD,"30°25'23""N","86°41'41""W",16R EU 29317 65704,64P,64P (CONTRACTING),https://paladindanse111.github.io/AFSC-PDFs/AFSC_files/64P.html,https://paladindanse111.github.io/AFSC-PDFs/BASE_files/BASE_HURLBURT_FIELD.html,,Active Duty,Yes
INCIRLIK AB,"37°0'7.00""N","35°25'34.00""E",,64P,64P (CONTRACTING),https://paladindanse111.github.io/AFSC-PDFs/AFSC_files/64P.html,,,Active Duty,Yes
JB ANACOSTIA-BOLLING,"38°50'29""N","77°01'05""W",18S UJ 24855 01110,64P,64P (CONTRACTING),https://paladindanse111.github.io/AFSC-PDFs/AFSC_files/64P.html,https://paladindanse111.github.io/AFSC-PDFs/BASE_files/BASE_JB_ANACOSTIA-BOLLING.html,,Active Duty,Yes
JB CHARLESTON,"32°53'29""N","80°04'03""W",17S NS 87218 39631,64P,64P (CONTRACTING),https://paladindanse111.github.io/AFSC-PDFs/AFSC_files/64P.html,https://paladindanse111.github.io/AFSC-PDFs/BASE_files/BASE_JB_CHARLESTON.html,,Active Duty,Yes
JB ELMENDORF-RICHARDSON,"61°15'44""N","149°41'53""W",6V UN 55306 94983,64P,64P (CONTRACTING),https://paladindanse111.github.io/AFSC-PDFs/AFSC_files/64P.html,https://paladindanse111.github.io/AFSC-PDFs/BASE_files/BASE_JB_ELMENDORF-RICHARDSON.html,,Active Duty,Yes
JB LANGLEY-EUSTIS,"37°05'00""N","76°21'33""W",18S UG 79195 04980,64P,64P (CONTRACTING),https://paladindanse111.github.io/AFSC-PDFs/AFSC_files/64P.html,https://paladindanse111.github.io/AFSC-PDFs/BASE_files/BASE_JB_LANGLEY-EUSTIS.html,,Active Duty,Yes
JB LEWIS-MCCHORD,"47°05'30""N","122°36'53""W",10T ET 29240 15422,64P,64P (CONTRACTING),https://paladindanse111.github.io/AFSC-PDFs/AFSC_files/64P.html,https://paladindanse111.github.io/AFSC-PDFs/BASE_files/BASE_JB_LEWIS-MCCHORD.html,,Active Duty,Yes
JB MCGUIRE-DIX-LAKEHURST,"40°02'15""N","74°35'18""W",18T WK 35120 32000,64P,64P (CONTRACTING),https://paladindanse111.github.io/AFSC-PDFs/AFSC_files/64P.html,https://paladindanse111.github.io/AFSC-PDFs/BASE_files/BASE_JB_MCGUIRE-DIX-LAKEHURST.html,,Active Duty,Yes
JB PEARL HARBOR-HICKAM,"21°20'15""N","157°57'43""W",4Q FJ 07643 59855,64P,64P (CONTRACTING),https://paladindanse111.github.io/AFSC-PDFs/AFSC_files/64P.html,https://paladindanse111.github.io/AFSC-PDFs/BASE_files/BASE_JB_PEARL_HARBOR-HICKAM.html,,Active Duty,Yes
JBSA LACKLAND,"29°23'14""N","98°37'16""W",14R NT 36765 50947,64P,64P (CONTRACTING),https://paladindanse111.github.io/AFSC-PDFs/AFSC_files/64P.html,https://paladindanse111.github.io/AFSC-PDFs/BASE_files/BASE_JBSA_LACKLAND.html,,Active Duty,Yes
JBSA RANDOLPH,"29°31'57""N","98°16'45""W",14R NT 69847 67200,64P,64P (CONTRACTING),https://paladindanse111.github.io/AFSC-PDFs/AFSC_files/64P.html,https://paladindanse111.github.io/AFSC-PDFs/BASE_files/BASE_JBSA_RANDOLPH.html,,Active Duty,Yes
KADENA AB,"26°21'20.00""N","127°46'3.00""E",,64P,64P (CONTRACTING),https://paladindanse111.github.io/AFSC-PDFs/AFSC_files/64P.html,,,Active Duty,Yes
KAPAUN AIR STATION,"49°42'0.00""N","7°34'60.00""E",,64P,64P (CONTRACTING),https://paladindanse111.github.io/AFSC-PDFs/AFSC_files/64P.html,,,Active Duty,Yes
KIRTLAND AFB,"35°00'39""N","106°30'44""W",13S CU 62019 75289,64P,64P (CONTRACTING),https://paladindanse111.github.io/AFSC-PDFs/AFSC_files/64P.html,https://paladindanse111.github.io/AFSC-PDFs/BASE_files/BASE_KIRTLAND_AFB.html,,Active Duty,Yes
LAKENHEATH RAF,"52°24'33.00""N","0°33'40.00""E",,64P,64P (CONTRACTING),https://paladindanse111.github.io/AFSC-PDFs/AFSC_files/64P.html,,,Active Duty,Yes
LINTHICUM MD,"39°11'50.00""N","76°41'22.00""W",,64P,64P (CONTRACTING),https://paladindanse111.github.io/AFSC-PDFs/AFSC_files/64P.html,,,Active Duty,No
LITTLE ROCK AFB,"34°53'47""N","92°08'38""W",15S WU 78220 61887,64P,64P (CONTRACTING),https://paladindanse111.github.io/AFSC-PDFs/AFSC_files/64P.html,https://paladindanse111.github.io/AFSC-PDFs/BASE_files/BASE_LITTLE_ROCK_AFB.html,,Active Duty,Yes
LOS ANGELES,"33°54'59""N","118°22'58""W",11S LT 72173 53746,64P,64P1 (CONTRACTING),https://paladindanse111.github.io/AFSC-PDFs/64P.html,https://paladindanse111.github.io/AFSC-PDFs/BASE_LOS_ANGELES.html,,Active Duty,Yes
LOS ANGELES SFB,"33°54'59""N","118°22'58""W",11S LT 72173 53746,64P,64P (CONTRACTING),https://paladindanse111.github.io/AFSC-PDFs/AFSC_files/64P.html,https://paladindanse111.github.io/AFSC-PDFs/BASE_files/BASE_LOS_ANGELES.html,,Active Duty,No
MACDILL AFB,"27°51'28""N","82°29'19""W",17R LL 53434 82337,64P,64P (CONTRACTING),https://paladindanse111.github.io/AFSC-PDFs/AFSC_files/64P.html,https://paladindanse111.github.io/AFSC-PDFs/BASE_files/BASE_MACDILL_AFB.html,,Active Duty,Yes
MALMSTROM AFB,"47°30'17""N","111°10'56""W",12T VT 86277 61270,64P,64P (CONTRACTING),https://paladindanse111.github.io/AFSC-PDFs/AFSC_files/64P.html,https://paladindanse111.github.io/AFSC-PDFs/BASE_files/BASE_MALMSTROM_AFB.html,,Active Duty,Yes
MAXWELL-GUNTER AFB,"33°58'25.00""N","86°5'13.00""W",,64P,64P (CONTRACTING),https://paladindanse111.github.io/AFSC-PDFs/AFSC_files/64P.html,,,Active Duty,Yes
MCCONNELL AFB,"37°37'51""N","97°15'06""W",14S PG 54271 66293,64P,64P (CONTRACTING),https://paladindanse111.github.io/AFSC-PDFs/AFSC_files/64P.html,https://paladindanse111.github.io/AFSC-PDFs/BASE_files/BASE_MCCONNELL_AFB.html,,Active Duty,Yes
MINOT AFB,"48°25'13""N","101°19'36""W",14U LU 27861 65629,64P,64P (CONTRACTING),https://paladindanse111.github.io/AFSC-PDFs/AFSC_files/64P.html,https://paladindanse111.github.io/AFSC-PDFs/BASE_files/BASE_MINOT_AFB.html,,Active Duty,Yes
MISAWA AB,"40°42'12.00""N","141°22'6.00""E",,64P,64P (CONTRACTING),https://paladindanse111.github.io/AFSC-PDFs/AFSC_files/64P.html,,,Active Duty,Yes
MOODY AFB,"30°58'12""N","83°11'47""W",17R KQ 90229 28346,64P,64P (CONTRACTING),https://paladindanse111.github.io/AFSC-PDFs/AFSC_files/64P.html,https://paladindanse111.github.io/AFSC-PDFs/BASE_files/BASE_MOODY_AFB.html,,Active Duty,Yes
MORON AB,"37°10'30.00""N","5°36'57.00""W",,64P,64P (CONTRACTING),https://paladindanse111.github.io/AFSC-PDFs/AFSC_files/64P.html,,,Active Duty,No
MOUNTAIN HOME AFB,"43°03'59""N","115°51'18""W",11T NH 93226 68823,64P,64P (CONTRACTING),https://paladindanse111.github.io/AFSC-PDFs/AFSC_files/64P.html,https://paladindanse111.github.io/AFSC-PDFs/BASE_files/BASE_MOUNTAIN_HOME_AFB.html,,Active Duty,Yes
NELLIS AFB,"36°14'25""N","115°03'14""W",11S PA 74874 12355,64P,64P (CONTRACTING),https://paladindanse111.github.io/AFSC-PDFs/AFSC_files/64P.html,https://paladindanse111.github.io/AFSC-PDFs/BASE_files/BASE_NELLIS_AFB.html,,Active Duty,Yes
NRO HQ CHANTILLY,"38°53'18.00""N","77°25'54.00""W",,64P,64P (CONTRACTING),https://paladindanse111.github.io/AFSC-PDFs/AFSC_files/64P.html,,,Active Duty,No
OSAN AB,"37°5'26.00""N","127°1'47.00""E",,64P,64P (CONTRACTING),https://paladindanse111.github.io/AFSC-PDFs/AFSC_files/64P.html,,,Active Duty,Yes
OTTAWA,"45°27'0.00""N","75°42'0.00""W",,64P,64P (CONTRACTING),https://paladindanse111.github.io/AFSC-PDFs/AFSC_files/64P.html,,,Active Duty,No
PALMDALE CA,"34°34'60.00""N","118°7'0.00""W",,64P,64P (CONTRACTING),https://paladindanse111.github.io/AFSC-PDFs/AFSC_files/64P.html,,,Active Duty,No
PATRICK SFB,"28°14'21""N","80°36'26""W",17R NM 38533 23759,64P,64P (CONTRACTING),https://paladindanse111.github.io/AFSC-PDFs/AFSC_files/64P.html,https://paladindanse111.github.io/AFSC-PDFs/BASE_files/BASE_PATRICK_SFB.html,,Active Duty,Yes
PENTAGON,"38°52'15""N","77°03'21""W",18S UJ 21650 04451,64P,64P (CONTRACTING),https://paladindanse111.github.io/AFSC-PDFs/AFSC_files/64P.html,https://paladindanse111.github.io/AFSC-PDFs/BASE_files/BASE_PENTAGON.html,,Active Duty,Yes
PETERSON SFB,"38°49'32""N","104°41'58""W",13S EC 26089 97461,64P,64P (CONTRACTING),https://paladindanse111.github.io/AFSC-PDFs/AFSC_files/64P.html,https://paladindanse111.github.io/AFSC-PDFs/BASE_files/BASE_PETERSON_SFB.html,,Active Duty,Yes
POWAY CA,"32°57'5.00""N","117°1'7.00""W",,64P,64P (CONTRACTING),https://paladindanse111.github.io/AFSC-PDFs/AFSC_files/64P.html,,,Active Duty,No
ROBINS AFB,"32°38'23""N","83°35'30""W",17S KS 56883 14314,64P,64P (CONTRACTING),https://paladindanse111.github.io/AFSC-PDFs/AFSC_files/64P.html,https://paladindanse111.github.io/AFSC-PDFs/BASE_files/BASE_ROBINS_AFB.html,,Active Duty,Yes
SACRAMENTO CA,"38°30'0.00""N","121°30'0.00""W",,64P,64P (CONTRACTING),https://paladindanse111.github.io/AFSC-PDFs/AFSC_files/64P.html,,,Active Duty,No
SAN ANTONIO TX,"29°28'0.00""N","98°31'0.00""W",,64P,64P (CONTRACTING),https://paladindanse111.github.io/AFSC-PDFs/AFSC_files/64P.html,,,Active Duty,No
SCHRIEVER SFB,"38°48'12""N","104°31'32""W",13S EC 41196 95059,64P,64P (CONTRACTING),https://paladindanse111.github.io/AFSC-PDFs/AFSC_files/64P.html,https://paladindanse111.github.io/AFSC-PDFs/BASE_files/BASE_SCHRIEVER_SFB.html,,Active Duty,Yes
SCOTT AFB,"38°32'29""N","89°51'18""W",16S BH 51169 69750,64P,64P (CONTRACTING),https://paladindanse111.github.io/AFSC-PDFs/AFSC_files/64P.html,https://paladindanse111.github.io/AFSC-PDFs/BASE_files/BASE_SCOTT_AFB.html,,Active Duty,Yes
SEATTLE WA,"47°36'0.00""N","122°19'0.00""W",,64P,64P (CONTRACTING),https://paladindanse111.github.io/AFSC-PDFs/AFSC_files/64P.html,,,Active Duty,No
SEYMOUR JOHNSON AFB,"35°20'24""N","77°57'41""W",18S TE 30850 14774,64P,64P (CONTRACTING),https://paladindanse111.github.io/AFSC-PDFs/AFSC_files/64P.html,https://paladindanse111.github.io/AFSC-PDFs/BASE_files/BASE_SEYMOUR_JOHNSON_AFB.html,,Active Duty,Yes
SHAW AFB,"33°58'02""N","80°29'05""W",17S NT 47603 58641,64P,64P (CONTRACTING),https://paladindanse111.github.io/AFSC-PDFs/AFSC_files/64P.html,https://paladindanse111.github.io/AFSC-PDFs/BASE_files/BASE_SHAW_AFB.html,,Active Duty,Yes
SHEPPARD AFB,"33°58'06""N","98°30'38""W",14S NC 45216 58752,64P,64P (CONTRACTING),https://paladindanse111.github.io/AFSC-PDFs/AFSC_files/64P.html,https://paladindanse111.github.io/AFSC-PDFs/BASE_files/BASE_SHEPPARD_AFB.html,,Active Duty,Yes
SINGAPORE,"1°19'60.00""N","103°49'60.00""E",,64P,64P (CONTRACTING),https://paladindanse111.github.io/AFSC-PDFs/AFSC_files/64P.html,,,Active Duty,No
SPANGDAHLEM AB,"49°58'35.00""N","6°41'55.00""E",,64P,64P (CONTRACTING),https://paladindanse111.github.io/AFSC-PDFs/AFSC_files/64P.html,,,Active Duty,Yes
SUNNYVALE CA,"37°30'0.00""N","122°22'0.00""W",,64P,64P (CONTRACTING),https://paladindanse111.github.io/AFSC-PDFs/AFSC_files/64P.html,,,Active Duty,No
TINKER AFB,"35°25'09""N","97°24'15""W",14S PE 44882 20698,64P,64P (CONTRACTING),https://paladindanse111.github.io/AFSC-PDFs/AFSC_files/64P.html,https://paladindanse111.github.io/AFSC-PDFs/BASE_files/BASE_TINKER_AFB.html,,Active Duty,Yes
TRAVIS AFB,"38°16'09""N","121°56'51""W",10S EH 92069 36204,64P,64P (CONTRACTING),https://paladindanse111.github.io/AFSC-PDFs/AFSC_files/64P.html,https://paladindanse111.github.io/AFSC-PDFs/BASE_files/BASE_TRAVIS_AFB.html,,Active Duty,Yes
"TUCSON, AZ (USA)","32°15'0.00""N","110°57'0.00""W",,64P,64P (CONTRACTING),https://paladindanse111.github.io/AFSC-PDFs/AFSC_files/64P.html,,,Active Duty,No
TYNDALL AFB,"30°04'47""N","85°36'26""W",16R FU 34229 28437,64P,64P (CONTRACTING),https://paladindanse111.github.io/AFSC-PDFs/AFSC_files/64P.html,https://paladindanse111.github.io/AFSC-PDFs/BASE_files/BASE_TYNDALL_AFB.html,,Active Duty,Yes
VANDENBERG SFB,"34°44'31""N","120°34'20""W",10S GD 22255 47110,64P,64P (CONTRACTING),https://paladindanse111.github.io/AFSC-PDFs/AFSC_files/64P.html,https://paladindanse111.github.io/AFSC-PDFs/BASE_files/BASE_VANDENBERG_SFB.html,,Active Duty,Yes
WATERTON CO,"39°29'37.00""N","105°5'17.00""W",,64P,64P (CONTRACTING),https://paladindanse111.github.io/AFSC-PDFs/AFSC_files/64P.html,,,Active Duty,No
WHITEMAN AFB,"38°43'44""N","93°33'37""W",15S VC 51299 86840,64P,64P (CONTRACTING),https://paladindanse111.github.io/AFSC-PDFs/AFSC_files/64P.html,https://paladindanse111.github.io/AFSC-PDFs/BASE_files/BASE_WHITEMAN_AFB.html,,Active Duty,Yes
WIESBADEN,"50°2'60.00""N","8°19'60.00""E",,64P,64P (CONTRACTING),https://paladindanse111.github.io/AFSC-PDFs/AFSC_files/64P.html,,,Active Duty,No
WRIGHT-PATTERSON AFB,"39°48'37""N","84°01'55""W",16S GK 54072 10915,64P,64P (CONTRACTING),https://paladindanse111.github.io/AFSC-PDFs/AFSC_files/64P.html,https://paladindanse111.github.io/AFSC-PDFs/BASE_files/BASE_WRIGHT-PATTERSON_AFB.html,,Active Duty,Yes
WYTON RAF,"52°21'26.00""N","0°6'28.00""W",,64P,64P (CONTRACTING),https://paladindanse111.github.io/AFSC-PDFs/AFSC_files/64P.html,,,Active Duty,No
YOKOTA AB,"35°44'55.00""N","139°20'55.00""E",,64P,64P (CONTRACTING),https://paladindanse111.github.io/AFSC-PDFs/AFSC_files/64P.html,,,Active Duty,Yes
ANDERSEN AFB,"13°33'46""N","144°55'25""E",55P BR 75307 00327,65F,65F (FINANCIAL MANAGEMENT),https://paladindanse111.github.io/AFSC-PDFs/AFSC_files/65F.html,https://paladindanse111.github.io/AFSC-PDFs/BASE_files/BASE_ANDERSEN_AFB.html,,Active Duty,Yes
ANDREWS JB,"38°47'46""N","76°53'00""W",18S UH 36445 95835,65F,65F (FINANCIAL MANAGEMENT),https://paladindanse111.github.io/AFSC-PDFs/AFSC_files/65F.html,https://paladindanse111.github.io/AFSC-PDFs/BASE_files/BASE_ANDREWS_JB.html,,Active Duty,Yes
ARLINGTON VA,"38°55'0.00""N","77°10'0.00""W",,65F,65F (FINANCIAL MANAGEMENT),https://paladindanse111.github.io/AFSC-PDFs/AFSC_files/65F.html,,,Active Duty,No
ARNOLD AFB,"35°22'58""N","86°01'49""W",16S EE 88076 15924,65F,65F (FINANCIAL MANAGEMENT),https://paladindanse111.github.io/AFSC-PDFs/AFSC_files/65F.html,https://paladindanse111.github.io/AFSC-PDFs/BASE_files/BASE_ARNOLD_AFB.html,,Active Duty,Yes
AVIANO AB,"46°1'48.00""N","12°35'56.00""E",,65F,65F (FINANCIAL MANAGEMENT),https://paladindanse111.github.io/AFSC-PDFs/AFSC_files/65F.html,,,Active Duty,Yes
BARKSDALE AFB,"32°29'45""N","93°40'21""W",15S VR 36822 95596,65F,65F (FINANCIAL MANAGEMENT),https://paladindanse111.github.io/AFSC-PDFs/AFSC_files/65F.html,https://paladindanse111.github.io/AFSC-PDFs/BASE_files/BASE_BARKSDALE_AFB.html,,Active Duty,Yes
BEALE AFB,"39°06'41""N","121°21'35""W",10S FJ 41815 30418,65F,65F (FINANCIAL MANAGEMENT),https://paladindanse111.github.io/AFSC-PDFs/AFSC_files/65F.html,https://paladindanse111.github.io/AFSC-PDFs/BASE_files/BASE_BEALE_AFB.html,,Active Duty,Yes
CAMP HUMPHREYS,"36°55'0.00""N","127°2'60.00""E",,65F,65F (FINANCIAL MANAGEMENT),https://paladindanse111.github.io/AFSC-PDFs/AFSC_files/65F.html,,,Active Duty,No
CANNON AFB,"34°23'20""N","103°19'05""W",13S FU 54620 06558,65F,65F (FINANCIAL MANAGEMENT),https://paladindanse111.github.io/AFSC-PDFs/AFSC_files/65F.html,https://paladindanse111.github.io/AFSC-PDFs/BASE_files/BASE_CANNON_AFB.html,,Active Duty,Yes
COLUMBUS AFB,"33°37'38""N","88°26'51""W",16S CC 65739 21763,65F,65F (FINANCIAL MANAGEMENT),https://paladindanse111.github.io/AFSC-PDFs/AFSC_files/65F.html,https://paladindanse111.github.io/AFSC-PDFs/BASE_files/BASE_COLUMBUS_AFB.html,,Active Duty,Yes
CREECH AFB,"36°34'41""N","115°39'29""W",11S PA 20060 48904,65F,65F (FINANCIAL MANAGEMENT),https://paladindanse111.github.io/AFSC-PDFs/AFSC_files/65F.html,https://paladindanse111.github.io/AFSC-PDFs/BASE_files/BASE_CREECH_AFB.html,,Active Duty,Yes
DAVIS-MONTHAN AFB,"32°10'14""N","110°52'39""W",12S WA 11549 59347,65F,65F (FINANCIAL MANAGEMENT),https://paladindanse111.github.io/AFSC-PDFs/AFSC_files/65F.html,https://paladindanse111.github.io/AFSC-PDFs/BASE_files/BASE_DAVIS-MONTHAN_AFB.html,,Active Duty,Yes
DOVER AFB,"39°07'39""N","75°28'06""W",18S VJ 59518 31029,65F,65F (FINANCIAL MANAGEMENT),https://paladindanse111.github.io/AFSC-PDFs/AFSC_files/65F.html,https://paladindanse111.github.io/AFSC-PDFs/BASE_files/BASE_DOVER_AFB.html,,Active Duty,Yes
DYESS AFB,"32°25'17""N","99°50'31""W",14S MA 20838 87456,65F,65F (FINANCIAL MANAGEMENT),https://paladindanse111.github.io/AFSC-PDFs/AFSC_files/65F.html,https://paladindanse111.github.io/AFSC-PDFs/BASE_files/BASE_DYESS_AFB.html,,Active Duty,Yes
EGLIN AFB,"30°27'49""N","86°33'11""W",16R EU 42905 70243,65F,65F (FINANCIAL MANAGEMENT),https://paladindanse111.github.io/AFSC-PDFs/AFSC_files/65F.html,https://paladindanse111.github.io/AFSC-PDFs/BASE_files/BASE_EGLIN_AFB.html,,Active Duty,Yes
EIELSON AFB,"64°39'52""N","147°05'45""W",6W VS 95424 71061,65F,65F (FINANCIAL MANAGEMENT),https://paladindanse111.github.io/AFSC-PDFs/AFSC_files/65F.html,https://paladindanse111.github.io/AFSC-PDFs/BASE_files/BASE_EIELSON_AFB.html,,Active Duty,Yes
ELLSWORTH AFB,"44°08'54""N","103°05'15""W",13T FJ 52951 90126,65F,65F (FINANCIAL MANAGEMENT),https://paladindanse111.github.io/AFSC-PDFs/AFSC_files/65F.html,https://paladindanse111.github.io/AFSC-PDFs/BASE_files/BASE_ELLSWORTH_AFB.html,,Active Duty,Yes
FAIRCHILD AFB,"47°38'28""N","117°38'41""W",11T MN 51574 76613,65F,65F (FINANCIAL MANAGEMENT),https://paladindanse111.github.io/AFSC-PDFs/AFSC_files/65F.html,https://paladindanse111.github.io/AFSC-PDFs/BASE_files/BASE_FAIRCHILD_AFB.html,,Active Duty,Yes
FE WARREN AFB,"41°08'32""N","104°52'41""W",13T EF 10233 54552,65F,65F (FINANCIAL MANAGEMENT),https://paladindanse111.github.io/AFSC-PDFs/AFSC_files/65F.html,https://paladindanse111.github.io/AFSC-PDFs/BASE_files/BASE_FE_WARREN_AFB.html,,Active Duty,Yes
FT GEORGE G MEADE,"39°6'0.00""N","76°43'0.00""W",,65F,65F (FINANCIAL MANAGEMENT),https://paladindanse111.github.io/AFSC-PDFs/AFSC_files/65F.html,,,Active Duty,Yes
GEILENKIRCHEN AB,"50°57'39.00""N","6°2'30.00""E",,65F,65F (FINANCIAL MANAGEMENT),https://paladindanse111.github.io/AFSC-PDFs/AFSC_files/65F.html,,,Active Duty,No
GRAND FORKS AFB,"47°57'07""N","97°22'57""W",14T PU 20768 12225,65F,65F (FINANCIAL MANAGEMENT),https://paladindanse111.github.io/AFSC-PDFs/AFSC_files/65F.html,https://paladindanse111.github.io/AFSC-PDFs/BASE_files/BASE_GRAND_FORKS_AFB.html,,Active Duty,Yes
HANSCOM AFB,"42°27'23""N","71°16'35""W",19T CH 12823 02961,65F,65F (FINANCIAL MANAGEMENT),https://paladindanse111.github.io/AFSC-PDFs/AFSC_files/65F.html,https://paladindanse111.github.io/AFSC-PDFs/BASE_files/BASE_HANSCOM_AFB.html,,Active Duty,Yes
HILL AFB,"41°06'36""N","111°58'56""W",12T VL 17530 51433,65F,65F (FINANCIAL MANAGEMENT),https://paladindanse111.github.io/AFSC-PDFs/AFSC_files/65F.html,https://paladindanse111.github.io/AFSC-PDFs/BASE_files/BASE_HILL_AFB.html,,Active Duty,Yes
HOLLOMAN AFB,"32°50'33""N","106°05'55""W",13S CS 97187 34361,65F,65F (FINANCIAL MANAGEMENT),https://paladindanse111.github.io/AFSC-PDFs/AFSC_files/65F.html,https://paladindanse111.github.io/AFSC-PDFs/BASE_files/BASE_HOLLOMAN_AFB.html,,Active Duty,Yes
HURLBURT FIELD,"30°25'23""N","86°41'41""W",16R EU 29317 65704,65F,65F (FINANCIAL MANAGEMENT),https://paladindanse111.github.io/AFSC-PDFs/AFSC_files/65F.html,https://paladindanse111.github.io/AFSC-PDFs/BASE_files/BASE_HURLBURT_FIELD.html,,Active Duty,Yes
INCIRLIK AB,"37°0'7.00""N","35°25'34.00""E",,65F,65F (FINANCIAL MANAGEMENT),https://paladindanse111.github.io/AFSC-PDFs/AFSC_files/65F.html,,,Active Duty,Yes
JB ANACOSTIA-BOLLING,"38°50'29""N","77°01'05""W",18S UJ 24855 01110,65F,65F (FINANCIAL MANAGEMENT),https://paladindanse111.github.io/AFSC-PDFs/AFSC_files/65F.html,https://paladindanse111.github.io/AFSC-PDFs/BASE_files/BASE_JB_ANACOSTIA-BOLLING.html,,Active Duty,Yes
JB ELMENDORF-RICHARDSON,"61°15'44""N","149°41'53""W",6V UN 55306 94983,65F,65F (FINANCIAL MANAGEMENT),https://paladindanse111.github.io/AFSC-PDFs/AFSC_files/65F.html,https://paladindanse111.github.io/AFSC-PDFs/BASE_files/BASE_JB_ELMENDORF-RICHARDSON.html,,Active Duty,Yes
JB LANGLEY-EUSTIS,"37°05'00""N","76°21'33""W",18S UG 79195 04980,65F,65F (FINANCIAL MANAGEMENT),https://paladindanse111.github.io/AFSC-PDFs/AFSC_files/65F.html,https://paladindanse111.github.io/AFSC-PDFs/BASE_files/BASE_JB_LANGLEY-EUSTIS.html,,Active Duty,Yes
JB LEWIS-MCCHORD,"47°05'30""N","122°36'53""W",10T ET 29240 15422,65F,65F (FINANCIAL MANAGEMENT),https://paladindanse111.github.io/AFSC-PDFs/AFSC_files/65F.html,https://paladindanse111.github.io/AFSC-PDFs/BASE_files/BASE_JB_LEWIS-MCCHORD.html,,Active Duty,Yes
JB MCGUIRE-DIX-LAKEHURST,"40°02'15""N","74°35'18""W",18T WK 35120 32000,65F,65F (FINANCIAL MANAGEMENT),https://paladindanse111.github.io/AFSC-PDFs/AFSC_files/65F.html,https://paladindanse111.github.io/AFSC-PDFs/BASE_files/BASE_JB_MCGUIRE-DIX-LAKEHURST.html,,Active Duty,Yes
JB PEARL HARBOR-HICKAM,"21°20'15""N","157°57'43""W",4Q FJ 07643 59855,65F,65F (FINANCIAL MANAGEMENT),https://paladindanse111.github.io/AFSC-PDFs/AFSC_files/65F.html,https://paladindanse111.github.io/AFSC-PDFs/BASE_files/BASE_JB_PEARL_HARBOR-HICKAM.html,,Active Duty,Yes
JBSA LACKLAND,"29°23'14""N","98°37'16""W",14R NT 36765 50947,65F,65F (FINANCIAL MANAGEMENT),https://paladindanse111.github.io/AFSC-PDFs/AFSC_files/65F.html,https://paladindanse111.github.io/AFSC-PDFs/BASE_files/BASE_JBSA_LACKLAND.html,,Active Duty,Yes
JBSA RANDOLPH,"29°31'57""N","98°16'45""W",14R NT 69847 67200,65F,65F (FINANCIAL MANAGEMENT),https://paladindanse111.github.io/AFSC-PDFs/AFSC_files/65F.html,https://paladindanse111.github.io/AFSC-PDFs/BASE_files/BASE_JBSA_RANDOLPH.html,,Active Duty,Yes
KADENA AB,"26°21'20.00""N","127°46'3.00""E",,65F,65F (FINANCIAL MANAGEMENT),https://paladindanse111.github.io/AFSC-PDFs/AFSC_files/65F.html,,,Active Duty,Yes
KEESLER AFB,"30°24'34""N","88°55'34""W",16R CU 14981 65731,65F,65F (FINANCIAL MANAGEMENT),https://paladindanse111.github.io/AFSC-PDFs/AFSC_files/65F.html,https://paladindanse111.github.io/AFSC-PDFs/BASE_files/BASE_KEESLER_AFB.html,,Active Duty,Yes
KIRTLAND AFB,"35°00'39""N","106°30'44""W",13S CU 62019 75289,65F,65F (FINANCIAL MANAGEMENT),https://paladindanse111.github.io/AFSC-PDFs/AFSC_files/65F.html,https://paladindanse111.github.io/AFSC-PDFs/BASE_files/BASE_KIRTLAND_AFB.html,,Active Duty,Yes
KUNSAN AB,"35°54'14.00""N","126°36'57.00""E",,65F,65F (FINANCIAL MANAGEMENT),https://paladindanse111.github.io/AFSC-PDFs/AFSC_files/65F.html,,,Active Duty,Yes
LAJES FIELD,"38°45'42.00""N","27°5'27.00""W",,65F,65F (FINANCIAL MANAGEMENT),https://paladindanse111.github.io/AFSC-PDFs/AFSC_files/65F.html,,,Active Duty,No
LAKENHEATH RAF,"52°24'33.00""N","0°33'40.00""E",,65F,65F (FINANCIAL MANAGEMENT),https://paladindanse111.github.io/AFSC-PDFs/AFSC_files/65F.html,,,Active Duty,Yes
LAUGHLIN AFB,"29°21'21""N","100°46'58""W",14R LT 26940 48730,65F,65F (FINANCIAL MANAGEMENT),https://paladindanse111.github.io/AFSC-PDFs/AFSC_files/65F.html,https://paladindanse111.github.io/AFSC-PDFs/BASE_files/BASE_LAUGHLIN_AFB.html,,Active Duty,Yes
LITTLE ROCK AFB,"34°53'47""N","92°08'38""W",15S WU 78220 61887,65F,65F (FINANCIAL MANAGEMENT),https://paladindanse111.github.io/AFSC-PDFs/AFSC_files/65F.html,https://paladindanse111.github.io/AFSC-PDFs/BASE_files/BASE_LITTLE_ROCK_AFB.html,,Active Duty,Yes
LOS ANGELES,"33°54'59""N","118°22'58""W",11S LT 72173 53746,65F,65F1 (FINANCIAL MANAGEMENT),https://paladindanse111.github.io/AFSC-PDFs/65F.html,https://paladindanse111.github.io/AFSC-PDFs/BASE_LOS_ANGELES.html,,Active Duty,Yes
LOS ANGELES SFB,"33°54'59""N","118°22'58""W",11S LT 72173 53746,65F,65F (FINANCIAL MANAGEMENT),https://paladindanse111.github.io/AFSC-PDFs/AFSC_files/65F.html,https://paladindanse111.github.io/AFSC-PDFs/BASE_files/BASE_LOS_ANGELES.html,,Active Duty,No
LUKE AFB,"33°32'22""N","112°22'32""W",12S UC 72284 11939,65F,65F (FINANCIAL MANAGEMENT),https://paladindanse111.github.io/AFSC-PDFs/AFSC_files/65F.html,https://paladindanse111.github.io/AFSC-PDFs/BASE_files/BASE_LUKE_AFB.html,,Active Duty,Yes
MACDILL AFB,"27°51'28""N","82°29'19""W",17R LL 53434 82337,65F,65F (FINANCIAL MANAGEMENT),https://paladindanse111.github.io/AFSC-PDFs/AFSC_files/65F.html,https://paladindanse111.github.io/AFSC-PDFs/BASE_files/BASE_MACDILL_AFB.html,,Active Duty,Yes
MALMSTROM AFB,"47°30'17""N","111°10'56""W",12T VT 86277 61270,65F,65F (FINANCIAL MANAGEMENT),https://paladindanse111.github.io/AFSC-PDFs/AFSC_files/65F.html,https://paladindanse111.github.io/AFSC-PDFs/BASE_files/BASE_MALMSTROM_AFB.html,,Active Duty,Yes
MCCONNELL AFB,"37°37'51""N","97°15'06""W",14S PG 54271 66293,65F,65F (FINANCIAL MANAGEMENT),https://paladindanse111.github.io/AFSC-PDFs/AFSC_files/65F.html,https://paladindanse111.github.io/AFSC-PDFs/BASE_files/BASE_MCCONNELL_AFB.html,,Active Duty,Yes
MILDENHALL RAF,"52°21'43.00""N","0°29'11.00""E",,65F,65F (FINANCIAL MANAGEMENT),https://paladindanse111.github.io/AFSC-PDFs/AFSC_files/65F.html,,,Active Duty,Yes
MINOT AFB,"48°25'13""N","101°19'36""W",14U LU 27861 65629,65F,65F (FINANCIAL MANAGEMENT),https://paladindanse111.github.io/AFSC-PDFs/AFSC_files/65F.html,https://paladindanse111.github.io/AFSC-PDFs/BASE_files/BASE_MINOT_AFB.html,,Active Duty,Yes
MISAWA AB,"40°42'12.00""N","141°22'6.00""E",,65F,65F (FINANCIAL MANAGEMENT),https://paladindanse111.github.io/AFSC-PDFs/AFSC_files/65F.html,,,Active Duty,Yes
MOHRINGEN,"48°43'60.00""N","9°7'60.00""E",,65F,65F (FINANCIAL MANAGEMENT),https://paladindanse111.github.io/AFSC-PDFs/AFSC_files/65F.html,,,Active Duty,No
MOODY AFB,"30°58'12""N","83°11'47""W",17R KQ 90229 28346,65F,65F (FINANCIAL MANAGEMENT),https://paladindanse111.github.io/AFSC-PDFs/AFSC_files/65F.html,https://paladindanse111.github.io/AFSC-PDFs/BASE_files/BASE_MOODY_AFB.html,,Active Duty,Yes
MOUNTAIN HOME AFB,"43°03'59""N","115°51'18""W",11T NH 93226 68823,65F,65F (FINANCIAL MANAGEMENT),https://paladindanse111.github.io/AFSC-PDFs/AFSC_files/65F.html,https://paladindanse111.github.io/AFSC-PDFs/BASE_files/BASE_MOUNTAIN_HOME_AFB.html,,Active Duty,Yes
NELLIS AFB,"36°14'25""N","115°03'14""W",11S PA 74874 12355,65F,65F (FINANCIAL MANAGEMENT),https://paladindanse111.github.io/AFSC-PDFs/AFSC_files/65F.html,https://paladindanse111.github.io/AFSC-PDFs/BASE_files/BASE_NELLIS_AFB.html,,Active Duty,Yes
NRO HQ CHANTILLY,"38°53'18.00""N","77°25'54.00""W",,65F,65F (FINANCIAL MANAGEMENT),https://paladindanse111.github.io/AFSC-PDFs/AFSC_files/65F.html,,,Active Duty,No
OFFUTT AFB,"41°07'25""N","95°54'52""W",15T TF 55334 56573,65F,65F (FINANCIAL MANAGEMENT),https://paladindanse111.github.io/AFSC-PDFs/AFSC_files/65F.html,https://paladindanse111.github.io/AFSC-PDFs/BASE_files/BASE_OFFUTT_AFB.html,,Active Duty,Yes
OSAN AB,"37°5'26.00""N","127°1'47.00""E",,65F,65F (FINANCIAL MANAGEMENT),https://paladindanse111.github.io/AFSC-PDFs/AFSC_files/65F.html,,,Active Duty,Yes
PENTAGON,"38°52'15""N","77°03'21""W",18S UJ 21650 04451,65F,65F (FINANCIAL MANAGEMENT),https://paladindanse111.github.io/AFSC-PDFs/AFSC_files/65F.html,https://paladindanse111.github.io/AFSC-PDFs/BASE_files/BASE_PENTAGON.html,,Active Duty,Yes
PETERSON SFB,"38°49'32""N","104°41'58""W",13S EC 26089 97461,65F,65F (FINANCIAL MANAGEMENT),https://paladindanse111.github.io/AFSC-PDFs/AFSC_files/65F.html,https://paladindanse111.github.io/AFSC-PDFs/BASE_files/BASE_PETERSON_SFB.html,,Active Duty,Yes
PITI DFP,"13°34'50.00""N","144°41'60.00""E",,65F,65F (FINANCIAL MANAGEMENT),https://paladindanse111.github.io/AFSC-PDFs/AFSC_files/65F.html,,,Active Duty,No
RAMSTEIN AB,"49°26'10.00""N","7°36'23.00""E",,65F,65F (FINANCIAL MANAGEMENT),https://paladindanse111.github.io/AFSC-PDFs/AFSC_files/65F.html,,,Active Duty,Yes
ROBINS AFB,"32°38'23""N","83°35'30""W",17S KS 56883 14314,65F,65F (FINANCIAL MANAGEMENT),https://paladindanse111.github.io/AFSC-PDFs/AFSC_files/65F.html,https://paladindanse111.github.io/AFSC-PDFs/BASE_files/BASE_ROBINS_AFB.html,,Active Duty,Yes
SCOTT AFB,"38°32'29""N","89°51'18""W",16S BH 51169 69750,65F,65F (FINANCIAL MANAGEMENT),https://paladindanse111.github.io/AFSC-PDFs/AFSC_files/65F.html,https://paladindanse111.github.io/AFSC-PDFs/BASE_files/BASE_SCOTT_AFB.html,,Active Duty,Yes
SEYMOUR JOHNSON AFB,"35°20'24""N","77°57'41""W",18S TE 30850 14774,65F,65F (FINANCIAL MANAGEMENT),https://paladindanse111.github.io/AFSC-PDFs/AFSC_files/65F.html,https://paladindanse111.github.io/AFSC-PDFs/BASE_files/BASE_SEYMOUR_JOHNSON_AFB.html,,Active Duty,Yes
SHAW AFB,"33°58'02""N","80°29'05""W",17S NT 47603 58641,65F,65F (FINANCIAL MANAGEMENT),https://paladindanse111.github.io/AFSC-PDFs/AFSC_files/65F.html,https://paladindanse111.github.io/AFSC-PDFs/BASE_files/BASE_SHAW_AFB.html,,Active Duty,Yes
SHEPPARD AFB,"33°58'06""N","98°30'38""W",14S NC 45216 58752,65F,65F (FINANCIAL MANAGEMENT),https://paladindanse111.github.io/AFSC-PDFs/AFSC_files/65F.html,https://paladindanse111.github.io/AFSC-PDFs/BASE_files/BASE_SHEPPARD_AFB.html,,Active Duty,Yes
SPANGDAHLEM AB,"49°58'35.00""N","6°41'55.00""E",,65F,65F (FINANCIAL MANAGEMENT),https://paladindanse111.github.io/AFSC-PDFs/AFSC_files/65F.html,,,Active Duty,Yes
STUTTGART VAIHINGEN,"48°43'60.00""N","9°5'60.00""E",,65F,65F (FINANCIAL MANAGEMENT),https://paladindanse111.github.io/AFSC-PDFs/AFSC_files/65F.html,,,Active Duty,No
TINKER AFB,"35°25'09""N","97°24'15""W",14S PE 44882 20698,65F,65F (FINANCIAL MANAGEMENT),https://paladindanse111.github.io/AFSC-PDFs/AFSC_files/65F.html,https://paladindanse111.github.io/AFSC-PDFs/BASE_files/BASE_TINKER_AFB.html,,Active Duty,Yes
TRAVIS AFB,"38°16'09""N","121°56'51""W",10S EH 92069 36204,65F,65F (FINANCIAL MANAGEMENT),https://paladindanse111.github.io/AFSC-PDFs/AFSC_files/65F.html,https://paladindanse111.github.io/AFSC-PDFs/BASE_files/BASE_TRAVIS_AFB.html,,Active Duty,Yes
TYNDALL AFB,"30°04'47""N","85°36'26""W",16R FU 34229 28437,65F,65F (FINANCIAL MANAGEMENT),https://paladindanse111.github.io/AFSC-PDFs/AFSC_files/65F.html,https://paladindanse111.github.io/AFSC-PDFs/BASE_files/BASE_TYNDALL_AFB.html,,Active Duty,Yes
VANDENBERG SFB,"34°44'31""N","120°34'20""W",10S GD 22255 47110,65F,65F (FINANCIAL MANAGEMENT),https://paladindanse111.github.io/AFSC-PDFs/AFSC_files/65F.html,https://paladindanse111.github.io/AFSC-PDFs/BASE_files/BASE_VANDENBERG_SFB.html,,Active Duty,Yes
WHITEMAN AFB,"38°43'44""N","93°33'37""W",15S VC 51299 86840,65F,65F (FINANCIAL MANAGEMENT),https://paladindanse111.github.io/AFSC-PDFs/AFSC_files/65F.html,https://paladindanse111.github.io/AFSC-PDFs/BASE_files/BASE_WHITEMAN_AFB.html,,Active Duty,Yes
WRIGHT-PATTERSON AFB,"39°48'37""N","84°01'55""W",16S GK 54072 10915,65F,65F (FINANCIAL MANAGEMENT),https://paladindanse111.github.io/AFSC-PDFs/AFSC_files/65F.html,https://paladindanse111.github.io/AFSC-PDFs/BASE_files/BASE_WRIGHT-PATTERSON_AFB.html,,Active Duty,Yes
YOKOTA AB,"35°44'55.00""N","139°20'55.00""E",,65F,65F (FINANCIAL MANAGEMENT),https://paladindanse111.github.io/AFSC-PDFs/AFSC_files/65F.html,,,Active Duty,Yes
AL UDEID AB ABS,"25°7'2.00""N","51°18'54.00""E",,71S,71S (SPECIAL INVESTIGATIONS),https://paladindanse111.github.io/AFSC-PDFs/AFSC_files/71S.html,,,Active Duty,No
ALI AL SALEM ABS,"29°20'48.00""N","47°31'15.00""E",,71S,71S (SPECIAL INVESTIGATIONS),https://paladindanse111.github.io/AFSC-PDFs/AFSC_files/71S.html,,,Active Duty,No
ANDREWS JB,"38°47'46""N","76°53'00""W",18S UH 36445 95835,71S,71S (SPECIAL INVESTIGATIONS),https://paladindanse111.github.io/AFSC-PDFs/AFSC_files/71S.html,https://paladindanse111.github.io/AFSC-PDFs/BASE_files/BASE_ANDREWS_JB.html,,Active Duty,Yes
AVIANO AB,"46°1'48.00""N","12°35'56.00""E",,71S,71S (SPECIAL INVESTIGATIONS),https://paladindanse111.github.io/AFSC-PDFs/AFSC_files/71S.html,,,Active Duty,Yes
BARKSDALE AFB,"32°29'45""N","93°40'21""W",15S VR 36822 95596,71S,71S (SPECIAL INVESTIGATIONS),https://paladindanse111.github.io/AFSC-PDFs/AFSC_files/71S.html,https://paladindanse111.github.io/AFSC-PDFs/BASE_files/BASE_BARKSDALE_AFB.html,,Active Duty,Yes
BEALE AFB,"39°06'41""N","121°21'35""W",10S FJ 41815 30418,71S,71S (SPECIAL INVESTIGATIONS),https://paladindanse111.github.io/AFSC-PDFs/AFSC_files/71S.html,https://paladindanse111.github.io/AFSC-PDFs/BASE_files/BASE_BEALE_AFB.html,,Active Duty,Yes
BUCKLEY SFB,"39°42'09""N","104°45'29""W",13S ED 20741 94766,71S,71S (SPECIAL INVESTIGATIONS),https://paladindanse111.github.io/AFSC-PDFs/AFSC_files/71S.html,https://paladindanse111.github.io/AFSC-PDFs/BASE_files/BASE_BUCKLEY_SFB.html,,Active Duty,Yes
CAMPBELL CA,"37°16'60.00""N","121°57'0.00""W",,71S,71S (SPECIAL INVESTIGATIONS),https://paladindanse111.github.io/AFSC-PDFs/AFSC_files/71S.html,,,Active Duty,No
CANNON AFB,"34°23'20""N","103°19'05""W",13S FU 54620 06558,71S,71S (SPECIAL INVESTIGATIONS),https://paladindanse111.github.io/AFSC-PDFs/AFSC_files/71S.html,https://paladindanse111.github.io/AFSC-PDFs/BASE_files/BASE_CANNON_AFB.html,,Active Duty,Yes
CREECH AFB,"36°34'41""N","115°39'29""W",11S PA 20060 48904,71S,71S (SPECIAL INVESTIGATIONS),https://paladindanse111.github.io/AFSC-PDFs/AFSC_files/71S.html,https://paladindanse111.github.io/AFSC-PDFs/BASE_files/BASE_CREECH_AFB.html,,Active Duty,Yes
DAVIS-MONTHAN AFB,"32°10'14""N","110°52'39""W",12S WA 11549 59347,71S,71S (SPECIAL INVESTIGATIONS),https://paladindanse111.github.io/AFSC-PDFs/AFSC_files/71S.html,https://paladindanse111.github.io/AFSC-PDFs/BASE_files/BASE_DAVIS-MONTHAN_AFB.html,,Active Duty,Yes
DOBBINS ARB,"33°55'10.69""N","84°30'11.59""W",16S GC 30816 56052,71S,71S (SPECIAL INVESTIGATIONS),https://paladindanse111.github.io/AFSC-PDFs/AFSC_files/71S.html,https://paladindanse111.github.io/AFSC-PDFs/WING_files/WING_DOBBINS_ARB.html,,Active Duty,No
DOVER AFB,"39°07'39""N","75°28'06""W",18S VJ 59518 31029,71S,71S (SPECIAL INVESTIGATIONS),https://paladindanse111.github.io/AFSC-PDFs/AFSC_files/71S.html,https://paladindanse111.github.io/AFSC-PDFs/BASE_files/BASE_DOVER_AFB.html,,Active Duty,Yes
DYESS AFB,"32°25'17""N","99°50'31""W",14S MA 20838 87456,71S,71S (SPECIAL INVESTIGATIONS),https://paladindanse111.github.io/AFSC-PDFs/AFSC_files/71S.html,https://paladindanse111.github.io/AFSC-PDFs/BASE_files/BASE_DYESS_AFB.html,,Active Duty,Yes
EDWARDS AFB,"34°55'25""N","117°53'29""W",11S MU 18582 64934,71S,71S (SPECIAL INVESTIGATIONS),https://paladindanse111.github.io/AFSC-PDFs/AFSC_files/71S.html,https://paladindanse111.github.io/AFSC-PDFs/BASE_files/BASE_EDWARDS_AFB.html,,Active Duty,Yes
EGLIN AFB,"30°27'49""N","86°33'11""W",16R EU 42905 70243,71S,71S (SPECIAL INVESTIGATIONS),https://paladindanse111.github.io/AFSC-PDFs/AFSC_files/71S.html,https://paladindanse111.github.io/AFSC-PDFs/BASE_files/BASE_EGLIN_AFB.html,,Active Duty,Yes
ELLSWORTH AFB,"44°08'54""N","103°05'15""W",13T FJ 52951 90126,71S,71S (SPECIAL INVESTIGATIONS),https://paladindanse111.github.io/AFSC-PDFs/AFSC_files/71S.html,https://paladindanse111.github.io/AFSC-PDFs/BASE_files/BASE_ELLSWORTH_AFB.html,,Active Duty,Yes
FEDLAWENF TNG CTR TNG,"31°14'50.00""N","81°28'41.00""W",,71S,71S (SPECIAL INVESTIGATIONS),https://paladindanse111.github.io/AFSC-PDFs/AFSC_files/71S.html,,,Active Duty,No
FT GEORGE G MEADE,"39°6'0.00""N","76°43'0.00""W",,71S,71S (SPECIAL INVESTIGATIONS),https://paladindanse111.github.io/AFSC-PDFs/AFSC_files/71S.html,,,Active Duty,Yes
HANSCOM AFB,"42°27'23""N","71°16'35""W",19T CH 12823 02961,71S,71S (SPECIAL INVESTIGATIONS),https://paladindanse111.github.io/AFSC-PDFs/AFSC_files/71S.html,https://paladindanse111.github.io/AFSC-PDFs/BASE_files/BASE_HANSCOM_AFB.html,,Active Duty,Yes
HILL AFB,"41°06'36""N","111°58'56""W",12T VL 17530 51433,71S,71S (SPECIAL INVESTIGATIONS),https://paladindanse111.github.io/AFSC-PDFs/AFSC_files/71S.html,https://paladindanse111.github.io/AFSC-PDFs/BASE_files/BASE_HILL_AFB.html,,Active Duty,Yes
HOLLOMAN AFB,"32°50'33""N","106°05'55""W",13S CS 97187 34361,71S,71S (SPECIAL INVESTIGATIONS),https://paladindanse111.github.io/AFSC-PDFs/AFSC_files/71S.html,https://paladindanse111.github.io/AFSC-PDFs/BASE_files/BASE_HOLLOMAN_AFB.html,,Active Duty,Yes
INCIRLIK AB,"37°0'7.00""N","35°25'34.00""E",,71S,71S (SPECIAL INVESTIGATIONS),https://paladindanse111.github.io/AFSC-PDFs/AFSC_files/71S.html,,,Active Duty,Yes
JB ANACOSTIA-BOLLING,"38°50'29""N","77°01'05""W",18S UJ 24855 01110,71S,71S (SPECIAL INVESTIGATIONS),https://paladindanse111.github.io/AFSC-PDFs/AFSC_files/71S.html,https://paladindanse111.github.io/AFSC-PDFs/BASE_files/BASE_JB_ANACOSTIA-BOLLING.html,,Active Duty,Yes
JB ELMENDORF-RICHARDSON,"61°15'44""N","149°41'53""W",6V UN 55306 94983,71S,71S (SPECIAL INVESTIGATIONS),https://paladindanse111.github.io/AFSC-PDFs/AFSC_files/71S.html,https://paladindanse111.github.io/AFSC-PDFs/BASE_files/BASE_JB_ELMENDORF-RICHARDSON.html,,Active Duty,Yes
JB LEWIS-MCCHORD,"47°05'30""N","122°36'53""W",10T ET 29240 15422,71S,71S (SPECIAL INVESTIGATIONS),https://paladindanse111.github.io/AFSC-PDFs/AFSC_files/71S.html,https://paladindanse111.github.io/AFSC-PDFs/BASE_files/BASE_JB_LEWIS-MCCHORD.html,,Active Duty,Yes
JB MCGUIRE-DIX-LAKEHURST,"40°1'0.00""N","74°52'0.00""W",,71S,71S (SPECIAL INVESTIGATIONS),https://paladindanse111.github.io/AFSC-PDFs/AFSC_files/71S.html,,,Active Duty,Yes
JB PEARL HARBOR-HICKAM,"21°20'15""N","157°57'43""W",4Q FJ 07643 59855,71S,71S (SPECIAL INVESTIGATIONS),https://paladindanse111.github.io/AFSC-PDFs/AFSC_files/71S.html,https://paladindanse111.github.io/AFSC-PDFs/BASE_files/BASE_JB_PEARL_HARBOR-HICKAM.html,,Active Duty,Yes
JBSA LACKLAND,"29°23'14""N","98°37'16""W",14R NT 36765 50947,71S,71S (SPECIAL INVESTIGATIONS),https://paladindanse111.github.io/AFSC-PDFs/AFSC_files/71S.html,https://paladindanse111.github.io/AFSC-PDFs/BASE_files/BASE_JBSA_LACKLAND.html,,Active Duty,Yes
JBSA RANDOLPH,"29°31'57""N","98°16'45""W",14R NT 69847 67200,71S,71S (SPECIAL INVESTIGATIONS),https://paladindanse111.github.io/AFSC-PDFs/AFSC_files/71S.html,https://paladindanse111.github.io/AFSC-PDFs/BASE_files/BASE_JBSA_RANDOLPH.html,,Active Duty,Yes
KADENA AB,"26°21'20.00""N","127°46'3.00""E",,71S,71S (SPECIAL INVESTIGATIONS),https://paladindanse111.github.io/AFSC-PDFs/AFSC_files/71S.html,,,Active Duty,Yes
KEESLER AFB,"30°24'34""N","88°55'34""W",16R CU 14981 65731,71S,71S (SPECIAL INVESTIGATIONS),https://paladindanse111.github.io/AFSC-PDFs/AFSC_files/71S.html,https://paladindanse111.github.io/AFSC-PDFs/BASE_files/BASE_KEESLER_AFB.html,,Active Duty,Yes
KIRTLAND AFB,"35°00'39""N","106°30'44""W",13S CU 62019 75289,71S,71S (SPECIAL INVESTIGATIONS),https://paladindanse111.github.io/AFSC-PDFs/AFSC_files/71S.html,https://paladindanse111.github.io/AFSC-PDFs/BASE_files/BASE_KIRTLAND_AFB.html,,Active Duty,Yes
LAS VEGAS NV,"36°10'0.00""N","115°10'0.00""W",,71S,71S (SPECIAL INVESTIGATIONS),https://paladindanse111.github.io/AFSC-PDFs/AFSC_files/71S.html,,,Active Duty,No
LASK AB,"51°33'6.00""N","19°10'44.00""E",,71S,71S (SPECIAL INVESTIGATIONS),https://paladindanse111.github.io/AFSC-PDFs/AFSC_files/71S.html,,,Active Duty,No
LOS ANGELES,"33°54'59""N","118°22'58""W",11S LT 72173 53746,71S,71S1 (SPECIAL INVESTIGATIONS),https://paladindanse111.github.io/AFSC-PDFs/71S.html,https://paladindanse111.github.io/AFSC-PDFs/BASE_LOS_ANGELES.html,,Active Duty,Yes
LOS ANGELES SFB,"33°54'59""N","118°22'58""W",11S LT 72173 53746,71S,71S (SPECIAL INVESTIGATIONS),https://paladindanse111.github.io/AFSC-PDFs/AFSC_files/71S.html,https://paladindanse111.github.io/AFSC-PDFs/BASE_files/BASE_LOS_ANGELES.html,,Active Duty,No
MAXWELL-GUNTER AFB,"32°22'43""N","86°21'44""W",16S EA 59993 82581,71S,71S (SPECIAL INVESTIGATIONS),https://paladindanse111.github.io/AFSC-PDFs/AFSC_files/71S.html,https://paladindanse111.github.io/AFSC-PDFs/BASE_files/BASE_MAXWELL-GUNTER_AFB.html,,Active Duty,Yes
MILDENHALL RAF,"52°21'43.00""N","0°29'11.00""E",,71S,71S (SPECIAL INVESTIGATIONS),https://paladindanse111.github.io/AFSC-PDFs/AFSC_files/71S.html,,,Active Duty,Yes
MINOT AFB,"48°25'13""N","101°19'36""W",14U LU 27861 65629,71S,71S (SPECIAL INVESTIGATIONS),https://paladindanse111.github.io/AFSC-PDFs/AFSC_files/71S.html,https://paladindanse111.github.io/AFSC-PDFs/BASE_files/BASE_MINOT_AFB.html,,Active Duty,Yes
MISAWA AB,"40°42'12.00""N","141°22'6.00""E",,71S,71S (SPECIAL INVESTIGATIONS),https://paladindanse111.github.io/AFSC-PDFs/AFSC_files/71S.html,,,Active Duty,Yes
MOODY AFB,"30°58'12""N","83°11'47""W",17R KQ 90229 28346,71S,71S (SPECIAL INVESTIGATIONS),https://paladindanse111.github.io/AFSC-PDFs/AFSC_files/71S.html,https://paladindanse111.github.io/AFSC-PDFs/BASE_files/BASE_MOODY_AFB.html,,Active Duty,Yes
MOUNTAIN HOME AFB,"43°03'59""N","115°51'18""W",11T NH 93226 68823,71S,71S (SPECIAL INVESTIGATIONS),https://paladindanse111.github.io/AFSC-PDFs/AFSC_files/71S.html,https://paladindanse111.github.io/AFSC-PDFs/BASE_files/BASE_MOUNTAIN_HOME_AFB.html,,Active Duty,Yes
NELLIS AFB,"36°14'25""N","115°03'14""W",11S PA 74874 12355,71S,71S (SPECIAL INVESTIGATIONS),https://paladindanse111.github.io/AFSC-PDFs/AFSC_files/71S.html,https://paladindanse111.github.io/AFSC-PDFs/BASE_files/BASE_NELLIS_AFB.html,,Active Duty,Yes
OFFUTT AFB,"41°07'25""N","95°54'52""W",15T TF 55334 56573,71S,71S (SPECIAL INVESTIGATIONS),https://paladindanse111.github.io/AFSC-PDFs/AFSC_files/71S.html,https://paladindanse111.github.io/AFSC-PDFs/BASE_files/BASE_OFFUTT_AFB.html,,Active Duty,Yes
OSAN AB,"37°5'26.00""N","127°1'47.00""E",,71S,71S (SPECIAL INVESTIGATIONS),https://paladindanse111.github.io/AFSC-PDFs/AFSC_files/71S.html,,,Active Duty,Yes
PATRICK SFB,"28°14'21""N","80°36'26""W",17R NM 38533 23759,71S,71S (SPECIAL INVESTIGATIONS),https://paladindanse111.github.io/AFSC-PDFs/AFSC_files/71S.html,https://paladindanse111.github.io/AFSC-PDFs/BASE_files/BASE_PATRICK_SFB.html,,Active Duty,Yes
PENTAGON,"38°52'15""N","77°03'21""W",18S UJ 21650 04451,71S,71S (SPECIAL INVESTIGATIONS),https://paladindanse111.github.io/AFSC-PDFs/AFSC_files/71S.html,https://paladindanse111.github.io/AFSC-PDFs/BASE_files/BASE_PENTAGON.html,,Active Duty,Yes
PETERSON SFB,"38°49'32""N","104°41'58""W",13S EC 26089 97461,71S,71S (SPECIAL INVESTIGATIONS),https://paladindanse111.github.io/AFSC-PDFs/AFSC_files/71S.html,https://paladindanse111.github.io/AFSC-PDFs/BASE_files/BASE_PETERSON_SFB.html,,Active Duty,Yes
POPE AAF,"35°10'15.00""N","79°0'52.00""W",,71S,71S (SPECIAL INVESTIGATIONS),https://paladindanse111.github.io/AFSC-PDFs/AFSC_files/71S.html,,,Active Duty,Yes
RAMSTEIN AB,"49°26'10.00""N","7°36'23.00""E",,71S,71S (SPECIAL INVESTIGATIONS),https://paladindanse111.github.io/AFSC-PDFs/AFSC_files/71S.html,,,Active Duty,Yes
RKB-QUANTICO MGI,"38°30'34.00""N","77°23'21.00""W",,71S,71S (SPECIAL INVESTIGATIONS),https://paladindanse111.github.io/AFSC-PDFs/AFSC_files/71S.html,,,Active Duty,No
ROBINS AFB,"32°38'23""N","83°35'30""W",17S KS 56883 14314,71S,71S (SPECIAL INVESTIGATIONS),https://paladindanse111.github.io/AFSC-PDFs/AFSC_files/71S.html,https://paladindanse111.github.io/AFSC-PDFs/BASE_files/BASE_ROBINS_AFB.html,,Active Duty,Yes
SAN ANTONIO TX,"29°28'0.00""N","98°31'0.00""W",,71S,71S (SPECIAL INVESTIGATIONS),https://paladindanse111.github.io/AFSC-PDFs/AFSC_files/71S.html,,,Active Duty,No
SCOTT AFB,"38°32'29""N","89°51'18""W",16S BH 51169 69750,71S,71S (SPECIAL INVESTIGATIONS),https://paladindanse111.github.io/AFSC-PDFs/AFSC_files/71S.html,https://paladindanse111.github.io/AFSC-PDFs/BASE_files/BASE_SCOTT_AFB.html,,Active Duty,Yes
SHAW AFB,"33°58'02""N","80°29'05""W",17S NT 47603 58641,71S,71S (SPECIAL INVESTIGATIONS),https://paladindanse111.github.io/AFSC-PDFs/AFSC_files/71S.html,https://paladindanse111.github.io/AFSC-PDFs/BASE_files/BASE_SHAW_AFB.html,,Active Duty,Yes
SHEPPARD AFB,"33°58'06""N","98°30'38""W",14S NC 45216 58752,71S,71S (SPECIAL INVESTIGATIONS),https://paladindanse111.github.io/AFSC-PDFs/AFSC_files/71S.html,https://paladindanse111.github.io/AFSC-PDFs/BASE_files/BASE_SHEPPARD_AFB.html,,Active Duty,Yes
SPANGDAHLEM AB,"49°58'35.00""N","6°41'55.00""E",,71S,71S (SPECIAL INVESTIGATIONS),https://paladindanse111.github.io/AFSC-PDFs/AFSC_files/71S.html,,,Active Duty,Yes
TINKER AFB,"35°25'09""N","97°24'15""W",14S PE 44882 20698,71S,71S (SPECIAL INVESTIGATIONS),https://paladindanse111.github.io/AFSC-PDFs/AFSC_files/71S.html,https://paladindanse111.github.io/AFSC-PDFs/BASE_files/BASE_TINKER_AFB.html,,Active Duty,Yes
TRAVIS AFB,"38°16'09""N","121°56'51""W",10S EH 92069 36204,71S,71S (SPECIAL INVESTIGATIONS),https://paladindanse111.github.io/AFSC-PDFs/AFSC_files/71S.html,https://paladindanse111.github.io/AFSC-PDFs/BASE_files/BASE_TRAVIS_AFB.html,,Active Duty,Yes
TYNDALL AFB,"30°04'47""N","85°36'26""W",16R FU 34229 28437,71S,71S (SPECIAL INVESTIGATIONS),https://paladindanse111.github.io/AFSC-PDFs/AFSC_files/71S.html,https://paladindanse111.github.io/AFSC-PDFs/BASE_files/BASE_TYNDALL_AFB.html,,Active Duty,Yes
USAF ACADEMY,"39°0'0.00""N","104°52'60.00""W",,71S,71S (SPECIAL INVESTIGATIONS),https://paladindanse111.github.io/AFSC-PDFs/AFSC_files/71S.html,,,Active Duty,No
VOGELWEH,"49°25'60.00""N","7°43'0.00""E",,71S,71S (SPECIAL INVESTIGATIONS),https://paladindanse111.github.io/AFSC-PDFs/AFSC_files/71S.html,,,Active Duty,No
WESTLAKE TX,"32°59'28.00""N","97°11'42.00""W",,71S,71S (SPECIAL INVESTIGATIONS),https://paladindanse111.github.io/AFSC-PDFs/AFSC_files/71S.html,,,Active Duty,No
WHITEMAN AFB,"38°43'44""N","93°33'37""W",15S VC 51299 86840,71S,71S (SPECIAL INVESTIGATIONS),https://paladindanse111.github.io/AFSC-PDFs/AFSC_files/71S.html,https://paladindanse111.github.io/AFSC-PDFs/BASE_files/BASE_WHITEMAN_AFB.html,,Active Duty,Yes
WRIGHT-PATTERSON AFB,"39°48'37""N","84°01'55""W",16S GK 54072 10915,71S,71S (SPECIAL INVESTIGATIONS),https://paladindanse111.github.io/AFSC-PDFs/AFSC_files/71S.html,https://paladindanse111.github.io/AFSC-PDFs/BASE_files/BASE_WRIGHT-PATTERSON_AFB.html,,Active Duty,Yes
YOKOTA AB,"35°44'55.00""N","139°20'55.00""E",,71S,71S (SPECIAL INVESTIGATIONS),https://paladindanse111.github.io/AFSC-PDFs/AFSC_files/71S.html,,,Active Duty,Yes
COLUMBUS AFB,"33°37'38""N","88°26'51""W",16S CC 65739 21763,92T0,92T0 (PILOT - UPT),https://paladindanse111.github.io/AFSC-PDFs/AFSC_files/92T.html,https://paladindanse111.github.io/AFSC-PDFs/BASE_files/BASE_COLUMBUS_AFB.html,,Active Duty,Yes
LAUGHLIN AFB,"29°21'21""N","100°46'58""W",14R LT 26940 48730,92T0,92T0 (PILOT - UPT),https://paladindanse111.github.io/AFSC-PDFs/AFSC_files/92T.html,https://paladindanse111.github.io/AFSC-PDFs/BASE_files/BASE_LAUGHLIN_AFB.html,,Active Duty,Yes
VANCE AFB,"36°20'21""N","97°54'47""W",14S NF 97544 22116,92T0,92T0 (PILOT - UPT),https://paladindanse111.github.io/AFSC-PDFs/AFSC_files/92T.html,https://paladindanse111.github.io/AFSC-PDFs/BASE_files/BASE_VANCE_AFB.html,,Active Duty,Yes
SHEPPARD AFB,"33°58'06""N","98°30'38""W",14S NC 45216 58752,92T0E,92T0E (PILOT - EURO-NATO JOINT),https://paladindanse111.github.io/AFSC-PDFs/AFSC_files/92T.html,https://paladindanse111.github.io/AFSC-PDFs/BASE_files/BASE_SHEPPARD_AFB.html,,Active Duty,Yes
FT RUCKER,"31°20'23""N","85°42'55""W",16R FV 22215 67965,92T0H,92T0H (PILOT - HELICOPTER),https://paladindanse111.github.io/AFSC-PDFs/AFSC_files/92T.html,https://paladindanse111.github.io/AFSC-PDFs/BASE_files/BASE_FT_RUCKER.html,,Active Duty,Yes
ALBACETE SPAIN,"38°57'0.00""N","1°52'0.00""W",,92T1,92T1 (COMBAT SYSTEMS OFFICER),https://paladindanse111.github.io/AFSC-PDFs/AFSC_files/92T.html,,,Active Duty,No
BARKSDALE AFB,"32°29'45""N","93°40'21""W",15S VR 36822 95596,92T1,92T1 (COMBAT SYSTEMS OFFICER),https://paladindanse111.github.io/AFSC-PDFs/AFSC_files/92T.html,https://paladindanse111.github.io/AFSC-PDFs/BASE_files/BASE_BARKSDALE_AFB.html,,Active Duty,Yes
BEALE AFB,"39°06'41""N","121°21'35""W",10S FJ 41815 30418,92T1,92T1 (COMBAT SYSTEMS OFFICER),https://paladindanse111.github.io/AFSC-PDFs/AFSC_files/92T.html,https://paladindanse111.github.io/AFSC-PDFs/BASE_files/BASE_BEALE_AFB.html,,Active Duty,Yes
BUCKLEY SFB,"39°42'09""N","104°45'29""W",13S ED 20741 94766,92T1,92T1 (COMBAT SYSTEMS OFFICER),https://paladindanse111.github.io/AFSC-PDFs/AFSC_files/92T.html,https://paladindanse111.github.io/AFSC-PDFs/BASE_files/BASE_BUCKLEY_SFB.html,,Active Duty,Yes
CANNON AFB,"34°23'20""N","103°19'05""W",13S FU 54620 06558,92T1,92T1 (COMBAT SYSTEMS OFFICER),https://paladindanse111.github.io/AFSC-PDFs/AFSC_files/92T.html,https://paladindanse111.github.io/AFSC-PDFs/BASE_files/BASE_CANNON_AFB.html,,Active Duty,Yes
COLUMBUS AFB,"33°37'38""N","88°26'51""W",16S CC 65739 21763,92T1,92T1 (COMBAT SYSTEMS OFFICER),https://paladindanse111.github.io/AFSC-PDFs/AFSC_files/92T.html,https://paladindanse111.github.io/AFSC-PDFs/BASE_files/BASE_COLUMBUS_AFB.html,,Active Duty,Yes
CREECH AFB,"36°34'41""N","115°39'29""W",11S PA 20060 48904,92T1,92T1 (COMBAT SYSTEMS OFFICER),https://paladindanse111.github.io/AFSC-PDFs/AFSC_files/92T.html,https://paladindanse111.github.io/AFSC-PDFs/BASE_files/BASE_CREECH_AFB.html,,Active Duty,Yes
DAVIS-MONTHAN AFB,"32°10'14""N","110°52'39""W",12S WA 11549 59347,92T1,92T1 (COMBAT SYSTEMS OFFICER),https://paladindanse111.github.io/AFSC-PDFs/AFSC_files/92T.html,https://paladindanse111.github.io/AFSC-PDFs/BASE_files/BASE_DAVIS-MONTHAN_AFB.html,,Active Duty,Yes
DUKE FIELD,"30°39'1.00""N","86°31'22.00""W",,92T1,92T1 (COMBAT SYSTEMS OFFICER),https://paladindanse111.github.io/AFSC-PDFs/AFSC_files/92T.html,,,Active Duty,No
DYESS AFB,"32°25'17""N","99°50'31""W",14S MA 20838 87456,92T1,92T1 (COMBAT SYSTEMS OFFICER),https://paladindanse111.github.io/AFSC-PDFs/AFSC_files/92T.html,https://paladindanse111.github.io/AFSC-PDFs/BASE_files/BASE_DYESS_AFB.html,,Active Duty,Yes
EDWARDS AFB,"34°55'25""N","117°53'29""W",11S MU 18582 64934,92T1,92T1 (COMBAT SYSTEMS OFFICER),https://paladindanse111.github.io/AFSC-PDFs/AFSC_files/92T.html,https://paladindanse111.github.io/AFSC-PDFs/BASE_files/BASE_EDWARDS_AFB.html,,Active Duty,Yes
EGLIN AFB,"30°27'49""N","86°33'11""W",16R EU 42905 70243,92T1,92T1 (COMBAT SYSTEMS OFFICER),https://paladindanse111.github.io/AFSC-PDFs/AFSC_files/92T.html,https://paladindanse111.github.io/AFSC-PDFs/BASE_files/BASE_EGLIN_AFB.html,,Active Duty,Yes
EIELSON AFB,"64°39'52""N","147°05'45""W",6W VS 95424 71061,92T1,92T1 (COMBAT SYSTEMS OFFICER),https://paladindanse111.github.io/AFSC-PDFs/AFSC_files/92T.html,https://paladindanse111.github.io/AFSC-PDFs/BASE_files/BASE_EIELSON_AFB.html,,Active Duty,Yes
ELLSWORTH AFB,"44°08'54""N","103°05'15""W",13T FJ 52951 90126,92T1,92T1 (COMBAT SYSTEMS OFFICER),https://paladindanse111.github.io/AFSC-PDFs/AFSC_files/92T.html,https://paladindanse111.github.io/AFSC-PDFs/BASE_files/BASE_ELLSWORTH_AFB.html,,Active Duty,Yes
FAIRCHILD AFB,"47°38'28""N","117°38'41""W",11T MN 51574 76613,92T1,92T1 (COMBAT SYSTEMS OFFICER),https://paladindanse111.github.io/AFSC-PDFs/AFSC_files/92T.html,https://paladindanse111.github.io/AFSC-PDFs/BASE_files/BASE_FAIRCHILD_AFB.html,,Active Duty,Yes
FT GEORGE G MEADE,"39°6'0.00""N","76°43'0.00""W",,92T1,92T1 (COMBAT SYSTEMS OFFICER),https://paladindanse111.github.io/AFSC-PDFs/AFSC_files/92T.html,,,Active Duty,Yes
HILL AFB,"41°06'36""N","111°58'56""W",12T VL 17530 51433,92T1,92T1 (COMBAT SYSTEMS OFFICER),https://paladindanse111.github.io/AFSC-PDFs/AFSC_files/92T.html,https://paladindanse111.github.io/AFSC-PDFs/BASE_files/BASE_HILL_AFB.html,,Active Duty,Yes
HURLBURT FIELD,"30°25'23""N","86°41'41""W",16R EU 29317 65704,92T1,92T1 (COMBAT SYSTEMS OFFICER),https://paladindanse111.github.io/AFSC-PDFs/AFSC_files/92T.html,https://paladindanse111.github.io/AFSC-PDFs/BASE_files/BASE_HURLBURT_FIELD.html,,Active Duty,Yes
JB ELMENDORF-RICHARDSON,"61°15'44""N","149°41'53""W",6V UN 55306 94983,92T1,92T1 (COMBAT SYSTEMS OFFICER),https://paladindanse111.github.io/AFSC-PDFs/AFSC_files/92T.html,https://paladindanse111.github.io/AFSC-PDFs/BASE_files/BASE_JB_ELMENDORF-RICHARDSON.html,,Active Duty,Yes
JB LANGLEY-EUSTIS,"37°05'00""N","76°21'33""W",18S UG 79195 04980,92T1,92T1 (COMBAT SYSTEMS OFFICER),https://paladindanse111.github.io/AFSC-PDFs/AFSC_files/92T.html,https://paladindanse111.github.io/AFSC-PDFs/BASE_files/BASE_JB_LANGLEY-EUSTIS.html,,Active Duty,Yes
JB MCGUIRE-DIX-LAKEHURST,"40°02'15""N","74°35'18""W",18T WK 35120 32000,92T1,92T1 (COMBAT SYSTEMS OFFICER),https://paladindanse111.github.io/AFSC-PDFs/AFSC_files/92T.html,https://paladindanse111.github.io/AFSC-PDFs/BASE_files/BASE_JB_MCGUIRE-DIX-LAKEHURST.html,,Active Duty,Yes
JB PEARL HARBOR-HICKAM,"21°20'15""N","157°57'43""W",4Q FJ 07643 59855,92T1,92T1 (COMBAT SYSTEMS OFFICER),https://paladindanse111.github.io/AFSC-PDFs/AFSC_files/92T.html,https://paladindanse111.github.io/AFSC-PDFs/BASE_files/BASE_JB_PEARL_HARBOR-HICKAM.html,,Active Duty,Yes
JBSA RANDOLPH,"29°31'57""N","98°16'45""W",14R NT 69847 67200,92T1,92T1 (COMBAT SYSTEMS OFFICER),https://paladindanse111.github.io/AFSC-PDFs/AFSC_files/92T.html,https://paladindanse111.github.io/AFSC-PDFs/BASE_files/BASE_JBSA_RANDOLPH.html,,Active Duty,Yes
KADENA AB,"26°21'30""N","127°46'20""E",52R CQ 77496 15950,92T1,92T1 (COMBAT SYSTEMS OFFICER),https://paladindanse111.github.io/AFSC-PDFs/AFSC_files/92T.html,https://paladindanse111.github.io/AFSC-PDFs/BASE_files/BASE_KADENA_AB.html,,Active Duty,Yes
KIRTLAND AFB,"35°00'39""N","106°30'44""W",13S CU 62019 75289,92T1,92T1 (COMBAT SYSTEMS OFFICER),https://paladindanse111.github.io/AFSC-PDFs/AFSC_files/92T.html,https://paladindanse111.github.io/AFSC-PDFs/BASE_files/BASE_KIRTLAND_AFB.html,,Active Duty,Yes
LAKENHEATH RAF,"52°23'23""N","0°32'14""E",31U CU 32414 07239,92T1,92T1 (COMBAT SYSTEMS OFFICER),https://paladindanse111.github.io/AFSC-PDFs/AFSC_files/92T.html,https://paladindanse111.github.io/AFSC-PDFs/BASE_files/BASE_LAKENHEATH_RAF.html,,Active Duty,Yes
LUKE AFB,"33°32'22""N","112°22'32""W",12S UC 72284 11939,92T1,92T1 (COMBAT SYSTEMS OFFICER),https://paladindanse111.github.io/AFSC-PDFs/AFSC_files/92T.html,https://paladindanse111.github.io/AFSC-PDFs/BASE_files/BASE_LUKE_AFB.html,,Active Duty,Yes
MCCONNELL AFB,"37°37'51""N","97°15'06""W",14S PG 54271 66293,92T1,92T1 (COMBAT SYSTEMS OFFICER),https://paladindanse111.github.io/AFSC-PDFs/AFSC_files/92T.html,https://paladindanse111.github.io/AFSC-PDFs/BASE_files/BASE_MCCONNELL_AFB.html,,Active Duty,Yes
MILDENHALL RAF,"52°21'45""N","0°30'14""E",31U CU 30041 04290,92T1,92T1 (COMBAT SYSTEMS OFFICER),https://paladindanse111.github.io/AFSC-PDFs/AFSC_files/92T.html,https://paladindanse111.github.io/AFSC-PDFs/BASE_files/BASE_MILDENHALL_RAF.html,,Active Duty,Yes
MINOT AFB,"48°25'13""N","101°19'36""W",14U LU 27861 65629,92T1,92T1 (COMBAT SYSTEMS OFFICER),https://paladindanse111.github.io/AFSC-PDFs/AFSC_files/92T.html,https://paladindanse111.github.io/AFSC-PDFs/BASE_files/BASE_MINOT_AFB.html,,Active Duty,Yes
MISAWA AB,"40°41'55""N","141°22'28""E",54T WL 31634 05368,92T1,92T1 (COMBAT SYSTEMS OFFICER),https://paladindanse111.github.io/AFSC-PDFs/AFSC_files/92T.html,https://paladindanse111.github.io/AFSC-PDFs/BASE_files/BASE_MISAWA_AB.html,,Active Duty,Yes
MOODY AFB,"30°58'12""N","83°11'47""W",17R KQ 90229 28346,92T1,92T1 (COMBAT SYSTEMS OFFICER),https://paladindanse111.github.io/AFSC-PDFs/AFSC_files/92T.html,https://paladindanse111.github.io/AFSC-PDFs/BASE_files/BASE_MOODY_AFB.html,,Active Duty,Yes
MOUNTAIN HOME AFB,"43°03'59""N","115°51'18""W",11T NH 93226 68823,92T1,92T1 (COMBAT SYSTEMS OFFICER),https://paladindanse111.github.io/AFSC-PDFs/AFSC_files/92T.html,https://paladindanse111.github.io/AFSC-PDFs/BASE_files/BASE_MOUNTAIN_HOME_AFB.html,,Active Duty,Yes
NELLIS AFB,"36°14'25""N","115°03'14""W",11S PA 74874 12355,92T1,92T1 (COMBAT SYSTEMS OFFICER),https://paladindanse111.github.io/AFSC-PDFs/AFSC_files/92T.html,https://paladindanse111.github.io/AFSC-PDFs/BASE_files/BASE_NELLIS_AFB.html,,Active Duty,Yes
OFFUTT AFB,"41°07'25""N","95°54'52""W",15T TF 55334 56573,92T1,92T1 (COMBAT SYSTEMS OFFICER),https://paladindanse111.github.io/AFSC-PDFs/AFSC_files/92T.html,https://paladindanse111.github.io/AFSC-PDFs/BASE_files/BASE_OFFUTT_AFB.html,,Active Duty,Yes
OSAN AB,"37°05'19""N","127°01'50""E",52S CG 24960 06516,92T1,92T1 (COMBAT SYSTEMS OFFICER),https://paladindanse111.github.io/AFSC-PDFs/AFSC_files/92T.html,https://paladindanse111.github.io/AFSC-PDFs/BASE_files/BASE_OSAN_AB.html,,Active Duty,Yes
PATRICK SFB,"28°14'21""N","80°36'26""W",17R NM 38533 23759,92T1,92T1 (COMBAT SYSTEMS OFFICER),https://paladindanse111.github.io/AFSC-PDFs/AFSC_files/92T.html,https://paladindanse111.github.io/AFSC-PDFs/BASE_files/BASE_PATRICK_SFB.html,,Active Duty,Yes
PENSACOLA NAS,"30° 21' 10""N","87° 16' 5""W",16R DU 74238 57907,92T1,92T1 (COMBAT SYSTEMS OFFICER),https://paladindanse111.github.io/AFSC-PDFs/AFSC_files/92T.html,https://paladindanse111.github.io/AFSC-PDFs/BASE_files/BASE_PENSACOLA_NAS.html,,Active Duty,Yes
RAMSTEIN AB,"49°26'23""N","7°35'47""E",32U LV 98244 77286,92T1,92T1 (COMBAT SYSTEMS OFFICER),https://paladindanse111.github.io/AFSC-PDFs/AFSC_files/92T.html,https://paladindanse111.github.io/AFSC-PDFs/BASE_files/BASE_RAMSTEIN_AB.html,,Active Duty,Yes
ROBINS AFB,"32°38'23""N","83°35'30""W",17S KS 56883 14314,92T1,92T1 (COMBAT SYSTEMS OFFICER),https://paladindanse111.github.io/AFSC-PDFs/AFSC_files/92T.html,https://paladindanse111.github.io/AFSC-PDFs/BASE_files/BASE_ROBINS_AFB.html,,Active Duty,Yes
SEYMOUR JOHNSON AFB,"35°20'24""N","77°57'41""W",18S TE 30850 14774,92T1,92T1 (COMBAT SYSTEMS OFFICER),https://paladindanse111.github.io/AFSC-PDFs/AFSC_files/92T.html,https://paladindanse111.github.io/AFSC-PDFs/BASE_files/BASE_SEYMOUR_JOHNSON_AFB.html,,Active Duty,Yes
SHAW AFB,"33°58'02""N","80°29'05""W",17S NT 47603 58641,92T1,92T1 (COMBAT SYSTEMS OFFICER),https://paladindanse111.github.io/AFSC-PDFs/AFSC_files/92T.html,https://paladindanse111.github.io/AFSC-PDFs/BASE_files/BASE_SHAW_AFB.html,,Active Duty,Yes
TINKER AFB,"35°25'09""N","97°24'15""W",14S PE 44882 20698,92T1,92T1 (COMBAT SYSTEMS OFFICER),https://paladindanse111.github.io/AFSC-PDFs/AFSC_files/92T.html,https://paladindanse111.github.io/AFSC-PDFs/BASE_files/BASE_TINKER_AFB.html,,Active Duty,Yes
USAF ACADEMY,"39°0'0.00""N","104°52'60.00""W",,92T1,92T1 (COMBAT SYSTEMS OFFICER),https://paladindanse111.github.io/AFSC-PDFs/AFSC_files/92T.html,,,Active Duty,No
WHIDBEY ISLAND NAS,"48°21'6.00""N","122°39'22.00""W",,92T1,92T1 (COMBAT SYSTEMS OFFICER),https://paladindanse111.github.io/AFSC-PDFs/AFSC_files/92T.html,,,Active Duty,No
WHITEMAN AFB,"38°43'44""N","93°33'37""W",15S VC 51299 86840,92T1,92T1 (COMBAT SYSTEMS OFFICER),https://paladindanse111.github.io/AFSC-PDFs/AFSC_files/92T.html,https://paladindanse111.github.io/AFSC-PDFs/BASE_files/BASE_WHITEMAN_AFB.html,,Active Duty,Yes
WILL ROGERS WORLD,"35°23'35.00""N","97°36'3.00""W",,92T1,92T1 (COMBAT SYSTEMS OFFICER),https://paladindanse111.github.io/AFSC-PDFs/AFSC_files/92T.html,,,Active Duty,No
WRIGHT-PATTERSON AFB,"39°49'34.00""N","84°2'54.00""W",,92T1,92T1 (COMBAT SYSTEMS OFFICER),https://paladindanse111.github.io/AFSC-PDFs/AFSC_files/92T.html,,,Active Duty,Yes
AL DHAFRA ABS,"24°14'23.00""N","54°32'58.00""E",,92T2,92T2 (AIR BATTLE MANAGER),https://paladindanse111.github.io/AFSC-PDFs/AFSC_files/13B.html,,,Active Duty,No
ANDERSEN AFB,"13°33'46""N","144°55'25""E",55P BR 75307 00327,92T2,92T2 (AIR BATTLE MANAGER),https://paladindanse111.github.io/AFSC-PDFs/AFSC_files/13B.html,https://paladindanse111.github.io/AFSC-PDFs/BASE_files/BASE_ANDERSEN_AFB.html,,Active Duty,Yes
AVIANO AB,"46°01'49""N","12°36'41""E",33T UM 15147 00185,92T2,92T2 (AIR BATTLE MANAGER),https://paladindanse111.github.io/AFSC-PDFs/AFSC_files/13B.html,https://paladindanse111.github.io/AFSC-PDFs/BASE_files/BASE_AVIANO_AB.html,,Active Duty,Yes
BARKSDALE AFB,"32°29'45""N","93°40'21""W",15S VR 36822 95596,92T2,92T2 (AIR BATTLE MANAGER),https://paladindanse111.github.io/AFSC-PDFs/AFSC_files/13B.html,https://paladindanse111.github.io/AFSC-PDFs/BASE_files/BASE_BARKSDALE_AFB.html,,Active Duty,Yes
BEALE AFB,"39°06'41""N","121°21'35""W",10S FJ 41815 30418,92T2,92T2 (AIR BATTLE MANAGER),https://paladindanse111.github.io/AFSC-PDFs/AFSC_files/13B.html,https://paladindanse111.github.io/AFSC-PDFs/BASE_files/BASE_BEALE_AFB.html,,Active Duty,Yes
EDWARDS AFB,"34°55'25""N","117°53'29""W",11S MU 18582 64934,92T2,92T2 (AIR BATTLE MANAGER),https://paladindanse111.github.io/AFSC-PDFs/AFSC_files/13B.html,https://paladindanse111.github.io/AFSC-PDFs/BASE_files/BASE_EDWARDS_AFB.html,,Active Duty,Yes
EGLIN AFB,"30°27'49""N","86°33'11""W",16R EU 42905 70243,92T2,92T2 (AIR BATTLE MANAGER),https://paladindanse111.github.io/AFSC-PDFs/AFSC_files/13B.html,https://paladindanse111.github.io/AFSC-PDFs/BASE_files/BASE_EGLIN_AFB.html,,Active Duty,Yes
EIELSON AFB,"64°39'52""N","147°05'45""W",6W VS 95424 71061,92T2,92T2 (AIR BATTLE MANAGER),https://paladindanse111.github.io/AFSC-PDFs/AFSC_files/13B.html,https://paladindanse111.github.io/AFSC-PDFs/BASE_files/BASE_EIELSON_AFB.html,,Active Duty,Yes
ELLSWORTH AFB,"44°08'54""N","103°05'15""W",13T FJ 52951 90126,92T2,92T2 (AIR BATTLE MANAGER),https://paladindanse111.github.io/AFSC-PDFs/AFSC_files/13B.html,https://paladindanse111.github.io/AFSC-PDFs/BASE_files/BASE_ELLSWORTH_AFB.html,,Active Duty,Yes
FT IRWIN,"35°22'60.00""N","116°34'60.00""W",,92T2,92T2 (AIR BATTLE MANAGER),https://paladindanse111.github.io/AFSC-PDFs/AFSC_files/13B.html,,,Active Duty,No
GEILENKIRCHEN AB,"50°57'39.00""N","6°2'30.00""E",,92T2,92T2 (AIR BATTLE MANAGER),https://paladindanse111.github.io/AFSC-PDFs/AFSC_files/13B.html,,,Active Duty,No
HILL AFB,"41°06'36""N","111°58'56""W",12T VL 17530 51433,92T2,92T2 (AIR BATTLE MANAGER),https://paladindanse111.github.io/AFSC-PDFs/AFSC_files/13B.html,https://paladindanse111.github.io/AFSC-PDFs/BASE_files/BASE_HILL_AFB.html,,Active Duty,Yes
HURLBURT FIELD,"30°25'23""N","86°41'41""W",16R EU 29317 65704,92T2,92T2 (AIR BATTLE MANAGER),https://paladindanse111.github.io/AFSC-PDFs/AFSC_files/13B.html,https://paladindanse111.github.io/AFSC-PDFs/BASE_files/BASE_HURLBURT_FIELD.html,,Active Duty,Yes
IZMIR,"38°25'0.00""N","27°10'0.00""E",,92T2,92T2 (AIR BATTLE MANAGER),https://paladindanse111.github.io/AFSC-PDFs/AFSC_files/13B.html,,,Active Duty,No
JB ANACOSTIA-BOLLING,"38°50'29""N","77°01'05""W",18S UJ 24855 01110,92T2,92T2 (AIR BATTLE MANAGER),https://paladindanse111.github.io/AFSC-PDFs/AFSC_files/13B.html,https://paladindanse111.github.io/AFSC-PDFs/BASE_files/BASE_JB_ANACOSTIA-BOLLING.html,,Active Duty,Yes
JB ELMENDORF-RICHARDSON,"61°15'44""N","149°41'53""W",6V UN 55306 94983,92T2,92T2 (AIR BATTLE MANAGER),https://paladindanse111.github.io/AFSC-PDFs/AFSC_files/13B.html,https://paladindanse111.github.io/AFSC-PDFs/BASE_files/BASE_JB_ELMENDORF-RICHARDSON.html,,Active Duty,Yes
JB LANGLEY-EUSTIS,"37°05'00""N","76°21'33""W",18S UG 79195 04980,92T2,92T2 (AIR BATTLE MANAGER),https://paladindanse111.github.io/AFSC-PDFs/AFSC_files/13B.html,https://paladindanse111.github.io/AFSC-PDFs/BASE_files/BASE_JB_LANGLEY-EUSTIS.html,,Active Duty,Yes
JB LEWIS-MCCHORD,"47°05'30""N","122°36'53""W",10T ET 29240 15422,92T2,92T2 (AIR BATTLE MANAGER),https://paladindanse111.github.io/AFSC-PDFs/AFSC_files/13B.html,https://paladindanse111.github.io/AFSC-PDFs/BASE_files/BASE_JB_LEWIS-MCCHORD.html,,Active Duty,Yes
JB PEARL HARBOR-HICKAM,"21°20'15""N","157°57'43""W",4Q FJ 07643 59855,92T2,92T2 (AIR BATTLE MANAGER),https://paladindanse111.github.io/AFSC-PDFs/AFSC_files/13B.html,https://paladindanse111.github.io/AFSC-PDFs/BASE_files/BASE_JB_PEARL_HARBOR-HICKAM.html,,Active Duty,Yes
KADENA AB,"26°21'30""N","127°46'20""E",52R CQ 77496 15950,92T2,92T2 (AIR BATTLE MANAGER),https://paladindanse111.github.io/AFSC-PDFs/AFSC_files/13B.html,https://paladindanse111.github.io/AFSC-PDFs/BASE_files/BASE_KADENA_AB.html,,Active Duty,Yes
KIRTLAND AFB,"35°00'39""N","106°30'44""W",13S CU 62019 75289,92T2,92T2 (AIR BATTLE MANAGER),https://paladindanse111.github.io/AFSC-PDFs/AFSC_files/13B.html,https://paladindanse111.github.io/AFSC-PDFs/BASE_files/BASE_KIRTLAND_AFB.html,,Active Duty,Yes
LUKE AFB,"33°32'22""N","112°22'32""W",12S UC 72284 11939,92T2,92T2 (AIR BATTLE MANAGER),https://paladindanse111.github.io/AFSC-PDFs/AFSC_files/13B.html,https://paladindanse111.github.io/AFSC-PDFs/BASE_files/BASE_LUKE_AFB.html,,Active Duty,Yes
MCCONNELL AFB,"37°37'51""N","97°15'06""W",14S PG 54271 66293,92T2,92T2 (AIR BATTLE MANAGER),https://paladindanse111.github.io/AFSC-PDFs/AFSC_files/13B.html,https://paladindanse111.github.io/AFSC-PDFs/BASE_files/BASE_MCCONNELL_AFB.html,,Active Duty,Yes
MISAWA AB,"40°41'55""N","141°22'28""E",54T WL 31634 05368,92T2,92T2 (AIR BATTLE MANAGER),https://paladindanse111.github.io/AFSC-PDFs/AFSC_files/13B.html,https://paladindanse111.github.io/AFSC-PDFs/BASE_files/BASE_MISAWA_AB.html,,Active Duty,Yes
MOUNTAIN HOME AFB,"43°03'59""N","115°51'18""W",11T NH 93226 68823,92T2,92T2 (AIR BATTLE MANAGER),https://paladindanse111.github.io/AFSC-PDFs/AFSC_files/13B.html,https://paladindanse111.github.io/AFSC-PDFs/BASE_files/BASE_MOUNTAIN_HOME_AFB.html,,Active Duty,Yes
NELLIS AFB,"36°14'25""N","115°03'14""W",11S PA 74874 12355,92T2,92T2 (AIR BATTLE MANAGER),https://paladindanse111.github.io/AFSC-PDFs/AFSC_files/13B.html,https://paladindanse111.github.io/AFSC-PDFs/BASE_files/BASE_NELLIS_AFB.html,,Active Duty,Yes
NORTH BAY,"46°22'0.00""N","79°25'0.00""W",,92T2,92T2 (AIR BATTLE MANAGER),https://paladindanse111.github.io/AFSC-PDFs/AFSC_files/13B.html,,,Active Duty,No
OSAN AB,"37°05'19""N","127°01'50""E",52S CG 24960 06516,92T2,92T2 (AIR BATTLE MANAGER),https://paladindanse111.github.io/AFSC-PDFs/AFSC_files/13B.html,https://paladindanse111.github.io/AFSC-PDFs/BASE_files/BASE_OSAN_AB.html,,Active Duty,Yes
PENTAGON,"38°52'15""N","77°03'21""W",18S UJ 21650 04451,92T2,92T2 (AIR BATTLE MANAGER),https://paladindanse111.github.io/AFSC-PDFs/AFSC_files/13B.html,https://paladindanse111.github.io/AFSC-PDFs/BASE_files/BASE_PENTAGON.html,,Active Duty,Yes
PETERSON SFB,"38°49'32""N","104°41'58""W",13S EC 26089 97461,92T2,92T2 (AIR BATTLE MANAGER),https://paladindanse111.github.io/AFSC-PDFs/AFSC_files/13B.html,https://paladindanse111.github.io/AFSC-PDFs/BASE_files/BASE_PETERSON_SFB.html,,Active Duty,Yes
POGGIO RENATICO,"44°46'0.00""N","11°28'60.00""E",,92T2,92T2 (AIR BATTLE MANAGER),https://paladindanse111.github.io/AFSC-PDFs/AFSC_files/13B.html,,,Active Duty,No
RAMSTEIN AB,"49°26'23""N","7°35'47""E",32U LV 98244 77286,92T2,92T2 (AIR BATTLE MANAGER),https://paladindanse111.github.io/AFSC-PDFs/AFSC_files/13B.html,https://paladindanse111.github.io/AFSC-PDFs/BASE_files/BASE_RAMSTEIN_AB.html,,Active Duty,Yes
ROBINS AFB,"32°38'23""N","83°35'30""W",17S KS 56883 14314,92T2,92T2 (AIR BATTLE MANAGER),https://paladindanse111.github.io/AFSC-PDFs/AFSC_files/13B.html,https://paladindanse111.github.io/AFSC-PDFs/BASE_files/BASE_ROBINS_AFB.html,,Active Duty,Yes
SHAW AFB,"33°58'02""N","80°29'05""W",17S NT 47603 58641,92T2,92T2 (AIR BATTLE MANAGER),https://paladindanse111.github.io/AFSC-PDFs/AFSC_files/13B.html,https://paladindanse111.github.io/AFSC-PDFs/BASE_files/BASE_SHAW_AFB.html,,Active Duty,Yes
TINKER AFB,"35°25'09""N","97°24'15""W",14S PE 44882 20698,92T2,92T2 (AIR BATTLE MANAGER),https://paladindanse111.github.io/AFSC-PDFs/AFSC_files/13B.html,https://paladindanse111.github.io/AFSC-PDFs/BASE_files/BASE_TINKER_AFB.html,,Active Duty,Yes
TYNDALL AFB,"30°04'47""N","85°36'26""W",16R FU 34229 28437,92T2,92T2 (AIR BATTLE MANAGER),https://paladindanse111.github.io/AFSC-PDFs/AFSC_files/92T.html,https://paladindanse111.github.io/AFSC-PDFs/BASE_files/BASE_TYNDALL_AFB.html,,Active Duty,Yes
USAF ACADEMY,"39°0'0.00""N","104°52'60.00""W",,92T2,92T2 (AIR BATTLE MANAGER),https://paladindanse111.github.io/AFSC-PDFs/AFSC_files/13B.html,,,Active Duty,No
WHEELER AAF,"21°29'1.00""N","158°2'23.00""W",,92T2,92T2 (AIR BATTLE MANAGER),https://paladindanse111.github.io/AFSC-PDFs/AFSC_files/13B.html,,,Active Duty,No
YOKOTA AB,"35°44'35""N","139°20'23""E",54S UE 49872 56720,92T2,92T2 (AIR BATTLE MANAGER),https://paladindanse111.github.io/AFSC-PDFs/AFSC_files/13B.html,https://paladindanse111.github.io/AFSC-PDFs/BASE_files/BASE_YOKOTA_AB.html,,Active Duty,Yes
ANDERSEN AFB,"13°33'46""N","144°55'25""E",55P BR 75307 00327,92T3,92T3 (RPA PILOT),https://paladindanse111.github.io/AFSC-PDFs/AFSC_files/92T.html,https://paladindanse111.github.io/AFSC-PDFs/BASE_files/BASE_ANDERSEN_AFB.html,,Active Duty,Yes
BEALE AFB,"39°06'41""N","121°21'35""W",10S FJ 41815 30418,92T3,92T3 (RPA PILOT),https://paladindanse111.github.io/AFSC-PDFs/AFSC_files/92T.html,https://paladindanse111.github.io/AFSC-PDFs/BASE_files/BASE_BEALE_AFB.html,,Active Duty,Yes
CANNON AFB,"34°23'20""N","103°19'05""W",13S FU 54620 06558,92T3,92T3 (RPA PILOT),https://paladindanse111.github.io/AFSC-PDFs/AFSC_files/92T.html,https://paladindanse111.github.io/AFSC-PDFs/BASE_files/BASE_CANNON_AFB.html,,Active Duty,Yes
CREECH AFB,"36°34'41""N","115°39'29""W",11S PA 20060 48904,92T3,92T3 (RPA PILOT),https://paladindanse111.github.io/AFSC-PDFs/AFSC_files/92T.html,https://paladindanse111.github.io/AFSC-PDFs/BASE_files/BASE_CREECH_AFB.html,,Active Duty,Yes
DAVIS-MONTHAN AFB,"32°10'14""N","110°52'39""W",12S WA 11549 59347,92T3,92T3 (RPA PILOT),https://paladindanse111.github.io/AFSC-PDFs/AFSC_files/92T.html,https://paladindanse111.github.io/AFSC-PDFs/BASE_files/BASE_DAVIS-MONTHAN_AFB.html,,Active Duty,Yes
EDWARDS AFB,"34°55'25""N","117°53'29""W",11S MU 18582 64934,92T3,92T3 (RPA PILOT),https://paladindanse111.github.io/AFSC-PDFs/AFSC_files/92T.html,https://paladindanse111.github.io/AFSC-PDFs/BASE_files/BASE_EDWARDS_AFB.html,,Active Duty,Yes
ELLSWORTH AFB,"44°08'54""N","103°05'15""W",13T FJ 52951 90126,92T3,92T3 (RPA PILOT),https://paladindanse111.github.io/AFSC-PDFs/AFSC_files/92T.html,https://paladindanse111.github.io/AFSC-PDFs/BASE_files/BASE_ELLSWORTH_AFB.html,,Active Duty,Yes
FAIRFORD RAF,"51°40'56.00""N","1°47'24.00""W",,92T3,92T3 (RPA PILOT),https://paladindanse111.github.io/AFSC-PDFs/AFSC_files/92T.html,,,Active Duty,No
GRAND FORKS AFB,"47°57'07""N","97°22'57""W",14T PU 20768 12225,92T3,92T3 (RPA PILOT),https://paladindanse111.github.io/AFSC-PDFs/AFSC_files/92T.html,https://paladindanse111.github.io/AFSC-PDFs/BASE_files/BASE_GRAND_FORKS_AFB.html,,Active Duty,Yes
GRAY BUTTE PLANT ADM,"34°55'60.00""N","118°16'60.00""W",,92T3,92T3 (RPA PILOT),https://paladindanse111.github.io/AFSC-PDFs/AFSC_files/92T.html,,,Active Duty,No
HANCOCK FIELD ANG,"43°6'30.00""N","76°6'40.00""W",,92T3,92T3 (RPA PILOT),https://paladindanse111.github.io/AFSC-PDFs/AFSC_files/92T.html,,,Active Duty,No
HILL AFB,"41°06'36""N","111°58'56""W",12T VL 17530 51433,92T3,92T3 (RPA PILOT),https://paladindanse111.github.io/AFSC-PDFs/AFSC_files/92T.html,https://paladindanse111.github.io/AFSC-PDFs/BASE_files/BASE_HILL_AFB.html,,Active Duty,Yes
HOLLOMAN AFB,"32°50'33""N","106°05'55""W",13S CS 97187 34361,92T3,92T3 (RPA PILOT),https://paladindanse111.github.io/AFSC-PDFs/AFSC_files/92T.html,https://paladindanse111.github.io/AFSC-PDFs/BASE_files/BASE_HOLLOMAN_AFB.html,,Active Duty,Yes
HURLBURT FIELD,"30°25'23""N","86°41'41""W",16R EU 29317 65704,92T3,92T3 (RPA PILOT),https://paladindanse111.github.io/AFSC-PDFs/AFSC_files/92T.html,https://paladindanse111.github.io/AFSC-PDFs/BASE_files/BASE_HURLBURT_FIELD.html,,Active Duty,Yes
JB LANGLEY-EUSTIS,"37°05'00""N","76°21'33""W",18S UG 79195 04980,92T3,92T3 (RPA PILOT),https://paladindanse111.github.io/AFSC-PDFs/AFSC_files/92T.html,https://paladindanse111.github.io/AFSC-PDFs/BASE_files/BASE_JB_LANGLEY-EUSTIS.html,,Active Duty,Yes
JBSA RANDOLPH,"29°31'57""N","98°16'45""W",14R NT 69847 67200,92T3,92T3 (RPA PILOT),https://paladindanse111.github.io/AFSC-PDFs/AFSC_files/92T.html,https://paladindanse111.github.io/AFSC-PDFs/BASE_files/BASE_JBSA_RANDOLPH.html,,Active Duty,Yes
MARCH ARB,"33°53'26.85""N","117°15'42.24""W",11S MT 75798 50078,92T3,92T3 (RPA PILOT),https://paladindanse111.github.io/AFSC-PDFs/AFSC_files/92T.html,https://paladindanse111.github.io/AFSC-PDFs/WING_files/WING_MARCH_ARB.html,,Active Duty,No
MAXWELL-GUNTER AFB,"32°22'43""N","86°21'44""W",16S EA 59993 82581,92T3,92T3 (RPA PILOT),https://paladindanse111.github.io/AFSC-PDFs/AFSC_files/92T.html,https://paladindanse111.github.io/AFSC-PDFs/BASE_files/BASE_MAXWELL-GUNTER_AFB.html,,Active Duty,Yes
NELLIS AFB,"36°14'25""N","115°03'14""W",11S PA 74874 12355,92T3,92T3 (RPA PILOT),https://paladindanse111.github.io/AFSC-PDFs/AFSC_files/92T.html,https://paladindanse111.github.io/AFSC-PDFs/BASE_files/BASE_NELLIS_AFB.html,,Active Duty,Yes
OSAN AB,"37°05'19""N","127°01'50""E",52S CG 24960 06516,92T3,92T3 (RPA PILOT),https://paladindanse111.github.io/AFSC-PDFs/AFSC_files/92T.html,https://paladindanse111.github.io/AFSC-PDFs/BASE_files/BASE_OSAN_AB.html,,Active Duty,Yes
PALMDALE USAF PLA ABS,"34°37'46.00""N","118°5'5.00""W",,92T3,92T3 (RPA PILOT),https://paladindanse111.github.io/AFSC-PDFs/AFSC_files/92T.html,,,Active Duty,No
PENTAGON,"38°52'15""N","77°03'21""W",18S UJ 21650 04451,92T3,92T3 (RPA PILOT),https://paladindanse111.github.io/AFSC-PDFs/AFSC_files/92T.html,https://paladindanse111.github.io/AFSC-PDFs/BASE_files/BASE_PENTAGON.html,,Active Duty,Yes
RAMSTEIN AB,"49°26'23""N","7°35'47""E",32U LV 98244 77286,92T3,92T3 (RPA PILOT),https://paladindanse111.github.io/AFSC-PDFs/AFSC_files/92T.html,https://paladindanse111.github.io/AFSC-PDFs/BASE_files/BASE_RAMSTEIN_AB.html,,Active Duty,Yes
ROBINS AFB,"32°38'23""N","83°35'30""W",17S KS 56883 14314,92T3,92T3 (RPA PILOT),https://paladindanse111.github.io/AFSC-PDFs/AFSC_files/92T.html,https://paladindanse111.github.io/AFSC-PDFs/BASE_files/BASE_ROBINS_AFB.html,,Active Duty,Yes
SCHRIEVER SFB,"38°48'12""N","104°31'32""W",13S EC 41196 95059,92T3,92T3 (RPA PILOT),https://paladindanse111.github.io/AFSC-PDFs/AFSC_files/92T.html,https://paladindanse111.github.io/AFSC-PDFs/BASE_files/BASE_SCHRIEVER_SFB.html,,Active Duty,Yes
SHAW AFB,"33°58'02""N","80°29'05""W",17S NT 47603 58641,92T3,92T3 (RPA PILOT),https://paladindanse111.github.io/AFSC-PDFs/AFSC_files/92T.html,https://paladindanse111.github.io/AFSC-PDFs/BASE_files/BASE_SHAW_AFB.html,,Active Duty,Yes
SIGONELLA NAS,"37°24'6.00""N","14°55'21.00""E",,92T3,92T3 (RPA PILOT),https://paladindanse111.github.io/AFSC-PDFs/AFSC_files/92T.html,,,Active Duty,No
TYNDALL AFB,"30°04'47""N","85°36'26""W",16R FU 34229 28437,92T3,92T3 (RPA PILOT),https://paladindanse111.github.io/AFSC-PDFs/AFSC_files/92T.html,https://paladindanse111.github.io/AFSC-PDFs/BASE_files/BASE_TYNDALL_AFB.html,,Active Duty,Yes
WHITEMAN AFB,"38°43'44""N","93°33'37""W",15S VC 51299 86840,92T3,92T3 (RPA PILOT),https://paladindanse111.github.io/AFSC-PDFs/AFSC_files/92T.html,https://paladindanse111.github.io/AFSC-PDFs/BASE_files/BASE_WHITEMAN_AFB.html,,Active Duty,Yes
YOKOTA AB,"35°44'35""N","139°20'23""E",54S UE 49872 56720,92T3,92T3 (RPA PILOT),https://paladindanse111.github.io/AFSC-PDFs/AFSC_files/92T.html,https://paladindanse111.github.io/AFSC-PDFs/BASE_files/BASE_YOKOTA_AB.html,,Active Duty,Yes
