Base,Latitude,Longitude,MGRS,AFSC_Code,AFSC_Full_Name,PDF_URL,Base_URL,Aircraft,Base_Type,First_Duty_Station,Service,Army_Note
ALBACETE (SPAIN),"38°57'0.00""N","1°52'0.00""W",,12X,12X (COMBAT SYSTEMS OFFICER),https://paladindanse111.github.io/AFSC-PDFs/AFSC_files/12XX.html,,,Active Duty,No,USAF,
BARKSDALE AFB,"32°29'45""N","93°40'21""W",15S VR 36822 95596,12X,12X (COMBAT SYSTEMS OFFICER),https://paladindanse111.github.io/AFSC-PDFs/AFSC_files/12XX.html,https://paladindanse111.github.io/AFSC-PDFs/BASE_files/BASE_BARKSDALE_AFB.html,,Active Duty,Yes,USAF,
BEALE AFB,"39°06'41""N","121°21'35""W",10S FJ 41815 30418,12X,12X (COMBAT SYSTEMS OFFICER),https://paladindanse111.github.io/AFSC-PDFs/AFSC_files/12XX.html,https://paladindanse111.github.io/AFSC-PDFs/BASE_files/BASE_BEALE_AFB.html,,Active Duty,Yes,USAF,
BUCKLEY SFB,"39°42'09""N","104°45'29""W",13S ED 20741 94766,12X,12X (COMBAT SYSTEMS OFFICER),https://paladindanse111.github.io/AFSC-PDFs/AFSC_files/12XX.html,https://paladindanse111.github.io/AFSC-PDFs/BASE_files/BASE_BUCKLEY_SFB.html,,Active Duty,Yes,USAF,
CANNON AFB,"34°23'20""N","103°19'05""W",13S FU 54620 06558,12X,12X (COMBAT SYSTEMS OFFICER),https://paladindanse111.github.io/AFSC-PDFs/AFSC_files/12XX.html,https://paladindanse111.github.io/AFSC-PDFs/BASE_files/BASE_CANNON_AFB.html,,Active Duty,Yes,USAF,
COLUMBUS AFB,"33°37'38""N","88°26'51""W",16S CC 65739 21763,12X,12X (COMBAT SYSTEMS OFFICER),https://paladindanse111.github.io/AFSC-PDFs/AFSC_files/12XX.html,https://paladindanse111.github.io/AFSC-PDFs/BASE_files/BASE_COLUMBUS_AFB.html,,Active Duty,Yes,USAF,
CREECH AFB,"36°34'41""N","115°39'29""W",11S PA 20060 48904,12X,12X (COMBAT SYSTEMS OFFICER),https://paladindanse111.github.io/AFSC-PDFs/AFSC_files/12XX.html,https://paladindanse111.github.io/AFSC-PDFs/BASE_files/BASE_CREECH_AFB.html,,Active Duty,Yes,USAF,
DAVIS-MONTHAN AFB,"32°10'14""N","110°52'39""W",12S WA 11549 59347,12X,12X (COMBAT SYSTEMS OFFICER),https://paladindanse111.github.io/AFSC-PDFs/AFSC_files/12XX.html,https://paladindanse111.github.io/AFSC-PDFs/BASE_files/BASE_DAVIS-MONTHAN_AFB.html,,Active Duty,Yes,USAF,
DUKE FIELD,"30°38'39.32""N","86°31'42.41""W",16R EU 45183 90272,12X,12X (COMBAT SYSTEMS OFFICER),https://paladindanse111.github.io/AFSC-PDFs/AFSC_files/12XX.html,https://paladindanse111.github.io/AFSC-PDFs/WING_files/WING_DUKE_FIELD.html,,Active Duty,Yes,USAF,
DYESS AFB,"32°25'17""N","99°50'31""W",14S MA 20838 87456,12X,12X (COMBAT SYSTEMS OFFICER),https://paladindanse111.github.io/AFSC-PDFs/AFSC_files/12XX.html,https://paladindanse111.github.io/AFSC-PDFs/BASE_files/BASE_DYESS_AFB.html,,Active Duty,Yes,USAF,
EDWARDS AFB,"34°55'25""N","117°53'29""W",11S MU 18582 64934,12X,12X (COMBAT SYSTEMS OFFICER),https://paladindanse111.github.io/AFSC-PDFs/AFSC_files/12XX.html,https://paladindanse111.github.io/AFSC-PDFs/BASE_files/BASE_EDWARDS_AFB.html,,Active Duty,Yes,USAF,
EGLIN AFB,"30°27'49""N","86°33'11""W",16R EU 42905 70243,12X,12X (COMBAT SYSTEMS OFFICER),https://paladindanse111.github.io/AFSC-PDFs/AFSC_files/12XX.html,https://paladindanse111.github.io/AFSC-PDFs/BASE_files/BASE_EGLIN_AFB.html,,Active Duty,Yes,USAF,
EIELSON AFB,"64°39'52""N","147°05'45""W",6W VS 95424 71061,12X,12X (COMBAT SYSTEMS OFFICER),https://paladindanse111.github.io/AFSC-PDFs/AFSC_files/12XX.html,https://paladindanse111.github.io/AFSC-PDFs/BASE_files/BASE_EIELSON_AFB.html,,Active Duty,Yes,USAF,
ELLSWORTH AFB,"44°08'54""N","103°05'15""W",13T FJ 52951 90126,12X,12X (COMBAT SYSTEMS OFFICER),https://paladindanse111.github.io/AFSC-PDFs/AFSC_files/12XX.html,https://paladindanse111.github.io/AFSC-PDFs/BASE_files/BASE_ELLSWORTH_AFB.html,,Active Duty,Yes,USAF,
FAIRCHILD AFB,"47°38'28""N","117°38'41""W",11T MN 51574 76613,12X,12X (COMBAT SYSTEMS OFFICER),https://paladindanse111.github.io/AFSC-PDFs/AFSC_files/12XX.html,https://paladindanse111.github.io/AFSC-PDFs/BASE_files/BASE_FAIRCHILD_AFB.html,,Active Duty,Yes,USAF,
FT GEORGE G MEADE,"39°06'14""N","76°44'42""W",18S UJ 49113 29754,12X,12X (COMBAT SYSTEMS OFFICER),https://paladindanse111.github.io/AFSC-PDFs/AFSC_files/12XX.html,https://paladindanse111.github.io/AFSC-PDFs/BASE_files/BASE_FT_GEORGE_G_MEADE.html,,Active Duty,Yes,USAF,
HILL AFB,"41°06'36""N","111°58'56""W",12T VL 17530 51433,12X,12X (COMBAT SYSTEMS OFFICER),https://paladindanse111.github.io/AFSC-PDFs/AFSC_files/12XX.html,https://paladindanse111.github.io/AFSC-PDFs/BASE_files/BASE_HILL_AFB.html,,Active Duty,Yes,USAF,
HURLBURT FIELD,"30°25'23""N","86°41'41""W",16R EU 29317 65704,12X,12X (COMBAT SYSTEMS OFFICER),https://paladindanse111.github.io/AFSC-PDFs/AFSC_files/12XX.html,https://paladindanse111.github.io/AFSC-PDFs/BASE_files/BASE_HURLBURT_FIELD.html,,Active Duty,Yes,USAF,
JB ELMENDORF-RICHARDSON,"61°15'44""N","149°41'53""W",6V UN 55306 94983,12X,12X (COMBAT SYSTEMS OFFICER),https://paladindanse111.github.io/AFSC-PDFs/AFSC_files/12XX.html,https://paladindanse111.github.io/AFSC-PDFs/BASE_files/BASE_JB_ELMENDORF-RICHARDSON.html,,Active Duty,Yes,USAF,
JB LANGLEY-EUSTIS,"37°05'00""N","76°21'33""W",18S UG 79195 04980,12X,12X (COMBAT SYSTEMS OFFICER),https://paladindanse111.github.io/AFSC-PDFs/AFSC_files/12XX.html,https://paladindanse111.github.io/AFSC-PDFs/BASE_files/BASE_JB_LANGLEY-EUSTIS.html,,Active Duty,Yes,USAF,
JB MCGUIRE-DIX-LAKEHURST,"40°02'15""N","74°35'18""W",18T WK 35120 32000,12X,12X (COMBAT SYSTEMS OFFICER),https://paladindanse111.github.io/AFSC-PDFs/AFSC_files/12XX.html,https://paladindanse111.github.io/AFSC-PDFs/BASE_files/BASE_JB_MCGUIRE-DIX-LAKEHURST.html,,Active Duty,Yes,USAF,
JB PEARL HARBOR-HICKAM,"21°20'15""N","157°57'43""W",4Q FJ 07643 59855,12X,12X (COMBAT SYSTEMS OFFICER),https://paladindanse111.github.io/AFSC-PDFs/AFSC_files/12XX.html,https://paladindanse111.github.io/AFSC-PDFs/BASE_files/BASE_JB_PEARL_HARBOR-HICKAM.html,,Active Duty,Yes,USAF,
JBSA RANDOLPH,"29°31'57""N","98°16'45""W",14R NT 69847 67200,12X,12X (COMBAT SYSTEMS OFFICER),https://paladindanse111.github.io/AFSC-PDFs/AFSC_files/12XX.html,https://paladindanse111.github.io/AFSC-PDFs/BASE_files/BASE_JBSA_RANDOLPH.html,,Active Duty,Yes,USAF,
KADENA AB,"26°21'30""N","127°46'20""E",52R CQ 77496 15950,12X,12X (COMBAT SYSTEMS OFFICER),https://paladindanse111.github.io/AFSC-PDFs/AFSC_files/12XX.html,https://paladindanse111.github.io/AFSC-PDFs/BASE_files/BASE_KADENA_AB.html,,Active Duty,Yes,USAF,
KIRTLAND AFB,"35°00'39""N","106°30'44""W",13S CU 62019 75289,12X,12X (COMBAT SYSTEMS OFFICER),https://paladindanse111.github.io/AFSC-PDFs/AFSC_files/12XX.html,https://paladindanse111.github.io/AFSC-PDFs/BASE_files/BASE_KIRTLAND_AFB.html,,Active Duty,Yes,USAF,
LAKENHEATH RAF,"52°23'23""N","0°32'14""E",31U CU 32414 07239,12X,12X (COMBAT SYSTEMS OFFICER),https://paladindanse111.github.io/AFSC-PDFs/AFSC_files/12XX.html,https://paladindanse111.github.io/AFSC-PDFs/BASE_files/BASE_LAKENHEATH_RAF.html,,Active Duty,Yes,USAF,
LUKE AFB,"33°32'22""N","112°22'32""W",12S UC 72284 11939,12X,12X (COMBAT SYSTEMS OFFICER),https://paladindanse111.github.io/AFSC-PDFs/AFSC_files/12XX.html,https://paladindanse111.github.io/AFSC-PDFs/BASE_files/BASE_LUKE_AFB.html,,Active Duty,Yes,USAF,
MCCONNELL AFB,"37°37'51""N","97°15'06""W",14S PG 54271 66293,12X,12X (COMBAT SYSTEMS OFFICER),https://paladindanse111.github.io/AFSC-PDFs/AFSC_files/12XX.html,https://paladindanse111.github.io/AFSC-PDFs/BASE_files/BASE_MCCONNELL_AFB.html,,Active Duty,Yes,USAF,
MILDENHALL RAF,"52°21'45""N","0°30'14""E",31U CU 30041 04290,12X,12X (COMBAT SYSTEMS OFFICER),https://paladindanse111.github.io/AFSC-PDFs/AFSC_files/12XX.html,https://paladindanse111.github.io/AFSC-PDFs/BASE_files/BASE_MILDENHALL_RAF.html,,Active Duty,Yes,USAF,
MINOT AFB,"48°25'13""N","101°19'36""W",14U LU 27861 65629,12X,12X (COMBAT SYSTEMS OFFICER),https://paladindanse111.github.io/AFSC-PDFs/AFSC_files/12XX.html,https://paladindanse111.github.io/AFSC-PDFs/BASE_files/BASE_MINOT_AFB.html,,Active Duty,Yes,USAF,
MISAWA AB,"40°41'55""N","141°22'28""E",54T WL 31634 05368,12X,12X (COMBAT SYSTEMS OFFICER),https://paladindanse111.github.io/AFSC-PDFs/AFSC_files/12XX.html,https://paladindanse111.github.io/AFSC-PDFs/BASE_files/BASE_MISAWA_AB.html,,Active Duty,Yes,USAF,
MOODY AFB,"30°58'12""N","83°11'47""W",17R KQ 90229 28346,12X,12X (COMBAT SYSTEMS OFFICER),https://paladindanse111.github.io/AFSC-PDFs/AFSC_files/12XX.html,https://paladindanse111.github.io/AFSC-PDFs/BASE_files/BASE_MOODY_AFB.html,,Active Duty,Yes,USAF,
MOUNTAIN HOME AFB,"43°03'59""N","115°51'18""W",11T NH 93226 68823,12X,12X (COMBAT SYSTEMS OFFICER),https://paladindanse111.github.io/AFSC-PDFs/AFSC_files/12XX.html,https://paladindanse111.github.io/AFSC-PDFs/BASE_files/BASE_MOUNTAIN_HOME_AFB.html,,Active Duty,Yes,USAF,
NELLIS AFB,"36°14'25""N","115°03'14""W",11S PA 74874 12355,12X,12X (COMBAT SYSTEMS OFFICER),https://paladindanse111.github.io/AFSC-PDFs/AFSC_files/12XX.html,https://paladindanse111.github.io/AFSC-PDFs/BASE_files/BASE_NELLIS_AFB.html,,Active Duty,Yes,USAF,
OFFUTT AFB,"41°07'25""N","95°54'52""W",15T TF 55334 56573,12X,12X (COMBAT SYSTEMS OFFICER),https://paladindanse111.github.io/AFSC-PDFs/AFSC_files/12XX.html,https://paladindanse111.github.io/AFSC-PDFs/BASE_files/BASE_OFFUTT_AFB.html,,Active Duty,Yes,USAF,
OSAN AB,"37°05'19""N","127°01'50""E",52S CG 24960 06516,12X,12X (COMBAT SYSTEMS OFFICER),https://paladindanse111.github.io/AFSC-PDFs/AFSC_files/12XX.html,https://paladindanse111.github.io/AFSC-PDFs/BASE_files/BASE_OSAN_AB.html,,Active Duty,Yes,USAF,
PATRICK SFB,"28°14'21""N","80°36'26""W",17R NM 38533 23759,12X,12X (COMBAT SYSTEMS OFFICER),https://paladindanse111.github.io/AFSC-PDFs/AFSC_files/12XX.html,https://paladindanse111.github.io/AFSC-PDFs/BASE_files/BASE_PATRICK_SFB.html,,Active Duty,Yes,USAF,
PENSACOLA NAS,"30° 21' 10""N","87° 16' 5""W",16R DU 74238 57907,12X,12X (COMBAT SYSTEMS OFFICER),https://paladindanse111.github.io/AFSC-PDFs/AFSC_files/12XX.html,https://paladindanse111.github.io/AFSC-PDFs/BASE_files/BASE_PENSACOLA_NAS.html,,Active Duty,Yes,USAF,
RAMSTEIN AB,"49°26'23""N","7°35'47""E",32U LV 98244 77286,12X,12X (COMBAT SYSTEMS OFFICER),https://paladindanse111.github.io/AFSC-PDFs/AFSC_files/12XX.html,https://paladindanse111.github.io/AFSC-PDFs/BASE_files/BASE_RAMSTEIN_AB.html.html,,Active Duty,Yes,USAF,
ROBINS AFB,"32°38'23""N","83°35'30""W",17S KS 56883 14314,12X,12X (COMBAT SYSTEMS OFFICER),https://paladindanse111.github.io/AFSC-PDFs/AFSC_files/12XX.html,https://paladindanse111.github.io/AFSC-PDFs/BASE_files/BASE_ROBINS_AFB.html,,Active Duty,Yes,USAF,
SEYMOUR JOHNSON AFB,"35°20'24""N","77°57'41""W",18S TE 30850 14774,12X,12X (COMBAT SYSTEMS OFFICER),https://paladindanse111.github.io/AFSC-PDFs/AFSC_files/12XX.html,https://paladindanse111.github.io/AFSC-PDFs/BASE_files/BASE_SEYMOUR_JOHNSON_AFB.html,,Active Duty,Yes,USAF,
SHAW AFB,"33°58'02""N","80°29'05""W",17S NT 47603 58641,12X,12X (COMBAT SYSTEMS OFFICER),https://paladindanse111.github.io/AFSC-PDFs/AFSC_files/12XX.html,https://paladindanse111.github.io/AFSC-PDFs/BASE_files/BASE_SHAW_AFB.html,,Active Duty,Yes,USAF,
TINKER AFB,"35°25'09""N","97°24'15""W",14S PE 44882 20698,12X,12X (COMBAT SYSTEMS OFFICER),https://paladindanse111.github.io/AFSC-PDFs/AFSC_files/12XX.html,https://paladindanse111.github.io/AFSC-PDFs/BASE_files/BASE_TINKER_AFB.html,,Active Duty,Yes,USAF,
USAF ACADEMY,"39°0'0.00""N","104°52'60.00""W",,12X,12X (COMBAT SYSTEMS OFFICER),https://paladindanse111.github.io/AFSC-PDFs/AFSC_files/12XX.html,https://paladindanse111.github.io/AFSC-PDFs/BASE_files/BASE_USAF_ACADEMY.html,,Active Duty,No,USAF,
WHIDBEY ISLAND NA ABS,"48°21'6.00""N","122°39'22.00""W",,12X,12X (COMBAT SYSTEMS OFFICER),https://paladindanse111.github.io/AFSC-PDFs/AFSC_files/12XX.html,,,Active Duty,No,USAF,
WHITEMAN AFB,"38°43'44""N","93°33'37""W",15S VC 51299 86840,12X,12X (COMBAT SYSTEMS OFFICER),https://paladindanse111.github.io/AFSC-PDFs/AFSC_files/12XX.html,https://paladindanse111.github.io/AFSC-PDFs/BASE_files/BASE_WHITEMAN_AFB.html,,Active Duty,Yes,USAF,
WILL ROGERS AIR NATIONAL GUARD BASE,"35°23'35.00""N","97°36'3.00""W",,12X,12X (COMBAT SYSTEMS OFFICER),https://paladindanse111.github.io/AFSC-PDFs/AFSC_files/12XX.html,https://paladindanse111.github.io/AFSC-PDFs/BASE_files/WILL_ROGERS.html,,Active Duty,No,USAF,
WRIGHT-PATTERSON AFB,"39°48'37""N","84°01'55""W",16S GK 54072 10915,12X,12X (COMBAT SYSTEMS OFFICER),https://paladindanse111.github.io/AFSC-PDFs/AFSC_files/12XX.html,https://paladindanse111.github.io/AFSC-PDFs/BASE_files/BASE_WRIGHT-PATTERSON_AFB.html,,Active Duty,Yes,USAF,
ANDERSEN AFB,"13°33'46""N","144°55'25""E",55P BR 75307 00327,13B,13B (AIR BATTLE MANAGER),https://paladindanse111.github.io/AFSC-PDFs/AFSC_files/13B.html,https://paladindanse111.github.io/AFSC-PDFs/BASE_files/BASE_ANDERSEN_AFB.html,,Active Duty,Yes,USAF,
AVIANO AB,"46°01'49""N","12°36'41""E",33T UM 15147 00185,13B,13B (AIR BATTLE MANAGER),https://paladindanse111.github.io/AFSC-PDFs/AFSC_files/13B.html,https://paladindanse111.github.io/AFSC-PDFs/BASE_files/BASE_AVIANO_AB.html,,Active Duty,Yes,USAF,
BARKSDALE AFB,"32°29'45""N","93°40'21""W",15S VR 36822 95596,13B,13B (AIR BATTLE MANAGER),https://paladindanse111.github.io/AFSC-PDFs/AFSC_files/13B.html,https://paladindanse111.github.io/AFSC-PDFs/BASE_files/BASE_BARKSDALE_AFB.html,,Active Duty,Yes,USAF,
BEALE AFB,"39°06'41""N","121°21'35""W",10S FJ 41815 30418,13B,13B (AIR BATTLE MANAGER),https://paladindanse111.github.io/AFSC-PDFs/AFSC_files/13B.html,https://paladindanse111.github.io/AFSC-PDFs/BASE_files/BASE_BEALE_AFB.html,,Active Duty,Yes,USAF,
EDWARDS AFB,"34°55'25""N","117°53'29""W",11S MU 18582 64934,13B,13B (AIR BATTLE MANAGER),https://paladindanse111.github.io/AFSC-PDFs/AFSC_files/13B.html,https://paladindanse111.github.io/AFSC-PDFs/BASE_files/BASE_EDWARDS_AFB.html,,Active Duty,Yes,USAF,
EGLIN AFB,"30°27'49""N","86°33'11""W",16R EU 42905 70243,13B,13B (AIR BATTLE MANAGER),https://paladindanse111.github.io/AFSC-PDFs/AFSC_files/13B.html,https://paladindanse111.github.io/AFSC-PDFs/BASE_files/BASE_EGLIN_AFB.html,,Active Duty,Yes,USAF,
EIELSON AFB,"64°39'52""N","147°05'45""W",6W VS 95424 71061,13B,13B (AIR BATTLE MANAGER),https://paladindanse111.github.io/AFSC-PDFs/AFSC_files/13B.html,https://paladindanse111.github.io/AFSC-PDFs/BASE_files/BASE_EIELSON_AFB.html,,Active Duty,Yes,USAF,
ELLSWORTH AFB,"44°08'54""N","103°05'15""W",13T FJ 52951 90126,13B,13B (AIR BATTLE MANAGER),https://paladindanse111.github.io/AFSC-PDFs/AFSC_files/13B.html,https://paladindanse111.github.io/AFSC-PDFs/BASE_files/BASE_ELLSWORTH_AFB.html,,Active Duty,Yes,USAF,
FT IRWIN AIN,"35°22'60.00""N","116°34'60.00""W",,13B,13B (AIR BATTLE MANAGER),https://paladindanse111.github.io/AFSC-PDFs/AFSC_files/13B.html,https://paladindanse111.github.io/AFSC-PDFs/BASE_files/BASE_FT_IRWIN.html,,Active Duty,No,USAF,Note: Army base websites may be blocked on MissionNet.
GEILENKIRCHEN AB,"50°57'39.00""N","6°2'30.00""E",,13B,13B (AIR BATTLE MANAGER),https://paladindanse111.github.io/AFSC-PDFs/AFSC_files/13B.html,https://paladindanse111.github.io/AFSC-PDFs/BASE_files/BASE_GEILENKIRCHEN_AB.html,,Active Duty,No,USAF,
HILL AFB,"41°06'36""N","111°58'56""W",12T VL 17530 51433,13B,13B (AIR BATTLE MANAGER),https://paladindanse111.github.io/AFSC-PDFs/AFSC_files/13B.html,https://paladindanse111.github.io/AFSC-PDFs/BASE_files/BASE_HILL_AFB.html,,Active Duty,Yes,USAF,
HURLBURT FIELD,"30°25'23""N","86°41'41""W",16R EU 29317 65704,13B,13B (AIR BATTLE MANAGER),https://paladindanse111.github.io/AFSC-PDFs/AFSC_files/13B.html,https://paladindanse111.github.io/AFSC-PDFs/BASE_files/BASE_HURLBURT_FIELD.html,,Active Duty,Yes,USAF,
JB ANACOSTIA-BOLLING,"38°50'29""N","77°01'05""W",18S UJ 24855 01110,13B,13B (AIR BATTLE MANAGER),https://paladindanse111.github.io/AFSC-PDFs/AFSC_files/13B.html,https://paladindanse111.github.io/AFSC-PDFs/BASE_files/BASE_JB_ANACOSTIA-BOLLING.html,,Active Duty,Yes,USAF,
JB ELMENDORF-RICHARDSON,"61°15'44""N","149°41'53""W",6V UN 55306 94983,13B,13B (AIR BATTLE MANAGER),https://paladindanse111.github.io/AFSC-PDFs/AFSC_files/13B.html,https://paladindanse111.github.io/AFSC-PDFs/BASE_files/BASE_JB_ELMENDORF-RICHARDSON.html,,Active Duty,Yes,USAF,
JB LANGLEY-EUSTIS,"37°05'00""N","76°21'33""W",18S UG 79195 04980,13B,13B (AIR BATTLE MANAGER),https://paladindanse111.github.io/AFSC-PDFs/AFSC_files/13B.html,https://paladindanse111.github.io/AFSC-PDFs/BASE_files/BASE_JB_LANGLEY-EUSTIS.html,,Active Duty,Yes,USAF,
JB LEWIS-MCCHORD,"47°05'30""N","122°36'53""W",10T ET 29240 15422,13B,13B (AIR BATTLE MANAGER),https://paladindanse111.github.io/AFSC-PDFs/AFSC_files/13B.html,https://paladindanse111.github.io/AFSC-PDFs/BASE_files/BASE_JB_LEWIS-MCCHORD.html,,Active Duty,Yes,USAF,
JB PEARL HARBOR-HICKAM,"21°20'15""N","157°57'43""W",4Q FJ 07643 59855,13B,13B (AIR BATTLE MANAGER),https://paladindanse111.github.io/AFSC-PDFs/AFSC_files/13B.html,https://paladindanse111.github.io/AFSC-PDFs/BASE_files/BASE_JB_PEARL_HARBOR-HICKAM.html,,Active Duty,Yes,USAF,
KADENA AB,"26°21'30""N","127°46'20""E",52R CQ 77496 15950,13B,13B (AIR BATTLE MANAGER),https://paladindanse111.github.io/AFSC-PDFs/AFSC_files/13B.html,https://paladindanse111.github.io/AFSC-PDFs/BASE_files/BASE_KADENA_AB.html,,Active Duty,Yes,USAF,
KIRTLAND AFB,"35°00'39""N","106°30'44""W",13S CU 62019 75289,13B,13B (AIR BATTLE MANAGER),https://paladindanse111.github.io/AFSC-PDFs/AFSC_files/13B.html,https://paladindanse111.github.io/AFSC-PDFs/BASE_files/BASE_KIRTLAND_AFB.html,,Active Duty,Yes,USAF,
LUKE AFB,"33°32'22""N","112°22'32""W",12S UC 72284 11939,13B,13B (AIR BATTLE MANAGER),https://paladindanse111.github.io/AFSC-PDFs/AFSC_files/13B.html,https://paladindanse111.github.io/AFSC-PDFs/BASE_files/BASE_LUKE_AFB.html,,Active Duty,Yes,USAF,
MCCONNELL AFB,"37°37'51""N","97°15'06""W",14S PG 54271 66293,13B,13B (AIR BATTLE MANAGER),https://paladindanse111.github.io/AFSC-PDFs/AFSC_files/13B.html,https://paladindanse111.github.io/AFSC-PDFs/BASE_files/BASE_MCCONNELL_AFB.html,,Active Duty,Yes,USAF,
MISAWA AB,"40°41'55""N","141°22'28""E",54T WL 31634 05368,13B,13B (AIR BATTLE MANAGER),https://paladindanse111.github.io/AFSC-PDFs/AFSC_files/13B.html,https://paladindanse111.github.io/AFSC-PDFs/BASE_files/BASE_MISAWA_AB.html,,Active Duty,Yes,USAF,
MOUNTAIN HOME AFB,"43°03'59""N","115°51'18""W",11T NH 93226 68823,13B,13B (AIR BATTLE MANAGER),https://paladindanse111.github.io/AFSC-PDFs/AFSC_files/13B.html,https://paladindanse111.github.io/AFSC-PDFs/BASE_files/BASE_MOUNTAIN_HOME_AFB.html,,Active Duty,Yes,USAF,
NELLIS AFB,"36°14'25""N","115°03'14""W",11S PA 74874 12355,13B,13B (AIR BATTLE MANAGER),https://paladindanse111.github.io/AFSC-PDFs/AFSC_files/13B.html,https://paladindanse111.github.io/AFSC-PDFs/BASE_files/BASE_NELLIS_AFB.html,,Active Duty,Yes,USAF,
NO BAY ASN,"46°22'0.00""N","79°25'0.00""W",,13B,13B (AIR BATTLE MANAGER),https://paladindanse111.github.io/AFSC-PDFs/AFSC_files/13B.html,,,Active Duty,No,USAF,
OSAN AB,"37°05'19""N","127°01'50""E",52S CG 24960 06516,13B,13B (AIR BATTLE MANAGER),https://paladindanse111.github.io/AFSC-PDFs/AFSC_files/13B.html,https://paladindanse111.github.io/AFSC-PDFs/BASE_files/BASE_OSAN_AB.html,,Active Duty,Yes,USAF,
PENTAGON,"38°52'15""N","77°03'21""W",18S UJ 21650 04451,13B,13B (AIR BATTLE MANAGER),https://paladindanse111.github.io/AFSC-PDFs/AFSC_files/13B.html,https://paladindanse111.github.io/AFSC-PDFs/BASE_files/BASE_PENTAGON.html,,Active Duty,Yes,USAF,
PETERSON SFB,"38°49'32""N","104°41'58""W",13S EC 26089 97461,13B,13B (AIR BATTLE MANAGER),https://paladindanse111.github.io/AFSC-PDFs/AFSC_files/13B.html,https://paladindanse111.github.io/AFSC-PDFs/BASE_files/BASE_PETERSON_SFB.html,,Active Duty,Yes,USAF,
POGGIO RENATICO (ITALY),"44°46'0.00""N","11°28'60.00""E",,13B,13B (AIR BATTLE MANAGER),https://paladindanse111.github.io/AFSC-PDFs/AFSC_files/13B.html,,,Active Duty,No,USAF,
RAMSTEIN AB,"49°26'23""N","7°35'47""E",32U LV 98244 77286,13B,13B (AIR BATTLE MANAGER),https://paladindanse111.github.io/AFSC-PDFs/AFSC_files/13B.html,https://paladindanse111.github.io/AFSC-PDFs/BASE_files/BASE_RAMSTEIN_AB.html.html,,Active Duty,Yes,USAF,
ROBINS AFB,"32°38'23""N","83°35'30""W",17S KS 56883 14314,13B,13B (AIR BATTLE MANAGER),https://paladindanse111.github.io/AFSC-PDFs/AFSC_files/13B.html,https://paladindanse111.github.io/AFSC-PDFs/BASE_files/BASE_ROBINS_AFB.html,,Active Duty,Yes,USAF,
SHAW AFB,"33°58'02""N","80°29'05""W",17S NT 47603 58641,13B,13B (AIR BATTLE MANAGER),https://paladindanse111.github.io/AFSC-PDFs/AFSC_files/13B.html,https://paladindanse111.github.io/AFSC-PDFs/BASE_files/BASE_SHAW_AFB.html,,Active Duty,Yes,USAF,
TINKER AFB,"35°25'09""N","97°24'15""W",14S PE 44882 20698,13B,13B (AIR BATTLE MANAGER),https://paladindanse111.github.io/AFSC-PDFs/AFSC_files/13B.html,https://paladindanse111.github.io/AFSC-PDFs/BASE_files/BASE_TINKER_AFB.html,,Active Duty,Yes,USAF,
TYNDALL AFB,"30°04'47""N","85°36'26""W",16R FU 34229 28437,13B,13B (AIR BATTLE MANAGER),https://paladindanse111.github.io/AFSC-PDFs/AFSC_files/13B.html,https://paladindanse111.github.io/AFSC-PDFs/BASE_files/BASE_TYNDALL_AFB.html,,Active Duty,Yes,USAF,
USAF ACADEMY,"39°0'0.00""N","104°52'60.00""W",,13B,13B (AIR BATTLE MANAGER),https://paladindanse111.github.io/AFSC-PDFs/AFSC_files/13B.html,https://paladindanse111.github.io/AFSC-PDFs/BASE_files/BASE_USAF_ACADEMY.html,,Active Duty,No,USAF,
WHEELER AAF,"21°29'1.00""N","158°2'23.00""W",,13B,13B (AIR BATTLE MANAGER),https://paladindanse111.github.io/AFSC-PDFs/AFSC_files/13B.html,,,Active Duty,No,USAF,
YOKOTA AB,"35°44'35""N","139°20'23""E",54S UE 49872 56720,13B,13B (AIR BATTLE MANAGER),https://paladindanse111.github.io/AFSC-PDFs/AFSC_files/13B.html,https://paladindanse111.github.io/AFSC-PDFs/BASE_files/BASE_YOKOTA_AB.html,,Active Duty,Yes,USAF,
ANDREWS JB,"38°47'46""N","76°53'00""W",18S UH 36445 95835,13H,13H (AEROSPACE PHYSIOLOGIST),https://paladindanse111.github.io/AFSC-PDFs/AFSC_files/13H.html,https://paladindanse111.github.io/AFSC-PDFs/BASE_files/BASE_ANDREWS_JB.html,,Active Duty,Yes,USAF,
AVIANO AB,"46°01'49""N","12°36'41""E",33T UM 15147 00185,13H,13H (AEROSPACE PHYSIOLOGIST),https://paladindanse111.github.io/AFSC-PDFs/AFSC_files/13H.html,https://paladindanse111.github.io/AFSC-PDFs/BASE_files/BASE_AVIANO_AB.html,,Active Duty,Yes,USAF,
BARKSDALE AFB,"32°29'45""N","93°40'21""W",15S VR 36822 95596,13H,13H (AEROSPACE PHYSIOLOGIST),https://paladindanse111.github.io/AFSC-PDFs/AFSC_files/13H.html,https://paladindanse111.github.io/AFSC-PDFs/BASE_files/BASE_BARKSDALE_AFB.html,,Active Duty,Yes,USAF,
BEALE AFB,"39°06'41""N","121°21'35""W",10S FJ 41815 30418,13H,13H (AEROSPACE PHYSIOLOGIST),https://paladindanse111.github.io/AFSC-PDFs/AFSC_files/13H.html,https://paladindanse111.github.io/AFSC-PDFs/BASE_files/BASE_BEALE_AFB.html,,Active Duty,Yes,USAF,
CANNON AFB,"34°23'20""N","103°19'05""W",13S FU 54620 06558,13H,13H (AEROSPACE PHYSIOLOGIST),https://paladindanse111.github.io/AFSC-PDFs/AFSC_files/13H.html,https://paladindanse111.github.io/AFSC-PDFs/BASE_files/BASE_CANNON_AFB.html,,Active Duty,Yes,USAF,
COLUMBUS AFB,"33°37'38""N","88°26'51""W",16S CC 65739 21763,13H,13H (AEROSPACE PHYSIOLOGIST),https://paladindanse111.github.io/AFSC-PDFs/AFSC_files/13H.html,https://paladindanse111.github.io/AFSC-PDFs/BASE_files/BASE_COLUMBUS_AFB.html,,Active Duty,Yes,USAF,
DAVIS-MONTHAN AFB,"32°10'14""N","110°52'39""W",12S WA 11549 59347,13H,13H (AEROSPACE PHYSIOLOGIST),https://paladindanse111.github.io/AFSC-PDFs/AFSC_files/13H.html,https://paladindanse111.github.io/AFSC-PDFs/BASE_files/BASE_DAVIS-MONTHAN_AFB.html,,Active Duty,Yes,USAF,
DYESS AFB,"32°25'17""N","99°50'31""W",14S MA 20838 87456,13H,13H (AEROSPACE PHYSIOLOGIST),https://paladindanse111.github.io/AFSC-PDFs/AFSC_files/13H.html,https://paladindanse111.github.io/AFSC-PDFs/BASE_files/BASE_DYESS_AFB.html,,Active Duty,Yes,USAF,
EDWARDS AFB,"34°55'25""N","117°53'29""W",11S MU 18582 64934,13H,13H (AEROSPACE PHYSIOLOGIST),https://paladindanse111.github.io/AFSC-PDFs/AFSC_files/13H.html,https://paladindanse111.github.io/AFSC-PDFs/BASE_files/BASE_EDWARDS_AFB.html,,Active Duty,Yes,USAF,
EGLIN AFB,"30°27'49""N","86°33'11""W",16R EU 42905 70243,13H,13H (AEROSPACE PHYSIOLOGIST),https://paladindanse111.github.io/AFSC-PDFs/AFSC_files/13H.html,https://paladindanse111.github.io/AFSC-PDFs/BASE_files/BASE_EGLIN_AFB.html,,Active Duty,Yes,USAF,
EIELSON AFB,"64°39'52""N","147°05'45""W",6W VS 95424 71061,13H,13H (AEROSPACE PHYSIOLOGIST),https://paladindanse111.github.io/AFSC-PDFs/AFSC_files/13H.html,https://paladindanse111.github.io/AFSC-PDFs/BASE_files/BASE_EIELSON_AFB.html,,Active Duty,Yes,USAF,
ELLSWORTH AFB,"44°08'54""N","103°05'15""W",13T FJ 52951 90126,13H,13H (AEROSPACE PHYSIOLOGIST),https://paladindanse111.github.io/AFSC-PDFs/AFSC_files/13H.html,https://paladindanse111.github.io/AFSC-PDFs/BASE_files/BASE_ELLSWORTH_AFB.html,,Active Duty,Yes,USAF,
FAIRCHILD AFB,"47°38'28""N","117°38'41""W",11T MN 51574 76613,13H,13H (AEROSPACE PHYSIOLOGIST),https://paladindanse111.github.io/AFSC-PDFs/AFSC_files/13H.html,https://paladindanse111.github.io/AFSC-PDFs/BASE_files/BASE_FAIRCHILD_AFB.html,,Active Duty,Yes,USAF,
FE WARREN AFB,"41°08'32""N","104°52'41""W",13T EF 10233 54552,13H,13H (AEROSPACE PHYSIOLOGIST),https://paladindanse111.github.io/AFSC-PDFs/AFSC_files/13H.html,https://paladindanse111.github.io/AFSC-PDFs/BASE_files/BASE_FE_WARREN_AFB.html,,Active Duty,Yes,USAF,
HOLLOMAN AFB,"32°50'33""N","106°05'55""W",13S CS 97187 34361,13H,13H (AEROSPACE PHYSIOLOGIST),https://paladindanse111.github.io/AFSC-PDFs/AFSC_files/13H.html,https://paladindanse111.github.io/AFSC-PDFs/BASE_files/BASE_HOLLOMAN_AFB.html,,Active Duty,Yes,USAF,
JB CHARLESTON,"32°53'29""N","80°04'03""W",17S NS 87218 39631,13H,13H (AEROSPACE PHYSIOLOGIST),https://paladindanse111.github.io/AFSC-PDFs/AFSC_files/13H.html,https://paladindanse111.github.io/AFSC-PDFs/BASE_files/BASE_JB_CHARLESTON.html,,Active Duty,Yes,USAF,
JB ELMENDORF-RICHARDSON,"61°15'44""N","149°41'53""W",6V UN 55306 94983,13H,13H (AEROSPACE PHYSIOLOGIST),https://paladindanse111.github.io/AFSC-PDFs/AFSC_files/13H.html,https://paladindanse111.github.io/AFSC-PDFs/BASE_files/BASE_JB_ELMENDORF-RICHARDSON.html,,Active Duty,Yes,USAF,
JB LANGLEY-EUSTIS,"37°05'00""N","76°21'33""W",18S UG 79195 04980,13H,13H (AEROSPACE PHYSIOLOGIST),https://paladindanse111.github.io/AFSC-PDFs/AFSC_files/13H.html,https://paladindanse111.github.io/AFSC-PDFs/BASE_files/BASE_JB_LANGLEY-EUSTIS.html,,Active Duty,Yes,USAF,
JB LEWIS-MCCHORD,"47°05'30""N","122°36'53""W",10T ET 29240 15422,13H,13H (AEROSPACE PHYSIOLOGIST),https://paladindanse111.github.io/AFSC-PDFs/AFSC_files/13H.html,https://paladindanse111.github.io/AFSC-PDFs/BASE_files/BASE_JB_LEWIS-MCCHORD.html,,Active Duty,Yes,USAF,
JB MCGUIRE-DIX-LAKEHURST,"40°02'15""N","74°35'18""W",18T WK 35120 32000,13H,13H (AEROSPACE PHYSIOLOGIST),https://paladindanse111.github.io/AFSC-PDFs/AFSC_files/13H.html,https://paladindanse111.github.io/AFSC-PDFs/BASE_files/BASE_JB_MCGUIRE-DIX-LAKEHURST.html,,Active Duty,Yes,USAF,
JB PEARL HARBOR-HICKAM,"21°20'15""N","157°57'43""W",4Q FJ 07643 59855,13H,13H (AEROSPACE PHYSIOLOGIST),https://paladindanse111.github.io/AFSC-PDFs/AFSC_files/13H.html,https://paladindanse111.github.io/AFSC-PDFs/BASE_files/BASE_JB_PEARL_HARBOR-HICKAM.html,,Active Duty,Yes,USAF,
JBSA LACKLAND,"29°23'14""N","98°37'16""W",14R NT 36765 50947,13H,13H (AEROSPACE PHYSIOLOGIST),https://paladindanse111.github.io/AFSC-PDFs/AFSC_files/13H.html,https://paladindanse111.github.io/AFSC-PDFs/BASE_files/BASE_JBSA_LACKLAND.html,,Active Duty,Yes,USAF,
JBSA RANDOLPH,"29°31'57""N","98°16'45""W",14R NT 69847 67200,13H,13H (AEROSPACE PHYSIOLOGIST),https://paladindanse111.github.io/AFSC-PDFs/AFSC_files/13H.html,https://paladindanse111.github.io/AFSC-PDFs/BASE_files/BASE_JBSA_RANDOLPH.html,,Active Duty,Yes,USAF,
KADENA AB,"26°21'30""N","127°46'20""E",52R CQ 77496 15950,13H,13H (AEROSPACE PHYSIOLOGIST),https://paladindanse111.github.io/AFSC-PDFs/AFSC_files/13H.html,https://paladindanse111.github.io/AFSC-PDFs/BASE_files/BASE_KADENA_AB.html,,Active Duty,Yes,USAF,
LAKENHEATH RAF,"52°23'23""N","0°32'14""E",31U CU 32414 07239,13H,13H (AEROSPACE PHYSIOLOGIST),https://paladindanse111.github.io/AFSC-PDFs/AFSC_files/13H.html,https://paladindanse111.github.io/AFSC-PDFs/BASE_files/BASE_LAKENHEATH_RAF.html,,Active Duty,Yes,USAF,
LAUGHLIN AFB,"29°21'21""N","100°46'58""W",14R LT 26940 48730,13H,13H (AEROSPACE PHYSIOLOGIST),https://paladindanse111.github.io/AFSC-PDFs/AFSC_files/13H.html,https://paladindanse111.github.io/AFSC-PDFs/BASE_files/BASE_LAUGHLIN_AFB.html,,Active Duty,Yes,USAF,
LITTLE ROCK AFB,"34°53'47""N","92°08'38""W",15S WU 78220 61887,13H,13H (AEROSPACE PHYSIOLOGIST),https://paladindanse111.github.io/AFSC-PDFs/AFSC_files/13H.html,https://paladindanse111.github.io/AFSC-PDFs/BASE_files/BASE_LITTLE_ROCK_AFB.html,,Active Duty,Yes,USAF,
LUKE AFB,"33°32'22""N","112°22'32""W",12S UC 72284 11939,13H,13H (AEROSPACE PHYSIOLOGIST),https://paladindanse111.github.io/AFSC-PDFs/AFSC_files/13H.html,https://paladindanse111.github.io/AFSC-PDFs/BASE_files/BASE_LUKE_AFB.html,,Active Duty,Yes,USAF,
MILDENHALL RAF,"52°21'45""N","0°30'14""E",31U CU 30041 04290,13H,13H (AEROSPACE PHYSIOLOGIST),https://paladindanse111.github.io/AFSC-PDFs/AFSC_files/13H.html,https://paladindanse111.github.io/AFSC-PDFs/BASE_files/BASE_MILDENHALL_RAF.html,,Active Duty,Yes,USAF,
MISAWA AB,"40°41'55""N","141°22'28""E",54T WL 31634 05368,13H,13H (AEROSPACE PHYSIOLOGIST),https://paladindanse111.github.io/AFSC-PDFs/AFSC_files/13H.html,https://paladindanse111.github.io/AFSC-PDFs/BASE_files/BASE_MISAWA_AB.html,,Active Duty,Yes,USAF,
MOODY AFB,"30°58'12""N","83°11'47""W",17R KQ 90229 28346,13H,13H (AEROSPACE PHYSIOLOGIST),https://paladindanse111.github.io/AFSC-PDFs/AFSC_files/13H.html,https://paladindanse111.github.io/AFSC-PDFs/BASE_files/BASE_MOODY_AFB.html,,Active Duty,Yes,USAF,
MOUNTAIN HOME AFB,"43°03'59""N","115°51'18""W",11T NH 93226 68823,13H,13H (AEROSPACE PHYSIOLOGIST),https://paladindanse111.github.io/AFSC-PDFs/AFSC_files/13H.html,https://paladindanse111.github.io/AFSC-PDFs/BASE_files/BASE_MOUNTAIN_HOME_AFB.html,,Active Duty,Yes,USAF,
OSAN AB,"37°05'19""N","127°01'50""E",52S CG 24960 06516,13H,13H (AEROSPACE PHYSIOLOGIST),https://paladindanse111.github.io/AFSC-PDFs/AFSC_files/13H.html,https://paladindanse111.github.io/AFSC-PDFs/BASE_files/BASE_OSAN_AB.html,,Active Duty,Yes,USAF,
PETERSON SFB,"38°49'32""N","104°41'58""W",13S EC 26089 97461,13H,13H (AEROSPACE PHYSIOLOGIST),https://paladindanse111.github.io/AFSC-PDFs/AFSC_files/13H.html,https://paladindanse111.github.io/AFSC-PDFs/BASE_files/BASE_PETERSON_SFB.html,,Active Duty,Yes,USAF,
ROBINS AFB,"32°38'23""N","83°35'30""W",17S KS 56883 14314,13H,13H (AEROSPACE PHYSIOLOGIST),https://paladindanse111.github.io/AFSC-PDFs/AFSC_files/13H.html,https://paladindanse111.github.io/AFSC-PDFs/BASE_files/BASE_ROBINS_AFB.html,,Active Duty,Yes,USAF,
SEYMOUR JOHNSON AFB,"35°20'24""N","77°57'41""W",18S TE 30850 14774,13H,13H (AEROSPACE PHYSIOLOGIST),https://paladindanse111.github.io/AFSC-PDFs/AFSC_files/13H.html,https://paladindanse111.github.io/AFSC-PDFs/BASE_files/BASE_SEYMOUR_JOHNSON_AFB.html,,Active Duty,Yes,USAF,
SHEPPARD AFB,"33°58'06""N","98°30'38""W",14S NC 45216 58752,13H,13H (AEROSPACE PHYSIOLOGIST),https://paladindanse111.github.io/AFSC-PDFs/AFSC_files/13H.html,https://paladindanse111.github.io/AFSC-PDFs/BASE_files/BASE_SHEPPARD_AFB.html,,Active Duty,Yes,USAF,
SPANGDAHLEM AB,"49°59'38""N","6°41'55""E",32U LA 35052 40489,13H,13H (AEROSPACE PHYSIOLOGIST),https://paladindanse111.github.io/AFSC-PDFs/AFSC_files/13H.html,https://paladindanse111.github.io/AFSC-PDFs/BASE_files/BASE_SPANGDAHLEM_AB.html,,Active Duty,Yes,USAF,
TRAVIS AFB,"38°16'09""N","121°56'51""W",10S EH 92069 36204,13H,13H (AEROSPACE PHYSIOLOGIST),https://paladindanse111.github.io/AFSC-PDFs/AFSC_files/13H.html,https://paladindanse111.github.io/AFSC-PDFs/BASE_files/BASE_TRAVIS_AFB.html,,Active Duty,Yes,USAF,
VANCE AFB,"36°20'21""N","97°54'47""W",14S NF 97544 22116,13H,13H (AEROSPACE PHYSIOLOGIST),https://paladindanse111.github.io/AFSC-PDFs/AFSC_files/13H.html,https://paladindanse111.github.io/AFSC-PDFs/BASE_files/BASE_VANCE_AFB.html,,Active Duty,Yes,USAF,
WHITEMAN AFB,"38°43'44""N","93°33'37""W",15S VC 51299 86840,13H,13H (AEROSPACE PHYSIOLOGIST),https://paladindanse111.github.io/AFSC-PDFs/AFSC_files/13H.html,https://paladindanse111.github.io/AFSC-PDFs/BASE_files/BASE_WHITEMAN_AFB.html,,Active Duty,Yes,USAF,
WRIGHT-PATTERSON AFB,"39°48'37""N","84°01'55""W",16S GK 54072 10915,13H,13H (AEROSPACE PHYSIOLOGIST),https://paladindanse111.github.io/AFSC-PDFs/AFSC_files/13H.html,https://paladindanse111.github.io/AFSC-PDFs/BASE_files/BASE_WRIGHT-PATTERSON_AFB.html,,Active Duty,Yes,USAF,
YOKOTA AB,"35°44'35""N","139°20'23""E",54S UE 49872 56720,13H,13H (AEROSPACE PHYSIOLOGIST),https://paladindanse111.github.io/AFSC-PDFs/AFSC_files/13H.html,https://paladindanse111.github.io/AFSC-PDFs/BASE_files/BASE_YOKOTA_AB.html,,Active Duty,Yes,USAF,
ALTUS AFB,"34°39'18""N","99°17'04""W",14S MD 73935 34821,13M,13M (AIRFIELD OPERATIONS),https://paladindanse111.github.io/AFSC-PDFs/AFSC_files/13M.html,https://paladindanse111.github.io/AFSC-PDFs/BASE_files/BASE_ALTUS_AFB.html,,Active Duty,Yes,USAF,
ANDERSEN AFB,"13°33'46""N","144°55'25""E",55P BR 75307 00327,13M,13M (AIRFIELD OPERATIONS),https://paladindanse111.github.io/AFSC-PDFs/AFSC_files/13M.html,https://paladindanse111.github.io/AFSC-PDFs/BASE_files/BASE_ANDERSEN_AFB.html,,Active Duty,Yes,USAF,
ANDREWS JB,"38°47'46""N","76°53'00""W",18S UH 36445 95835,13M,13M (AIRFIELD OPERATIONS),https://paladindanse111.github.io/AFSC-PDFs/AFSC_files/13M.html,https://paladindanse111.github.io/AFSC-PDFs/BASE_files/BASE_ANDREWS_JB.html,,Active Duty,Yes,USAF,
AVIANO AB,"46°01'49""N","12°36'41""E",33T UM 15147 00185,13M,13M (AIRFIELD OPERATIONS),https://paladindanse111.github.io/AFSC-PDFs/AFSC_files/13M.html,https://paladindanse111.github.io/AFSC-PDFs/BASE_files/BASE_AVIANO_AB.html,,Active Duty,Yes,USAF,
BARKSDALE AFB,"32°29'45""N","93°40'21""W",15S VR 36822 95596,13M,13M (AIRFIELD OPERATIONS),https://paladindanse111.github.io/AFSC-PDFs/AFSC_files/13M.html,https://paladindanse111.github.io/AFSC-PDFs/BASE_files/BASE_BARKSDALE_AFB.html,,Active Duty,Yes,USAF,
BEALE AFB,"39°06'41""N","121°21'35""W",10S FJ 41815 30418,13M,13M (AIRFIELD OPERATIONS),https://paladindanse111.github.io/AFSC-PDFs/AFSC_files/13M.html,https://paladindanse111.github.io/AFSC-PDFs/BASE_files/BASE_BEALE_AFB.html,,Active Duty,Yes,USAF,
CANNON AFB,"34°23'20""N","103°19'05""W",13S FU 54620 06558,13M,13M (AIRFIELD OPERATIONS),https://paladindanse111.github.io/AFSC-PDFs/AFSC_files/13M.html,https://paladindanse111.github.io/AFSC-PDFs/BASE_files/BASE_CANNON_AFB.html,,Active Duty,Yes,USAF,
CHIEVRES AIN,"50°34'33.00""N","3°49'52.00""E",,13M,13M (AIRFIELD OPERATIONS),https://paladindanse111.github.io/AFSC-PDFs/AFSC_files/13M.html,,,Active Duty,No,USAF,
COLUMBUS AFB,"33°37'38""N","88°26'51""W",16S CC 65739 21763,13M,13M (AIRFIELD OPERATIONS),https://paladindanse111.github.io/AFSC-PDFs/AFSC_files/13M.html,https://paladindanse111.github.io/AFSC-PDFs/BASE_files/BASE_COLUMBUS_AFB.html,,Active Duty,Yes,USAF,
DAVIS-MONTHAN AFB,"32°10'14""N","110°52'39""W",12S WA 11549 59347,13M,13M (AIRFIELD OPERATIONS),https://paladindanse111.github.io/AFSC-PDFs/AFSC_files/13M.html,https://paladindanse111.github.io/AFSC-PDFs/BASE_files/BASE_DAVIS-MONTHAN_AFB.html,,Active Duty,Yes,USAF,
DOVER AFB,"39°07'39""N","75°28'06""W",18S VJ 59518 31029,13M,13M (AIRFIELD OPERATIONS),https://paladindanse111.github.io/AFSC-PDFs/AFSC_files/13M.html,https://paladindanse111.github.io/AFSC-PDFs/BASE_files/BASE_DOVER_AFB.html,,Active Duty,Yes,USAF,
DYESS AFB,"32°25'17""N","99°50'31""W",14S MA 20838 87456,13M,13M (AIRFIELD OPERATIONS),https://paladindanse111.github.io/AFSC-PDFs/AFSC_files/13M.html,https://paladindanse111.github.io/AFSC-PDFs/BASE_files/BASE_DYESS_AFB.html,,Active Duty,Yes,USAF,
EDWARDS AFB,"34°55'25""N","117°53'29""W",11S MU 18582 64934,13M,13M (AIRFIELD OPERATIONS),https://paladindanse111.github.io/AFSC-PDFs/AFSC_files/13M.html,https://paladindanse111.github.io/AFSC-PDFs/BASE_files/BASE_EDWARDS_AFB.html,,Active Duty,Yes,USAF,
EGLIN AFB,"30°27'49""N","86°33'11""W",16R EU 42905 70243,13M,13M (AIRFIELD OPERATIONS),https://paladindanse111.github.io/AFSC-PDFs/AFSC_files/13M.html,https://paladindanse111.github.io/AFSC-PDFs/BASE_files/BASE_EGLIN_AFB.html,,Active Duty,Yes,USAF,
EIELSON AFB,"64°39'52""N","147°05'45""W",6W VS 95424 71061,13M,13M (AIRFIELD OPERATIONS),https://paladindanse111.github.io/AFSC-PDFs/AFSC_files/13M.html,https://paladindanse111.github.io/AFSC-PDFs/BASE_files/BASE_EIELSON_AFB.html,,Active Duty,Yes,USAF,
ELLSWORTH AFB,"44°08'54""N","103°05'15""W",13T FJ 52951 90126,13M,13M (AIRFIELD OPERATIONS),https://paladindanse111.github.io/AFSC-PDFs/AFSC_files/13M.html,https://paladindanse111.github.io/AFSC-PDFs/BASE_files/BASE_ELLSWORTH_AFB.html,,Active Duty,Yes,USAF,
FAIRCHILD AFB,"47°38'28""N","117°38'41""W",11T MN 51574 76613,13M,13M (AIRFIELD OPERATIONS),https://paladindanse111.github.io/AFSC-PDFs/AFSC_files/13M.html,https://paladindanse111.github.io/AFSC-PDFs/BASE_files/BASE_FAIRCHILD_AFB.html,,Active Duty,Yes,USAF,
GRAND FORKS AFB,"47°57'07""N","97°22'57""W",14T PU 20768 12225,13M,13M (AIRFIELD OPERATIONS),https://paladindanse111.github.io/AFSC-PDFs/AFSC_files/13M.html,https://paladindanse111.github.io/AFSC-PDFs/BASE_files/BASE_GRAND_FORKS_AFB.html,,Active Duty,Yes,USAF,
HILL AFB,"41°06'36""N","111°58'56""W",12T VL 17530 51433,13M,13M (AIRFIELD OPERATIONS),https://paladindanse111.github.io/AFSC-PDFs/AFSC_files/13M.html,https://paladindanse111.github.io/AFSC-PDFs/BASE_files/BASE_HILL_AFB.html,,Active Duty,Yes,USAF,
HOLLOMAN AFB,"32°50'33""N","106°05'55""W",13S CS 97187 34361,13M,13M (AIRFIELD OPERATIONS),https://paladindanse111.github.io/AFSC-PDFs/AFSC_files/13M.html,https://paladindanse111.github.io/AFSC-PDFs/BASE_files/BASE_HOLLOMAN_AFB.html,,Active Duty,Yes,USAF,
HURLBURT FIELD,"30°25'23""N","86°41'41""W",16R EU 29317 65704,13M,13M (AIRFIELD OPERATIONS),https://paladindanse111.github.io/AFSC-PDFs/AFSC_files/13M.html,https://paladindanse111.github.io/AFSC-PDFs/BASE_files/BASE_HURLBURT_FIELD.html,,Active Duty,Yes,USAF,
INCIRLIK AB,"37°00'12""N","35°26'02""E",36S YF 16566 98011,13M,13M (AIRFIELD OPERATIONS),https://paladindanse111.github.io/AFSC-PDFs/AFSC_files/13M.html,https://paladindanse111.github.io/AFSC-PDFs/BASE_files/BASE_INCIRLIK_AB.html,,Active Duty,Yes,USAF,
JB CHARLESTON,"32°53'29""N","80°04'03""W",17S NS 87218 39631,13M,13M (AIRFIELD OPERATIONS),https://paladindanse111.github.io/AFSC-PDFs/AFSC_files/13M.html,https://paladindanse111.github.io/AFSC-PDFs/BASE_files/BASE_JB_CHARLESTON.html,,Active Duty,Yes,USAF,
JB ELMENDORF-RICHARDSON,"61°15'44""N","149°41'53""W",6V UN 55306 94983,13M,13M (AIRFIELD OPERATIONS),https://paladindanse111.github.io/AFSC-PDFs/AFSC_files/13M.html,https://paladindanse111.github.io/AFSC-PDFs/BASE_files/BASE_JB_ELMENDORF-RICHARDSON.html,,Active Duty,Yes,USAF,
JB LANGLEY-EUSTIS,"37°05'00""N","76°21'33""W",18S UG 79195 04980,13M,13M (AIRFIELD OPERATIONS),https://paladindanse111.github.io/AFSC-PDFs/AFSC_files/13M.html,https://paladindanse111.github.io/AFSC-PDFs/BASE_files/BASE_JB_LANGLEY-EUSTIS.html,,Active Duty,Yes,USAF,
JB LEWIS-MCCHORD,"47°05'30""N","122°36'53""W",10T ET 29240 15422,13M,13M (AIRFIELD OPERATIONS),https://paladindanse111.github.io/AFSC-PDFs/AFSC_files/13M.html,https://paladindanse111.github.io/AFSC-PDFs/BASE_files/BASE_JB_LEWIS-MCCHORD.html,,Active Duty,Yes,USAF,
JB MCGUIRE-DIX-LAKEHURST,"40°02'15""N","74°35'18""W",18T WK 35120 32000,13M,13M (AIRFIELD OPERATIONS),https://paladindanse111.github.io/AFSC-PDFs/AFSC_files/13M.html,https://paladindanse111.github.io/AFSC-PDFs/BASE_files/BASE_JB_MCGUIRE-DIX-LAKEHURST.html,,Active Duty,Yes,USAF,
JB PEARL HARBOR-HICKAM,"21°20'15""N","157°57'43""W",4Q FJ 07643 59855,13M,13M (AIRFIELD OPERATIONS),https://paladindanse111.github.io/AFSC-PDFs/AFSC_files/13M.html,https://paladindanse111.github.io/AFSC-PDFs/BASE_files/BASE_JB_PEARL_HARBOR-HICKAM.html,,Active Duty,Yes,USAF,
JBSA LACKLAND,"29°23'14""N","98°37'16""W",14R NT 36765 50947,13M,13M (AIRFIELD OPERATIONS),https://paladindanse111.github.io/AFSC-PDFs/AFSC_files/13M.html,https://paladindanse111.github.io/AFSC-PDFs/BASE_files/BASE_JBSA_LACKLAND.html,,Active Duty,Yes,USAF,
JBSA RANDOLPH,"29°31'57""N","98°16'45""W",14R NT 69847 67200,13M,13M (AIRFIELD OPERATIONS),https://paladindanse111.github.io/AFSC-PDFs/AFSC_files/13M.html,https://paladindanse111.github.io/AFSC-PDFs/BASE_files/BASE_JBSA_RANDOLPH.html,,Active Duty,Yes,USAF,
KADENA AB,"26°21'30""N","127°46'20""E",52R CQ 77496 15950,13M,13M (AIRFIELD OPERATIONS),https://paladindanse111.github.io/AFSC-PDFs/AFSC_files/13M.html,https://paladindanse111.github.io/AFSC-PDFs/BASE_files/BASE_KADENA_AB.html,,Active Duty,Yes,USAF,
KAPAUN AIR STATION,"49°25'44""N","7°41'53""E",32U MV 05594 75949,13M,13M (AIRFIELD OPERATIONS),https://paladindanse111.github.io/AFSC-PDFs/AFSC_files/13M.html,https://paladindanse111.github.io/AFSC-PDFs/BASE_files/BASE_KAPAUN_AIR_STATION.html,,Active Duty,Yes,USAF,
KEESLER AFB,"30°24'34""N","88°55'34""W",16R CU 14981 65731,13M,13M (AIRFIELD OPERATIONS),https://paladindanse111.github.io/AFSC-PDFs/AFSC_files/13M.html,https://paladindanse111.github.io/AFSC-PDFs/BASE_files/BASE_KEESLER_AFB.html,,Active Duty,Yes,USAF,
KIRTLAND AFB,"35°00'39""N","106°30'44""W",13S CU 62019 75289,13M,13M (AIRFIELD OPERATIONS),https://paladindanse111.github.io/AFSC-PDFs/AFSC_files/13M.html,https://paladindanse111.github.io/AFSC-PDFs/BASE_files/BASE_KIRTLAND_AFB.html,,Active Duty,Yes,USAF,
KUNSAN AB,"35°55'09""N","126°37'54""E",52S BE 86310 77574,13M,13M (AIRFIELD OPERATIONS),https://paladindanse111.github.io/AFSC-PDFs/AFSC_files/13M.html,https://paladindanse111.github.io/AFSC-PDFs/BASE_files/BASE_KUNSAN_AB.html,,Active Duty,Yes,USAF,
LAJES FIELD,"38°45'42.00""N","27°5'27.00""W",,13M,13M (AIRFIELD OPERATIONS),https://paladindanse111.github.io/AFSC-PDFs/AFSC_files/13M.html,https://paladindanse111.github.io/AFSC-PDFs/BASE_files/BASE_LAJES_FIELD.html.html,,Active Duty,No,USAF,
LAKENHEATH RAF,"52°23'23""N","0°32'14""E",31U CU 32414 07239,13M,13M (AIRFIELD OPERATIONS),https://paladindanse111.github.io/AFSC-PDFs/AFSC_files/13M.html,https://paladindanse111.github.io/AFSC-PDFs/BASE_files/BASE_LAKENHEATH_RAF.html,,Active Duty,Yes,USAF,
LAUGHLIN AFB,"29°21'21""N","100°46'58""W",14R LT 26940 48730,13M,13M (AIRFIELD OPERATIONS),https://paladindanse111.github.io/AFSC-PDFs/AFSC_files/13M.html,https://paladindanse111.github.io/AFSC-PDFs/BASE_files/BASE_LAUGHLIN_AFB.html,,Active Duty,Yes,USAF,
LITTLE ROCK AFB,"34°53'47""N","92°08'38""W",15S WU 78220 61887,13M,13M (AIRFIELD OPERATIONS),https://paladindanse111.github.io/AFSC-PDFs/AFSC_files/13M.html,https://paladindanse111.github.io/AFSC-PDFs/BASE_files/BASE_LITTLE_ROCK_AFB.html,,Active Duty,Yes,USAF,
LUKE AFB,"33°32'22""N","112°22'32""W",12S UC 72284 11939,13M,13M (AIRFIELD OPERATIONS),https://paladindanse111.github.io/AFSC-PDFs/AFSC_files/13M.html,https://paladindanse111.github.io/AFSC-PDFs/BASE_files/BASE_LUKE_AFB.html,,Active Duty,Yes,USAF,
MACDILL AFB,"27°51'28""N","82°29'19""W",17R LL 53434 82337,13M,13M (AIRFIELD OPERATIONS),https://paladindanse111.github.io/AFSC-PDFs/AFSC_files/13M.html,https://paladindanse111.github.io/AFSC-PDFs/BASE_files/BASE_MACDILL_AFB.html,,Active Duty,Yes,USAF,
MAXWELL-GUNTER AFB,"32°22'43""N","86°21'44""W",16S EA 59993 82581,13M,13M (AIRFIELD OPERATIONS),https://paladindanse111.github.io/AFSC-PDFs/AFSC_files/13M.html,https://paladindanse111.github.io/AFSC-PDFs/BASE_files/BASE_MAXWELL-GUNTER_AFB.html,,Active Duty,Yes,USAF,
MCCONNELL AFB,"37°37'51""N","97°15'06""W",14S PG 54271 66293,13M,13M (AIRFIELD OPERATIONS),https://paladindanse111.github.io/AFSC-PDFs/AFSC_files/13M.html,https://paladindanse111.github.io/AFSC-PDFs/BASE_files/BASE_MCCONNELL_AFB.html,,Active Duty,Yes,USAF,
MILDENHALL RAF,"52°21'45""N","0°30'14""E",31U CU 30041 04290,13M,13M (AIRFIELD OPERATIONS),https://paladindanse111.github.io/AFSC-PDFs/AFSC_files/13M.html,https://paladindanse111.github.io/AFSC-PDFs/BASE_files/BASE_MILDENHALL_RAF.html,,Active Duty,Yes,USAF,
MINOT AFB,"48°25'13""N","101°19'36""W",14U LU 27861 65629,13M,13M (AIRFIELD OPERATIONS),https://paladindanse111.github.io/AFSC-PDFs/AFSC_files/13M.html,https://paladindanse111.github.io/AFSC-PDFs/BASE_files/BASE_MINOT_AFB.html,,Active Duty,Yes,USAF,
MISAWA AB,"40°41'55""N","141°22'28""E",54T WL 31634 05368,13M,13M (AIRFIELD OPERATIONS),https://paladindanse111.github.io/AFSC-PDFs/AFSC_files/13M.html,https://paladindanse111.github.io/AFSC-PDFs/BASE_files/BASE_MISAWA_AB.html,,Active Duty,Yes,USAF,
MOODY AFB,"30°58'12""N","83°11'47""W",17R KQ 90229 28346,13M,13M (AIRFIELD OPERATIONS),https://paladindanse111.github.io/AFSC-PDFs/AFSC_files/13M.html,https://paladindanse111.github.io/AFSC-PDFs/BASE_files/BASE_MOODY_AFB.html,,Active Duty,Yes,USAF,
MORON AB,"37°10'30.00""N","5°36'57.00""W",,13M,13M (AIRFIELD OPERATIONS),https://paladindanse111.github.io/AFSC-PDFs/AFSC_files/13M.html,https://paladindanse111.github.io/AFSC-PDFs/BASE_files/BASE_MORON_AB.html,,Active Duty,No,USAF,
MOUNTAIN HOME AFB,"43°03'59""N","115°51'18""W",11T NH 93226 68823,13M,13M (AIRFIELD OPERATIONS),https://paladindanse111.github.io/AFSC-PDFs/AFSC_files/13M.html,https://paladindanse111.github.io/AFSC-PDFs/BASE_files/BASE_MOUNTAIN_HOME_AFB.html,,Active Duty,Yes,USAF,
NELLIS AFB,"36°14'25""N","115°03'14""W",11S PA 74874 12355,13M,13M (AIRFIELD OPERATIONS),https://paladindanse111.github.io/AFSC-PDFs/AFSC_files/13M.html,https://paladindanse111.github.io/AFSC-PDFs/BASE_files/BASE_NELLIS_AFB.html,,Active Duty,Yes,USAF,
OFFUTT AFB,"41°07'25""N","95°54'52""W",15T TF 55334 56573,13M,13M (AIRFIELD OPERATIONS),https://paladindanse111.github.io/AFSC-PDFs/AFSC_files/13M.html,https://paladindanse111.github.io/AFSC-PDFs/BASE_files/BASE_OFFUTT_AFB.html,,Active Duty,Yes,USAF,
OSAN AB,"37°05'19""N","127°01'50""E",52S CG 24960 06516,13M,13M (AIRFIELD OPERATIONS),https://paladindanse111.github.io/AFSC-PDFs/AFSC_files/13M.html,https://paladindanse111.github.io/AFSC-PDFs/BASE_files/BASE_OSAN_AB.html,,Active Duty,Yes,USAF,
PATRICK SFB,"28°14'21""N","80°36'26""W",17R NM 38533 23759,13M,13M (AIRFIELD OPERATIONS),https://paladindanse111.github.io/AFSC-PDFs/AFSC_files/13M.html,https://paladindanse111.github.io/AFSC-PDFs/BASE_files/BASE_PATRICK_SFB.html,,Active Duty,Yes,USAF,
RAMSTEIN AB,"49°26'23""N","7°35'47""E",32U LV 98244 77286,13M,13M (AIRFIELD OPERATIONS),https://paladindanse111.github.io/AFSC-PDFs/AFSC_files/13M.html,https://paladindanse111.github.io/AFSC-PDFs/BASE_files/BASE_RAMSTEIN_AB.html.html,,Active Duty,Yes,USAF,
ROBINS AFB,"32°38'23""N","83°35'30""W",17S KS 56883 14314,13M,13M (AIRFIELD OPERATIONS),https://paladindanse111.github.io/AFSC-PDFs/AFSC_files/13M.html,https://paladindanse111.github.io/AFSC-PDFs/BASE_files/BASE_ROBINS_AFB.html,,Active Duty,Yes,USAF,
SCOTT AFB,"38°32'29""N","89°51'18""W",16S BH 51169 69750,13M,13M (AIRFIELD OPERATIONS),https://paladindanse111.github.io/AFSC-PDFs/AFSC_files/13M.html,https://paladindanse111.github.io/AFSC-PDFs/BASE_files/BASE_SCOTT_AFB.html,,Active Duty,Yes,USAF,
SEYMOUR JOHNSON AFB,"35°20'24""N","77°57'41""W",18S TE 30850 14774,13M,13M (AIRFIELD OPERATIONS),https://paladindanse111.github.io/AFSC-PDFs/AFSC_files/13M.html,https://paladindanse111.github.io/AFSC-PDFs/BASE_files/BASE_SEYMOUR_JOHNSON_AFB.html,,Active Duty,Yes,USAF,
SHAW AFB,"33°58'02""N","80°29'05""W",17S NT 47603 58641,13M,13M (AIRFIELD OPERATIONS),https://paladindanse111.github.io/AFSC-PDFs/AFSC_files/13M.html,https://paladindanse111.github.io/AFSC-PDFs/BASE_files/BASE_SHAW_AFB.html,,Active Duty,Yes,USAF,
SHEPPARD AFB,"33°58'06""N","98°30'38""W",14S NC 45216 58752,13M,13M (AIRFIELD OPERATIONS),https://paladindanse111.github.io/AFSC-PDFs/AFSC_files/13M.html,https://paladindanse111.github.io/AFSC-PDFs/BASE_files/BASE_SHEPPARD_AFB.html,,Active Duty,Yes,USAF,
SPANGDAHLEM AB,"49°59'38""N","6°41'55""E",32U LA 35052 40489,13M,13M (AIRFIELD OPERATIONS),https://paladindanse111.github.io/AFSC-PDFs/AFSC_files/13M.html,https://paladindanse111.github.io/AFSC-PDFs/BASE_files/BASE_SPANGDAHLEM_AB.html,,Active Duty,Yes,USAF,
TINKER AFB,"35°25'09""N","97°24'15""W",14S PE 44882 20698,13M,13M (AIRFIELD OPERATIONS),https://paladindanse111.github.io/AFSC-PDFs/AFSC_files/13M.html,https://paladindanse111.github.io/AFSC-PDFs/BASE_files/BASE_TINKER_AFB.html,,Active Duty,Yes,USAF,
TRAVIS AFB,"38°16'09""N","121°56'51""W",10S EH 92069 36204,13M,13M (AIRFIELD OPERATIONS),https://paladindanse111.github.io/AFSC-PDFs/AFSC_files/13M.html,https://paladindanse111.github.io/AFSC-PDFs/BASE_files/BASE_TRAVIS_AFB.html,,Active Duty,Yes,USAF,
TYNDALL AFB,"30°04'47""N","85°36'26""W",16R FU 34229 28437,13M,13M (AIRFIELD OPERATIONS),https://paladindanse111.github.io/AFSC-PDFs/AFSC_files/13M.html,https://paladindanse111.github.io/AFSC-PDFs/BASE_files/BASE_TYNDALL_AFB.html,,Active Duty,Yes,USAF,
VANCE AFB,"36°20'21""N","97°54'47""W",14S NF 97544 22116,13M,13M (AIRFIELD OPERATIONS),https://paladindanse111.github.io/AFSC-PDFs/AFSC_files/13M.html,https://paladindanse111.github.io/AFSC-PDFs/BASE_files/BASE_VANCE_AFB.html,,Active Duty,Yes,USAF,
VANDENBERG SFB,"34°44'31""N","120°34'20""W",10S GD 22255 47110,13M,13M (AIRFIELD OPERATIONS),https://paladindanse111.github.io/AFSC-PDFs/AFSC_files/13M.html,https://paladindanse111.github.io/AFSC-PDFs/BASE_files/BASE_VANDENBERG_SFB.html,,Active Duty,Yes,USAF,
WHITEMAN AFB,"38°43'44""N","93°33'37""W",15S VC 51299 86840,13M,13M (AIRFIELD OPERATIONS),https://paladindanse111.github.io/AFSC-PDFs/AFSC_files/13M.html,https://paladindanse111.github.io/AFSC-PDFs/BASE_files/BASE_WHITEMAN_AFB.html,,Active Duty,Yes,USAF,
WRIGHT-PATTERSON AFB,"39°48'37""N","84°01'55""W",16S GK 54072 10915,13M,13M (AIRFIELD OPERATIONS),https://paladindanse111.github.io/AFSC-PDFs/AFSC_files/13M.html,https://paladindanse111.github.io/AFSC-PDFs/BASE_files/BASE_WRIGHT-PATTERSON_AFB.html,,Active Duty,Yes,USAF,
YOKOTA AB,"35°44'35""N","139°20'23""E",54S UE 49872 56720,13M,13M (AIRFIELD OPERATIONS),https://paladindanse111.github.io/AFSC-PDFs/AFSC_files/13M.html,https://paladindanse111.github.io/AFSC-PDFs/BASE_files/BASE_YOKOTA_AB.html,,Active Duty,Yes,USAF,
BARKSDALE AFB,"32°29'45""N","93°40'21""W",15S VR 36822 95596,13N,13N (NUCLEAR AND MISSILE OPERATIONS),https://paladindanse111.github.io/AFSC-PDFs/AFSC_files/13N.html,https://paladindanse111.github.io/AFSC-PDFs/BASE_files/BASE_BARKSDALE_AFB.html,,Active Duty,Yes,USAF,
CP SMITH MGI,"21°22'0.00""N","157°55'0.00""W",,13N,13N (NUCLEAR AND MISSILE OPERATIONS),https://paladindanse111.github.io/AFSC-PDFs/AFSC_files/13N.html,,,Active Duty,No,USAF,
ELLSWORTH AFB,"44°08'54""N","103°05'15""W",13T FJ 52951 90126,13N,13N (NUCLEAR AND MISSILE OPERATIONS),https://paladindanse111.github.io/AFSC-PDFs/AFSC_files/13N.html,https://paladindanse111.github.io/AFSC-PDFs/BASE_files/BASE_ELLSWORTH_AFB.html,,Active Duty,Yes,USAF,
FE WARREN AFB,"41°08'32""N","104°52'41""W",13T EF 10233 54552,13N,13N (NUCLEAR AND MISSILE OPERATIONS),https://paladindanse111.github.io/AFSC-PDFs/AFSC_files/13N.html,https://paladindanse111.github.io/AFSC-PDFs/BASE_files/BASE_FE_WARREN_AFB.html,,Active Duty,Yes,USAF,
FT GEORGE G MEADE,"39°06'14""N","76°44'42""W",18S UJ 49113 29754,13N,13N (NUCLEAR AND MISSILE OPERATIONS),https://paladindanse111.github.io/AFSC-PDFs/AFSC_files/13N.html,https://paladindanse111.github.io/AFSC-PDFs/BASE_files/BASE_FT_GEORGE_G_MEADE.html,,Active Duty,Yes,USAF,
HILL AFB,"41°06'36""N","111°58'56""W",12T VL 17530 51433,13N,13N (NUCLEAR AND MISSILE OPERATIONS),https://paladindanse111.github.io/AFSC-PDFs/AFSC_files/13N.html,https://paladindanse111.github.io/AFSC-PDFs/BASE_files/BASE_HILL_AFB.html,,Active Duty,Yes,USAF,
JB PEARL HARBOR-HICKAM,"21°20'15""N","157°57'43""W",4Q FJ 07643 59855,13N,13N (NUCLEAR AND MISSILE OPERATIONS),https://paladindanse111.github.io/AFSC-PDFs/AFSC_files/13N.html,https://paladindanse111.github.io/AFSC-PDFs/BASE_files/BASE_JB_PEARL_HARBOR-HICKAM.html,,Active Duty,Yes,USAF,
JBSA RANDOLPH,"29°31'57""N","98°16'45""W",14R NT 69847 67200,13N,13N (NUCLEAR AND MISSILE OPERATIONS),https://paladindanse111.github.io/AFSC-PDFs/AFSC_files/13N.html,https://paladindanse111.github.io/AFSC-PDFs/BASE_files/BASE_JBSA_RANDOLPH.html,,Active Duty,Yes,USAF,
KIRTLAND AFB,"35°00'39""N","106°30'44""W",13S CU 62019 75289,13N,13N (NUCLEAR AND MISSILE OPERATIONS),https://paladindanse111.github.io/AFSC-PDFs/AFSC_files/13N.html,https://paladindanse111.github.io/AFSC-PDFs/BASE_files/BASE_KIRTLAND_AFB.html,,Active Duty,Yes,USAF,
MALMSTROM AFB,"47°30'17""N","111°10'56""W",12T VT 86277 61270,13N,13N (NUCLEAR AND MISSILE OPERATIONS),https://paladindanse111.github.io/AFSC-PDFs/AFSC_files/13N.html,https://paladindanse111.github.io/AFSC-PDFs/BASE_files/BASE_MALMSTROM_AFB.html,,Active Duty,Yes,USAF,
MAXWELL-GUNTER AFB,"32°22'43""N","86°21'44""W",16S EA 59993 82581,13N,13N (NUCLEAR AND MISSILE OPERATIONS),https://paladindanse111.github.io/AFSC-PDFs/AFSC_files/13N.html,https://paladindanse111.github.io/AFSC-PDFs/BASE_files/BASE_MAXWELL-GUNTER_AFB.html,,Active Duty,Yes,USAF,
MCCONNELL AFB,"37°37'51""N","97°15'06""W",14S PG 54271 66293,13N,13N (NUCLEAR AND MISSILE OPERATIONS),https://paladindanse111.github.io/AFSC-PDFs/AFSC_files/13N.html,https://paladindanse111.github.io/AFSC-PDFs/BASE_files/BASE_MCCONNELL_AFB.html,,Active Duty,Yes,USAF,
MINOT AFB,"48°25'13""N","101°19'36""W",14U LU 27861 65629,13N,13N (NUCLEAR AND MISSILE OPERATIONS),https://paladindanse111.github.io/AFSC-PDFs/AFSC_files/13N.html,https://paladindanse111.github.io/AFSC-PDFs/BASE_files/BASE_MINOT_AFB.html,,Active Duty,Yes,USAF,
NORFOLK NAS,"36°56'15.00""N","76°17'21.00""W",,13N,13N (NUCLEAR AND MISSILE OPERATIONS),https://paladindanse111.github.io/AFSC-PDFs/AFSC_files/13N.html,,,Active Duty,No,USAF,
OFFUTT AFB,"41°07'25""N","95°54'52""W",15T TF 55334 56573,13N,13N (NUCLEAR AND MISSILE OPERATIONS),https://paladindanse111.github.io/AFSC-PDFs/AFSC_files/13N.html,https://paladindanse111.github.io/AFSC-PDFs/BASE_files/BASE_OFFUTT_AFB.html,,Active Duty,Yes,USAF,
PENTAGON,"38°52'15""N","77°03'21""W",18S UJ 21650 04451,13N,13N (NUCLEAR AND MISSILE OPERATIONS),https://paladindanse111.github.io/AFSC-PDFs/AFSC_files/13N.html,https://paladindanse111.github.io/AFSC-PDFs/BASE_files/BASE_PENTAGON.html,,Active Duty,Yes,USAF,
RAMSTEIN AB,"49°26'23""N","7°35'47""E",32U LV 98244 77286,13N,13N (NUCLEAR AND MISSILE OPERATIONS),https://paladindanse111.github.io/AFSC-PDFs/AFSC_files/13N.html,https://paladindanse111.github.io/AFSC-PDFs/BASE_files/BASE_RAMSTEIN_AB.html.html,,Active Duty,Yes,USAF,
VANDENBERG SFB,"34°44'31""N","120°34'20""W",10S GD 22255 47110,13N,13N (NUCLEAR AND MISSILE OPERATIONS),https://paladindanse111.github.io/AFSC-PDFs/AFSC_files/13N.html,https://paladindanse111.github.io/AFSC-PDFs/BASE_files/BASE_VANDENBERG_SFB.html,,Active Duty,Yes,USAF,
WHITEMAN AFB,"38°43'44""N","93°33'37""W",15S VC 51299 86840,13N,13N (NUCLEAR AND MISSILE OPERATIONS),https://paladindanse111.github.io/AFSC-PDFs/AFSC_files/13N.html,https://paladindanse111.github.io/AFSC-PDFs/BASE_files/BASE_WHITEMAN_AFB.html,,Active Duty,Yes,USAF,
WRIGHT-PATTERSON AFB,"39°48'37""N","84°01'55""W",16S GK 54072 10915,13N,13N (NUCLEAR AND MISSILE OPERATIONS),https://paladindanse111.github.io/AFSC-PDFs/AFSC_files/13N.html,https://paladindanse111.github.io/AFSC-PDFs/BASE_files/BASE_WRIGHT-PATTERSON_AFB.html,,Active Duty,Yes,USAF,
ANDREWS JB,"38°47'46""N","76°53'00""W",18S UH 36445 95835,13S,13S (SPACE OPERATIONS),,https://paladindanse111.github.io/AFSC-PDFs/BASE_files/BASE_ANDREWS_JB.html,,Active Duty,Yes,USAF,
BARKING SANDS COM,"21°1'0.00""N","159°46'60.00""W",,13S,13S (SPACE OPERATIONS),https://paladindanse111.github.io/AFSC-PDFs/AFSC_files/SFSC.html,,,Active Duty,No,USAF,
BEALE AFB,"39°06'41""N","121°21'35""W",10S FJ 41815 30418,13S,13S (SPACE OPERATIONS),,https://paladindanse111.github.io/AFSC-PDFs/BASE_files/BASE_BEALE_AFB.html,,Active Duty,Yes,USAF,
BUCKLEY SFB,"39°42'09""N","104°45'29""W",13S ED 20741 94766,13S,13S (SPACE OPERATIONS),,https://paladindanse111.github.io/AFSC-PDFs/BASE_files/BASE_BUCKLEY_SFB.html,,Active Duty,Yes,USAF,
CAPE CANAVERAL SFS,"28°29'19""N","80°34'22""W",17R NM 41814 51404,13S,13S (SPACE OPERATIONS),,https://paladindanse111.github.io/AFSC-PDFs/BASE_files/BASE_CAPE_CANAVERAL_SFS.html,,Active Duty,Yes,USAF,
CAPE COD SFS,"41°45'8.00""N","70°32'18.00""W",,13S,13S (SPACE OPERATIONS),,https://paladindanse111.github.io/AFSC-PDFs/BASE_files/BASE_CAPE_COD_SFS.html,,Active Duty,No,USAF,
CAVALIER SFS,"48°43'29.00""N","97°53'59.00""W",,13S,13S (SPACE OPERATIONS),,https://paladindanse111.github.io/AFSC-PDFs/BASE_files/BASE_CAVALIER_SFS.html,,Active Duty,No,USAF,
CHEYENNE MOUNTAIN SFS,"38°49'0.00""N","104°32'60.00""W",,13S,13S (SPACE OPERATIONS),,https://paladindanse111.github.io/AFSC-PDFs/BASE_files/BASE_CHEYENNE_MOUNTAIN_SFS.html,,Active Duty,No,USAF,
CLEAR SFS,"64°18'7.00""N","149°7'21.00""W",,13S,13S (SPACE OPERATIONS),https://paladindanse111.github.io/AFSC-PDFs/AFSC_files/SFSC.html,,,Active Duty,No,USAF,
CP KINSER MGI,"26°22'0.00""N","127°47'60.00""E",,13S,13S (SPACE OPERATIONS),https://paladindanse111.github.io/AFSC-PDFs/AFSC_files/SFSC.html,,,Active Duty,No,USAF,
DAHLGREN NYI,"38°19'0.00""N","77°1'60.00""W",,13S,13S (SPACE OPERATIONS),https://paladindanse111.github.io/AFSC-PDFs/AFSC_files/SFSC.html,,,Active Duty,No,USAF,
DAVIS-MONTHAN AFB,"32°10'14""N","110°52'39""W",12S WA 11549 59347,13S,13S (SPACE OPERATIONS),,https://paladindanse111.github.io/AFSC-PDFs/BASE_files/BASE_DAVIS-MONTHAN_AFB.html,,Active Duty,Yes,USAF,
EDWARDS AFB,"34°55'25""N","117°53'29""W",11S MU 18582 64934,13S,13S (SPACE OPERATIONS),,https://paladindanse111.github.io/AFSC-PDFs/BASE_files/BASE_EDWARDS_AFB.html,,Active Duty,Yes,USAF,
EGLIN AFB,"30°27'49""N","86°33'11""W",16R EU 42905 70243,13S,13S (SPACE OPERATIONS),,https://paladindanse111.github.io/AFSC-PDFs/BASE_files/BASE_EGLIN_AFB.html,,Active Duty,Yes,USAF,
FT BELVOIR,"38°43'05""N","77°09'16""W",18S UH 12695 87692,13S,13S (SPACE OPERATIONS),,https://paladindanse111.github.io/AFSC-PDFs/BASE_files/BASE_FT_BELVOIR.html,,Active Duty,Yes,USAF,
FT BUCKNER AIN,"26°16'60.00""N","127°46'0.00""E",,13S,13S (SPACE OPERATIONS),https://paladindanse111.github.io/AFSC-PDFs/AFSC_files/SFSC.html,,,Active Duty,No,USAF,
FT DETRICK AIN,"39°25'60.00""N","77°20'60.00""W",,13S,13S (SPACE OPERATIONS),https://paladindanse111.github.io/AFSC-PDFs/AFSC_files/SFSC.html,,,Active Duty,No,USAF,
FT GEORGE G MEADE,"39°06'14""N","76°44'42""W",18S UJ 49113 29754,13S,13S (SPACE OPERATIONS),,https://paladindanse111.github.io/AFSC-PDFs/BASE_files/BASE_FT_GEORGE_G_MEADE.html,,Active Duty,Yes,USAF,
GRAND FORKS AFB,"47°57'07""N","97°22'57""W",14T PU 20768 12225,13S,13S (SPACE OPERATIONS),,https://paladindanse111.github.io/AFSC-PDFs/BASE_files/BASE_GRAND_FORKS_AFB.html,,Active Duty,Yes,USAF,
HOLLOMAN AFB,"32°50'33""N","106°05'55""W",13S CS 97187 34361,13S,13S (SPACE OPERATIONS),,https://paladindanse111.github.io/AFSC-PDFs/BASE_files/BASE_HOLLOMAN_AFB.html,,Active Duty,Yes,USAF,
JB ANACOSTIA-BOLLING,"38°50'29""N","77°01'05""W",18S UJ 24855 01110,13S,13S (SPACE OPERATIONS),,https://paladindanse111.github.io/AFSC-PDFs/BASE_files/BASE_JB_ANACOSTIA-BOLLING.html,,Active Duty,Yes,USAF,
JB PEARL HARBOR-HICKAM,"21°20'15""N","157°57'43""W",4Q FJ 07643 59855,13S,13S (SPACE OPERATIONS),,https://paladindanse111.github.io/AFSC-PDFs/BASE_files/BASE_JB_PEARL_HARBOR-HICKAM.html,,Active Duty,Yes,USAF,
JBSA LACKLAND,"29°23'14""N","98°37'16""W",14R NT 36765 50947,13S,13S (SPACE OPERATIONS),,https://paladindanse111.github.io/AFSC-PDFs/BASE_files/BASE_JBSA_LACKLAND.html,,Active Duty,Yes,USAF,
JBSA RANDOLPH,"29°31'57""N","98°16'45""W",14R NT 69847 67200,13S,13S (SPACE OPERATIONS),,https://paladindanse111.github.io/AFSC-PDFs/BASE_files/BASE_JBSA_RANDOLPH.html,,Active Duty,Yes,USAF,
KADENA AB,"26°21'30""N","127°46'20""E",52R CQ 77496 15950,13S,13S (SPACE OPERATIONS),,https://paladindanse111.github.io/AFSC-PDFs/BASE_files/BASE_KADENA_AB.html,,Active Duty,Yes,USAF,
KAPAUN AIR STATION,"49°25'44""N","7°41'53""E",32U MV 05594 75949,13S,13S (SPACE OPERATIONS),,https://paladindanse111.github.io/AFSC-PDFs/BASE_files/BASE_KAPAUN_AIR_STATION.html,,Active Duty,Yes,USAF,
KIRTLAND AFB,"35°00'39""N","106°30'44""W",13S CU 62019 75289,13S,13S (SPACE OPERATIONS),,https://paladindanse111.github.io/AFSC-PDFs/BASE_files/BASE_KIRTLAND_AFB.html,,Active Duty,Yes,USAF,
JOHNSON SPACE CENTER,"29°37'0.00""N","95°10'0.00""W",,13S,13S (SPACE OPERATIONS),,https://paladindanse111.github.io/AFSC-PDFs/BASE_files/JOHNSON_SPACE_CENTER.html,,Active Duty,No,USAF,
LANDSTUHL (GERMANY),"49°25'0.00""N","7°34'0.00""E",,13S,13S (SPACE OPERATIONS),https://paladindanse111.github.io/AFSC-PDFs/AFSC_files/SFSC.html,,,Active Duty,No,USAF,
LOS ANGELES SFB,"34°0'0.00""N","118°15'0.00""W",,13S,13S (SPACE OPERATIONS),,https://paladindanse111.github.io/AFSC-PDFs/BASE_files/BASE_LOS_ANGELES_SFB.html,,Active Duty,No,USAF,
MACDILL AFB,"27°51'28""N","82°29'19""W",17R LL 53434 82337,13S,13S (SPACE OPERATIONS),,https://paladindanse111.github.io/AFSC-PDFs/BASE_files/BASE_MACDILL_AFB.html,,Active Duty,Yes,USAF,
MAXWELL-GUNTER AFB,"32°22'43""N","86°21'44""W",16S EA 59993 82581,13S,13S (SPACE OPERATIONS),,https://paladindanse111.github.io/AFSC-PDFs/BASE_files/BASE_MAXWELL-GUNTER_AFB.html,,Active Duty,Yes,USAF,
MISAWA AB,"40°41'55""N","141°22'28""E",54T WL 31634 05368,13S,13S (SPACE OPERATIONS),,https://paladindanse111.github.io/AFSC-PDFs/BASE_files/BASE_MISAWA_AB.html,,Active Duty,Yes,USAF,
NELLIS AFB,"36°14'25""N","115°03'14""W",11S PA 74874 12355,13S,13S (SPACE OPERATIONS),,https://paladindanse111.github.io/AFSC-PDFs/BASE_files/BASE_NELLIS_AFB.html,,Active Duty,Yes,USAF,
OFFUTT AFB,"41°07'25""N","95°54'52""W",15T TF 55334 56573,13S,13S (SPACE OPERATIONS),,https://paladindanse111.github.io/AFSC-PDFs/BASE_files/BASE_OFFUTT_AFB.html,,Active Duty,Yes,USAF,
OSAN AB,"37°05'19""N","127°01'50""E",52S CG 24960 06516,13S,13S (SPACE OPERATIONS),,https://paladindanse111.github.io/AFSC-PDFs/BASE_files/BASE_OSAN_AB.html,,Active Duty,Yes,USAF,
PATRICK SFB,"28°14'21""N","80°36'26""W",17R NM 38533 23759,13S,13S (SPACE OPERATIONS),,https://paladindanse111.github.io/AFSC-PDFs/BASE_files/BASE_PATRICK_SFB.html,,Active Duty,Yes,USAF,
PENTAGON,"38°52'15""N","77°03'21""W",18S UJ 21650 04451,13S,13S (SPACE OPERATIONS),,https://paladindanse111.github.io/AFSC-PDFs/BASE_files/BASE_PENTAGON.html,,Active Duty,Yes,USAF,
PETERSON SFB,"38°49'32""N","104°41'58""W",13S EC 26089 97461,13S,13S (SPACE OPERATIONS),,https://paladindanse111.github.io/AFSC-PDFs/BASE_files/BASE_PETERSON_SFB.html,,Active Duty,Yes,USAF,
PITUFFIK SBS,"76°31'52.00""N","68°42'12.00""W",,13S,13S (SPACE OPERATIONS),,https://paladindanse111.github.io/AFSC-PDFs/BASE_files/BASE_PITUFFIK_SBS.html,,Active Duty,No,USAF,
POINT MUGU NAS,"34°7'13.00""N","119°7'15.00""W",,13S,13S (SPACE OPERATIONS),https://paladindanse111.github.io/AFSC-PDFs/AFSC_files/SFSC.html,,,Active Duty,No,USAF,
RAF MENWITH HILL,"54°0'0.00""N","1°33'0.00""W",,13S,13S (SPACE OPERATIONS),https://paladindanse111.github.io/AFSC-PDFs/AFSC_files/SFSC.html,,,Active Duty,No,USAF,
RAMSTEIN AB,"49°26'23""N","7°35'47""E",32U LV 98244 77286,13S,13S (SPACE OPERATIONS),,https://paladindanse111.github.io/AFSC-PDFs/BASE_files/BASE_RAMSTEIN_AB.html.html,,Active Duty,Yes,USAF,
SCHRIEVER SFB,"38°48'12""N","104°31'32""W",13S EC 41196 95059,13S,13S (SPACE OPERATIONS),,https://paladindanse111.github.io/AFSC-PDFs/BASE_files/BASE_SCHRIEVER_SFB.html,,Active Duty,Yes,USAF,
SIGONELLA NAS,"37°24'6.00""N","14°55'21.00""E",,13S,13S (SPACE OPERATIONS),,https://paladindanse111.github.io/AFSC-PDFs/BASE_files/BASE_SIGONELLA_NAS.html,,Active Duty,No,USAF,
STUTTGART VAIHING (GERMANY),"48°43'60.00""N","9°5'60.00""E",,13S,13S (SPACE OPERATIONS),,https://paladindanse111.github.io/AFSC-PDFs/BASE_files/BASE_STUTTGART_VAIHINGEN.html,,Active Duty,No,USAF,Note: Army base websites may be blocked on MissionNet.
USAF ACADEMY,"39°0'0.00""N","104°52'60.00""W",,13S,13S (SPACE OPERATIONS),https://paladindanse111.github.io/AFSC-PDFs/AFSC_files/SFSC.html,https://paladindanse111.github.io/AFSC-PDFs/BASE_files/BASE_USAF_ACADEMY.html,,Active Duty,No,USAF,
VANDENBERG SFB,"34°44'31""N","120°34'20""W",10S GD 22255 47110,13S,13S (SPACE OPERATIONS),,https://paladindanse111.github.io/AFSC-PDFs/BASE_files/BASE_VANDENBERG_SFB.html,,Active Duty,Yes,USAF,
WHEELER AAF,"21°29'1.00""N","158°2'23.00""W",,13S,13S (SPACE OPERATIONS),https://paladindanse111.github.io/AFSC-PDFs/AFSC_files/SFSC.html,,,Active Duty,No,USAF,
WHITE SAND MSL RG,"32° 24' 0""N","106° 24' 0""W",13S CR 68334 85636,13S,13S (SPACE OPERATIONS),,https://paladindanse111.github.io/AFSC-PDFs/BASE_files/BASE_WHITE_SAND_MSL_RG.html,,Active Duty,Yes,USAF,
WRIGHT-PATTERSON AFB,"39°48'37""N","84°01'55""W",16S GK 54072 10915,13S,13S (SPACE OPERATIONS),,https://paladindanse111.github.io/AFSC-PDFs/BASE_files/BASE_WRIGHT-PATTERSON_AFB.html,,Active Duty,Yes,USAF,
BARKSDALE AFB,"32°29'45""N","93°40'21""W",15S VR 36822 95596,14F,14F (INFORMATION OPERATIONS),https://paladindanse111.github.io/AFSC-PDFs/AFSC_files/14F.html,https://paladindanse111.github.io/AFSC-PDFs/BASE_files/BASE_BARKSDALE_AFB.html,,Active Duty,Yes,USAF,
BEALE AFB,"39°06'41""N","121°21'35""W",10S FJ 41815 30418,14F,14F (INFORMATION OPERATIONS),https://paladindanse111.github.io/AFSC-PDFs/AFSC_files/14F.html,https://paladindanse111.github.io/AFSC-PDFs/BASE_files/BASE_BEALE_AFB.html,,Active Duty,Yes,USAF,
CANNON AFB,"34°23'20""N","103°19'05""W",13S FU 54620 06558,14F,14F (INFORMATION OPERATIONS),https://paladindanse111.github.io/AFSC-PDFs/AFSC_files/14F.html,https://paladindanse111.github.io/AFSC-PDFs/BASE_files/BASE_CANNON_AFB.html,,Active Duty,Yes,USAF,
CREECH AFB,"36°34'41""N","115°39'29""W",11S PA 20060 48904,14F,14F (INFORMATION OPERATIONS),https://paladindanse111.github.io/AFSC-PDFs/AFSC_files/14F.html,https://paladindanse111.github.io/AFSC-PDFs/BASE_files/BASE_CREECH_AFB.html,,Active Duty,Yes,USAF,
DAHLGREN NYI,"38°19'0.00""N","77°1'60.00""W",,14F,14F (INFORMATION OPERATIONS),https://paladindanse111.github.io/AFSC-PDFs/AFSC_files/14F.html,,,Active Duty,No,USAF,
DAVIS-MONTHAN AFB,"32°10'14""N","110°52'39""W",12S WA 11549 59347,14F,14F (INFORMATION OPERATIONS),https://paladindanse111.github.io/AFSC-PDFs/AFSC_files/14F.html,https://paladindanse111.github.io/AFSC-PDFs/BASE_files/BASE_DAVIS-MONTHAN_AFB.html,,Active Duty,Yes,USAF,
DUKE FIELD,"30°38'39.32""N","86°31'42.41""W",16R EU 45183 90272,14F,14F (INFORMATION OPERATIONS),https://paladindanse111.github.io/AFSC-PDFs/AFSC_files/14F.html,https://paladindanse111.github.io/AFSC-PDFs/WING_files/WING_DUKE_FIELD.html,,Active Duty,Yes,USAF,
ELLSWORTH AFB,"44°08'54""N","103°05'15""W",13T FJ 52951 90126,14F,14F (INFORMATION OPERATIONS),https://paladindanse111.github.io/AFSC-PDFs/AFSC_files/14F.html,https://paladindanse111.github.io/AFSC-PDFs/BASE_files/BASE_ELLSWORTH_AFB.html,,Active Duty,Yes,USAF,
FT GEORGE G MEADE,"39°06'14""N","76°44'42""W",18S UJ 49113 29754,14F,14F (INFORMATION OPERATIONS),https://paladindanse111.github.io/AFSC-PDFs/AFSC_files/14F.html,https://paladindanse111.github.io/AFSC-PDFs/BASE_files/BASE_FT_GEORGE_G_MEADE.html,,Active Duty,Yes,USAF,
HURLBURT FIELD,"30°25'23""N","86°41'41""W",16R EU 29317 65704,14F,14F (INFORMATION OPERATIONS),https://paladindanse111.github.io/AFSC-PDFs/AFSC_files/14F.html,https://paladindanse111.github.io/AFSC-PDFs/BASE_files/BASE_HURLBURT_FIELD.html,,Active Duty,Yes,USAF,
JB ELMENDORF-RICHARDSON,"61°15'44""N","149°41'53""W",6V UN 55306 94983,14F,14F (INFORMATION OPERATIONS),https://paladindanse111.github.io/AFSC-PDFs/AFSC_files/14F.html,https://paladindanse111.github.io/AFSC-PDFs/BASE_files/BASE_JB_ELMENDORF-RICHARDSON.html,,Active Duty,Yes,USAF,
JB LANGLEY-EUSTIS,"37°05'00""N","76°21'33""W",18S UG 79195 04980,14F,14F (INFORMATION OPERATIONS),https://paladindanse111.github.io/AFSC-PDFs/AFSC_files/14F.html,https://paladindanse111.github.io/AFSC-PDFs/BASE_files/BASE_JB_LANGLEY-EUSTIS.html,,Active Duty,Yes,USAF,
JB PEARL HARBOR-HICKAM,"21°20'15""N","157°57'43""W",4Q FJ 07643 59855,14F,14F (INFORMATION OPERATIONS),https://paladindanse111.github.io/AFSC-PDFs/AFSC_files/14F.html,https://paladindanse111.github.io/AFSC-PDFs/BASE_files/BASE_JB_PEARL_HARBOR-HICKAM.html,,Active Duty,Yes,USAF,
JBSA LACKLAND,"29°23'14""N","98°37'16""W",14R NT 36765 50947,14F,14F (INFORMATION OPERATIONS),https://paladindanse111.github.io/AFSC-PDFs/AFSC_files/14F.html,https://paladindanse111.github.io/AFSC-PDFs/BASE_files/BASE_JBSA_LACKLAND.html,,Active Duty,Yes,USAF,
KADENA AB,"26°21'30""N","127°46'20""E",52R CQ 77496 15950,14F,14F (INFORMATION OPERATIONS),https://paladindanse111.github.io/AFSC-PDFs/AFSC_files/14F.html,https://paladindanse111.github.io/AFSC-PDFs/BASE_files/BASE_KADENA_AB.html,,Active Duty,Yes,USAF,
LITTLE ROCK AFB,"34°53'47""N","92°08'38""W",15S WU 78220 61887,14F,14F (INFORMATION OPERATIONS),https://paladindanse111.github.io/AFSC-PDFs/AFSC_files/14F.html,https://paladindanse111.github.io/AFSC-PDFs/BASE_files/BASE_LITTLE_ROCK_AFB.html,,Active Duty,Yes,USAF,
MACDILL AFB,"27°51'28""N","82°29'19""W",17R LL 53434 82337,14F,14F (INFORMATION OPERATIONS),https://paladindanse111.github.io/AFSC-PDFs/AFSC_files/14F.html,https://paladindanse111.github.io/AFSC-PDFs/BASE_files/BASE_MACDILL_AFB.html,,Active Duty,Yes,USAF,
MILDENHALL RAF,"52°21'45""N","0°30'14""E",31U CU 30041 04290,14F,14F (INFORMATION OPERATIONS),https://paladindanse111.github.io/AFSC-PDFs/AFSC_files/14F.html,https://paladindanse111.github.io/AFSC-PDFs/BASE_files/BASE_MILDENHALL_RAF.html,,Active Duty,Yes,USAF,
MOODY AFB,"30°58'12""N","83°11'47""W",17R KQ 90229 28346,14F,14F (INFORMATION OPERATIONS),https://paladindanse111.github.io/AFSC-PDFs/AFSC_files/14F.html,https://paladindanse111.github.io/AFSC-PDFs/BASE_files/BASE_MOODY_AFB.html,,Active Duty,Yes,USAF,
NELLIS AFB,"36°14'25""N","115°03'14""W",11S PA 74874 12355,14F,14F (INFORMATION OPERATIONS),https://paladindanse111.github.io/AFSC-PDFs/AFSC_files/14F.html,https://paladindanse111.github.io/AFSC-PDFs/BASE_files/BASE_NELLIS_AFB.html,,Active Duty,Yes,USAF,
OFFUTT AFB,"41°07'25""N","95°54'52""W",15T TF 55334 56573,14F,14F (INFORMATION OPERATIONS),https://paladindanse111.github.io/AFSC-PDFs/AFSC_files/14F.html,https://paladindanse111.github.io/AFSC-PDFs/BASE_files/BASE_OFFUTT_AFB.html,,Active Duty,Yes,USAF,
OSAN AB,"37°05'19""N","127°01'50""E",52S CG 24960 06516,14F,14F (INFORMATION OPERATIONS),https://paladindanse111.github.io/AFSC-PDFs/AFSC_files/14F.html,https://paladindanse111.github.io/AFSC-PDFs/BASE_files/BASE_OSAN_AB.html,,Active Duty,Yes,USAF,
PENTAGON,"38°52'15""N","77°03'21""W",18S UJ 21650 04451,14F,14F (INFORMATION OPERATIONS),https://paladindanse111.github.io/AFSC-PDFs/AFSC_files/14F.html,https://paladindanse111.github.io/AFSC-PDFs/BASE_files/BASE_PENTAGON.html,,Active Duty,Yes,USAF,
RAMSTEIN AB,"49°26'23""N","7°35'47""E",32U LV 98244 77286,14F,14F (INFORMATION OPERATIONS),https://paladindanse111.github.io/AFSC-PDFs/AFSC_files/14F.html,https://paladindanse111.github.io/AFSC-PDFs/BASE_files/BASE_RAMSTEIN_AB.html.html,,Active Duty,Yes,USAF,
ROBINS AFB,"32°38'23""N","83°35'30""W",17S KS 56883 14314,14F,14F (INFORMATION OPERATIONS),https://paladindanse111.github.io/AFSC-PDFs/AFSC_files/14F.html,https://paladindanse111.github.io/AFSC-PDFs/BASE_files/BASE_ROBINS_AFB.html,,Active Duty,Yes,USAF,
SCOTT AFB,"38°32'29""N","89°51'18""W",16S BH 51169 69750,14F,14F (INFORMATION OPERATIONS),https://paladindanse111.github.io/AFSC-PDFs/AFSC_files/14F.html,https://paladindanse111.github.io/AFSC-PDFs/BASE_files/BASE_SCOTT_AFB.html,,Active Duty,Yes,USAF,
STUTTGART VAIHING (GERMANY),"48°43'60.00""N","9°5'60.00""E",,14F,14F (INFORMATION OPERATIONS),https://paladindanse111.github.io/AFSC-PDFs/AFSC_files/14F.html,https://paladindanse111.github.io/AFSC-PDFs/BASE_files/BASE_STUTTGART_VAIHINGEN.html,,Active Duty,No,USAF,Note: Army base websites may be blocked on MissionNet.
WRIGHT-PATTERSON AFB,"39°48'37""N","84°01'55""W",16S GK 54072 10915,14F,14F (INFORMATION OPERATIONS),https://paladindanse111.github.io/AFSC-PDFs/AFSC_files/14F.html,https://paladindanse111.github.io/AFSC-PDFs/BASE_files/BASE_WRIGHT-PATTERSON_AFB.html,,Active Duty,Yes,USAF,
ALBACETE (SPAIN),"38°57'0.00""N","1°52'0.00""W",,14N,14N (INTELLIGENCE),https://paladindanse111.github.io/AFSC-PDFs/AFSC_files/14N.html,,,Active Duty,No,USAF,
ALTUS AFB,"34°39'18""N","99°17'04""W",14S MD 73935 34821,14N,14N (INTELLIGENCE),https://paladindanse111.github.io/AFSC-PDFs/AFSC_files/14N.html,https://paladindanse111.github.io/AFSC-PDFs/BASE_files/BASE_ALTUS_AFB.html,,Active Duty,Yes,USAF,
ANDERSEN AFB,"13°33'46""N","144°55'25""E",55P BR 75307 00327,14N,14N (INTELLIGENCE),https://paladindanse111.github.io/AFSC-PDFs/AFSC_files/14N.html,https://paladindanse111.github.io/AFSC-PDFs/BASE_files/BASE_ANDERSEN_AFB.html,,Active Duty,Yes,USAF,
ANDREWS JB,"38°47'46""N","76°53'00""W",18S UH 36445 95835,14N,14N (INTELLIGENCE),https://paladindanse111.github.io/AFSC-PDFs/AFSC_files/14N.html,https://paladindanse111.github.io/AFSC-PDFs/BASE_files/BASE_ANDREWS_JB.html,,Active Duty,Yes,USAF,
AVIANO AB,"46°01'49""N","12°36'41""E",33T UM 15147 00185,14N,14N (INTELLIGENCE),https://paladindanse111.github.io/AFSC-PDFs/AFSC_files/14N.html,https://paladindanse111.github.io/AFSC-PDFs/BASE_files/BASE_AVIANO_AB.html,,Active Duty,Yes,USAF,
BARKSDALE AFB,"32°29'45""N","93°40'21""W",15S VR 36822 95596,14N,14N (INTELLIGENCE),https://paladindanse111.github.io/AFSC-PDFs/AFSC_files/14N.html,https://paladindanse111.github.io/AFSC-PDFs/BASE_files/BASE_BARKSDALE_AFB.html,,Active Duty,Yes,USAF,
BEALE AFB,"39°06'41""N","121°21'35""W",10S FJ 41815 30418,14N,14N (INTELLIGENCE),https://paladindanse111.github.io/AFSC-PDFs/AFSC_files/14N.html,https://paladindanse111.github.io/AFSC-PDFs/BASE_files/BASE_BEALE_AFB.html,,Active Duty,Yes,USAF,
BOGOTA (COLOMBIA),"4°34'0.00""N","74°4'60.00""W",,14N,14N (INTELLIGENCE),https://paladindanse111.github.io/AFSC-PDFs/AFSC_files/14N.html,,,Active Duty,No,USAF,
BUCKLEY SFB,"39°42'09""N","104°45'29""W",13S ED 20741 94766,14N,14N (INTELLIGENCE),https://paladindanse111.github.io/AFSC-PDFs/AFSC_files/14N.html,https://paladindanse111.github.io/AFSC-PDFs/BASE_files/BASE_BUCKLEY_SFB.html,,Active Duty,Yes,USAF,
CAMP HUMPHREYS,"36°55'0.00""N","127°2'60.00""E",,14N,14N (INTELLIGENCE),https://paladindanse111.github.io/AFSC-PDFs/AFSC_files/14N.html,https://paladindanse111.github.io/AFSC-PDFs/BASE_files/BASE_CAMP_HUMPHREYS.html,,Active Duty,No,USAF,Note: Army base websites may be blocked on MissionNet.
CANNON AFB,"34°23'20""N","103°19'05""W",13S FU 54620 06558,14N,14N (INTELLIGENCE),https://paladindanse111.github.io/AFSC-PDFs/AFSC_files/14N.html,https://paladindanse111.github.io/AFSC-PDFs/BASE_files/BASE_CANNON_AFB.html,,Active Duty,Yes,USAF,
CP SMITH MGI,"21°22'0.00""N","157°55'0.00""W",,14N,14N (INTELLIGENCE),https://paladindanse111.github.io/AFSC-PDFs/AFSC_files/14N.html,,,Active Duty,No,USAF,
CREECH AFB,"36°34'41""N","115°39'29""W",11S PA 20060 48904,14N,14N (INTELLIGENCE),https://paladindanse111.github.io/AFSC-PDFs/AFSC_files/14N.html,https://paladindanse111.github.io/AFSC-PDFs/BASE_files/BASE_CREECH_AFB.html,,Active Duty,Yes,USAF,
DAHLGREN NYI,"38°19'0.00""N","77°1'60.00""W",,14N,14N (INTELLIGENCE),https://paladindanse111.github.io/AFSC-PDFs/AFSC_files/14N.html,,,Active Duty,No,USAF,
DAVIS-MONTHAN AFB,"32°10'14""N","110°52'39""W",12S WA 11549 59347,14N,14N (INTELLIGENCE),https://paladindanse111.github.io/AFSC-PDFs/AFSC_files/14N.html,https://paladindanse111.github.io/AFSC-PDFs/BASE_files/BASE_DAVIS-MONTHAN_AFB.html,,Active Duty,Yes,USAF,
DIGBY (UNITED KINGDOM),"53°4'60.00""N","0°22'0.00""E",,14N,14N (INTELLIGENCE),https://paladindanse111.github.io/AFSC-PDFs/AFSC_files/14N.html,,,Active Duty,No,USAF,
DOVER AFB,"39°07'39""N","75°28'06""W",18S VJ 59518 31029,14N,14N (INTELLIGENCE),https://paladindanse111.github.io/AFSC-PDFs/AFSC_files/14N.html,https://paladindanse111.github.io/AFSC-PDFs/BASE_files/BASE_DOVER_AFB.html,,Active Duty,Yes,USAF,
DUKE FIELD,"30°38'39.32""N","86°31'42.41""W",16R EU 45183 90272,14N,14N (INTELLIGENCE),https://paladindanse111.github.io/AFSC-PDFs/AFSC_files/14N.html,https://paladindanse111.github.io/AFSC-PDFs/WING_files/WING_DUKE_FIELD.html,,Active Duty,Yes,USAF,
DYESS AFB,"32°25'17""N","99°50'31""W",14S MA 20838 87456,14N,14N (INTELLIGENCE),https://paladindanse111.github.io/AFSC-PDFs/AFSC_files/14N.html,https://paladindanse111.github.io/AFSC-PDFs/BASE_files/BASE_DYESS_AFB.html,,Active Duty,Yes,USAF,
EDWARDS AFB,"34°55'25""N","117°53'29""W",11S MU 18582 64934,14N,14N (INTELLIGENCE),https://paladindanse111.github.io/AFSC-PDFs/AFSC_files/14N.html,https://paladindanse111.github.io/AFSC-PDFs/BASE_files/BASE_EDWARDS_AFB.html,,Active Duty,Yes,USAF,
EGLIN AFB,"30°27'49""N","86°33'11""W",16R EU 42905 70243,14N,14N (INTELLIGENCE),https://paladindanse111.github.io/AFSC-PDFs/AFSC_files/14N.html,https://paladindanse111.github.io/AFSC-PDFs/BASE_files/BASE_EGLIN_AFB.html,,Active Duty,Yes,USAF,
EIELSON AFB,"64°39'52""N","147°05'45""W",6W VS 95424 71061,14N,14N (INTELLIGENCE),https://paladindanse111.github.io/AFSC-PDFs/AFSC_files/14N.html,https://paladindanse111.github.io/AFSC-PDFs/BASE_files/BASE_EIELSON_AFB.html,,Active Duty,Yes,USAF,
EINSIEDLERHOF STG,"49°25'60.00""N","7°40'0.00""E",,14N,14N (INTELLIGENCE),https://paladindanse111.github.io/AFSC-PDFs/AFSC_files/14N.html,,,Active Duty,No,USAF,
ELLSWORTH AFB,"44°08'54""N","103°05'15""W",13T FJ 52951 90126,14N,14N (INTELLIGENCE),https://paladindanse111.github.io/AFSC-PDFs/AFSC_files/14N.html,https://paladindanse111.github.io/AFSC-PDFs/BASE_files/BASE_ELLSWORTH_AFB.html,,Active Duty,Yes,USAF,
FAIRCHILD AFB,"47°38'28""N","117°38'41""W",11T MN 51574 76613,14N,14N (INTELLIGENCE),https://paladindanse111.github.io/AFSC-PDFs/AFSC_files/14N.html,https://paladindanse111.github.io/AFSC-PDFs/BASE_files/BASE_FAIRCHILD_AFB.html,,Active Duty,Yes,USAF,
FE WARREN AFB,"41°08'32""N","104°52'41""W",13T EF 10233 54552,14N,14N (INTELLIGENCE),https://paladindanse111.github.io/AFSC-PDFs/AFSC_files/14N.html,https://paladindanse111.github.io/AFSC-PDFs/BASE_files/BASE_FE_WARREN_AFB.html,,Active Duty,Yes,USAF,
FELTWELL STG,"52°26'12.00""N","0°30'50.00""E",,14N,14N (INTELLIGENCE),https://paladindanse111.github.io/AFSC-PDFs/AFSC_files/14N.html,,,Active Duty,No,USAF,
FT BELVOIR,"38°43'05""N","77°09'16""W",18S UH 12695 87692,14N,14N (INTELLIGENCE),https://paladindanse111.github.io/AFSC-PDFs/AFSC_files/14N.html,https://paladindanse111.github.io/AFSC-PDFs/BASE_files/BASE_FT_BELVOIR.html,,Active Duty,Yes,USAF,
FT BENNING AIN,"32°22'60.00""N","84°52'60.00""W",,14N,14N (INTELLIGENCE),https://paladindanse111.github.io/AFSC-PDFs/AFSC_files/14N.html,https://paladindanse111.github.io/AFSC-PDFs/BASE_files/BASE_FT_BENNING_AIN.html,,Active Duty,No,USAF,Note: Army base websites may be blocked on MissionNet.
FT BLISS AIN,"31°48'0.00""N","106°25'0.00""W",,14N,14N (INTELLIGENCE),https://paladindanse111.github.io/AFSC-PDFs/AFSC_files/14N.html,https://paladindanse111.github.io/AFSC-PDFs/BASE_files/BASE_FT_BLISS_AIN.html,,Active Duty,No,USAF,Note: Army base websites may be blocked on MissionNet.
FT CAMPBELL,"36°39'46""N","87°28'37""W",16S DF 57376 57570,14N,14N (INTELLIGENCE),https://paladindanse111.github.io/AFSC-PDFs/AFSC_files/14N.html,https://paladindanse111.github.io/AFSC-PDFs/BASE_files/BASE_FT_CAMPBELL.html,,Active Duty,Yes,USAF,Note: Army base websites may be blocked on MissionNet.
FT CARSON,"38°44'14""N","104°47'19""W",13S EC 18372 87637,14N,14N (INTELLIGENCE),https://paladindanse111.github.io/AFSC-PDFs/AFSC_files/14N.html,https://paladindanse111.github.io/AFSC-PDFs/BASE_files/BASE_FT_CARSON.html,,Active Duty,Yes,USAF,Note: Army base websites may be blocked on MissionNet.
FT CAVAZOS,"31°08'22""N","97°45'56""W",14R PV 17679 45711,14N,14N (INTELLIGENCE),https://paladindanse111.github.io/AFSC-PDFs/AFSC_files/14N.html,https://paladindanse111.github.io/AFSC-PDFs/BASE_files/BASE_FT_CAVAZOS.html,,Active Duty,Yes,USAF,Note: Army base websites may be blocked on MissionNet.
FT DRUM AIN,"44°2'60.00""N","75°43'60.00""W",,14N,14N (INTELLIGENCE),https://paladindanse111.github.io/AFSC-PDFs/AFSC_files/14N.html,https://paladindanse111.github.io/AFSC-PDFs/BASE_files/BASE_FT_DRUM_AIN.html,,Active Duty,No,USAF,Note: Army base websites may be blocked on MissionNet.
FT GEORGE G MEADE,"39°06'14""N","76°44'42""W",18S UJ 49113 29754,14N,14N (INTELLIGENCE),https://paladindanse111.github.io/AFSC-PDFs/AFSC_files/14N.html,https://paladindanse111.github.io/AFSC-PDFs/BASE_files/BASE_FT_GEORGE_G_MEADE.html,,Active Duty,Yes,USAF,
FT GORDON,"33°24'57""N","82°08'16""W",17S LS 94212 97966,14N,14N (INTELLIGENCE),https://paladindanse111.github.io/AFSC-PDFs/AFSC_files/14N.html,https://paladindanse111.github.io/AFSC-PDFs/BASE_files/BASE_FT_GORDON.html,,Active Duty,Yes,USAF,Note: Army base websites may be blocked on MissionNet.
FT IRWIN AIN,"35°22'60.00""N","116°34'60.00""W",,14N,14N (INTELLIGENCE),https://paladindanse111.github.io/AFSC-PDFs/AFSC_files/14N.html,https://paladindanse111.github.io/AFSC-PDFs/BASE_files/BASE_GEILENKIRCHEN_AB.html,,Active Duty,No,USAF,Note: Army base websites may be blocked on MissionNet.
FT KNOX AIN,"37°53'60.00""N","85°58'60.00""W",,14N,14N (INTELLIGENCE),https://paladindanse111.github.io/AFSC-PDFs/AFSC_files/14N.html,https://paladindanse111.github.io/AFSC-PDFs/BASE_files/BASE_FT_KNOX_AIN.html,,Active Duty,No,USAF,Note: Army base websites may be blocked on MissionNet.
FT LEAVENWORTH AIN,"39°21'0.00""N","94°55'0.00""W",,14N,14N (INTELLIGENCE),https://paladindanse111.github.io/AFSC-PDFs/AFSC_files/14N.html,https://paladindanse111.github.io/AFSC-PDFs/BASE_files/BASE_FT_LEAVENWORTH_AIN.html,,Active Duty,No,USAF,Note: Army base websites may be blocked on MissionNet.
FT LIBERTY (FT BRAGG),"35°7'60.00""N","78°58'60.00""W",,14N,14N (INTELLIGENCE),https://paladindanse111.github.io/AFSC-PDFs/AFSC_files/14N.html,https://paladindanse111.github.io/AFSC-PDFs/BASE_files/BASE_FT_LIBERTY.html,,Active Duty,No,USAF,Note: Army base websites may be blocked on MissionNet.
FT RILEY AIN,"39°10'0.00""N","96°49'0.00""W",,14N,14N (INTELLIGENCE),https://paladindanse111.github.io/AFSC-PDFs/AFSC_files/14N.html,https://paladindanse111.github.io/AFSC-PDFs/BASE_files/BASE_FT_RILEY_AIN.html,,Active Duty,No,USAF,Note: Army base websites may be blocked on MissionNet.
FT STEWART,"31°52'05""N","81°36'32""W",17R MR 42404 25972,14N,14N (INTELLIGENCE),https://paladindanse111.github.io/AFSC-PDFs/AFSC_files/14N.html,https://paladindanse111.github.io/AFSC-PDFs/BASE_files/BASE_FT_STEWART.html,,Active Duty,Yes,USAF,
GEILENKIRCHEN AB,"50°57'39.00""N","6°2'30.00""E",,14N,14N (INTELLIGENCE),https://paladindanse111.github.io/AFSC-PDFs/AFSC_files/14N.html,https://paladindanse111.github.io/AFSC-PDFs/BASE_files/BASE_GEILENKIRCHEN_AB.html,,Active Duty,No,USAF,
GOODFELLOW AFB,"31°26'09""N","100°24'03""W",14R LV 66873 78753,14N,14N (INTELLIGENCE),https://paladindanse111.github.io/AFSC-PDFs/AFSC_files/14N.html,https://paladindanse111.github.io/AFSC-PDFs/BASE_files/BASE_GOODFELLOW_AFB.html,,Active Duty,Yes,USAF,
GRAND FORKS AFB,"47°57'07""N","97°22'57""W",14T PU 20768 12225,14N,14N (INTELLIGENCE),https://paladindanse111.github.io/AFSC-PDFs/AFSC_files/14N.html,https://paladindanse111.github.io/AFSC-PDFs/BASE_files/BASE_GRAND_FORKS_AFB.html,,Active Duty,Yes,USAF,
HANSCOM AFB,"42°27'23""N","71°16'35""W",19T CH 12823 02961,14N,14N (INTELLIGENCE),https://paladindanse111.github.io/AFSC-PDFs/AFSC_files/14N.html,https://paladindanse111.github.io/AFSC-PDFs/BASE_files/BASE_HANSCOM_AFB.html,,Active Duty,Yes,USAF,
HILL AFB,"41°06'36""N","111°58'56""W",12T VL 17530 51433,14N,14N (INTELLIGENCE),https://paladindanse111.github.io/AFSC-PDFs/AFSC_files/14N.html,https://paladindanse111.github.io/AFSC-PDFs/BASE_files/BASE_HILL_AFB.html,,Active Duty,Yes,USAF,
HOLLOMAN AFB,"32°50'33""N","106°05'55""W",13S CS 97187 34361,14N,14N (INTELLIGENCE),https://paladindanse111.github.io/AFSC-PDFs/AFSC_files/14N.html,https://paladindanse111.github.io/AFSC-PDFs/BASE_files/BASE_HOLLOMAN_AFB.html,,Active Duty,Yes,USAF,
HURLBURT FIELD,"30°25'23""N","86°41'41""W",16R EU 29317 65704,14N,14N (INTELLIGENCE),https://paladindanse111.github.io/AFSC-PDFs/AFSC_files/14N.html,https://paladindanse111.github.io/AFSC-PDFs/BASE_files/BASE_HURLBURT_FIELD.html,,Active Duty,Yes,USAF,
INCIRLIK AB,"37°00'12""N","35°26'02""E",36S YF 16566 98011,14N,14N (INTELLIGENCE),https://paladindanse111.github.io/AFSC-PDFs/AFSC_files/14N.html,https://paladindanse111.github.io/AFSC-PDFs/BASE_files/BASE_INCIRLIK_AB.html,,Active Duty,Yes,USAF,
JB ANACOSTIA-BOLLING,"38°50'29""N","77°01'05""W",18S UJ 24855 01110,14N,14N (INTELLIGENCE),https://paladindanse111.github.io/AFSC-PDFs/AFSC_files/14N.html,https://paladindanse111.github.io/AFSC-PDFs/BASE_files/BASE_JB_ANACOSTIA-BOLLING.html,,Active Duty,Yes,USAF,
JB CHARLESTON,"32°53'29""N","80°04'03""W",17S NS 87218 39631,14N,14N (INTELLIGENCE),https://paladindanse111.github.io/AFSC-PDFs/AFSC_files/14N.html,https://paladindanse111.github.io/AFSC-PDFs/BASE_files/BASE_JB_CHARLESTON.html,,Active Duty,Yes,USAF,
JB ELMENDORF-RICHARDSON,"61°15'44""N","149°41'53""W",6V UN 55306 94983,14N,14N (INTELLIGENCE),https://paladindanse111.github.io/AFSC-PDFs/AFSC_files/14N.html,https://paladindanse111.github.io/AFSC-PDFs/BASE_files/BASE_JB_ELMENDORF-RICHARDSON.html,,Active Duty,Yes,USAF,
JB LANGLEY-EUSTIS,"37°05'00""N","76°21'33""W",18S UG 79195 04980,14N,14N (INTELLIGENCE),https://paladindanse111.github.io/AFSC-PDFs/AFSC_files/14N.html,https://paladindanse111.github.io/AFSC-PDFs/BASE_files/BASE_JB_LANGLEY-EUSTIS.html,,Active Duty,Yes,USAF,
JB LEWIS-MCCHORD,"47°05'30""N","122°36'53""W",10T ET 29240 15422,14N,14N (INTELLIGENCE),https://paladindanse111.github.io/AFSC-PDFs/AFSC_files/14N.html,https://paladindanse111.github.io/AFSC-PDFs/BASE_files/BASE_JB_LEWIS-MCCHORD.html,,Active Duty,Yes,USAF,
JB MCGUIRE-DIX-LAKEHURST,"40°02'15""N","74°35'18""W",18T WK 35120 32000,14N,14N (INTELLIGENCE),https://paladindanse111.github.io/AFSC-PDFs/AFSC_files/14N.html,https://paladindanse111.github.io/AFSC-PDFs/BASE_files/BASE_JB_MCGUIRE-DIX-LAKEHURST.html,,Active Duty,Yes,USAF,
JB PEARL HARBOR-HICKAM,"21°20'15""N","157°57'43""W",4Q FJ 07643 59855,14N,14N (INTELLIGENCE),https://paladindanse111.github.io/AFSC-PDFs/AFSC_files/14N.html,https://paladindanse111.github.io/AFSC-PDFs/BASE_files/BASE_JB_PEARL_HARBOR-HICKAM.html,,Active Duty,Yes,USAF,
JBSA LACKLAND,"29°23'14""N","98°37'16""W",14R NT 36765 50947,14N,14N (INTELLIGENCE),https://paladindanse111.github.io/AFSC-PDFs/AFSC_files/14N.html,https://paladindanse111.github.io/AFSC-PDFs/BASE_files/BASE_JBSA_LACKLAND.html,,Active Duty,Yes,USAF,
JBSA RANDOLPH,"29°31'57""N","98°16'45""W",14R NT 69847 67200,14N,14N (INTELLIGENCE),https://paladindanse111.github.io/AFSC-PDFs/AFSC_files/14N.html,https://paladindanse111.github.io/AFSC-PDFs/BASE_files/BASE_JBSA_RANDOLPH.html,,Active Duty,Yes,USAF,
KADENA AB,"26°21'30""N","127°46'20""E",52R CQ 77496 15950,14N,14N (INTELLIGENCE),https://paladindanse111.github.io/AFSC-PDFs/AFSC_files/14N.html,https://paladindanse111.github.io/AFSC-PDFs/BASE_files/BASE_KADENA_AB.html,,Active Duty,Yes,USAF,
KEY WEST NAS,"24°34'33.00""N","81°41'20.00""W",,14N,14N (INTELLIGENCE),https://paladindanse111.github.io/AFSC-PDFs/AFSC_files/14N.html,,,Active Duty,No,USAF,
KIRTLAND AFB,"35°00'39""N","106°30'44""W",13S CU 62019 75289,14N,14N (INTELLIGENCE),https://paladindanse111.github.io/AFSC-PDFs/AFSC_files/14N.html,https://paladindanse111.github.io/AFSC-PDFs/BASE_files/BASE_KIRTLAND_AFB.html,,Active Duty,Yes,USAF,
KUNSAN AB,"35°55'09""N","126°37'54""E",52S BE 86310 77574,14N,14N (INTELLIGENCE),https://paladindanse111.github.io/AFSC-PDFs/AFSC_files/14N.html,https://paladindanse111.github.io/AFSC-PDFs/BASE_files/BASE_KUNSAN_AB.html,,Active Duty,Yes,USAF,
LAKENHEATH RAF,"52°23'23""N","0°32'14""E",31U CU 32414 07239,14N,14N (INTELLIGENCE),https://paladindanse111.github.io/AFSC-PDFs/AFSC_files/14N.html,https://paladindanse111.github.io/AFSC-PDFs/BASE_files/BASE_LAKENHEATH_RAF.html,,Active Duty,Yes,USAF,
LITTLE ROCK AFB,"34°53'47""N","92°08'38""W",15S WU 78220 61887,14N,14N (INTELLIGENCE),https://paladindanse111.github.io/AFSC-PDFs/AFSC_files/14N.html,https://paladindanse111.github.io/AFSC-PDFs/BASE_files/BASE_LITTLE_ROCK_AFB.html,,Active Duty,Yes,USAF,
LOS ANGELES SFB,"34°0'0.00""N","118°15'0.00""W",,14N,14N (INTELLIGENCE),https://paladindanse111.github.io/AFSC-PDFs/AFSC_files/14N.html,https://paladindanse111.github.io/AFSC-PDFs/BASE_files/BASE_LOS_ANGELES_SFB.html,,Active Duty,No,USAF,
LUKE AFB,"33°32'22""N","112°22'32""W",12S UC 72284 11939,14N,14N (INTELLIGENCE),https://paladindanse111.github.io/AFSC-PDFs/AFSC_files/14N.html,https://paladindanse111.github.io/AFSC-PDFs/BASE_files/BASE_LUKE_AFB.html,,Active Duty,Yes,USAF,
MACDILL AFB,"27°51'28""N","82°29'19""W",17R LL 53434 82337,14N,14N (INTELLIGENCE),https://paladindanse111.github.io/AFSC-PDFs/AFSC_files/14N.html,https://paladindanse111.github.io/AFSC-PDFs/BASE_files/BASE_MACDILL_AFB.html,,Active Duty,Yes,USAF,
MAINZ KASTEL AIN,"50°1'60.00""N","8°34'0.00""E",,14N,14N (INTELLIGENCE),https://paladindanse111.github.io/AFSC-PDFs/AFSC_files/14N.html,,,Active Duty,No,USAF,
MALMSTROM AFB,"47°30'17""N","111°10'56""W",12T VT 86277 61270,14N,14N (INTELLIGENCE),https://paladindanse111.github.io/AFSC-PDFs/AFSC_files/14N.html,https://paladindanse111.github.io/AFSC-PDFs/BASE_files/BASE_MALMSTROM_AFB.html,,Active Duty,Yes,USAF,
MARCH ARB,"33°53'26.85""N","117°15'42.24""W",11S MT 75798 50078,14N,14N (INTELLIGENCE),https://paladindanse111.github.io/AFSC-PDFs/AFSC_files/14N.html,https://paladindanse111.github.io/AFSC-PDFs/WING_files/WING_MARCH_ARB.html,,Active Duty,Yes,USAF,
MAXWELL-GUNTER AFB,"32°22'43""N","86°21'44""W",16S EA 59993 82581,14N,14N (INTELLIGENCE),https://paladindanse111.github.io/AFSC-PDFs/AFSC_files/14N.html,https://paladindanse111.github.io/AFSC-PDFs/BASE_files/BASE_MAXWELL-GUNTER_AFB.html,,Active Duty,Yes,USAF,
MCCONNELL AFB,"37°37'51""N","97°15'06""W",14S PG 54271 66293,14N,14N (INTELLIGENCE),https://paladindanse111.github.io/AFSC-PDFs/AFSC_files/14N.html,https://paladindanse111.github.io/AFSC-PDFs/BASE_files/BASE_MCCONNELL_AFB.html,,Active Duty,Yes,USAF,
MILDENHALL RAF,"52°21'45""N","0°30'14""E",31U CU 30041 04290,14N,14N (INTELLIGENCE),https://paladindanse111.github.io/AFSC-PDFs/AFSC_files/14N.html,https://paladindanse111.github.io/AFSC-PDFs/BASE_files/BASE_MILDENHALL_RAF.html,,Active Duty,Yes,USAF,
MINOT AFB,"48°25'13""N","101°19'36""W",14U LU 27861 65629,14N,14N (INTELLIGENCE),https://paladindanse111.github.io/AFSC-PDFs/AFSC_files/14N.html,https://paladindanse111.github.io/AFSC-PDFs/BASE_files/BASE_MINOT_AFB.html,,Active Duty,Yes,USAF,
MISAWA AB,"40°41'55""N","141°22'28""E",54T WL 31634 05368,14N,14N (INTELLIGENCE),https://paladindanse111.github.io/AFSC-PDFs/AFSC_files/14N.html,https://paladindanse111.github.io/AFSC-PDFs/BASE_files/BASE_MISAWA_AB.html,,Active Duty,Yes,USAF,
MOFFETT FEDERAL AIRFIELD,"37°24'58.00""N","122°2'57.00""W",,14N,14N (INTELLIGENCE),https://paladindanse111.github.io/AFSC-PDFs/AFSC_files/14N.html,,,Active Duty,No,USAF,
MOHRINGEN AIN,"48°43'60.00""N","9°7'60.00""E",,14N,14N (INTELLIGENCE),https://paladindanse111.github.io/AFSC-PDFs/AFSC_files/14N.html,,,Active Duty,No,USAF,
MOLESWORTH STG,"52°22'0.00""N","0°24'0.00""W",,14N,14N (INTELLIGENCE),https://paladindanse111.github.io/AFSC-PDFs/AFSC_files/14N.html,,,Active Duty,No,USAF,
MOODY AFB,"30°58'12""N","83°11'47""W",17R KQ 90229 28346,14N,14N (INTELLIGENCE),https://paladindanse111.github.io/AFSC-PDFs/AFSC_files/14N.html,https://paladindanse111.github.io/AFSC-PDFs/BASE_files/BASE_MOODY_AFB.html,,Active Duty,Yes,USAF,
MOUNTAIN HOME AFB,"43°03'59""N","115°51'18""W",11T NH 93226 68823,14N,14N (INTELLIGENCE),https://paladindanse111.github.io/AFSC-PDFs/AFSC_files/14N.html,https://paladindanse111.github.io/AFSC-PDFs/BASE_files/BASE_MOUNTAIN_HOME_AFB.html,,Active Duty,Yes,USAF,
NELLIS AFB,"36°14'25""N","115°03'14""W",11S PA 74874 12355,14N,14N (INTELLIGENCE),https://paladindanse111.github.io/AFSC-PDFs/AFSC_files/14N.html,https://paladindanse111.github.io/AFSC-PDFs/BASE_files/BASE_NELLIS_AFB.html,,Active Duty,Yes,USAF,
OFFUTT AFB,"41°07'25""N","95°54'52""W",15T TF 55334 56573,14N,14N (INTELLIGENCE),https://paladindanse111.github.io/AFSC-PDFs/AFSC_files/14N.html,https://paladindanse111.github.io/AFSC-PDFs/BASE_files/BASE_OFFUTT_AFB.html,,Active Duty,Yes,USAF,
OSAN AB,"37°05'19""N","127°01'50""E",52S CG 24960 06516,14N,14N (INTELLIGENCE),https://paladindanse111.github.io/AFSC-PDFs/AFSC_files/14N.html,https://paladindanse111.github.io/AFSC-PDFs/BASE_files/BASE_OSAN_AB.html,,Active Duty,Yes,USAF,
OTTAWA (CANADA),"45°27'0.00""N","75°42'0.00""W",,14N,14N (INTELLIGENCE),https://paladindanse111.github.io/AFSC-PDFs/AFSC_files/14N.html,,,Active Duty,No,USAF,
PATRICK SFB,"28°14'21""N","80°36'26""W",17R NM 38533 23759,14N,14N (INTELLIGENCE),https://paladindanse111.github.io/AFSC-PDFs/AFSC_files/14N.html,https://paladindanse111.github.io/AFSC-PDFs/BASE_files/BASE_PATRICK_SFB.html,,Active Duty,Yes,USAF,
PEARL HARBOR NAD PRT,"21°19'60.00""N","157°58'0.00""W",,14N,14N (INTELLIGENCE),https://paladindanse111.github.io/AFSC-PDFs/AFSC_files/14N.html,,,Active Duty,No,USAF,
PEASE AIR NATIONAL GUARD BASE,"43°4'41.00""N","70°49'24.00""W",,14N,14N (INTELLIGENCE),https://paladindanse111.github.io/AFSC-PDFs/AFSC_files/14N.html,,,Active Duty,No,USAF,
PENSACOLA NAS,"30° 21' 10""N","87° 16' 5""W",16R DU 74238 57907,14N,14N (INTELLIGENCE),https://paladindanse111.github.io/AFSC-PDFs/AFSC_files/14N.html,https://paladindanse111.github.io/AFSC-PDFs/BASE_files/BASE_PENSACOLA_NAS.html,,Active Duty,Yes,USAF,
PENTAGON,"38°52'15""N","77°03'21""W",18S UJ 21650 04451,14N,14N (INTELLIGENCE),https://paladindanse111.github.io/AFSC-PDFs/AFSC_files/14N.html,https://paladindanse111.github.io/AFSC-PDFs/BASE_files/BASE_PENTAGON.html,,Active Duty,Yes,USAF,
PETERSON SFB,"38°49'32""N","104°41'58""W",13S EC 26089 97461,14N,14N (INTELLIGENCE),https://paladindanse111.github.io/AFSC-PDFs/AFSC_files/14N.html,https://paladindanse111.github.io/AFSC-PDFs/BASE_files/BASE_PETERSON_SFB.html,,Active Duty,Yes,USAF,
POPE AAF,"35°10'16""N","79°01'02""W",17S PU 80566 93819,14N,14N (INTELLIGENCE),https://paladindanse111.github.io/AFSC-PDFs/AFSC_files/14N.html,https://paladindanse111.github.io/AFSC-PDFs/BASE_files/BASE_POPE_AAF.html,,Active Duty,Yes,USAF,
PRESIDIO OF MONT AIN,"36°36'4.00""N","121°54'6.00""W",,14N,14N (INTELLIGENCE),https://paladindanse111.github.io/AFSC-PDFs/AFSC_files/14N.html,,,Active Duty,No,USAF,
RAF FAIRFORD,"51°40'56.00""N","1°47'24.00""W",,14N,14N (INTELLIGENCE),https://paladindanse111.github.io/AFSC-PDFs/AFSC_files/14N.html,,,Active Duty,No,USAF,
RAMSTEIN AB,"49°26'23""N","7°35'47""E",32U LV 98244 77286,14N,14N (INTELLIGENCE),https://paladindanse111.github.io/AFSC-PDFs/AFSC_files/14N.html,https://paladindanse111.github.io/AFSC-PDFs/BASE_files/BASE_RAMSTEIN_AB.html.html,,Active Duty,Yes,USAF,
ROBINS AFB,"32°38'23""N","83°35'30""W",17S KS 56883 14314,14N,14N (INTELLIGENCE),https://paladindanse111.github.io/AFSC-PDFs/AFSC_files/14N.html,https://paladindanse111.github.io/AFSC-PDFs/BASE_files/BASE_ROBINS_AFB.html,,Active Duty,Yes,USAF,
ROME LAB MTC,"43° 13' 57""N","75° 25' 0""W",18T VN 66166 86718,14N,14N (INTELLIGENCE),https://paladindanse111.github.io/AFSC-PDFs/AFSC_files/14N.html,https://paladindanse111.github.io/AFSC-PDFs/BASE_files/BASE_ROME_LAB_MTC.html,,Active Duty,Yes,USAF,
ROSECRANS AIR NATIONAL GUARD BASE,"39°46'19.00""N","94°54'35.00""W",,14N,14N (INTELLIGENCE),https://paladindanse111.github.io/AFSC-PDFs/AFSC_files/14N.html,,,Active Duty,No,USAF,
SCHRIEVER SFB,"38°48'12""N","104°31'32""W",13S EC 41196 95059,14N,14N (INTELLIGENCE),https://paladindanse111.github.io/AFSC-PDFs/AFSC_files/14N.html,https://paladindanse111.github.io/AFSC-PDFs/BASE_files/BASE_SCHRIEVER_SFB.html,,Active Duty,Yes,USAF,
SCOTT AFB,"38°32'29""N","89°51'18""W",16S BH 51169 69750,14N,14N (INTELLIGENCE),https://paladindanse111.github.io/AFSC-PDFs/AFSC_files/14N.html,https://paladindanse111.github.io/AFSC-PDFs/BASE_files/BASE_SCOTT_AFB.html,,Active Duty,Yes,USAF,
"SEONGNAM (KOREA, REPUBLIC OF)","37°26'42.00""N","127°8'20.00""E",,14N,14N (INTELLIGENCE),https://paladindanse111.github.io/AFSC-PDFs/AFSC_files/14N.html,,,Active Duty,No,USAF,
SEYMOUR JOHNSON AFB,"35°20'24""N","77°57'41""W",18S TE 30850 14774,14N,14N (INTELLIGENCE),https://paladindanse111.github.io/AFSC-PDFs/AFSC_files/14N.html,https://paladindanse111.github.io/AFSC-PDFs/BASE_files/BASE_SEYMOUR_JOHNSON_AFB.html,,Active Duty,Yes,USAF,
SHAPE ADM,"50°30'0.00""N","3°58'60.00""E",,14N,14N (INTELLIGENCE),https://paladindanse111.github.io/AFSC-PDFs/AFSC_files/14N.html,,,Active Duty,No,USAF,
SHAW AFB,"33°58'02""N","80°29'05""W",17S NT 47603 58641,14N,14N (INTELLIGENCE),https://paladindanse111.github.io/AFSC-PDFs/AFSC_files/14N.html,https://paladindanse111.github.io/AFSC-PDFs/BASE_files/BASE_SHAW_AFB.html,,Active Duty,Yes,USAF,
SPANGDAHLEM AB,"49°59'38""N","6°41'55""E",32U LA 35052 40489,14N,14N (INTELLIGENCE),https://paladindanse111.github.io/AFSC-PDFs/AFSC_files/14N.html,https://paladindanse111.github.io/AFSC-PDFs/BASE_files/BASE_SPANGDAHLEM_AB.html,,Active Duty,Yes,USAF,
ST LOUIS AFS,"38°43'58.00""N","89°48'24.00""W",,14N,14N (INTELLIGENCE),https://paladindanse111.github.io/AFSC-PDFs/AFSC_files/14N.html,,,Active Duty,No,USAF,
STUTTGART VAIHING (GERMANY),"48°43'60.00""N","9°5'60.00""E",,14N,14N (INTELLIGENCE),https://paladindanse111.github.io/AFSC-PDFs/AFSC_files/14N.html,https://paladindanse111.github.io/AFSC-PDFs/BASE_files/BASE_STUTTGART_VAIHINGEN.html,,Active Duty,No,USAF,Note: Army base websites may be blocked on MissionNet.
TINKER AFB,"35°25'09""N","97°24'15""W",14S PE 44882 20698,14N,14N (INTELLIGENCE),https://paladindanse111.github.io/AFSC-PDFs/AFSC_files/14N.html,https://paladindanse111.github.io/AFSC-PDFs/BASE_files/BASE_TINKER_AFB.html,,Active Duty,Yes,USAF,
TRAVIS AFB,"38°16'09""N","121°56'51""W",10S EH 92069 36204,14N,14N (INTELLIGENCE),https://paladindanse111.github.io/AFSC-PDFs/AFSC_files/14N.html,https://paladindanse111.github.io/AFSC-PDFs/BASE_files/BASE_TRAVIS_AFB.html,,Active Duty,Yes,USAF,
TYNDALL AFB,"30°04'47""N","85°36'26""W",16R FU 34229 28437,14N,14N (INTELLIGENCE),https://paladindanse111.github.io/AFSC-PDFs/AFSC_files/14N.html,https://paladindanse111.github.io/AFSC-PDFs/BASE_files/BASE_TYNDALL_AFB.html,,Active Duty,Yes,USAF,
VANDENBERG SFB,"34°44'31""N","120°34'20""W",10S GD 22255 47110,14N,14N (INTELLIGENCE),https://paladindanse111.github.io/AFSC-PDFs/AFSC_files/14N.html,https://paladindanse111.github.io/AFSC-PDFs/BASE_files/BASE_VANDENBERG_SFB.html,,Active Duty,Yes,USAF,
WHEELER AAF,"21°29'1.00""N","158°2'23.00""W",,14N,14N (INTELLIGENCE),https://paladindanse111.github.io/AFSC-PDFs/AFSC_files/14N.html,,,Active Duty,No,USAF,
WHITEMAN AFB,"38°43'44""N","93°33'37""W",15S VC 51299 86840,14N,14N (INTELLIGENCE),https://paladindanse111.github.io/AFSC-PDFs/AFSC_files/14N.html,https://paladindanse111.github.io/AFSC-PDFs/BASE_files/BASE_WHITEMAN_AFB.html,,Active Duty,Yes,USAF,
WIESBADEN CLAY KS AIN,"50°3'5.00""N","8°19'56.00""E",,14N,14N (INTELLIGENCE),https://paladindanse111.github.io/AFSC-PDFs/AFSC_files/14N.html,,,Active Duty,No,USAF,
WILL ROGERS AIR NATIONAL GUARD BASE,"35°23'35.00""N","97°36'3.00""W",,14N,14N (INTELLIGENCE),https://paladindanse111.github.io/AFSC-PDFs/AFSC_files/14N.html,https://paladindanse111.github.io/AFSC-PDFs/BASE_files/WILL_ROGERS.html,,Active Duty,No,USAF,
WRIGHT-PATTERSON AFB,"39°48'37""N","84°01'55""W",16S GK 54072 10915,14N,14N (INTELLIGENCE),https://paladindanse111.github.io/AFSC-PDFs/AFSC_files/14N.html,https://paladindanse111.github.io/AFSC-PDFs/BASE_files/BASE_WRIGHT-PATTERSON_AFB.html,,Active Duty,Yes,USAF,
YOKOTA AB,"35°44'35""N","139°20'23""E",54S UE 49872 56720,14N,14N (INTELLIGENCE),https://paladindanse111.github.io/AFSC-PDFs/AFSC_files/14N.html,https://paladindanse111.github.io/AFSC-PDFs/BASE_files/BASE_YOKOTA_AB.html,,Active Duty,Yes,USAF,
BARKSDALE AFB,"32°29'45""N","93°40'21""W",15S VR 36822 95596,15A,15A (OPERATIONS ANALYSIS),https://paladindanse111.github.io/AFSC-PDFs/AFSC_files/15A.html,https://paladindanse111.github.io/AFSC-PDFs/BASE_files/BASE_BARKSDALE_AFB.html,,Active Duty,Yes,USAF,
BUCKLEY SFB,"39°42'09""N","104°45'29""W",13S ED 20741 94766,15A,15A (OPERATIONS ANALYSIS),https://paladindanse111.github.io/AFSC-PDFs/AFSC_files/15A.html,https://paladindanse111.github.io/AFSC-PDFs/BASE_files/BASE_BUCKLEY_SFB.html,,Active Duty,Yes,USAF,
CREECH AFB,"36°34'41""N","115°39'29""W",11S PA 20060 48904,15A,15A (OPERATIONS ANALYSIS),https://paladindanse111.github.io/AFSC-PDFs/AFSC_files/15A.html,https://paladindanse111.github.io/AFSC-PDFs/BASE_files/BASE_CREECH_AFB.html,,Active Duty,Yes,USAF,
DAVIS-MONTHAN AFB,"32°10'14""N","110°52'39""W",12S WA 11549 59347,15A,15A (OPERATIONS ANALYSIS),https://paladindanse111.github.io/AFSC-PDFs/AFSC_files/15A.html,https://paladindanse111.github.io/AFSC-PDFs/BASE_files/BASE_DAVIS-MONTHAN_AFB.html,,Active Duty,Yes,USAF,
DYESS AFB,"32°25'17""N","99°50'31""W",14S MA 20838 87456,15A,15A (OPERATIONS ANALYSIS),https://paladindanse111.github.io/AFSC-PDFs/AFSC_files/15A.html,https://paladindanse111.github.io/AFSC-PDFs/BASE_files/BASE_DYESS_AFB.html,,Active Duty,Yes,USAF,
EDWARDS AFB,"34°55'25""N","117°53'29""W",11S MU 18582 64934,15A,15A (OPERATIONS ANALYSIS),https://paladindanse111.github.io/AFSC-PDFs/AFSC_files/15A.html,https://paladindanse111.github.io/AFSC-PDFs/BASE_files/BASE_EDWARDS_AFB.html,,Active Duty,Yes,USAF,
EGLIN AFB,"30°27'49""N","86°33'11""W",16R EU 42905 70243,15A,15A (OPERATIONS ANALYSIS),https://paladindanse111.github.io/AFSC-PDFs/AFSC_files/15A.html,https://paladindanse111.github.io/AFSC-PDFs/BASE_files/BASE_EGLIN_AFB.html,,Active Duty,Yes,USAF,
EINSIEDLERHOF STG,"49°25'60.00""N","7°40'0.00""E",,15A,15A (OPERATIONS ANALYSIS),https://paladindanse111.github.io/AFSC-PDFs/AFSC_files/15A.html,,,Active Duty,No,USAF,
ELLSWORTH AFB,"44°08'54""N","103°05'15""W",13T FJ 52951 90126,15A,15A (OPERATIONS ANALYSIS),https://paladindanse111.github.io/AFSC-PDFs/AFSC_files/15A.html,https://paladindanse111.github.io/AFSC-PDFs/BASE_files/BASE_ELLSWORTH_AFB.html,,Active Duty,Yes,USAF,
FT BELVOIR,"38°43'05""N","77°09'16""W",18S UH 12695 87692,15A,15A (OPERATIONS ANALYSIS),https://paladindanse111.github.io/AFSC-PDFs/AFSC_files/15A.html,https://paladindanse111.github.io/AFSC-PDFs/BASE_files/BASE_FT_BELVOIR.html,,Active Duty,Yes,USAF,
FT GEORGE G MEADE,"39°06'14""N","76°44'42""W",18S UJ 49113 29754,15A,15A (OPERATIONS ANALYSIS),https://paladindanse111.github.io/AFSC-PDFs/AFSC_files/15A.html,https://paladindanse111.github.io/AFSC-PDFs/BASE_files/BASE_FT_GEORGE_G_MEADE.html,,Active Duty,Yes,USAF,
HANSCOM AFB,"42°27'23""N","71°16'35""W",19T CH 12823 02961,15A,15A (OPERATIONS ANALYSIS),https://paladindanse111.github.io/AFSC-PDFs/AFSC_files/15A.html,https://paladindanse111.github.io/AFSC-PDFs/BASE_files/BASE_HANSCOM_AFB.html,,Active Duty,Yes,USAF,
HILL AFB,"41°06'36""N","111°58'56""W",12T VL 17530 51433,15A,15A (OPERATIONS ANALYSIS),https://paladindanse111.github.io/AFSC-PDFs/AFSC_files/15A.html,https://paladindanse111.github.io/AFSC-PDFs/BASE_files/BASE_HILL_AFB.html,,Active Duty,Yes,USAF,
HURLBURT FIELD,"30°25'23""N","86°41'41""W",16R EU 29317 65704,15A,15A (OPERATIONS ANALYSIS),https://paladindanse111.github.io/AFSC-PDFs/AFSC_files/15A.html,https://paladindanse111.github.io/AFSC-PDFs/BASE_files/BASE_HURLBURT_FIELD.html,,Active Duty,Yes,USAF,
JB ELMENDORF-RICHARDSON,"61°15'44""N","149°41'53""W",6V UN 55306 94983,15A,15A (OPERATIONS ANALYSIS),https://paladindanse111.github.io/AFSC-PDFs/AFSC_files/15A.html,https://paladindanse111.github.io/AFSC-PDFs/BASE_files/BASE_JB_ELMENDORF-RICHARDSON.html,,Active Duty,Yes,USAF,
JB LANGLEY-EUSTIS,"37°05'00""N","76°21'33""W",18S UG 79195 04980,15A,15A (OPERATIONS ANALYSIS),https://paladindanse111.github.io/AFSC-PDFs/AFSC_files/15A.html,https://paladindanse111.github.io/AFSC-PDFs/BASE_files/BASE_JB_LANGLEY-EUSTIS.html,,Active Duty,Yes,USAF,
JB MCGUIRE-DIX-LAKEHURST,"40°02'15""N","74°35'18""W",18T WK 35120 32000,15A,15A (OPERATIONS ANALYSIS),https://paladindanse111.github.io/AFSC-PDFs/AFSC_files/15A.html,https://paladindanse111.github.io/AFSC-PDFs/BASE_files/BASE_JB_MCGUIRE-DIX-LAKEHURST.html,,Active Duty,Yes,USAF,
JB PEARL HARBOR-HICKAM,"21°20'15""N","157°57'43""W",4Q FJ 07643 59855,15A,15A (OPERATIONS ANALYSIS),https://paladindanse111.github.io/AFSC-PDFs/AFSC_files/15A.html,https://paladindanse111.github.io/AFSC-PDFs/BASE_files/BASE_JB_PEARL_HARBOR-HICKAM.html,,Active Duty,Yes,USAF,
JBSA FT SAM HOUSTON,"29°26'59""N","98°27'02""W",14R NT 53282 57938,15A,15A (OPERATIONS ANALYSIS),https://paladindanse111.github.io/AFSC-PDFs/AFSC_files/15A.html,https://paladindanse111.github.io/AFSC-PDFs/BASE_files/BASE_JBSA_FT_SAM_HOUSTON.html,,Active Duty,Yes,USAF,
JBSA LACKLAND,"29°23'14""N","98°37'16""W",14R NT 36765 50947,15A,15A (OPERATIONS ANALYSIS),https://paladindanse111.github.io/AFSC-PDFs/AFSC_files/15A.html,https://paladindanse111.github.io/AFSC-PDFs/BASE_files/BASE_JBSA_LACKLAND.html,,Active Duty,Yes,USAF,
JBSA RANDOLPH,"29°31'57""N","98°16'45""W",14R NT 69847 67200,15A,15A (OPERATIONS ANALYSIS),https://paladindanse111.github.io/AFSC-PDFs/AFSC_files/15A.html,https://paladindanse111.github.io/AFSC-PDFs/BASE_files/BASE_JBSA_RANDOLPH.html,,Active Duty,Yes,USAF,
KEESLER AFB,"30°24'34""N","88°55'34""W",16R CU 14981 65731,15A,15A (OPERATIONS ANALYSIS),https://paladindanse111.github.io/AFSC-PDFs/AFSC_files/15A.html,https://paladindanse111.github.io/AFSC-PDFs/BASE_files/BASE_KEESLER_AFB.html,,Active Duty,Yes,USAF,
KIRTLAND AFB,"35°00'39""N","106°30'44""W",13S CU 62019 75289,15A,15A (OPERATIONS ANALYSIS),https://paladindanse111.github.io/AFSC-PDFs/AFSC_files/15A.html,https://paladindanse111.github.io/AFSC-PDFs/BASE_files/BASE_KIRTLAND_AFB.html,,Active Duty,Yes,USAF,
LOS ANGELES SFB,"34°0'0.00""N","118°15'0.00""W",,15A,15A (OPERATIONS ANALYSIS),https://paladindanse111.github.io/AFSC-PDFs/AFSC_files/15A.html,https://paladindanse111.github.io/AFSC-PDFs/BASE_files/BASE_LOS_ANGELES_SFB.html,,Active Duty,No,USAF,
MAUI ISLAND,"20° 45' 0""N","156° 15' 0""W",4Q GH 86360 96915,15A,15A (OPERATIONS ANALYSIS),https://paladindanse111.github.io/AFSC-PDFs/AFSC_files/15A.html,https://paladindanse111.github.io/AFSC-PDFs/BASE_files/BASE_MAUI_ISLAND.html,,Active Duty,Yes,USAF,
MAXWELL-GUNTER AFB,"32°22'43""N","86°21'44""W",16S EA 59993 82581,15A,15A (OPERATIONS ANALYSIS),https://paladindanse111.github.io/AFSC-PDFs/AFSC_files/15A.html,https://paladindanse111.github.io/AFSC-PDFs/BASE_files/BASE_MAXWELL-GUNTER_AFB.html,,Active Duty,Yes,USAF,
NELLIS AFB,"36°14'25""N","115°03'14""W",11S PA 74874 12355,15A,15A (OPERATIONS ANALYSIS),https://paladindanse111.github.io/AFSC-PDFs/AFSC_files/15A.html,https://paladindanse111.github.io/AFSC-PDFs/BASE_files/BASE_NELLIS_AFB.html,,Active Duty,Yes,USAF,
OSAN AB,"37°05'19""N","127°01'50""E",52S CG 24960 06516,15A,15A (OPERATIONS ANALYSIS),https://paladindanse111.github.io/AFSC-PDFs/AFSC_files/15A.html,https://paladindanse111.github.io/AFSC-PDFs/BASE_files/BASE_OSAN_AB.html,,Active Duty,Yes,USAF,
PATRICK SFB,"28°14'21""N","80°36'26""W",17R NM 38533 23759,15A,15A (OPERATIONS ANALYSIS),https://paladindanse111.github.io/AFSC-PDFs/AFSC_files/15A.html,https://paladindanse111.github.io/AFSC-PDFs/BASE_files/BASE_PATRICK_SFB.html,,Active Duty,Yes,USAF,
PENTAGON,"38°52'15""N","77°03'21""W",18S UJ 21650 04451,15A,15A (OPERATIONS ANALYSIS),https://paladindanse111.github.io/AFSC-PDFs/AFSC_files/15A.html,https://paladindanse111.github.io/AFSC-PDFs/BASE_files/BASE_PENTAGON.html,,Active Duty,Yes,USAF,
PETERSON SFB,"38°49'32""N","104°41'58""W",13S EC 26089 97461,15A,15A (OPERATIONS ANALYSIS),https://paladindanse111.github.io/AFSC-PDFs/AFSC_files/15A.html,https://paladindanse111.github.io/AFSC-PDFs/BASE_files/BASE_PETERSON_SFB.html,,Active Duty,Yes,USAF,
RAMSTEIN AB,"49°26'23""N","7°35'47""E",32U LV 98244 77286,15A,15A (OPERATIONS ANALYSIS),https://paladindanse111.github.io/AFSC-PDFs/AFSC_files/15A.html,https://paladindanse111.github.io/AFSC-PDFs/BASE_files/BASE_RAMSTEIN_AB.html.html,,Active Duty,Yes,USAF,
ROBINS AFB,"32°38'23""N","83°35'30""W",17S KS 56883 14314,15A,15A (OPERATIONS ANALYSIS),https://paladindanse111.github.io/AFSC-PDFs/AFSC_files/15A.html,https://paladindanse111.github.io/AFSC-PDFs/BASE_files/BASE_ROBINS_AFB.html,,Active Duty,Yes,USAF,
ROME LAB MTC,"43° 13' 57""N","75° 25' 0""W",18T VN 66166 86718,15A,15A (OPERATIONS ANALYSIS),https://paladindanse111.github.io/AFSC-PDFs/AFSC_files/15A.html,https://paladindanse111.github.io/AFSC-PDFs/BASE_files/BASE_ROME_LAB_MTC.html,,Active Duty,Yes,USAF,
SCHRIEVER SFB,"38°48'12""N","104°31'32""W",13S EC 41196 95059,15A,15A (OPERATIONS ANALYSIS),https://paladindanse111.github.io/AFSC-PDFs/AFSC_files/15A.html,https://paladindanse111.github.io/AFSC-PDFs/BASE_files/BASE_SCHRIEVER_SFB.html,,Active Duty,Yes,USAF,
SCOTT AFB,"38°32'29""N","89°51'18""W",16S BH 51169 69750,15A,15A (OPERATIONS ANALYSIS),https://paladindanse111.github.io/AFSC-PDFs/AFSC_files/15A.html,https://paladindanse111.github.io/AFSC-PDFs/BASE_files/BASE_SCOTT_AFB.html,,Active Duty,Yes,USAF,
SHAW AFB,"33°58'02""N","80°29'05""W",17S NT 47603 58641,15A,15A (OPERATIONS ANALYSIS),https://paladindanse111.github.io/AFSC-PDFs/AFSC_files/15A.html,https://paladindanse111.github.io/AFSC-PDFs/BASE_files/BASE_SHAW_AFB.html,,Active Duty,Yes,USAF,
TINKER AFB,"35°25'09""N","97°24'15""W",14S PE 44882 20698,15A,15A (OPERATIONS ANALYSIS),https://paladindanse111.github.io/AFSC-PDFs/AFSC_files/15A.html,https://paladindanse111.github.io/AFSC-PDFs/BASE_files/BASE_TINKER_AFB.html,,Active Duty,Yes,USAF,
TYNDALL AFB,"30°04'47""N","85°36'26""W",16R FU 34229 28437,15A,15A (OPERATIONS ANALYSIS),https://paladindanse111.github.io/AFSC-PDFs/AFSC_files/15A.html,https://paladindanse111.github.io/AFSC-PDFs/BASE_files/BASE_TYNDALL_AFB.html,,Active Duty,Yes,USAF,
USAF ACADEMY,"39°0'0.00""N","104°52'60.00""W",,15A,15A (OPERATIONS ANALYSIS),https://paladindanse111.github.io/AFSC-PDFs/AFSC_files/15A.html,https://paladindanse111.github.io/AFSC-PDFs/BASE_files/BASE_USAF_ACADEMY.html,,Active Duty,No,USAF,
VANDENBERG SFB,"34°44'31""N","120°34'20""W",10S GD 22255 47110,15A,15A (OPERATIONS ANALYSIS),https://paladindanse111.github.io/AFSC-PDFs/AFSC_files/15A.html,https://paladindanse111.github.io/AFSC-PDFs/BASE_files/BASE_VANDENBERG_SFB.html,,Active Duty,Yes,USAF,
WHITEMAN AFB,"38°43'44""N","93°33'37""W",15S VC 51299 86840,15A,15A (OPERATIONS ANALYSIS),https://paladindanse111.github.io/AFSC-PDFs/AFSC_files/15A.html,https://paladindanse111.github.io/AFSC-PDFs/BASE_files/BASE_WHITEMAN_AFB.html,,Active Duty,Yes,USAF,
WRIGHT-PATTERSON AFB,"39°48'37""N","84°01'55""W",16S GK 54072 10915,15A,15A (OPERATIONS ANALYSIS),https://paladindanse111.github.io/AFSC-PDFs/AFSC_files/15A.html,https://paladindanse111.github.io/AFSC-PDFs/BASE_files/BASE_WRIGHT-PATTERSON_AFB.html,,Active Duty,Yes,USAF,
ALTUS AFB,"34°39'18""N","99°17'04""W",14S MD 73935 34821,15W,15W (WEATHER),https://paladindanse111.github.io/AFSC-PDFs/AFSC_files/15W.html,https://paladindanse111.github.io/AFSC-PDFs/BASE_files/BASE_ALTUS_AFB.html,,Active Duty,Yes,USAF,
ANDERSEN AFB,"13°33'46""N","144°55'25""E",55P BR 75307 00327,15W,15W (WEATHER),https://paladindanse111.github.io/AFSC-PDFs/AFSC_files/15W.html,https://paladindanse111.github.io/AFSC-PDFs/BASE_files/BASE_ANDERSEN_AFB.html,,Active Duty,Yes,USAF,
ANDREWS JB,"38°47'46""N","76°53'00""W",18S UH 36445 95835,15W,15W (WEATHER),https://paladindanse111.github.io/AFSC-PDFs/AFSC_files/15W.html,https://paladindanse111.github.io/AFSC-PDFs/BASE_files/BASE_ANDREWS_JB.html,,Active Duty,Yes,USAF,
ASHEVILLE WAE,"34°53'60.00""N","82°13'0.00""W",,15W,15W (WEATHER),https://paladindanse111.github.io/AFSC-PDFs/AFSC_files/15W.html,,,Active Duty,No,USAF,
AVIANO AB,"46°01'49""N","12°36'41""E",33T UM 15147 00185,15W,15W (WEATHER),https://paladindanse111.github.io/AFSC-PDFs/AFSC_files/15W.html,https://paladindanse111.github.io/AFSC-PDFs/BASE_files/BASE_AVIANO_AB.html,,Active Duty,Yes,USAF,
BARKSDALE AFB,"32°29'45""N","93°40'21""W",15S VR 36822 95596,15W,15W (WEATHER),https://paladindanse111.github.io/AFSC-PDFs/AFSC_files/15W.html,https://paladindanse111.github.io/AFSC-PDFs/BASE_files/BASE_BARKSDALE_AFB.html,,Active Duty,Yes,USAF,
BEALE AFB,"39°06'41""N","121°21'35""W",10S FJ 41815 30418,15W,15W (WEATHER),https://paladindanse111.github.io/AFSC-PDFs/AFSC_files/15W.html,https://paladindanse111.github.io/AFSC-PDFs/BASE_files/BASE_BEALE_AFB.html,,Active Duty,Yes,USAF,
CAMP HUMPHREYS,"36°55'0.00""N","127°2'60.00""E",,15W,15W (WEATHER),https://paladindanse111.github.io/AFSC-PDFs/AFSC_files/15W.html,https://paladindanse111.github.io/AFSC-PDFs/BASE_files/BASE_CAMP_HUMPHREYS.html,,Active Duty,No,USAF,Note: Army base websites may be blocked on MissionNet.
CANNON AFB,"34°23'20""N","103°19'05""W",13S FU 54620 06558,15W,15W (WEATHER),https://paladindanse111.github.io/AFSC-PDFs/AFSC_files/15W.html,https://paladindanse111.github.io/AFSC-PDFs/BASE_files/BASE_CANNON_AFB.html,,Active Duty,Yes,USAF,
CAPE CANAVERAL SFS,"28°29'19""N","80°34'22""W",17R NM 41814 51404,15W,15W (WEATHER),https://paladindanse111.github.io/AFSC-PDFs/AFSC_files/15W.html,https://paladindanse111.github.io/AFSC-PDFs/BASE_files/BASE_CAPE_CANAVERAL_SFS.html,,Active Duty,Yes,USAF,
COLUMBUS AFB,"33°37'38""N","88°26'51""W",16S CC 65739 21763,15W,15W (WEATHER),https://paladindanse111.github.io/AFSC-PDFs/AFSC_files/15W.html,https://paladindanse111.github.io/AFSC-PDFs/BASE_files/BASE_COLUMBUS_AFB.html,,Active Duty,Yes,USAF,
CREECH AFB,"36°34'41""N","115°39'29""W",11S PA 20060 48904,15W,15W (WEATHER),https://paladindanse111.github.io/AFSC-PDFs/AFSC_files/15W.html,https://paladindanse111.github.io/AFSC-PDFs/BASE_files/BASE_CREECH_AFB.html,,Active Duty,Yes,USAF,
DAVIS-MONTHAN AFB,"32°10'14""N","110°52'39""W",12S WA 11549 59347,15W,15W (WEATHER),https://paladindanse111.github.io/AFSC-PDFs/AFSC_files/15W.html,https://paladindanse111.github.io/AFSC-PDFs/BASE_files/BASE_DAVIS-MONTHAN_AFB.html,,Active Duty,Yes,USAF,
DYESS AFB,"32°25'17""N","99°50'31""W",14S MA 20838 87456,15W,15W (WEATHER),https://paladindanse111.github.io/AFSC-PDFs/AFSC_files/15W.html,https://paladindanse111.github.io/AFSC-PDFs/BASE_files/BASE_DYESS_AFB.html,,Active Duty,Yes,USAF,
EDWARDS AFB,"34°55'25""N","117°53'29""W",11S MU 18582 64934,15W,15W (WEATHER),https://paladindanse111.github.io/AFSC-PDFs/AFSC_files/15W.html,https://paladindanse111.github.io/AFSC-PDFs/BASE_files/BASE_EDWARDS_AFB.html,,Active Duty,Yes,USAF,
EGLIN AFB,"30°27'49""N","86°33'11""W",16R EU 42905 70243,15W,15W (WEATHER),https://paladindanse111.github.io/AFSC-PDFs/AFSC_files/15W.html,https://paladindanse111.github.io/AFSC-PDFs/BASE_files/BASE_EGLIN_AFB.html,,Active Duty,Yes,USAF,
EINSIEDLERHOF STG,"49°25'60.00""N","7°40'0.00""E",,15W,15W (WEATHER),https://paladindanse111.github.io/AFSC-PDFs/AFSC_files/15W.html,,,Active Duty,No,USAF,
ELLSWORTH AFB,"44°08'54""N","103°05'15""W",13T FJ 52951 90126,15W,15W (WEATHER),https://paladindanse111.github.io/AFSC-PDFs/AFSC_files/15W.html,https://paladindanse111.github.io/AFSC-PDFs/BASE_files/BASE_ELLSWORTH_AFB.html,,Active Duty,Yes,USAF,
FE WARREN AFB,"41°08'32""N","104°52'41""W",13T EF 10233 54552,15W,15W (WEATHER),https://paladindanse111.github.io/AFSC-PDFs/AFSC_files/15W.html,https://paladindanse111.github.io/AFSC-PDFs/BASE_files/BASE_FE_WARREN_AFB.html,,Active Duty,Yes,USAF,
FT BLISS AIN,"31°48'0.00""N","106°25'0.00""W",,15W,15W (WEATHER),https://paladindanse111.github.io/AFSC-PDFs/AFSC_files/15W.html,https://paladindanse111.github.io/AFSC-PDFs/BASE_files/BASE_FT_BLISS_AIN.html,,Active Duty,No,USAF,Note: Army base websites may be blocked on MissionNet.
FT CAMPBELL,"36°39'46""N","87°28'37""W",16S DF 57376 57570,15W,15W (WEATHER),https://paladindanse111.github.io/AFSC-PDFs/AFSC_files/15W.html,https://paladindanse111.github.io/AFSC-PDFs/BASE_files/BASE_FT_CAMPBELL.html,,Active Duty,Yes,USAF,Note: Army base websites may be blocked on MissionNet.
FT CARSON,"38°44'14""N","104°47'19""W",13S EC 18372 87637,15W,15W (WEATHER),https://paladindanse111.github.io/AFSC-PDFs/AFSC_files/15W.html,https://paladindanse111.github.io/AFSC-PDFs/BASE_files/BASE_FT_CARSON.html,,Active Duty,Yes,USAF,Note: Army base websites may be blocked on MissionNet.
FT CAVAZOS,"31°08'22""N","97°45'56""W",14R PV 17679 45711,15W,15W (WEATHER),https://paladindanse111.github.io/AFSC-PDFs/AFSC_files/15W.html,https://paladindanse111.github.io/AFSC-PDFs/BASE_files/BASE_FT_CAVAZOS.html,,Active Duty,Yes,USAF,Note: Army base websites may be blocked on MissionNet.
FT DRUM AIN,"44°2'60.00""N","75°43'60.00""W",,15W,15W (WEATHER),https://paladindanse111.github.io/AFSC-PDFs/AFSC_files/15W.html,https://paladindanse111.github.io/AFSC-PDFs/BASE_files/BASE_FT_DRUM_AIN.html,,Active Duty,No,USAF,Note: Army base websites may be blocked on MissionNet.
FT IRWIN AIN,"35°22'60.00""N","116°34'60.00""W",,15W,15W (WEATHER),https://paladindanse111.github.io/AFSC-PDFs/AFSC_files/15W.html,https://paladindanse111.github.io/AFSC-PDFs/BASE_files/BASE_FT_IRWIN.html,,Active Duty,No,USAF,Note: Army base websites may be blocked on MissionNet.
FT KNOX AIN,"37°53'60.00""N","85°58'60.00""W",,15W,15W (WEATHER),https://paladindanse111.github.io/AFSC-PDFs/AFSC_files/15W.html,https://paladindanse111.github.io/AFSC-PDFs/BASE_files/BASE_FT_KNOX_AIN.html,,Active Duty,No,USAF,Note: Army base websites may be blocked on MissionNet.
FT LEAVENWORTH AIN,"39°21'0.00""N","94°55'0.00""W",,15W,15W (WEATHER),https://paladindanse111.github.io/AFSC-PDFs/AFSC_files/15W.html,https://paladindanse111.github.io/AFSC-PDFs/BASE_files/BASE_FT_LEAVENWORTH_AIN.html,,Active Duty,No,USAF,Note: Army base websites may be blocked on MissionNet.
FT LIBERTY (FT BRAGG),"35°7'60.00""N","78°58'60.00""W",,15W,15W (WEATHER),https://paladindanse111.github.io/AFSC-PDFs/AFSC_files/15W.html,https://paladindanse111.github.io/AFSC-PDFs/BASE_files/BASE_FT_LIBERTY.html,,Active Duty,No,USAF,Note: Army base websites may be blocked on MissionNet.
FT POLK AIN,"31°1'60.00""N","93°10'60.00""W",,15W,15W (WEATHER),https://paladindanse111.github.io/AFSC-PDFs/AFSC_files/15W.html,,,Active Duty,No,USAF,
FT RILEY AIN,"39°10'0.00""N","96°49'0.00""W",,15W,15W (WEATHER),https://paladindanse111.github.io/AFSC-PDFs/AFSC_files/15W.html,https://paladindanse111.github.io/AFSC-PDFs/BASE_files/BASE_FT_RILEY_AIN.html,,Active Duty,No,USAF,Note: Army base websites may be blocked on MissionNet.
FT STEWART,"31°52'05""N","81°36'32""W",17R MR 42404 25972,15W,15W (WEATHER),https://paladindanse111.github.io/AFSC-PDFs/AFSC_files/15W.html,https://paladindanse111.github.io/AFSC-PDFs/BASE_files/BASE_FT_STEWART.html,,Active Duty,Yes,USAF,
FT WAINWRIGHT AIN,"64°49'60.00""N","147°34'60.00""W",,15W,15W (WEATHER),https://paladindanse111.github.io/AFSC-PDFs/AFSC_files/15W.html,https://paladindanse111.github.io/AFSC-PDFs/BASE_files/BASE_FT_WAINWRIGHT_AIN.html,,Active Duty,No,USAF,Note: Army base websites may be blocked on MissionNet.
GRAFENWOHR AIN,"49°40'60.00""N","11°55'60.00""E",,15W,15W (WEATHER),https://paladindanse111.github.io/AFSC-PDFs/AFSC_files/15W.html,,,Active Duty,No,USAF,
HANSCOM AFB,"42°27'23""N","71°16'35""W",19T CH 12823 02961,15W,15W (WEATHER),https://paladindanse111.github.io/AFSC-PDFs/AFSC_files/15W.html,https://paladindanse111.github.io/AFSC-PDFs/BASE_files/BASE_HANSCOM_AFB.html,,Active Duty,Yes,USAF,
HILL AFB,"41°06'36""N","111°58'56""W",12T VL 17530 51433,15W,15W (WEATHER),https://paladindanse111.github.io/AFSC-PDFs/AFSC_files/15W.html,https://paladindanse111.github.io/AFSC-PDFs/BASE_files/BASE_HILL_AFB.html,,Active Duty,Yes,USAF,
HOLLOMAN AFB,"32°50'33""N","106°05'55""W",13S CS 97187 34361,15W,15W (WEATHER),https://paladindanse111.github.io/AFSC-PDFs/AFSC_files/15W.html,https://paladindanse111.github.io/AFSC-PDFs/BASE_files/BASE_HOLLOMAN_AFB.html,,Active Duty,Yes,USAF,
HUNTER AAF,"32°0'36.00""N","81°8'46.00""W",,15W,15W (WEATHER),https://paladindanse111.github.io/AFSC-PDFs/AFSC_files/15W.html,,,Active Duty,No,USAF,
HURLBURT FIELD,"30°25'23""N","86°41'41""W",16R EU 29317 65704,15W,15W (WEATHER),https://paladindanse111.github.io/AFSC-PDFs/AFSC_files/15W.html,https://paladindanse111.github.io/AFSC-PDFs/BASE_files/BASE_HURLBURT_FIELD.html,,Active Duty,Yes,USAF,
JB ELMENDORF-RICHARDSON,"61°15'44""N","149°41'53""W",6V UN 55306 94983,15W,15W (WEATHER),https://paladindanse111.github.io/AFSC-PDFs/AFSC_files/15W.html,https://paladindanse111.github.io/AFSC-PDFs/BASE_files/BASE_JB_ELMENDORF-RICHARDSON.html,,Active Duty,Yes,USAF,
JB LANGLEY-EUSTIS,"37°05'00""N","76°21'33""W",18S UG 79195 04980,15W,15W (WEATHER),https://paladindanse111.github.io/AFSC-PDFs/AFSC_files/15W.html,https://paladindanse111.github.io/AFSC-PDFs/BASE_files/BASE_JB_LANGLEY-EUSTIS.html,,Active Duty,Yes,USAF,
JB LEWIS-MCCHORD,"47°05'30""N","122°36'53""W",10T ET 29240 15422,15W,15W (WEATHER),https://paladindanse111.github.io/AFSC-PDFs/AFSC_files/15W.html,https://paladindanse111.github.io/AFSC-PDFs/BASE_files/BASE_JB_LEWIS-MCCHORD.html,,Active Duty,Yes,USAF,
JB MCGUIRE-DIX-LAKEHURST,"40°02'15""N","74°35'18""W",18T WK 35120 32000,15W,15W (WEATHER),https://paladindanse111.github.io/AFSC-PDFs/AFSC_files/15W.html,https://paladindanse111.github.io/AFSC-PDFs/BASE_files/BASE_JB_MCGUIRE-DIX-LAKEHURST.html,,Active Duty,Yes,USAF,
JB PEARL HARBOR-HICKAM,"21°20'15""N","157°57'43""W",4Q FJ 07643 59855,15W,15W (WEATHER),https://paladindanse111.github.io/AFSC-PDFs/AFSC_files/15W.html,https://paladindanse111.github.io/AFSC-PDFs/BASE_files/BASE_JB_PEARL_HARBOR-HICKAM.html,,Active Duty,Yes,USAF,
JBSA FT SAM HOUSTON,"29°26'59""N","98°27'02""W",14R NT 53282 57938,15W,15W (WEATHER),https://paladindanse111.github.io/AFSC-PDFs/AFSC_files/15W.html,https://paladindanse111.github.io/AFSC-PDFs/BASE_files/BASE_JBSA_FT_SAM_HOUSTON.html,,Active Duty,Yes,USAF,
KADENA AB,"26°21'30""N","127°46'20""E",52R CQ 77496 15950,15W,15W (WEATHER),https://paladindanse111.github.io/AFSC-PDFs/AFSC_files/15W.html,https://paladindanse111.github.io/AFSC-PDFs/BASE_files/BASE_KADENA_AB.html,,Active Duty,Yes,USAF,
KAPAUN AIR STATION,"49°25'44""N","7°41'53""E",32U MV 05594 75949,15W,15W (WEATHER),https://paladindanse111.github.io/AFSC-PDFs/AFSC_files/15W.html,https://paladindanse111.github.io/AFSC-PDFs/BASE_files/BASE_KAPAUN_AIR_STATION.html,,Active Duty,Yes,USAF,
KATTERBACH (GERMANY),"49°19'0.00""N","10°37'60.00""E",,15W,15W (WEATHER),https://paladindanse111.github.io/AFSC-PDFs/AFSC_files/15W.html,,,Active Duty,No,USAF,
KEESLER AFB,"30°24'34""N","88°55'34""W",16R CU 14981 65731,15W,15W (WEATHER),https://paladindanse111.github.io/AFSC-PDFs/AFSC_files/15W.html,https://paladindanse111.github.io/AFSC-PDFs/BASE_files/BASE_KEESLER_AFB.html,,Active Duty,Yes,USAF,
KUNSAN AB,"35°55'09""N","126°37'54""E",52S BE 86310 77574,15W,15W (WEATHER),https://paladindanse111.github.io/AFSC-PDFs/AFSC_files/15W.html,https://paladindanse111.github.io/AFSC-PDFs/BASE_files/BASE_KUNSAN_AB.html,,Active Duty,Yes,USAF,
LAKENHEATH RAF,"52°23'23""N","0°32'14""E",31U CU 32414 07239,15W,15W (WEATHER),https://paladindanse111.github.io/AFSC-PDFs/AFSC_files/15W.html,https://paladindanse111.github.io/AFSC-PDFs/BASE_files/BASE_LAKENHEATH_RAF.html,,Active Duty,Yes,USAF,
LAUGHLIN AFB,"29°21'21""N","100°46'58""W",14R LT 26940 48730,15W,15W (WEATHER),https://paladindanse111.github.io/AFSC-PDFs/AFSC_files/15W.html,https://paladindanse111.github.io/AFSC-PDFs/BASE_files/BASE_LAUGHLIN_AFB.html,,Active Duty,Yes,USAF,
LITTLE ROCK AFB,"34°53'47""N","92°08'38""W",15S WU 78220 61887,15W,15W (WEATHER),https://paladindanse111.github.io/AFSC-PDFs/AFSC_files/15W.html,https://paladindanse111.github.io/AFSC-PDFs/BASE_files/BASE_LITTLE_ROCK_AFB.html,,Active Duty,Yes,USAF,
LUCIUS D CLAY KAS ABS,"50°2'59.00""N","8°19'31.00""E",,15W,15W (WEATHER),https://paladindanse111.github.io/AFSC-PDFs/AFSC_files/15W.html,,,Active Duty,No,USAF,
LUKE AFB,"33°32'22""N","112°22'32""W",12S UC 72284 11939,15W,15W (WEATHER),https://paladindanse111.github.io/AFSC-PDFs/AFSC_files/15W.html,https://paladindanse111.github.io/AFSC-PDFs/BASE_files/BASE_LUKE_AFB.html,,Active Duty,Yes,USAF,
MALMSTROM AFB,"47°30'17""N","111°10'56""W",12T VT 86277 61270,15W,15W (WEATHER),https://paladindanse111.github.io/AFSC-PDFs/AFSC_files/15W.html,https://paladindanse111.github.io/AFSC-PDFs/BASE_files/BASE_MALMSTROM_AFB.html,,Active Duty,Yes,USAF,
MILDENHALL RAF,"52°21'45""N","0°30'14""E",31U CU 30041 04290,15W,15W (WEATHER),https://paladindanse111.github.io/AFSC-PDFs/AFSC_files/15W.html,https://paladindanse111.github.io/AFSC-PDFs/BASE_files/BASE_MILDENHALL_RAF.html,,Active Duty,Yes,USAF,
MINOT AFB,"48°25'13""N","101°19'36""W",14U LU 27861 65629,15W,15W (WEATHER),https://paladindanse111.github.io/AFSC-PDFs/AFSC_files/15W.html,https://paladindanse111.github.io/AFSC-PDFs/BASE_files/BASE_MINOT_AFB.html,,Active Duty,Yes,USAF,
MISAWA AB,"40°41'55""N","141°22'28""E",54T WL 31634 05368,15W,15W (WEATHER),https://paladindanse111.github.io/AFSC-PDFs/AFSC_files/15W.html,https://paladindanse111.github.io/AFSC-PDFs/BASE_files/BASE_MISAWA_AB.html,,Active Duty,Yes,USAF,
MOODY AFB,"30°58'12""N","83°11'47""W",17R KQ 90229 28346,15W,15W (WEATHER),https://paladindanse111.github.io/AFSC-PDFs/AFSC_files/15W.html,https://paladindanse111.github.io/AFSC-PDFs/BASE_files/BASE_MOODY_AFB.html,,Active Duty,Yes,USAF,
MOUNTAIN HOME AFB,"43°03'59""N","115°51'18""W",11T NH 93226 68823,15W,15W (WEATHER),https://paladindanse111.github.io/AFSC-PDFs/AFSC_files/15W.html,https://paladindanse111.github.io/AFSC-PDFs/BASE_files/BASE_MOUNTAIN_HOME_AFB.html,,Active Duty,Yes,USAF,
NELLIS AFB,"36°14'25""N","115°03'14""W",11S PA 74874 12355,15W,15W (WEATHER),https://paladindanse111.github.io/AFSC-PDFs/AFSC_files/15W.html,https://paladindanse111.github.io/AFSC-PDFs/BASE_files/BASE_NELLIS_AFB.html,,Active Duty,Yes,USAF,
OFFUTT AFB,"41°07'25""N","95°54'52""W",15T TF 55334 56573,15W,15W (WEATHER),https://paladindanse111.github.io/AFSC-PDFs/AFSC_files/15W.html,https://paladindanse111.github.io/AFSC-PDFs/BASE_files/BASE_OFFUTT_AFB.html,,Active Duty,Yes,USAF,
OSAN AB,"37°05'19""N","127°01'50""E",52S CG 24960 06516,15W,15W (WEATHER),https://paladindanse111.github.io/AFSC-PDFs/AFSC_files/15W.html,https://paladindanse111.github.io/AFSC-PDFs/BASE_files/BASE_OSAN_AB.html,,Active Duty,Yes,USAF,
PANZER KASERNE RP AIN,"49°26'36.00""N","7°50'4.00""E",,15W,15W (WEATHER),https://paladindanse111.github.io/AFSC-PDFs/AFSC_files/15W.html,,,Active Duty,No,USAF,
PATRICK SFB,"28°14'21""N","80°36'26""W",17R NM 38533 23759,15W,15W (WEATHER),https://paladindanse111.github.io/AFSC-PDFs/AFSC_files/15W.html,https://paladindanse111.github.io/AFSC-PDFs/BASE_files/BASE_PATRICK_SFB.html,,Active Duty,Yes,USAF,
PENTAGON,"38°52'15""N","77°03'21""W",18S UJ 21650 04451,15W,15W (WEATHER),https://paladindanse111.github.io/AFSC-PDFs/AFSC_files/15W.html,https://paladindanse111.github.io/AFSC-PDFs/BASE_files/BASE_PENTAGON.html,,Active Duty,Yes,USAF,
PETERSON SFB,"38°49'32""N","104°41'58""W",13S EC 26089 97461,15W,15W (WEATHER),https://paladindanse111.github.io/AFSC-PDFs/AFSC_files/15W.html,https://paladindanse111.github.io/AFSC-PDFs/BASE_files/BASE_PETERSON_SFB.html,,Active Duty,Yes,USAF,
RAF FAIRFORD,"51°40'56.00""N","1°47'24.00""W",,15W,15W (WEATHER),https://paladindanse111.github.io/AFSC-PDFs/AFSC_files/15W.html,,,Active Duty,No,USAF,
RAMSTEIN AB,"49°26'23""N","7°35'47""E",32U LV 98244 77286,15W,15W (WEATHER),https://paladindanse111.github.io/AFSC-PDFs/AFSC_files/15W.html,https://paladindanse111.github.io/AFSC-PDFs/BASE_files/BASE_RAMSTEIN_AB.html.html,,Active Duty,Yes,USAF,
ROBINS AFB,"32°38'23""N","83°35'30""W",17S KS 56883 14314,15W,15W (WEATHER),https://paladindanse111.github.io/AFSC-PDFs/AFSC_files/15W.html,https://paladindanse111.github.io/AFSC-PDFs/BASE_files/BASE_ROBINS_AFB.html,,Active Duty,Yes,USAF,
SCOTT AFB,"38°32'29""N","89°51'18""W",16S BH 51169 69750,15W,15W (WEATHER),https://paladindanse111.github.io/AFSC-PDFs/AFSC_files/15W.html,https://paladindanse111.github.io/AFSC-PDFs/BASE_files/BASE_SCOTT_AFB.html,,Active Duty,Yes,USAF,
SEYMOUR JOHNSON AFB,"35°20'24""N","77°57'41""W",18S TE 30850 14774,15W,15W (WEATHER),https://paladindanse111.github.io/AFSC-PDFs/AFSC_files/15W.html,https://paladindanse111.github.io/AFSC-PDFs/BASE_files/BASE_SEYMOUR_JOHNSON_AFB.html,,Active Duty,Yes,USAF,
SHAW AFB,"33°58'02""N","80°29'05""W",17S NT 47603 58641,15W,15W (WEATHER),https://paladindanse111.github.io/AFSC-PDFs/AFSC_files/15W.html,https://paladindanse111.github.io/AFSC-PDFs/BASE_files/BASE_SHAW_AFB.html,,Active Duty,Yes,USAF,
SHEPPARD AFB,"33°58'06""N","98°30'38""W",14S NC 45216 58752,15W,15W (WEATHER),https://paladindanse111.github.io/AFSC-PDFs/AFSC_files/15W.html,https://paladindanse111.github.io/AFSC-PDFs/BASE_files/BASE_SHEPPARD_AFB.html,,Active Duty,Yes,USAF,
SPANGDAHLEM AB,"49°59'38""N","6°41'55""E",32U LA 35052 40489,15W,15W (WEATHER),https://paladindanse111.github.io/AFSC-PDFs/AFSC_files/15W.html,https://paladindanse111.github.io/AFSC-PDFs/BASE_files/BASE_SPANGDAHLEM_AB.html,,Active Duty,Yes,USAF,
TINKER AFB,"35°25'09""N","97°24'15""W",14S PE 44882 20698,15W,15W (WEATHER),https://paladindanse111.github.io/AFSC-PDFs/AFSC_files/15W.html,https://paladindanse111.github.io/AFSC-PDFs/BASE_files/BASE_TINKER_AFB.html,,Active Duty,Yes,USAF,
TYNDALL AFB,"30°04'47""N","85°36'26""W",16R FU 34229 28437,15W,15W (WEATHER),https://paladindanse111.github.io/AFSC-PDFs/AFSC_files/15W.html,https://paladindanse111.github.io/AFSC-PDFs/BASE_files/BASE_TYNDALL_AFB.html,,Active Duty,Yes,USAF,
USAF ACADEMY,"39°0'0.00""N","104°52'60.00""W",,15W,15W (WEATHER),https://paladindanse111.github.io/AFSC-PDFs/AFSC_files/15W.html,https://paladindanse111.github.io/AFSC-PDFs/BASE_files/BASE_USAF_ACADEMY.html,,Active Duty,No,USAF,
VANCE AFB,"36°20'21""N","97°54'47""W",14S NF 97544 22116,15W,15W (WEATHER),https://paladindanse111.github.io/AFSC-PDFs/AFSC_files/15W.html,https://paladindanse111.github.io/AFSC-PDFs/BASE_files/BASE_VANCE_AFB.html,,Active Duty,Yes,USAF,
VANDENBERG SFB,"34°44'31""N","120°34'20""W",10S GD 22255 47110,15W,15W (WEATHER),https://paladindanse111.github.io/AFSC-PDFs/AFSC_files/15W.html,https://paladindanse111.github.io/AFSC-PDFs/BASE_files/BASE_VANDENBERG_SFB.html,,Active Duty,Yes,USAF,
VICENZA (ITALY),"45°32'60.00""N","11°33'0.00""E",,15W,15W (WEATHER),https://paladindanse111.github.io/AFSC-PDFs/AFSC_files/15W.html,,,Active Duty,No,USAF,
WHEELER AAF,"21°29'1.00""N","158°2'23.00""W",,15W,15W (WEATHER),https://paladindanse111.github.io/AFSC-PDFs/AFSC_files/15W.html,,,Active Duty,No,USAF,
WHITEMAN AFB,"38°43'44""N","93°33'37""W",15S VC 51299 86840,15W,15W (WEATHER),https://paladindanse111.github.io/AFSC-PDFs/AFSC_files/15W.html,https://paladindanse111.github.io/AFSC-PDFs/BASE_files/BASE_WHITEMAN_AFB.html,,Active Duty,Yes,USAF,
WRIGHT-PATTERSON AFB,"39°48'37""N","84°01'55""W",16S GK 54072 10915,15W,15W (WEATHER),https://paladindanse111.github.io/AFSC-PDFs/AFSC_files/15W.html,https://paladindanse111.github.io/AFSC-PDFs/BASE_files/BASE_WRIGHT-PATTERSON_AFB.html,,Active Duty,Yes,USAF,
YOKOTA AB,"35°44'35""N","139°20'23""E",54S UE 49872 56720,15W,15W (WEATHER),https://paladindanse111.github.io/AFSC-PDFs/AFSC_files/15W.html,https://paladindanse111.github.io/AFSC-PDFs/BASE_files/BASE_YOKOTA_AB.html,,Active Duty,Yes,USAF,
ALCONBURY RAF,"52°22'09""N","0°13'43""W",30U XD 88669 05714,17D,17D (CYBERSPACE OPERATIONS),https://paladindanse111.github.io/AFSC-PDFs/AFSC_files/17D.html,https://paladindanse111.github.io/AFSC-PDFs/BASE_files/BASE_ALCONBURY_RAF.html,,Active Duty,Yes,USAF,
ANACOSTIA NYI,"38°52'0.00""N","76°58'60.00""W",,17D,17D (CYBERSPACE OPERATIONS),https://paladindanse111.github.io/AFSC-PDFs/AFSC_files/17D.html,,,Active Duty,No,USAF,
ANDERSEN AFB,"13°33'46""N","144°55'25""E",55P BR 75307 00327,17D,17D (CYBERSPACE OPERATIONS),https://paladindanse111.github.io/AFSC-PDFs/AFSC_files/17D.html,https://paladindanse111.github.io/AFSC-PDFs/BASE_files/BASE_ANDERSEN_AFB.html,,Active Duty,Yes,USAF,
ANDREWS JB,"38°47'46""N","76°53'00""W",18S UH 36445 95835,17D,17D (CYBERSPACE OPERATIONS),https://paladindanse111.github.io/AFSC-PDFs/AFSC_files/17D.html,https://paladindanse111.github.io/AFSC-PDFs/BASE_files/BASE_ANDREWS_JB.html,,Active Duty,Yes,USAF,
ANKARA,"39°55'2.00""N","32°42'37.00""E",,17D,17D (CYBERSPACE OPERATIONS),https://paladindanse111.github.io/AFSC-PDFs/AFSC_files/17D.html,,,Active Duty,No,USAF,
ARNOLD AFB,"35°22'58""N","86°01'49""W",16S EE 88076 15924,17D,17D (CYBERSPACE OPERATIONS),https://paladindanse111.github.io/AFSC-PDFs/AFSC_files/17D.html,https://paladindanse111.github.io/AFSC-PDFs/BASE_files/BASE_ARNOLD_AFB.html,,Active Duty,Yes,USAF,
AVIANO AB,"46°01'49""N","12°36'41""E",33T UM 15147 00185,17D,17D (CYBERSPACE OPERATIONS),https://paladindanse111.github.io/AFSC-PDFs/AFSC_files/17D.html,https://paladindanse111.github.io/AFSC-PDFs/BASE_files/BASE_AVIANO_AB.html,,Active Duty,Yes,USAF,
BARKSDALE AFB,"32°29'45""N","93°40'21""W",15S VR 36822 95596,17D,17D (CYBERSPACE OPERATIONS),https://paladindanse111.github.io/AFSC-PDFs/AFSC_files/17D.html,https://paladindanse111.github.io/AFSC-PDFs/BASE_files/BASE_BARKSDALE_AFB.html,,Active Duty,Yes,USAF,
BEALE AFB,"39°06'41""N","121°21'35""W",10S FJ 41815 30418,17D,17D (CYBERSPACE OPERATIONS),https://paladindanse111.github.io/AFSC-PDFs/AFSC_files/17D.html,https://paladindanse111.github.io/AFSC-PDFs/BASE_files/BASE_BEALE_AFB.html,,Active Duty,Yes,USAF,
BRUNSSUM (NETHERLANDS),"50°58'0.00""N","5°57'0.00""E",,17D,17D (CYBERSPACE OPERATIONS),https://paladindanse111.github.io/AFSC-PDFs/AFSC_files/17D.html,,,Active Duty,No,USAF,
BUCHEL ABS,"50°10'26.00""N","7°3'48.00""E",,17D,17D (CYBERSPACE OPERATIONS),https://paladindanse111.github.io/AFSC-PDFs/AFSC_files/17D.html,https://paladindanse111.github.io/AFSC-PDFs/BASE_files/BASE_BUCHEL_ABS.html,,Active Duty,No,USAF,
BUCKLEY SFB,"39°42'09""N","104°45'29""W",13S ED 20741 94766,17D,17D (CYBERSPACE OPERATIONS),https://paladindanse111.github.io/AFSC-PDFs/AFSC_files/17D.html,https://paladindanse111.github.io/AFSC-PDFs/BASE_files/BASE_BUCKLEY_SFB.html,,Active Duty,Yes,USAF,
CAMP HUMPHREYS,"36°55'0.00""N","127°2'60.00""E",,17D,17D (CYBERSPACE OPERATIONS),https://paladindanse111.github.io/AFSC-PDFs/AFSC_files/17D.html,https://paladindanse111.github.io/AFSC-PDFs/BASE_files/BASE_CAMP_HUMPHREYS.html,,Active Duty,No,USAF,Note: Army base websites may be blocked on MissionNet.
CANNON AFB,"34°23'20""N","103°19'05""W",13S FU 54620 06558,17D,17D (CYBERSPACE OPERATIONS),https://paladindanse111.github.io/AFSC-PDFs/AFSC_files/17D.html,https://paladindanse111.github.io/AFSC-PDFs/BASE_files/BASE_CANNON_AFB.html,,Active Duty,Yes,USAF,
CHEYENNE MOUNTAIN SFS,"38°49'0.00""N","104°32'60.00""W",,17D,17D (CYBERSPACE OPERATIONS),https://paladindanse111.github.io/AFSC-PDFs/AFSC_files/17D.html,https://paladindanse111.github.io/AFSC-PDFs/BASE_files/BASE_CHEYENNE_MOUNTAIN_SFS.html,,Active Duty,No,USAF,
CP SMITH MGI,"21°22'0.00""N","157°55'0.00""W",,17D,17D (CYBERSPACE OPERATIONS),https://paladindanse111.github.io/AFSC-PDFs/AFSC_files/17D.html,,,Active Duty,No,USAF,
CREECH AFB,"36°34'41""N","115°39'29""W",11S PA 20060 48904,17D,17D (CYBERSPACE OPERATIONS),https://paladindanse111.github.io/AFSC-PDFs/AFSC_files/17D.html,https://paladindanse111.github.io/AFSC-PDFs/BASE_files/BASE_CREECH_AFB.html,,Active Duty,Yes,USAF,
DAVIS-MONTHAN AFB,"32°10'14""N","110°52'39""W",12S WA 11549 59347,17D,17D (CYBERSPACE OPERATIONS),https://paladindanse111.github.io/AFSC-PDFs/AFSC_files/17D.html,https://paladindanse111.github.io/AFSC-PDFs/BASE_files/BASE_DAVIS-MONTHAN_AFB.html,,Active Duty,Yes,USAF,
DOVER AFB,"39°07'39""N","75°28'06""W",18S VJ 59518 31029,17D,17D (CYBERSPACE OPERATIONS),https://paladindanse111.github.io/AFSC-PDFs/AFSC_files/17D.html,https://paladindanse111.github.io/AFSC-PDFs/BASE_files/BASE_DOVER_AFB.html,,Active Duty,Yes,USAF,
DUKE FIELD,"30°38'39.32""N","86°31'42.41""W",16R EU 45183 90272,17D,17D (CYBERSPACE OPERATIONS),https://paladindanse111.github.io/AFSC-PDFs/AFSC_files/17D.html,https://paladindanse111.github.io/AFSC-PDFs/WING_files/WING_DUKE_FIELD.html,,Active Duty,Yes,USAF,
DYESS AFB,"32°25'17""N","99°50'31""W",14S MA 20838 87456,17D,17D (CYBERSPACE OPERATIONS),https://paladindanse111.github.io/AFSC-PDFs/AFSC_files/17D.html,https://paladindanse111.github.io/AFSC-PDFs/BASE_files/BASE_DYESS_AFB.html,,Active Duty,Yes,USAF,
EDWARDS AFB,"34°55'25""N","117°53'29""W",11S MU 18582 64934,17D,17D (CYBERSPACE OPERATIONS),https://paladindanse111.github.io/AFSC-PDFs/AFSC_files/17D.html,https://paladindanse111.github.io/AFSC-PDFs/BASE_files/BASE_EDWARDS_AFB.html,,Active Duty,Yes,USAF,
EGLIN AFB,"30°27'49""N","86°33'11""W",16R EU 42905 70243,17D,17D (CYBERSPACE OPERATIONS),https://paladindanse111.github.io/AFSC-PDFs/AFSC_files/17D.html,https://paladindanse111.github.io/AFSC-PDFs/BASE_files/BASE_EGLIN_AFB.html,,Active Duty,Yes,USAF,
EIELSON AFB,"64°39'52""N","147°05'45""W",6W VS 95424 71061,17D,17D (CYBERSPACE OPERATIONS),https://paladindanse111.github.io/AFSC-PDFs/AFSC_files/17D.html,https://paladindanse111.github.io/AFSC-PDFs/BASE_files/BASE_EIELSON_AFB.html,,Active Duty,Yes,USAF,
EINSIEDLERHOF STG,"49°25'60.00""N","7°40'0.00""E",,17D,17D (CYBERSPACE OPERATIONS),https://paladindanse111.github.io/AFSC-PDFs/AFSC_files/17D.html,,,Active Duty,No,USAF,
ELLSWORTH AFB,"44°08'54""N","103°05'15""W",13T FJ 52951 90126,17D,17D (CYBERSPACE OPERATIONS),https://paladindanse111.github.io/AFSC-PDFs/AFSC_files/17D.html,https://paladindanse111.github.io/AFSC-PDFs/BASE_files/BASE_ELLSWORTH_AFB.html,,Active Duty,Yes,USAF,
FAIRCHILD AFB,"47°38'28""N","117°38'41""W",11T MN 51574 76613,17D,17D (CYBERSPACE OPERATIONS),https://paladindanse111.github.io/AFSC-PDFs/AFSC_files/17D.html,https://paladindanse111.github.io/AFSC-PDFs/BASE_files/BASE_FAIRCHILD_AFB.html,,Active Duty,Yes,USAF,
FE WARREN AFB,"41°08'32""N","104°52'41""W",13T EF 10233 54552,17D,17D (CYBERSPACE OPERATIONS),https://paladindanse111.github.io/AFSC-PDFs/AFSC_files/17D.html,https://paladindanse111.github.io/AFSC-PDFs/BASE_files/BASE_FE_WARREN_AFB.html,,Active Duty,Yes,USAF,
FORD ISLAND AIN,"21°22'0.00""N","157°58'0.00""W",,17D,17D (CYBERSPACE OPERATIONS),https://paladindanse111.github.io/AFSC-PDFs/AFSC_files/17D.html,,,Active Duty,No,USAF,
FT BELVOIR,"38°43'05""N","77°09'16""W",18S UH 12695 87692,17D,17D (CYBERSPACE OPERATIONS),https://paladindanse111.github.io/AFSC-PDFs/AFSC_files/17D.html,https://paladindanse111.github.io/AFSC-PDFs/BASE_files/BASE_FT_BELVOIR.html,,Active Duty,Yes,USAF,
FT BLISS AIN,"31°48'0.00""N","106°25'0.00""W",,17D,17D (CYBERSPACE OPERATIONS),https://paladindanse111.github.io/AFSC-PDFs/AFSC_files/17D.html,https://paladindanse111.github.io/AFSC-PDFs/BASE_files/BASE_FT_BLISS_AIN.html,,Active Duty,No,USAF,Note: Army base websites may be blocked on MissionNet.
FT CAMPBELL,"36°39'46""N","87°28'37""W",16S DF 57376 57570,17D,17D (CYBERSPACE OPERATIONS),https://paladindanse111.github.io/AFSC-PDFs/AFSC_files/17D.html,https://paladindanse111.github.io/AFSC-PDFs/BASE_files/BASE_FT_CAMPBELL.html,,Active Duty,Yes,USAF,Note: Army base websites may be blocked on MissionNet.
FT CARSON,"38°44'14""N","104°47'19""W",13S EC 18372 87637,17D,17D (CYBERSPACE OPERATIONS),https://paladindanse111.github.io/AFSC-PDFs/AFSC_files/17D.html,https://paladindanse111.github.io/AFSC-PDFs/BASE_files/BASE_FT_CARSON.html,,Active Duty,Yes,USAF,Note: Army base websites may be blocked on MissionNet.
FT CAVAZOS,"31°08'22""N","97°45'56""W",14R PV 17679 45711,17D,17D (CYBERSPACE OPERATIONS),https://paladindanse111.github.io/AFSC-PDFs/AFSC_files/17D.html,https://paladindanse111.github.io/AFSC-PDFs/BASE_files/BASE_FT_CAVAZOS.html,,Active Duty,Yes,USAF,Note: Army base websites may be blocked on MissionNet.
FT DRUM AIN,"44°2'60.00""N","75°43'60.00""W",,17D,17D (CYBERSPACE OPERATIONS),https://paladindanse111.github.io/AFSC-PDFs/AFSC_files/17D.html,https://paladindanse111.github.io/AFSC-PDFs/BASE_files/BASE_FT_DRUM_AIN.html,,Active Duty,No,USAF,Note: Army base websites may be blocked on MissionNet.
FT GEORGE G MEADE,"39°06'14""N","76°44'42""W",18S UJ 49113 29754,17D,17D (CYBERSPACE OPERATIONS),https://paladindanse111.github.io/AFSC-PDFs/AFSC_files/17D.html,https://paladindanse111.github.io/AFSC-PDFs/BASE_files/BASE_FT_GEORGE_G_MEADE.html,,Active Duty,Yes,USAF,
FT HUACHUCA AIN,"31°33'0.00""N","110°19'60.00""W",,17D,17D (CYBERSPACE OPERATIONS),https://paladindanse111.github.io/AFSC-PDFs/AFSC_files/17D.html,https://paladindanse111.github.io/AFSC-PDFs/BASE_files/BASE_FT_HUACHUCA_AIN.html,,Active Duty,No,USAF,Note: Army base websites may be blocked on MissionNet.
FT LIBERTY (FT BRAGG),"35°7'60.00""N","78°58'60.00""W",,17D,17D (CYBERSPACE OPERATIONS),https://paladindanse111.github.io/AFSC-PDFs/AFSC_files/17D.html,https://paladindanse111.github.io/AFSC-PDFs/BASE_files/BASE_FT_LIBERTY.html,,Active Duty,No,USAF,Note: Army base websites may be blocked on MissionNet.
FT MCNAIR AIN,"38°52'0.00""N","77°4'0.00""W",,17D,17D (CYBERSPACE OPERATIONS),https://paladindanse111.github.io/AFSC-PDFs/AFSC_files/17D.html,,,Active Duty,No,USAF,
FT RILEY AIN,"39°10'0.00""N","96°49'0.00""W",,17D,17D (CYBERSPACE OPERATIONS),https://paladindanse111.github.io/AFSC-PDFs/AFSC_files/17D.html,https://paladindanse111.github.io/AFSC-PDFs/BASE_files/BASE_FT_RILEY_AIN.html,,Active Duty,No,USAF,Note: Army base websites may be blocked on MissionNet.
FT STEWART,"31°52'05""N","81°36'32""W",17R MR 42404 25972,17D,17D (CYBERSPACE OPERATIONS),https://paladindanse111.github.io/AFSC-PDFs/AFSC_files/17D.html,https://paladindanse111.github.io/AFSC-PDFs/BASE_files/BASE_FT_STEWART.html,,Active Duty,Yes,USAF,
GHEDI AB,"45°0'0.00""N","12°0'0.00""E",,17D,17D (CYBERSPACE OPERATIONS),https://paladindanse111.github.io/AFSC-PDFs/AFSC_files/17D.html,https://paladindanse111.github.io/AFSC-PDFs/BASE_files/BASE_GHEDI_AB.html,,Active Duty,No,USAF,
GOODFELLOW AFB,"31°26'09""N","100°24'03""W",14R LV 66873 78753,17D,17D (CYBERSPACE OPERATIONS),https://paladindanse111.github.io/AFSC-PDFs/AFSC_files/17D.html,https://paladindanse111.github.io/AFSC-PDFs/BASE_files/BASE_GOODFELLOW_AFB.html,,Active Duty,Yes,USAF,
GRAND FORKS AFB,"47°57'07""N","97°22'57""W",14T PU 20768 12225,17D,17D (CYBERSPACE OPERATIONS),https://paladindanse111.github.io/AFSC-PDFs/AFSC_files/17D.html,https://paladindanse111.github.io/AFSC-PDFs/BASE_files/BASE_GRAND_FORKS_AFB.html,,Active Duty,Yes,USAF,
HANSCOM AFB,"42°27'23""N","71°16'35""W",19T CH 12823 02961,17D,17D (CYBERSPACE OPERATIONS),https://paladindanse111.github.io/AFSC-PDFs/AFSC_files/17D.html,https://paladindanse111.github.io/AFSC-PDFs/BASE_files/BASE_HANSCOM_AFB.html,,Active Duty,Yes,USAF,
HILL AFB,"41°06'36""N","111°58'56""W",12T VL 17530 51433,17D,17D (CYBERSPACE OPERATIONS),https://paladindanse111.github.io/AFSC-PDFs/AFSC_files/17D.html,https://paladindanse111.github.io/AFSC-PDFs/BASE_files/BASE_HILL_AFB.html,,Active Duty,Yes,USAF,
HOLLOMAN AFB,"32°50'33""N","106°05'55""W",13S CS 97187 34361,17D,17D (CYBERSPACE OPERATIONS),https://paladindanse111.github.io/AFSC-PDFs/AFSC_files/17D.html,https://paladindanse111.github.io/AFSC-PDFs/BASE_files/BASE_HOLLOMAN_AFB.html,,Active Duty,Yes,USAF,
HOMESTEAD AIR RESERVE BASE,"25°29'19.00""N","80°23'1.00""W",,17D,17D (CYBERSPACE OPERATIONS),https://paladindanse111.github.io/AFSC-PDFs/AFSC_files/17D.html,,,Active Duty,No,USAF,
HURLBURT FIELD,"30°25'23""N","86°41'41""W",16R EU 29317 65704,17D,17D (CYBERSPACE OPERATIONS),https://paladindanse111.github.io/AFSC-PDFs/AFSC_files/17D.html,https://paladindanse111.github.io/AFSC-PDFs/BASE_files/BASE_HURLBURT_FIELD.html,,Active Duty,Yes,USAF,
INCIRLIK AB,"37°00'12""N","35°26'02""E",36S YF 16566 98011,17D,17D (CYBERSPACE OPERATIONS),https://paladindanse111.github.io/AFSC-PDFs/AFSC_files/17D.html,https://paladindanse111.github.io/AFSC-PDFs/BASE_files/BASE_INCIRLIK_AB.html,,Active Duty,Yes,USAF,
JB ANACOSTIA-BOLLING,"38°50'29""N","77°01'05""W",18S UJ 24855 01110,17D,17D (CYBERSPACE OPERATIONS),https://paladindanse111.github.io/AFSC-PDFs/AFSC_files/17D.html,https://paladindanse111.github.io/AFSC-PDFs/BASE_files/BASE_JB_ANACOSTIA-BOLLING.html,,Active Duty,Yes,USAF,
JB CHARLESTON,"32°53'29""N","80°04'03""W",17S NS 87218 39631,17D,17D (CYBERSPACE OPERATIONS),https://paladindanse111.github.io/AFSC-PDFs/AFSC_files/17D.html,https://paladindanse111.github.io/AFSC-PDFs/BASE_files/BASE_JB_CHARLESTON.html,,Active Duty,Yes,USAF,
JB ELMENDORF-RICHARDSON,"61°15'44""N","149°41'53""W",6V UN 55306 94983,17D,17D (CYBERSPACE OPERATIONS),https://paladindanse111.github.io/AFSC-PDFs/AFSC_files/17D.html,https://paladindanse111.github.io/AFSC-PDFs/BASE_files/BASE_JB_ELMENDORF-RICHARDSON.html,,Active Duty,Yes,USAF,
JB LANGLEY-EUSTIS,"37°05'00""N","76°21'33""W",18S UG 79195 04980,17D,17D (CYBERSPACE OPERATIONS),https://paladindanse111.github.io/AFSC-PDFs/AFSC_files/17D.html,https://paladindanse111.github.io/AFSC-PDFs/BASE_files/BASE_JB_LANGLEY-EUSTIS.html,,Active Duty,Yes,USAF,
JB LEWIS-MCCHORD,"47°05'30""N","122°36'53""W",10T ET 29240 15422,17D,17D (CYBERSPACE OPERATIONS),https://paladindanse111.github.io/AFSC-PDFs/AFSC_files/17D.html,https://paladindanse111.github.io/AFSC-PDFs/BASE_files/BASE_JB_LEWIS-MCCHORD.html,,Active Duty,Yes,USAF,
JB MCGUIRE-DIX-LAKEHURST,"40°02'15""N","74°35'18""W",18T WK 35120 32000,17D,17D (CYBERSPACE OPERATIONS),https://paladindanse111.github.io/AFSC-PDFs/AFSC_files/17D.html,https://paladindanse111.github.io/AFSC-PDFs/BASE_files/BASE_JB_MCGUIRE-DIX-LAKEHURST.html,,Active Duty,Yes,USAF,
JB PEARL HARBOR-HICKAM,"21°20'15""N","157°57'43""W",4Q FJ 07643 59855,17D,17D (CYBERSPACE OPERATIONS),https://paladindanse111.github.io/AFSC-PDFs/AFSC_files/17D.html,https://paladindanse111.github.io/AFSC-PDFs/BASE_files/BASE_JB_PEARL_HARBOR-HICKAM.html,,Active Duty,Yes,USAF,
JBSA LACKLAND,"29°23'14""N","98°37'16""W",14R NT 36765 50947,17D,17D (CYBERSPACE OPERATIONS),https://paladindanse111.github.io/AFSC-PDFs/AFSC_files/17D.html,https://paladindanse111.github.io/AFSC-PDFs/BASE_files/BASE_JBSA_LACKLAND.html,,Active Duty,Yes,USAF,
JBSA RANDOLPH,"29°31'57""N","98°16'45""W",14R NT 69847 67200,17D,17D (CYBERSPACE OPERATIONS),https://paladindanse111.github.io/AFSC-PDFs/AFSC_files/17D.html,https://paladindanse111.github.io/AFSC-PDFs/BASE_files/BASE_JBSA_RANDOLPH.html,,Active Duty,Yes,USAF,
KADENA AB,"26°21'30""N","127°46'20""E",52R CQ 77496 15950,17D,17D (CYBERSPACE OPERATIONS),https://paladindanse111.github.io/AFSC-PDFs/AFSC_files/17D.html,https://paladindanse111.github.io/AFSC-PDFs/BASE_files/BASE_KADENA_AB.html,,Active Duty,Yes,USAF,
KAPAUN AIR STATION,"49°25'44""N","7°41'53""E",32U MV 05594 75949,17D,17D (CYBERSPACE OPERATIONS),https://paladindanse111.github.io/AFSC-PDFs/AFSC_files/17D.html,https://paladindanse111.github.io/AFSC-PDFs/BASE_files/BASE_KAPAUN_AIR_STATION.html,,Active Duty,Yes,USAF,
KEESLER AFB,"30°24'34""N","88°55'34""W",16R CU 14981 65731,17D,17D (CYBERSPACE OPERATIONS),https://paladindanse111.github.io/AFSC-PDFs/AFSC_files/17D.html,https://paladindanse111.github.io/AFSC-PDFs/BASE_files/BASE_KEESLER_AFB.html,,Active Duty,Yes,USAF,
KIRTLAND AFB,"35°00'39""N","106°30'44""W",13S CU 62019 75289,17D,17D (CYBERSPACE OPERATIONS),https://paladindanse111.github.io/AFSC-PDFs/AFSC_files/17D.html,https://paladindanse111.github.io/AFSC-PDFs/BASE_files/BASE_KIRTLAND_AFB.html,,Active Duty,Yes,USAF,
KLEINE BROGEL ABS,"51°10'6.00""N","5°28'12.00""E",,17D,17D (CYBERSPACE OPERATIONS),https://paladindanse111.github.io/AFSC-PDFs/AFSC_files/17D.html,https://paladindanse111.github.io/AFSC-PDFs/BASE_files/BASE_KLEINE_BROGEL_ABS.html,,Active Duty,No,USAF,
KUNSAN AB,"35°55'09""N","126°37'54""E",52S BE 86310 77574,17D,17D (CYBERSPACE OPERATIONS),https://paladindanse111.github.io/AFSC-PDFs/AFSC_files/17D.html,https://paladindanse111.github.io/AFSC-PDFs/BASE_files/BASE_KUNSAN_AB.html,,Active Duty,Yes,USAF,
LAJES FIELD,"38°45'42.00""N","27°5'27.00""W",,17D,17D (CYBERSPACE OPERATIONS),https://paladindanse111.github.io/AFSC-PDFs/AFSC_files/17D.html,https://paladindanse111.github.io/AFSC-PDFs/BASE_files/BASE_LAJES_FIELD.html.html,,Active Duty,No,USAF,
LAKENHEATH RAF,"52°23'23""N","0°32'14""E",31U CU 32414 07239,17D,17D (CYBERSPACE OPERATIONS),https://paladindanse111.github.io/AFSC-PDFs/AFSC_files/17D.html,https://paladindanse111.github.io/AFSC-PDFs/BASE_files/BASE_LAKENHEATH_RAF.html,,Active Duty,Yes,USAF,
LITTLE ROCK AFB,"34°53'47""N","92°08'38""W",15S WU 78220 61887,17D,17D (CYBERSPACE OPERATIONS),https://paladindanse111.github.io/AFSC-PDFs/AFSC_files/17D.html,https://paladindanse111.github.io/AFSC-PDFs/BASE_files/BASE_LITTLE_ROCK_AFB.html,,Active Duty,Yes,USAF,
LUKE AFB,"33°32'22""N","112°22'32""W",12S UC 72284 11939,17D,17D (CYBERSPACE OPERATIONS),https://paladindanse111.github.io/AFSC-PDFs/AFSC_files/17D.html,https://paladindanse111.github.io/AFSC-PDFs/BASE_files/BASE_LUKE_AFB.html,,Active Duty,Yes,USAF,
MACDILL AFB,"27°51'28""N","82°29'19""W",17R LL 53434 82337,17D,17D (CYBERSPACE OPERATIONS),https://paladindanse111.github.io/AFSC-PDFs/AFSC_files/17D.html,https://paladindanse111.github.io/AFSC-PDFs/BASE_files/BASE_MACDILL_AFB.html,,Active Duty,Yes,USAF,
MAINZ KASTEL AIN,"50°1'60.00""N","8°34'0.00""E",,17D,17D (CYBERSPACE OPERATIONS),https://paladindanse111.github.io/AFSC-PDFs/AFSC_files/17D.html,,,Active Duty,No,USAF,
MAXWELL-GUNTER AFB,"32°22'43""N","86°21'44""W",16S EA 59993 82581,17D,17D (CYBERSPACE OPERATIONS),https://paladindanse111.github.io/AFSC-PDFs/AFSC_files/17D.html,https://paladindanse111.github.io/AFSC-PDFs/BASE_files/BASE_MAXWELL-GUNTER_AFB.html,,Active Duty,Yes,USAF,
MCCONNELL AFB,"37°37'51""N","97°15'06""W",14S PG 54271 66293,17D,17D (CYBERSPACE OPERATIONS),https://paladindanse111.github.io/AFSC-PDFs/AFSC_files/17D.html,https://paladindanse111.github.io/AFSC-PDFs/BASE_files/BASE_MCCONNELL_AFB.html,,Active Duty,Yes,USAF,
MILDENHALL RAF,"52°21'45""N","0°30'14""E",31U CU 30041 04290,17D,17D (CYBERSPACE OPERATIONS),https://paladindanse111.github.io/AFSC-PDFs/AFSC_files/17D.html,https://paladindanse111.github.io/AFSC-PDFs/BASE_files/BASE_MILDENHALL_RAF.html,,Active Duty,Yes,USAF,
MINOT AFB,"48°25'13""N","101°19'36""W",14U LU 27861 65629,17D,17D (CYBERSPACE OPERATIONS),https://paladindanse111.github.io/AFSC-PDFs/AFSC_files/17D.html,https://paladindanse111.github.io/AFSC-PDFs/BASE_files/BASE_MINOT_AFB.html,,Active Duty,Yes,USAF,
MISAWA AB,"40°41'55""N","141°22'28""E",54T WL 31634 05368,17D,17D (CYBERSPACE OPERATIONS),https://paladindanse111.github.io/AFSC-PDFs/AFSC_files/17D.html,https://paladindanse111.github.io/AFSC-PDFs/BASE_files/BASE_MISAWA_AB.html,,Active Duty,Yes,USAF,
MOHRINGEN AIN,"48°43'60.00""N","9°7'60.00""E",,17D,17D (CYBERSPACE OPERATIONS),https://paladindanse111.github.io/AFSC-PDFs/AFSC_files/17D.html,,,Active Duty,No,USAF,
MOLESWORTH STG,"52°22'0.00""N","0°24'0.00""W",,17D,17D (CYBERSPACE OPERATIONS),https://paladindanse111.github.io/AFSC-PDFs/AFSC_files/17D.html,,,Active Duty,No,USAF,
MONS (BELGIUM),"50°30'0.00""N","4°1'60.00""E",,17D,17D (CYBERSPACE OPERATIONS),https://paladindanse111.github.io/AFSC-PDFs/AFSC_files/17D.html,,,Active Duty,No,USAF,
MOODY AFB,"30°58'12""N","83°11'47""W",17R KQ 90229 28346,17D,17D (CYBERSPACE OPERATIONS),https://paladindanse111.github.io/AFSC-PDFs/AFSC_files/17D.html,https://paladindanse111.github.io/AFSC-PDFs/BASE_files/BASE_MOODY_AFB.html,,Active Duty,Yes,USAF,
MOUNTAIN HOME AFB,"43°03'59""N","115°51'18""W",11T NH 93226 68823,17D,17D (CYBERSPACE OPERATIONS),https://paladindanse111.github.io/AFSC-PDFs/AFSC_files/17D.html,https://paladindanse111.github.io/AFSC-PDFs/BASE_files/BASE_MOUNTAIN_HOME_AFB.html,,Active Duty,Yes,USAF,
NELLIS AFB,"36°14'25""N","115°03'14""W",11S PA 74874 12355,17D,17D (CYBERSPACE OPERATIONS),https://paladindanse111.github.io/AFSC-PDFs/AFSC_files/17D.html,https://paladindanse111.github.io/AFSC-PDFs/BASE_files/BASE_NELLIS_AFB.html,,Active Duty,Yes,USAF,
NORFOLK NAS,"36°56'15.00""N","76°17'21.00""W",,17D,17D (CYBERSPACE OPERATIONS),https://paladindanse111.github.io/AFSC-PDFs/AFSC_files/17D.html,,,Active Duty,No,USAF,
NORTHWOOD (UNITED KINGDOM),"51°36'0.00""N","0°25'0.00""W",,17D,17D (CYBERSPACE OPERATIONS),https://paladindanse111.github.io/AFSC-PDFs/AFSC_files/17D.html,,,Active Duty,No,USAF,
OFFUTT AFB,"41°07'25""N","95°54'52""W",15T TF 55334 56573,17D,17D (CYBERSPACE OPERATIONS),https://paladindanse111.github.io/AFSC-PDFs/AFSC_files/17D.html,https://paladindanse111.github.io/AFSC-PDFs/BASE_files/BASE_OFFUTT_AFB.html,,Active Duty,Yes,USAF,
OSAN AB,"37°05'19""N","127°01'50""E",52S CG 24960 06516,17D,17D (CYBERSPACE OPERATIONS),https://paladindanse111.github.io/AFSC-PDFs/AFSC_files/17D.html,https://paladindanse111.github.io/AFSC-PDFs/BASE_files/BASE_OSAN_AB.html,,Active Duty,Yes,USAF,
OTTAWA (CANADA),"45°27'0.00""N","75°42'0.00""W",,17D,17D (CYBERSPACE OPERATIONS),https://paladindanse111.github.io/AFSC-PDFs/AFSC_files/17D.html,,,Active Duty,No,USAF,
PATRICK SFB,"28°14'21""N","80°36'26""W",17R NM 38533 23759,17D,17D (CYBERSPACE OPERATIONS),https://paladindanse111.github.io/AFSC-PDFs/AFSC_files/17D.html,https://paladindanse111.github.io/AFSC-PDFs/BASE_files/BASE_PATRICK_SFB.html,,Active Duty,Yes,USAF,
PENTAGON,"38°52'15""N","77°03'21""W",18S UJ 21650 04451,17D,17D (CYBERSPACE OPERATIONS),https://paladindanse111.github.io/AFSC-PDFs/AFSC_files/17D.html,https://paladindanse111.github.io/AFSC-PDFs/BASE_files/BASE_PENTAGON.html,,Active Duty,Yes,USAF,
PETERSON SFB,"38°49'32""N","104°41'58""W",13S EC 26089 97461,17D,17D (CYBERSPACE OPERATIONS),https://paladindanse111.github.io/AFSC-PDFs/AFSC_files/17D.html,https://paladindanse111.github.io/AFSC-PDFs/BASE_files/BASE_PETERSON_SFB.html,,Active Duty,Yes,USAF,
PITUFFIK SBS,"76°31'52.00""N","68°42'12.00""W",,17D,17D (CYBERSPACE OPERATIONS),https://paladindanse111.github.io/AFSC-PDFs/AFSC_files/17D.html,https://paladindanse111.github.io/AFSC-PDFs/BASE_files/BASE_PITUFFIK_SBS.html,,Active Duty,No,USAF,
POGGIO RENATICO (ITALY),"44°46'0.00""N","11°28'60.00""E",,17D,17D (CYBERSPACE OPERATIONS),https://paladindanse111.github.io/AFSC-PDFs/AFSC_files/17D.html,,,Active Duty,No,USAF,
POPE AAF,"35°10'16""N","79°01'02""W",17S PU 80566 93819,17D,17D (CYBERSPACE OPERATIONS),https://paladindanse111.github.io/AFSC-PDFs/AFSC_files/17D.html,https://paladindanse111.github.io/AFSC-PDFs/BASE_files/BASE_POPE_AAF.html,,Active Duty,Yes,USAF,
RAMSTEIN AB,"49°26'23""N","7°35'47""E",32U LV 98244 77286,17D,17D (CYBERSPACE OPERATIONS),https://paladindanse111.github.io/AFSC-PDFs/AFSC_files/17D.html,https://paladindanse111.github.io/AFSC-PDFs/BASE_files/BASE_RAMSTEIN_AB.html.html,,Active Duty,Yes,USAF,
ROBINS AFB,"32°38'23""N","83°35'30""W",17S KS 56883 14314,17D,17D (CYBERSPACE OPERATIONS),https://paladindanse111.github.io/AFSC-PDFs/AFSC_files/17D.html,https://paladindanse111.github.io/AFSC-PDFs/BASE_files/BASE_ROBINS_AFB.html,,Active Duty,Yes,USAF,
ROME LAB MTC,"43° 13' 57""N","75° 25' 0""W",18T VN 66166 86718,17D,17D (CYBERSPACE OPERATIONS),https://paladindanse111.github.io/AFSC-PDFs/AFSC_files/17D.html,https://paladindanse111.github.io/AFSC-PDFs/BASE_files/BASE_ROME_LAB_MTC.html,,Active Duty,Yes,USAF,
SCHRIEVER SFB,"38°48'12""N","104°31'32""W",13S EC 41196 95059,17D,17D (CYBERSPACE OPERATIONS),https://paladindanse111.github.io/AFSC-PDFs/AFSC_files/17D.html,https://paladindanse111.github.io/AFSC-PDFs/BASE_files/BASE_SCHRIEVER_SFB.html,,Active Duty,Yes,USAF,
SCOTT AFB,"38°32'29""N","89°51'18""W",16S BH 51169 69750,17D,17D (CYBERSPACE OPERATIONS),https://paladindanse111.github.io/AFSC-PDFs/AFSC_files/17D.html,https://paladindanse111.github.io/AFSC-PDFs/BASE_files/BASE_SCOTT_AFB.html,,Active Duty,Yes,USAF,
SEYMOUR JOHNSON AFB,"35°20'24""N","77°57'41""W",18S TE 30850 14774,17D,17D (CYBERSPACE OPERATIONS),https://paladindanse111.github.io/AFSC-PDFs/AFSC_files/17D.html,https://paladindanse111.github.io/AFSC-PDFs/BASE_files/BASE_SEYMOUR_JOHNSON_AFB.html,,Active Duty,Yes,USAF,
SHAPE ADM,"50°30'0.00""N","3°58'60.00""E",,17D,17D (CYBERSPACE OPERATIONS),https://paladindanse111.github.io/AFSC-PDFs/AFSC_files/17D.html,,,Active Duty,No,USAF,
SHAW AFB,"33°58'02""N","80°29'05""W",17S NT 47603 58641,17D,17D (CYBERSPACE OPERATIONS),https://paladindanse111.github.io/AFSC-PDFs/AFSC_files/17D.html,https://paladindanse111.github.io/AFSC-PDFs/BASE_files/BASE_SHAW_AFB.html,,Active Duty,Yes,USAF,
SHEPPARD AFB,"33°58'06""N","98°30'38""W",14S NC 45216 58752,17D,17D (CYBERSPACE OPERATIONS),https://paladindanse111.github.io/AFSC-PDFs/AFSC_files/17D.html,https://paladindanse111.github.io/AFSC-PDFs/BASE_files/BASE_SHEPPARD_AFB.html,,Active Duty,Yes,USAF,
SIGONELLA NAS,"37°24'6.00""N","14°55'21.00""E",,17D,17D (CYBERSPACE OPERATIONS),https://paladindanse111.github.io/AFSC-PDFs/AFSC_files/17D.html,https://paladindanse111.github.io/AFSC-PDFs/BASE_files/BASE_SIGONELLA_NAS.html,,Active Duty,No,USAF,
SPANGDAHLEM AB,"49°59'38""N","6°41'55""E",32U LA 35052 40489,17D,17D (CYBERSPACE OPERATIONS),https://paladindanse111.github.io/AFSC-PDFs/AFSC_files/17D.html,https://paladindanse111.github.io/AFSC-PDFs/BASE_files/BASE_SPANGDAHLEM_AB.html,,Active Duty,Yes,USAF,
STAVANGER AB,"58°58'0.00""N","5°45'0.00""E",,17D,17D (CYBERSPACE OPERATIONS),https://paladindanse111.github.io/AFSC-PDFs/AFSC_files/17D.html,,,Active Duty,No,USAF,
STUTTGART VAIHING (GERMANY),"48°43'60.00""N","9°5'60.00""E",,17D,17D (CYBERSPACE OPERATIONS),https://paladindanse111.github.io/AFSC-PDFs/AFSC_files/17D.html,https://paladindanse111.github.io/AFSC-PDFs/BASE_files/BASE_STUTTGART_VAIHINGEN.html,,Active Duty,No,USAF,Note: Army base websites may be blocked on MissionNet.
SUWON ABS,"37°14'22.00""N","127°0'25.00""E",,17D,17D (CYBERSPACE OPERATIONS),https://paladindanse111.github.io/AFSC-PDFs/AFSC_files/17D.html,,,Active Duty,No,USAF,
TINKER AFB,"35°25'09""N","97°24'15""W",14S PE 44882 20698,17D,17D (CYBERSPACE OPERATIONS),https://paladindanse111.github.io/AFSC-PDFs/AFSC_files/17D.html,https://paladindanse111.github.io/AFSC-PDFs/BASE_files/BASE_TINKER_AFB.html,,Active Duty,Yes,USAF,
TRAVIS AFB,"38°16'09""N","121°56'51""W",10S EH 92069 36204,17D,17D (CYBERSPACE OPERATIONS),https://paladindanse111.github.io/AFSC-PDFs/AFSC_files/17D.html,https://paladindanse111.github.io/AFSC-PDFs/BASE_files/BASE_TRAVIS_AFB.html,,Active Duty,Yes,USAF,
TYNDALL AFB,"30°04'47""N","85°36'26""W",16R FU 34229 28437,17D,17D (CYBERSPACE OPERATIONS),https://paladindanse111.github.io/AFSC-PDFs/AFSC_files/17D.html,https://paladindanse111.github.io/AFSC-PDFs/BASE_files/BASE_TYNDALL_AFB.html,,Active Duty,Yes,USAF,
UEDEM (GERMANY),"51°40'57.00""N","6°17'57.00""E",,17D,17D (CYBERSPACE OPERATIONS),https://paladindanse111.github.io/AFSC-PDFs/AFSC_files/17D.html,,,Active Duty,No,USAF,
USAF ACADEMY,"39°0'0.00""N","104°52'60.00""W",,17D,17D (CYBERSPACE OPERATIONS),https://paladindanse111.github.io/AFSC-PDFs/AFSC_files/17D.html,https://paladindanse111.github.io/AFSC-PDFs/BASE_files/BASE_USAF_ACADEMY.html,,Active Duty,No,USAF,
VANCE AFB,"36°20'21""N","97°54'47""W",14S NF 97544 22116,17D,17D (CYBERSPACE OPERATIONS),https://paladindanse111.github.io/AFSC-PDFs/AFSC_files/17D.html,https://paladindanse111.github.io/AFSC-PDFs/BASE_files/BASE_VANCE_AFB.html,,Active Duty,Yes,USAF,
VANDENBERG SFB,"34°44'31""N","120°34'20""W",10S GD 22255 47110,17D,17D (CYBERSPACE OPERATIONS),https://paladindanse111.github.io/AFSC-PDFs/AFSC_files/17D.html,https://paladindanse111.github.io/AFSC-PDFs/BASE_files/BASE_VANDENBERG_SFB.html,,Active Duty,Yes,USAF,
VOLKEL ABS,"51°39'26.00""N","5°42'28.00""E",,17D,17D (CYBERSPACE OPERATIONS),https://paladindanse111.github.io/AFSC-PDFs/AFSC_files/17D.html,https://paladindanse111.github.io/AFSC-PDFs/BASE_files/BASE_VOLKEL_ABS.html,,Active Duty,No,USAF,
WHEELER AAF,"21°29'1.00""N","158°2'23.00""W",,17D,17D (CYBERSPACE OPERATIONS),https://paladindanse111.github.io/AFSC-PDFs/AFSC_files/17D.html,,,Active Duty,No,USAF,
WHITEMAN AFB,"38°43'44""N","93°33'37""W",15S VC 51299 86840,17D,17D (CYBERSPACE OPERATIONS),https://paladindanse111.github.io/AFSC-PDFs/AFSC_files/17D.html,https://paladindanse111.github.io/AFSC-PDFs/BASE_files/BASE_WHITEMAN_AFB.html,,Active Duty,Yes,USAF,
WRIGHT-PATTERSON AFB,"39°48'37""N","84°01'55""W",16S GK 54072 10915,17D,17D (CYBERSPACE OPERATIONS),https://paladindanse111.github.io/AFSC-PDFs/AFSC_files/17D.html,https://paladindanse111.github.io/AFSC-PDFs/BASE_files/BASE_WRIGHT-PATTERSON_AFB.html,,Active Duty,Yes,USAF,
YOKOTA AB,"35°44'35""N","139°20'23""E",54S UE 49872 56720,17D,17D (CYBERSPACE OPERATIONS),https://paladindanse111.github.io/AFSC-PDFs/AFSC_files/17D.html,https://paladindanse111.github.io/AFSC-PDFs/BASE_files/BASE_YOKOTA_AB.html,,Active Duty,Yes,USAF,
ANDERSEN AFB,"13°33'46""N","144°55'25""E",55P BR 75307 00327,18X,18X (RPA PILOT),https://paladindanse111.github.io/AFSC-PDFs/AFSC_files/18XX.html,https://paladindanse111.github.io/AFSC-PDFs/BASE_files/BASE_ANDERSEN_AFB.html,,Active Duty,Yes,USAF,
BEALE AFB,"39°06'41""N","121°21'35""W",10S FJ 41815 30418,18X,18X (RPA PILOT),https://paladindanse111.github.io/AFSC-PDFs/AFSC_files/18XX.html,https://paladindanse111.github.io/AFSC-PDFs/BASE_files/BASE_BEALE_AFB.html,,Active Duty,Yes,USAF,
BEALE AFB,"39°06'41""N","121°21'35""W",10S FJ 41815 30418,18X,18X (RPA PILOT),https://paladindanse111.github.io/AFSC-PDFs/AFSC_files/18XX.html,https://paladindanse111.github.io/AFSC-PDFs/BASE_files/BASE_BEALE_AFB.html,MQ-9,Active Duty,Yes,USAF,
BEALE AFB,"39°06'41""N","121°21'35""W",10S FJ 41815 30418,18X,18X (RPA PILOT),https://paladindanse111.github.io/AFSC-PDFs/AFSC_files/18XX.html,https://paladindanse111.github.io/AFSC-PDFs/BASE_files/BASE_BEALE_AFB.html,RQ-4,Active Duty,Yes,USAF,
CANNON AFB,"34°23'20""N","103°19'05""W",13S FU 54620 06558,18X,18X (RPA PILOT),https://paladindanse111.github.io/AFSC-PDFs/AFSC_files/18XX.html,https://paladindanse111.github.io/AFSC-PDFs/BASE_files/BASE_CANNON_AFB.html,,Active Duty,Yes,USAF,
CANNON AFB,"34°23'20""N","103°19'05""W",13S FU 54620 06558,18X,18X (RPA PILOT),https://paladindanse111.github.io/AFSC-PDFs/AFSC_files/18XX.html,https://paladindanse111.github.io/AFSC-PDFs/BASE_files/BASE_CANNON_AFB.html,MQ-9,Active Duty,Yes,USAF,
CREECH AFB,"36°34'41""N","115°39'29""W",11S PA 20060 48904,18X,18X (RPA PILOT),https://paladindanse111.github.io/AFSC-PDFs/AFSC_files/18XX.html,https://paladindanse111.github.io/AFSC-PDFs/BASE_files/BASE_CREECH_AFB.html,,Active Duty,Yes,USAF,
CREECH AFB,"36°34'41""N","115°39'29""W",11S PA 20060 48904,18X,18X (RPA PILOT),https://paladindanse111.github.io/AFSC-PDFs/AFSC_files/18XX.html,https://paladindanse111.github.io/AFSC-PDFs/BASE_files/BASE_CREECH_AFB.html,MQ-9,Active Duty,Yes,USAF,
DAVIS-MONTHAN AFB,"32°10'14""N","110°52'39""W",12S WA 11549 59347,18X,18X (RPA PILOT),https://paladindanse111.github.io/AFSC-PDFs/AFSC_files/18XX.html,https://paladindanse111.github.io/AFSC-PDFs/BASE_files/BASE_DAVIS-MONTHAN_AFB.html,MQ-9,Active Duty,Yes,USAF,
EDWARDS AFB,"34°55'25""N","117°53'29""W",11S MU 18582 64934,18X,18X (RPA PILOT),https://paladindanse111.github.io/AFSC-PDFs/AFSC_files/18XX.html,https://paladindanse111.github.io/AFSC-PDFs/BASE_files/BASE_EDWARDS_AFB.html,,Active Duty,Yes,USAF,
EDWARDS AFB,"34°55'25""N","117°53'29""W",11S MU 18582 64934,18X,18X (RPA PILOT),https://paladindanse111.github.io/AFSC-PDFs/AFSC_files/18XX.html,https://paladindanse111.github.io/AFSC-PDFs/BASE_files/BASE_EDWARDS_AFB.html,RQ-4,Active Duty,Yes,USAF,
ELLSWORTH AFB,"44°08'54""N","103°05'15""W",13T FJ 52951 90126,18X,18X (RPA PILOT),https://paladindanse111.github.io/AFSC-PDFs/AFSC_files/18XX.html,https://paladindanse111.github.io/AFSC-PDFs/BASE_files/BASE_ELLSWORTH_AFB.html,MQ-9,Active Duty,Yes,USAF,
GRAND FORKS AFB,"47°57'07""N","97°22'57""W",14T PU 20768 12225,18X,18X (RPA PILOT),https://paladindanse111.github.io/AFSC-PDFs/AFSC_files/18XX.html,https://paladindanse111.github.io/AFSC-PDFs/BASE_files/BASE_GRAND_FORKS_AFB.html,RQ-4,Active Duty,Yes,USAF,
GRAY BUTTE PLANT ADM,"34°55'60.00""N","118°16'60.00""W",,18X,18X (RPA PILOT),https://paladindanse111.github.io/AFSC-PDFs/AFSC_files/18XX.html,,,Active Duty,No,USAF,
HANCOCK ANG ANX,"43°6'30.00""N","76°6'40.00""W",,18X,18X (RPA PILOT),https://paladindanse111.github.io/AFSC-PDFs/AFSC_files/18XX.html,,MQ-9,Active Duty,No,USAF,
HILL AFB,"41°06'36""N","111°58'56""W",12T VL 17530 51433,18X,18X (RPA PILOT),https://paladindanse111.github.io/AFSC-PDFs/AFSC_files/18XX.html,https://paladindanse111.github.io/AFSC-PDFs/BASE_files/BASE_HILL_AFB.html,,Active Duty,Yes,USAF,
HOLLOMAN AFB,"32°50'33""N","106°05'55""W",13S CS 97187 34361,18X,18X (RPA PILOT),https://paladindanse111.github.io/AFSC-PDFs/AFSC_files/18XX.html,https://paladindanse111.github.io/AFSC-PDFs/BASE_files/BASE_HOLLOMAN_AFB.html,MQ-9,Active Duty,Yes,USAF,
HURLBURT FIELD,"30°25'23""N","86°41'41""W",16R EU 29317 65704,18X,18X (RPA PILOT),https://paladindanse111.github.io/AFSC-PDFs/AFSC_files/18XX.html,https://paladindanse111.github.io/AFSC-PDFs/BASE_files/BASE_HURLBURT_FIELD.html,,Active Duty,Yes,USAF,
HURLBURT FIELD,"30°25'23""N","86°41'41""W",16R EU 29317 65704,18X,18X (RPA PILOT),https://paladindanse111.github.io/AFSC-PDFs/AFSC_files/18XX.html,https://paladindanse111.github.io/AFSC-PDFs/BASE_files/BASE_HURLBURT_FIELD.html,MQ-9,Active Duty,Yes,USAF,
JB LANGLEY-EUSTIS,"37°05'00""N","76°21'33""W",18S UG 79195 04980,18X,18X (RPA PILOT),https://paladindanse111.github.io/AFSC-PDFs/AFSC_files/18XX.html,https://paladindanse111.github.io/AFSC-PDFs/BASE_files/BASE_JB_LANGLEY-EUSTIS.html,,Active Duty,Yes,USAF,
JBSA RANDOLPH,"29°31'57""N","98°16'45""W",14R NT 69847 67200,18X,18X (RPA PILOT),https://paladindanse111.github.io/AFSC-PDFs/AFSC_files/18XX.html,https://paladindanse111.github.io/AFSC-PDFs/BASE_files/BASE_JBSA_RANDOLPH.html,,Active Duty,Yes,USAF,
MARCH ARB,"33°53'26.85""N","117°15'42.24""W",11S MT 75798 50078,18X,18X (RPA PILOT),https://paladindanse111.github.io/AFSC-PDFs/AFSC_files/18XX.html,https://paladindanse111.github.io/AFSC-PDFs/WING_files/WING_MARCH_ARB.html,MQ-9,Active Duty,Yes,USAF,
MAXWELL-GUNTER AFB,"32°22'43""N","86°21'44""W",16S EA 59993 82581,18X,18X (RPA PILOT),https://paladindanse111.github.io/AFSC-PDFs/AFSC_files/18XX.html,https://paladindanse111.github.io/AFSC-PDFs/BASE_files/BASE_MAXWELL-GUNTER_AFB.html,,Active Duty,Yes,USAF,
NELLIS AFB,"36°14'25""N","115°03'14""W",11S PA 74874 12355,18X,18X (RPA PILOT),https://paladindanse111.github.io/AFSC-PDFs/AFSC_files/18XX.html,https://paladindanse111.github.io/AFSC-PDFs/BASE_files/BASE_NELLIS_AFB.html,,Active Duty,Yes,USAF,
NELLIS AFB,"36°14'25""N","115°03'14""W",11S PA 74874 12355,18X,18X (RPA PILOT),https://paladindanse111.github.io/AFSC-PDFs/AFSC_files/18XX.html,https://paladindanse111.github.io/AFSC-PDFs/BASE_files/BASE_NELLIS_AFB.html,MQ-9,Active Duty,Yes,USAF,
NELLIS AFB,"36°14'25""N","115°03'14""W",11S PA 74874 12355,18X,18X (RPA PILOT),https://paladindanse111.github.io/AFSC-PDFs/AFSC_files/18XX.html,https://paladindanse111.github.io/AFSC-PDFs/BASE_files/BASE_NELLIS_AFB.html,RQ-4,Active Duty,Yes,USAF,
OSAN AB,"37°05'19""N","127°01'50""E",52S CG 24960 06516,18X,18X (RPA PILOT),https://paladindanse111.github.io/AFSC-PDFs/AFSC_files/18XX.html,https://paladindanse111.github.io/AFSC-PDFs/BASE_files/BASE_OSAN_AB.html,,Active Duty,Yes,USAF,
PALMDALE USAF PLA ABS,"34°37'46.00""N","118°5'5.00""W",,18X,18X (RPA PILOT),https://paladindanse111.github.io/AFSC-PDFs/AFSC_files/18XX.html,,,Active Duty,No,USAF,
PENTAGON,"38°52'15""N","77°03'21""W",18S UJ 21650 04451,18X,18X (RPA PILOT),https://paladindanse111.github.io/AFSC-PDFs/AFSC_files/18XX.html,https://paladindanse111.github.io/AFSC-PDFs/BASE_files/BASE_PENTAGON.html,,Active Duty,Yes,USAF,
RAF FAIRFORD,"51°40'56.00""N","1°47'24.00""W",,18X,18X (RPA PILOT),https://paladindanse111.github.io/AFSC-PDFs/AFSC_files/18XX.html,,,Active Duty,No,USAF,
RAMSTEIN AB,"49°26'23""N","7°35'47""E",32U LV 98244 77286,18X,18X (RPA PILOT),https://paladindanse111.github.io/AFSC-PDFs/AFSC_files/18XX.html,https://paladindanse111.github.io/AFSC-PDFs/BASE_files/BASE_RAMSTEIN_AB.html.html,,Active Duty,Yes,USAF,
ROBINS AFB,"32°38'23""N","83°35'30""W",17S KS 56883 14314,18X,18X (RPA PILOT),https://paladindanse111.github.io/AFSC-PDFs/AFSC_files/18XX.html,https://paladindanse111.github.io/AFSC-PDFs/BASE_files/BASE_ROBINS_AFB.html,,Active Duty,Yes,USAF,
ROBINS AFB,"32°38'23""N","83°35'30""W",17S KS 56883 14314,18X,18X (RPA PILOT),https://paladindanse111.github.io/AFSC-PDFs/AFSC_files/18XX.html,https://paladindanse111.github.io/AFSC-PDFs/BASE_files/BASE_ROBINS_AFB.html,MQ-9,Active Duty,Yes,USAF,
ROBINS AFB,"32°38'23""N","83°35'30""W",17S KS 56883 14314,18X,18X (RPA PILOT),https://paladindanse111.github.io/AFSC-PDFs/AFSC_files/18XX.html,https://paladindanse111.github.io/AFSC-PDFs/BASE_files/BASE_ROBINS_AFB.html,RQ-4,Active Duty,Yes,USAF,
SCHRIEVER SFB,"38°48'12""N","104°31'32""W",13S EC 41196 95059,18X,18X (RPA PILOT),https://paladindanse111.github.io/AFSC-PDFs/AFSC_files/18XX.html,https://paladindanse111.github.io/AFSC-PDFs/BASE_files/BASE_SCHRIEVER_SFB.html,,Active Duty,Yes,USAF,
SHAW AFB,"33°58'02""N","80°29'05""W",17S NT 47603 58641,18X,18X (RPA PILOT),https://paladindanse111.github.io/AFSC-PDFs/AFSC_files/18XX.html,https://paladindanse111.github.io/AFSC-PDFs/BASE_files/BASE_SHAW_AFB.html,MQ-9,Active Duty,Yes,USAF,
SIGONELLA NAS,"37°24'6.00""N","14°55'21.00""E",,18X,18X (RPA PILOT),https://paladindanse111.github.io/AFSC-PDFs/AFSC_files/18XX.html,https://paladindanse111.github.io/AFSC-PDFs/BASE_files/BASE_SIGONELLA_NAS.html,,Active Duty,No,USAF,
SIGONELLA NAS,"37°24'6.00""N","14°55'21.00""E",,18X,18X (RPA PILOT),https://paladindanse111.github.io/AFSC-PDFs/AFSC_files/18XX.html,https://paladindanse111.github.io/AFSC-PDFs/BASE_files/BASE_SIGONELLA_NAS.html,RQ-4,Active Duty,No,USAF,
TYNDALL AFB,"30°04'47""N","85°36'26""W",16R FU 34229 28437,18X,18X (RPA PILOT),https://paladindanse111.github.io/AFSC-PDFs/AFSC_files/18XX.html,https://paladindanse111.github.io/AFSC-PDFs/BASE_files/BASE_TYNDALL_AFB.html,,Active Duty,Yes,USAF,
WHITEMAN AFB,"38°43'44""N","93°33'37""W",15S VC 51299 86840,18X,18X (RPA PILOT),https://paladindanse111.github.io/AFSC-PDFs/AFSC_files/18XX.html,https://paladindanse111.github.io/AFSC-PDFs/BASE_files/BASE_WHITEMAN_AFB.html,MQ-9,Active Duty,Yes,USAF,
YOKOTA AB,"35°44'35""N","139°20'23""E",54S UE 49872 56720,18X,18X (RPA PILOT),https://paladindanse111.github.io/AFSC-PDFs/AFSC_files/18XX.html,https://paladindanse111.github.io/AFSC-PDFs/BASE_files/BASE_YOKOTA_AB.html,RQ-4,Active Duty,Yes,USAF,
AVIANO AB,"46°01'49""N","12°36'41""E",33T UM 15147 00185,19Z,19Z (SPECIAL WARFARE),https://paladindanse111.github.io/AFSC-PDFs/AFSC_files/19Z.html,https://paladindanse111.github.io/AFSC-PDFs/BASE_files/BASE_AVIANO_AB.html,,Active Duty,Yes,USAF,
CAMP HUMPHREYS,"36°55'0.00""N","127°2'60.00""E",,19Z,19Z (SPECIAL WARFARE),https://paladindanse111.github.io/AFSC-PDFs/AFSC_files/19Z.html,https://paladindanse111.github.io/AFSC-PDFs/BASE_files/BASE_CAMP_HUMPHREYS.html,,Active Duty,No,USAF,Note: Army base websites may be blocked on MissionNet.
CANNON AFB,"34°23'20""N","103°19'05""W",13S FU 54620 06558,19Z,19Z (SPECIAL WARFARE),https://paladindanse111.github.io/AFSC-PDFs/AFSC_files/19Z.html,https://paladindanse111.github.io/AFSC-PDFs/BASE_files/BASE_CANNON_AFB.html,,Active Duty,Yes,USAF,
CP SMITH MGI,"21°22'0.00""N","157°55'0.00""W",,19Z,19Z (SPECIAL WARFARE),https://paladindanse111.github.io/AFSC-PDFs/AFSC_files/19Z.html,,,Active Duty,No,USAF,
DAVIS-MONTHAN AFB,"32°10'14""N","110°52'39""W",12S WA 11549 59347,19Z,19Z (SPECIAL WARFARE),https://paladindanse111.github.io/AFSC-PDFs/AFSC_files/19Z.html,https://paladindanse111.github.io/AFSC-PDFs/BASE_files/BASE_DAVIS-MONTHAN_AFB.html,,Active Duty,Yes,USAF,
EINSIEDLERHOF STG,"49°25'60.00""N","7°40'0.00""E",,19Z,19Z (SPECIAL WARFARE),https://paladindanse111.github.io/AFSC-PDFs/AFSC_files/19Z.html,,,Active Duty,No,USAF,
FAIRCHILD AFB,"47°38'28""N","117°38'41""W",11T MN 51574 76613,19Z,19Z (SPECIAL WARFARE),https://paladindanse111.github.io/AFSC-PDFs/AFSC_files/19Z.html,https://paladindanse111.github.io/AFSC-PDFs/BASE_files/BASE_FAIRCHILD_AFB.html,,Active Duty,Yes,USAF,
FT BENNING AIN,"32°22'60.00""N","84°52'60.00""W",,19Z,19Z (SPECIAL WARFARE),https://paladindanse111.github.io/AFSC-PDFs/AFSC_files/19Z.html,https://paladindanse111.github.io/AFSC-PDFs/BASE_files/BASE_FT_BENNING_AIN.html,,Active Duty,No,USAF,Note: Army base websites may be blocked on MissionNet.
FT BLISS AIN,"31°48'0.00""N","106°25'0.00""W",,19Z,19Z (SPECIAL WARFARE),https://paladindanse111.github.io/AFSC-PDFs/AFSC_files/19Z.html,https://paladindanse111.github.io/AFSC-PDFs/BASE_files/BASE_FT_BLISS_AIN.html,,Active Duty,No,USAF,Note: Army base websites may be blocked on MissionNet.
FT CAMPBELL,"36°39'46""N","87°28'37""W",16S DF 57376 57570,19Z,19Z (SPECIAL WARFARE),https://paladindanse111.github.io/AFSC-PDFs/AFSC_files/19Z.html,https://paladindanse111.github.io/AFSC-PDFs/BASE_files/BASE_FT_CAMPBELL.html,,Active Duty,Yes,USAF,Note: Army base websites may be blocked on MissionNet.
FT CARSON,"38°44'14""N","104°47'19""W",13S EC 18372 87637,19Z,19Z (SPECIAL WARFARE),https://paladindanse111.github.io/AFSC-PDFs/AFSC_files/19Z.html,https://paladindanse111.github.io/AFSC-PDFs/BASE_files/BASE_FT_CARSON.html,,Active Duty,Yes,USAF,Note: Army base websites may be blocked on MissionNet.
FT CAVAZOS,"31°08'22""N","97°45'56""W",14R PV 17679 45711,19Z,19Z (SPECIAL WARFARE),https://paladindanse111.github.io/AFSC-PDFs/AFSC_files/19Z.html,https://paladindanse111.github.io/AFSC-PDFs/BASE_files/BASE_FT_CAVAZOS.html,,Active Duty,Yes,USAF,Note: Army base websites may be blocked on MissionNet.
FT DRUM AIN,"44°2'60.00""N","75°43'60.00""W",,19Z,19Z (SPECIAL WARFARE),https://paladindanse111.github.io/AFSC-PDFs/AFSC_files/19Z.html,https://paladindanse111.github.io/AFSC-PDFs/BASE_files/BASE_FT_DRUM_AIN.html,,Active Duty,No,USAF,Note: Army base websites may be blocked on MissionNet.
FT KNOX AIN,"37°53'60.00""N","85°58'60.00""W",,19Z,19Z (SPECIAL WARFARE),https://paladindanse111.github.io/AFSC-PDFs/AFSC_files/19Z.html,https://paladindanse111.github.io/AFSC-PDFs/BASE_files/BASE_FT_KNOX_AIN.html,,Active Duty,No,USAF,Note: Army base websites may be blocked on MissionNet.
FT LEAVENWORTH AIN,"39°21'0.00""N","94°55'0.00""W",,19Z,19Z (SPECIAL WARFARE),https://paladindanse111.github.io/AFSC-PDFs/AFSC_files/19Z.html,https://paladindanse111.github.io/AFSC-PDFs/BASE_files/BASE_FT_LEAVENWORTH_AIN.html,,Active Duty,No,USAF,Note: Army base websites may be blocked on MissionNet.
FT RILEY AIN,"39°10'0.00""N","96°49'0.00""W",,19Z,19Z (SPECIAL WARFARE),https://paladindanse111.github.io/AFSC-PDFs/AFSC_files/19Z.html,https://paladindanse111.github.io/AFSC-PDFs/BASE_files/BASE_FT_RILEY_AIN.html,,Active Duty,No,USAF,Note: Army base websites may be blocked on MissionNet.
FT SILL AIN,"34°38'60.00""N","98°24'0.00""W",,19Z,19Z (SPECIAL WARFARE),https://paladindanse111.github.io/AFSC-PDFs/AFSC_files/19Z.html,https://paladindanse111.github.io/AFSC-PDFs/BASE_files/BASE_FT_SILL_AIN.html,,Active Duty,No,USAF,Note: Army base websites may be blocked on MissionNet.
FT STEWART,"31°52'05""N","81°36'32""W",17R MR 42404 25972,19Z,19Z (SPECIAL WARFARE),https://paladindanse111.github.io/AFSC-PDFs/AFSC_files/19Z.html,https://paladindanse111.github.io/AFSC-PDFs/BASE_files/BASE_FT_STEWART.html,,Active Duty,Yes,USAF,
FT WAINWRIGHT AIN,"64°49'60.00""N","147°34'60.00""W",,19Z,19Z (SPECIAL WARFARE),https://paladindanse111.github.io/AFSC-PDFs/AFSC_files/19Z.html,https://paladindanse111.github.io/AFSC-PDFs/BASE_files/BASE_FT_WAINWRIGHT_AIN.html,,Active Duty,No,USAF,Note: Army base websites may be blocked on MissionNet.
HUNTER AAF,"32°0'36.00""N","81°8'46.00""W",,19Z,19Z (SPECIAL WARFARE),https://paladindanse111.github.io/AFSC-PDFs/AFSC_files/19Z.html,,,Active Duty,No,USAF,
HURLBURT FIELD,"30°25'23""N","86°41'41""W",16R EU 29317 65704,19Z,19Z (SPECIAL WARFARE),https://paladindanse111.github.io/AFSC-PDFs/AFSC_files/19Z.html,https://paladindanse111.github.io/AFSC-PDFs/BASE_files/BASE_HURLBURT_FIELD.html,,Active Duty,Yes,USAF,
JB ANACOSTIA-BOLLING,"38°50'29""N","77°01'05""W",18S UJ 24855 01110,19Z,19Z (SPECIAL WARFARE),https://paladindanse111.github.io/AFSC-PDFs/AFSC_files/19Z.html,https://paladindanse111.github.io/AFSC-PDFs/BASE_files/BASE_JB_ANACOSTIA-BOLLING.html,,Active Duty,Yes,USAF,
JB ELMENDORF-RICHARDSON,"61°15'44""N","149°41'53""W",6V UN 55306 94983,19Z,19Z (SPECIAL WARFARE),https://paladindanse111.github.io/AFSC-PDFs/AFSC_files/19Z.html,https://paladindanse111.github.io/AFSC-PDFs/BASE_files/BASE_JB_ELMENDORF-RICHARDSON.html,,Active Duty,Yes,USAF,
JB LANGLEY-EUSTIS,"37°05'00""N","76°21'33""W",18S UG 79195 04980,19Z,19Z (SPECIAL WARFARE),https://paladindanse111.github.io/AFSC-PDFs/AFSC_files/19Z.html,https://paladindanse111.github.io/AFSC-PDFs/BASE_files/BASE_JB_LANGLEY-EUSTIS.html,,Active Duty,Yes,USAF,
JB LEWIS-MCCHORD,"47°05'30""N","122°36'53""W",10T ET 29240 15422,19Z,19Z (SPECIAL WARFARE),https://paladindanse111.github.io/AFSC-PDFs/AFSC_files/19Z.html,https://paladindanse111.github.io/AFSC-PDFs/BASE_files/BASE_JB_LEWIS-MCCHORD.html,,Active Duty,Yes,USAF,
JBSA FT SAM HOUSTON,"29°26'59""N","98°27'02""W",14R NT 53282 57938,19Z,19Z (SPECIAL WARFARE),https://paladindanse111.github.io/AFSC-PDFs/AFSC_files/19Z.html,https://paladindanse111.github.io/AFSC-PDFs/BASE_files/BASE_JBSA_FT_SAM_HOUSTON.html,,Active Duty,Yes,USAF,
JBSA LACKLAND,"29°23'14""N","98°37'16""W",14R NT 36765 50947,19Z,19Z (SPECIAL WARFARE),https://paladindanse111.github.io/AFSC-PDFs/AFSC_files/19Z.html,https://paladindanse111.github.io/AFSC-PDFs/BASE_files/BASE_JBSA_LACKLAND.html,,Active Duty,Yes,USAF,
JBSA RANDOLPH,"29°31'57""N","98°16'45""W",14R NT 69847 67200,19Z,19Z (SPECIAL WARFARE),https://paladindanse111.github.io/AFSC-PDFs/AFSC_files/19Z.html,https://paladindanse111.github.io/AFSC-PDFs/BASE_files/BASE_JBSA_RANDOLPH.html,,Active Duty,Yes,USAF,
KADENA AB,"26°21'30""N","127°46'20""E",52R CQ 77496 15950,19Z,19Z (SPECIAL WARFARE),https://paladindanse111.github.io/AFSC-PDFs/AFSC_files/19Z.html,https://paladindanse111.github.io/AFSC-PDFs/BASE_files/BASE_KADENA_AB.html,,Active Duty,Yes,USAF,
KIRTLAND AFB,"35°00'39""N","106°30'44""W",13S CU 62019 75289,19Z,19Z (SPECIAL WARFARE),https://paladindanse111.github.io/AFSC-PDFs/AFSC_files/19Z.html,https://paladindanse111.github.io/AFSC-PDFs/BASE_files/BASE_KIRTLAND_AFB.html,,Active Duty,Yes,USAF,
KRZESINY ABS,"52°19'55.00""N","16°58'0.00""E",,19Z,19Z (SPECIAL WARFARE),https://paladindanse111.github.io/AFSC-PDFs/AFSC_files/19Z.html,,,Active Duty,No,USAF,
MILDENHALL RAF,"52°21'45""N","0°30'14""E",31U CU 30041 04290,19Z,19Z (SPECIAL WARFARE),https://paladindanse111.github.io/AFSC-PDFs/AFSC_files/19Z.html,https://paladindanse111.github.io/AFSC-PDFs/BASE_files/BASE_MILDENHALL_RAF.html,,Active Duty,Yes,USAF,
MOODY AFB,"30°58'12""N","83°11'47""W",17R KQ 90229 28346,19Z,19Z (SPECIAL WARFARE),https://paladindanse111.github.io/AFSC-PDFs/AFSC_files/19Z.html,https://paladindanse111.github.io/AFSC-PDFs/BASE_files/BASE_MOODY_AFB.html,,Active Duty,Yes,USAF,
NELLIS AFB,"36°14'25""N","115°03'14""W",11S PA 74874 12355,19Z,19Z (SPECIAL WARFARE),https://paladindanse111.github.io/AFSC-PDFs/AFSC_files/19Z.html,https://paladindanse111.github.io/AFSC-PDFs/BASE_files/BASE_NELLIS_AFB.html,,Active Duty,Yes,USAF,
OSAN AB,"37°05'19""N","127°01'50""E",52S CG 24960 06516,19Z,19Z (SPECIAL WARFARE),https://paladindanse111.github.io/AFSC-PDFs/AFSC_files/19Z.html,https://paladindanse111.github.io/AFSC-PDFs/BASE_files/BASE_OSAN_AB.html,,Active Duty,Yes,USAF,
PENTAGON,"38°52'15""N","77°03'21""W",18S UJ 21650 04451,19Z,19Z (SPECIAL WARFARE),https://paladindanse111.github.io/AFSC-PDFs/AFSC_files/19Z.html,https://paladindanse111.github.io/AFSC-PDFs/BASE_files/BASE_PENTAGON.html,,Active Duty,Yes,USAF,
POPE AAF,"35°10'16""N","79°01'02""W",17S PU 80566 93819,19Z,19Z (SPECIAL WARFARE),https://paladindanse111.github.io/AFSC-PDFs/AFSC_files/19Z.html,https://paladindanse111.github.io/AFSC-PDFs/BASE_files/BASE_POPE_AAF.html,,Active Duty,Yes,USAF,
RAMSTEIN AB,"49°26'23""N","7°35'47""E",32U LV 98244 77286,19Z,19Z (SPECIAL WARFARE),https://paladindanse111.github.io/AFSC-PDFs/AFSC_files/19Z.html,https://paladindanse111.github.io/AFSC-PDFs/BASE_files/BASE_RAMSTEIN_AB.html.html,,Active Duty,Yes,USAF,
SHAW AFB,"33°58'02""N","80°29'05""W",17S NT 47603 58641,19Z,19Z (SPECIAL WARFARE),https://paladindanse111.github.io/AFSC-PDFs/AFSC_files/19Z.html,https://paladindanse111.github.io/AFSC-PDFs/BASE_files/BASE_SHAW_AFB.html,,Active Duty,Yes,USAF,
USAF ACADEMY,"39°0'0.00""N","104°52'60.00""W",,19Z,19Z (SPECIAL WARFARE),https://paladindanse111.github.io/AFSC-PDFs/AFSC_files/19Z.html,https://paladindanse111.github.io/AFSC-PDFs/BASE_files/BASE_USAF_ACADEMY.html,,Active Duty,No,USAF,
VILSECK AIN,"49°37'0.00""N","11°48'0.00""E",,19Z,19Z (SPECIAL WARFARE),https://paladindanse111.github.io/AFSC-PDFs/AFSC_files/19Z.html,,,Active Duty,No,USAF,
WHEELER AAF,"21°29'1.00""N","158°2'23.00""W",,19Z,19Z (SPECIAL WARFARE),https://paladindanse111.github.io/AFSC-PDFs/AFSC_files/19Z.html,,,Active Duty,No,USAF,
WRIGHT-PATTERSON AFB,"39°48'37""N","84°01'55""W",16S GK 54072 10915,19Z,19Z (SPECIAL WARFARE),https://paladindanse111.github.io/AFSC-PDFs/AFSC_files/19Z.html,https://paladindanse111.github.io/AFSC-PDFs/BASE_files/BASE_WRIGHT-PATTERSON_AFB.html,,Active Duty,Yes,USAF,
ANDERSEN AFB,"13°33'46""N","144°55'25""E",55P BR 75307 00327,21A,21A (AIRCRAFT MAINTENANCE),https://paladindanse111.github.io/AFSC-PDFs/AFSC_files/21A.html,https://paladindanse111.github.io/AFSC-PDFs/BASE_files/BASE_ANDERSEN_AFB.html,,Active Duty,Yes,USAF,
ANDREWS JB,"38°47'46""N","76°53'00""W",18S UH 36445 95835,21A,21A (AIRCRAFT MAINTENANCE),https://paladindanse111.github.io/AFSC-PDFs/AFSC_files/21A.html,https://paladindanse111.github.io/AFSC-PDFs/BASE_files/BASE_ANDREWS_JB.html,,Active Duty,Yes,USAF,
AVIANO AB,"46°01'49""N","12°36'41""E",33T UM 15147 00185,21A,21A (AIRCRAFT MAINTENANCE),https://paladindanse111.github.io/AFSC-PDFs/AFSC_files/21A.html,https://paladindanse111.github.io/AFSC-PDFs/BASE_files/BASE_AVIANO_AB.html,,Active Duty,Yes,USAF,
BARKSDALE AFB,"32°29'45""N","93°40'21""W",15S VR 36822 95596,21A,21A (AIRCRAFT MAINTENANCE),https://paladindanse111.github.io/AFSC-PDFs/AFSC_files/21A.html,https://paladindanse111.github.io/AFSC-PDFs/BASE_files/BASE_BARKSDALE_AFB.html,,Active Duty,Yes,USAF,
BEALE AFB,"39°06'41""N","121°21'35""W",10S FJ 41815 30418,21A,21A (AIRCRAFT MAINTENANCE),https://paladindanse111.github.io/AFSC-PDFs/AFSC_files/21A.html,https://paladindanse111.github.io/AFSC-PDFs/BASE_files/BASE_BEALE_AFB.html,,Active Duty,Yes,USAF,
CANNON AFB,"34°23'20""N","103°19'05""W",13S FU 54620 06558,21A,21A (AIRCRAFT MAINTENANCE),https://paladindanse111.github.io/AFSC-PDFs/AFSC_files/21A.html,https://paladindanse111.github.io/AFSC-PDFs/BASE_files/BASE_CANNON_AFB.html,,Active Duty,Yes,USAF,
CREECH AFB,"36°34'41""N","115°39'29""W",11S PA 20060 48904,21A,21A (AIRCRAFT MAINTENANCE),https://paladindanse111.github.io/AFSC-PDFs/AFSC_files/21A.html,https://paladindanse111.github.io/AFSC-PDFs/BASE_files/BASE_CREECH_AFB.html,,Active Duty,Yes,USAF,
DAVIS-MONTHAN AFB,"32°10'14""N","110°52'39""W",12S WA 11549 59347,21A,21A (AIRCRAFT MAINTENANCE),https://paladindanse111.github.io/AFSC-PDFs/AFSC_files/21A.html,https://paladindanse111.github.io/AFSC-PDFs/BASE_files/BASE_DAVIS-MONTHAN_AFB.html,,Active Duty,Yes,USAF,
DOVER AFB,"39°07'39""N","75°28'06""W",18S VJ 59518 31029,21A,21A (AIRCRAFT MAINTENANCE),https://paladindanse111.github.io/AFSC-PDFs/AFSC_files/21A.html,https://paladindanse111.github.io/AFSC-PDFs/BASE_files/BASE_DOVER_AFB.html,,Active Duty,Yes,USAF,
DYESS AFB,"32°25'17""N","99°50'31""W",14S MA 20838 87456,21A,21A (AIRCRAFT MAINTENANCE),https://paladindanse111.github.io/AFSC-PDFs/AFSC_files/21A.html,https://paladindanse111.github.io/AFSC-PDFs/BASE_files/BASE_DYESS_AFB.html,,Active Duty,Yes,USAF,
EDWARDS AFB,"34°55'25""N","117°53'29""W",11S MU 18582 64934,21A,21A (AIRCRAFT MAINTENANCE),https://paladindanse111.github.io/AFSC-PDFs/AFSC_files/21A.html,https://paladindanse111.github.io/AFSC-PDFs/BASE_files/BASE_EDWARDS_AFB.html,,Active Duty,Yes,USAF,
EGLIN AFB,"30°27'49""N","86°33'11""W",16R EU 42905 70243,21A,21A (AIRCRAFT MAINTENANCE),https://paladindanse111.github.io/AFSC-PDFs/AFSC_files/21A.html,https://paladindanse111.github.io/AFSC-PDFs/BASE_files/BASE_EGLIN_AFB.html,,Active Duty,Yes,USAF,
EIELSON AFB,"64°39'52""N","147°05'45""W",6W VS 95424 71061,21A,21A (AIRCRAFT MAINTENANCE),https://paladindanse111.github.io/AFSC-PDFs/AFSC_files/21A.html,https://paladindanse111.github.io/AFSC-PDFs/BASE_files/BASE_EIELSON_AFB.html,,Active Duty,Yes,USAF,
ELLSWORTH AFB,"44°08'54""N","103°05'15""W",13T FJ 52951 90126,21A,21A (AIRCRAFT MAINTENANCE),https://paladindanse111.github.io/AFSC-PDFs/AFSC_files/21A.html,https://paladindanse111.github.io/AFSC-PDFs/BASE_files/BASE_ELLSWORTH_AFB.html,,Active Duty,Yes,USAF,
FAIRCHILD AFB,"47°38'28""N","117°38'41""W",11T MN 51574 76613,21A,21A (AIRCRAFT MAINTENANCE),https://paladindanse111.github.io/AFSC-PDFs/AFSC_files/21A.html,https://paladindanse111.github.io/AFSC-PDFs/BASE_files/BASE_FAIRCHILD_AFB.html,,Active Duty,Yes,USAF,
FORT WORTH NAS JRB,"32°47'05.32""N","97°25'42.50""W",14S PB 47168 28524,21A,21A (AIRCRAFT MAINTENANCE),https://paladindanse111.github.io/AFSC-PDFs/AFSC_files/21A.html,https://paladindanse111.github.io/AFSC-PDFs/WING_files/WING_FORT_WORTH_NAS_JRB.html,,Active Duty,Yes,USAF,
FT EUSTIS AIN,"37°8'60.00""N","76°34'60.00""W",,21A,21A (AIRCRAFT MAINTENANCE),https://paladindanse111.github.io/AFSC-PDFs/AFSC_files/21A.html,,,Active Duty,No,USAF,
GEILENKIRCHEN AB,"50°57'39.00""N","6°2'30.00""E",,21A,21A (AIRCRAFT MAINTENANCE),https://paladindanse111.github.io/AFSC-PDFs/AFSC_files/21A.html,https://paladindanse111.github.io/AFSC-PDFs/BASE_files/BASE_GEILENKIRCHEN_AB.html,,Active Duty,No,USAF,
GRAND FORKS AFB,"47°57'07""N","97°22'57""W",14T PU 20768 12225,21A,21A (AIRCRAFT MAINTENANCE),https://paladindanse111.github.io/AFSC-PDFs/AFSC_files/21A.html,https://paladindanse111.github.io/AFSC-PDFs/BASE_files/BASE_GRAND_FORKS_AFB.html,,Active Duty,Yes,USAF,
HANSCOM AFB,"42°27'23""N","71°16'35""W",19T CH 12823 02961,21A,21A (AIRCRAFT MAINTENANCE),https://paladindanse111.github.io/AFSC-PDFs/AFSC_files/21A.html,https://paladindanse111.github.io/AFSC-PDFs/BASE_files/BASE_HANSCOM_AFB.html,,Active Duty,Yes,USAF,
HILL AFB,"41°06'36""N","111°58'56""W",12T VL 17530 51433,21A,21A (AIRCRAFT MAINTENANCE),https://paladindanse111.github.io/AFSC-PDFs/AFSC_files/21A.html,https://paladindanse111.github.io/AFSC-PDFs/BASE_files/BASE_HILL_AFB.html,,Active Duty,Yes,USAF,
HOLLOMAN AFB,"32°50'33""N","106°05'55""W",13S CS 97187 34361,21A,21A (AIRCRAFT MAINTENANCE),https://paladindanse111.github.io/AFSC-PDFs/AFSC_files/21A.html,https://paladindanse111.github.io/AFSC-PDFs/BASE_files/BASE_HOLLOMAN_AFB.html,,Active Duty,Yes,USAF,
HOMESTEAD AIR RESERVE BASE,"25°29'19.00""N","80°23'1.00""W",,21A,21A (AIRCRAFT MAINTENANCE),https://paladindanse111.github.io/AFSC-PDFs/AFSC_files/21A.html,,,Active Duty,No,USAF,
HURLBURT FIELD,"30°25'23""N","86°41'41""W",16R EU 29317 65704,21A,21A (AIRCRAFT MAINTENANCE),https://paladindanse111.github.io/AFSC-PDFs/AFSC_files/21A.html,https://paladindanse111.github.io/AFSC-PDFs/BASE_files/BASE_HURLBURT_FIELD.html,,Active Duty,Yes,USAF,
INCIRLIK AB,"37°00'12""N","35°26'02""E",36S YF 16566 98011,21A,21A (AIRCRAFT MAINTENANCE),https://paladindanse111.github.io/AFSC-PDFs/AFSC_files/21A.html,https://paladindanse111.github.io/AFSC-PDFs/BASE_files/BASE_INCIRLIK_AB.html,,Active Duty,Yes,USAF,
JB CHARLESTON,"32°53'29""N","80°04'03""W",17S NS 87218 39631,21A,21A (AIRCRAFT MAINTENANCE),https://paladindanse111.github.io/AFSC-PDFs/AFSC_files/21A.html,https://paladindanse111.github.io/AFSC-PDFs/BASE_files/BASE_JB_CHARLESTON.html,,Active Duty,Yes,USAF,
JB ELMENDORF-RICHARDSON,"61°15'44""N","149°41'53""W",6V UN 55306 94983,21A,21A (AIRCRAFT MAINTENANCE),https://paladindanse111.github.io/AFSC-PDFs/AFSC_files/21A.html,https://paladindanse111.github.io/AFSC-PDFs/BASE_files/BASE_JB_ELMENDORF-RICHARDSON.html,,Active Duty,Yes,USAF,
JB LANGLEY-EUSTIS,"37°05'00""N","76°21'33""W",18S UG 79195 04980,21A,21A (AIRCRAFT MAINTENANCE),https://paladindanse111.github.io/AFSC-PDFs/AFSC_files/21A.html,https://paladindanse111.github.io/AFSC-PDFs/BASE_files/BASE_JB_LANGLEY-EUSTIS.html,,Active Duty,Yes,USAF,
JB LEWIS-MCCHORD,"47°05'30""N","122°36'53""W",10T ET 29240 15422,21A,21A (AIRCRAFT MAINTENANCE),https://paladindanse111.github.io/AFSC-PDFs/AFSC_files/21A.html,https://paladindanse111.github.io/AFSC-PDFs/BASE_files/BASE_JB_LEWIS-MCCHORD.html,,Active Duty,Yes,USAF,
JB MCGUIRE-DIX-LAKEHURST,"40°02'15""N","74°35'18""W",18T WK 35120 32000,21A,21A (AIRCRAFT MAINTENANCE),https://paladindanse111.github.io/AFSC-PDFs/AFSC_files/21A.html,https://paladindanse111.github.io/AFSC-PDFs/BASE_files/BASE_JB_MCGUIRE-DIX-LAKEHURST.html,,Active Duty,Yes,USAF,
JB PEARL HARBOR-HICKAM,"21°20'15""N","157°57'43""W",4Q FJ 07643 59855,21A,21A (AIRCRAFT MAINTENANCE),https://paladindanse111.github.io/AFSC-PDFs/AFSC_files/21A.html,https://paladindanse111.github.io/AFSC-PDFs/BASE_files/BASE_JB_PEARL_HARBOR-HICKAM.html,,Active Duty,Yes,USAF,
JBSA LACKLAND,"29°23'14""N","98°37'16""W",14R NT 36765 50947,21A,21A (AIRCRAFT MAINTENANCE),https://paladindanse111.github.io/AFSC-PDFs/AFSC_files/21A.html,https://paladindanse111.github.io/AFSC-PDFs/BASE_files/BASE_JBSA_LACKLAND.html,,Active Duty,Yes,USAF,
JBSA RANDOLPH,"29°31'57""N","98°16'45""W",14R NT 69847 67200,21A,21A (AIRCRAFT MAINTENANCE),https://paladindanse111.github.io/AFSC-PDFs/AFSC_files/21A.html,https://paladindanse111.github.io/AFSC-PDFs/BASE_files/BASE_JBSA_RANDOLPH.html,,Active Duty,Yes,USAF,
KADENA AB,"26°21'30""N","127°46'20""E",52R CQ 77496 15950,21A,21A (AIRCRAFT MAINTENANCE),https://paladindanse111.github.io/AFSC-PDFs/AFSC_files/21A.html,https://paladindanse111.github.io/AFSC-PDFs/BASE_files/BASE_KADENA_AB.html,,Active Duty,Yes,USAF,
KIRTLAND AFB,"35°00'39""N","106°30'44""W",13S CU 62019 75289,21A,21A (AIRCRAFT MAINTENANCE),https://paladindanse111.github.io/AFSC-PDFs/AFSC_files/21A.html,https://paladindanse111.github.io/AFSC-PDFs/BASE_files/BASE_KIRTLAND_AFB.html,,Active Duty,Yes,USAF,
KUNSAN AB,"35°55'09""N","126°37'54""E",52S BE 86310 77574,21A,21A (AIRCRAFT MAINTENANCE),https://paladindanse111.github.io/AFSC-PDFs/AFSC_files/21A.html,https://paladindanse111.github.io/AFSC-PDFs/BASE_files/BASE_KUNSAN_AB.html,,Active Duty,Yes,USAF,
LAKENHEATH RAF,"52°23'23""N","0°32'14""E",31U CU 32414 07239,21A,21A (AIRCRAFT MAINTENANCE),https://paladindanse111.github.io/AFSC-PDFs/AFSC_files/21A.html,https://paladindanse111.github.io/AFSC-PDFs/BASE_files/BASE_LAKENHEATH_RAF.html,,Active Duty,Yes,USAF,
LITTLE ROCK AFB,"34°53'47""N","92°08'38""W",15S WU 78220 61887,21A,21A (AIRCRAFT MAINTENANCE),https://paladindanse111.github.io/AFSC-PDFs/AFSC_files/21A.html,https://paladindanse111.github.io/AFSC-PDFs/BASE_files/BASE_LITTLE_ROCK_AFB.html,,Active Duty,Yes,USAF,
LOS ANGELES SFB,"34°0'0.00""N","118°15'0.00""W",,21A,21A (AIRCRAFT MAINTENANCE),https://paladindanse111.github.io/AFSC-PDFs/AFSC_files/21A.html,https://paladindanse111.github.io/AFSC-PDFs/BASE_files/BASE_LOS_ANGELES_SFB.html,,Active Duty,No,USAF,
LUKE AFB,"33°32'22""N","112°22'32""W",12S UC 72284 11939,21A,21A (AIRCRAFT MAINTENANCE),https://paladindanse111.github.io/AFSC-PDFs/AFSC_files/21A.html,https://paladindanse111.github.io/AFSC-PDFs/BASE_files/BASE_LUKE_AFB.html,,Active Duty,Yes,USAF,
MACDILL AFB,"27°51'28""N","82°29'19""W",17R LL 53434 82337,21A,21A (AIRCRAFT MAINTENANCE),https://paladindanse111.github.io/AFSC-PDFs/AFSC_files/21A.html,https://paladindanse111.github.io/AFSC-PDFs/BASE_files/BASE_MACDILL_AFB.html,,Active Duty,Yes,USAF,
MARCH ARB,"33°53'26.85""N","117°15'42.24""W",11S MT 75798 50078,21A,21A (AIRCRAFT MAINTENANCE),https://paladindanse111.github.io/AFSC-PDFs/AFSC_files/21A.html,https://paladindanse111.github.io/AFSC-PDFs/WING_files/WING_MARCH_ARB.html,,Active Duty,Yes,USAF,
MAXWELL-GUNTER AFB,"32°22'43""N","86°21'44""W",16S EA 59993 82581,21A,21A (AIRCRAFT MAINTENANCE),https://paladindanse111.github.io/AFSC-PDFs/AFSC_files/21A.html,https://paladindanse111.github.io/AFSC-PDFs/BASE_files/BASE_MAXWELL-GUNTER_AFB.html,,Active Duty,Yes,USAF,
MCCONNELL AFB,"37°37'51""N","97°15'06""W",14S PG 54271 66293,21A,21A (AIRCRAFT MAINTENANCE),https://paladindanse111.github.io/AFSC-PDFs/AFSC_files/21A.html,https://paladindanse111.github.io/AFSC-PDFs/BASE_files/BASE_MCCONNELL_AFB.html,,Active Duty,Yes,USAF,
MILDENHALL RAF,"52°21'45""N","0°30'14""E",31U CU 30041 04290,21A,21A (AIRCRAFT MAINTENANCE),https://paladindanse111.github.io/AFSC-PDFs/AFSC_files/21A.html,https://paladindanse111.github.io/AFSC-PDFs/BASE_files/BASE_MILDENHALL_RAF.html,,Active Duty,Yes,USAF,
MINOT AFB,"48°25'13""N","101°19'36""W",14U LU 27861 65629,21A,21A (AIRCRAFT MAINTENANCE),https://paladindanse111.github.io/AFSC-PDFs/AFSC_files/21A.html,https://paladindanse111.github.io/AFSC-PDFs/BASE_files/BASE_MINOT_AFB.html,,Active Duty,Yes,USAF,
MISAWA AB,"40°41'55""N","141°22'28""E",54T WL 31634 05368,21A,21A (AIRCRAFT MAINTENANCE),https://paladindanse111.github.io/AFSC-PDFs/AFSC_files/21A.html,https://paladindanse111.github.io/AFSC-PDFs/BASE_files/BASE_MISAWA_AB.html,,Active Duty,Yes,USAF,
MOODY AFB,"30°58'12""N","83°11'47""W",17R KQ 90229 28346,21A,21A (AIRCRAFT MAINTENANCE),https://paladindanse111.github.io/AFSC-PDFs/AFSC_files/21A.html,https://paladindanse111.github.io/AFSC-PDFs/BASE_files/BASE_MOODY_AFB.html,,Active Duty,Yes,USAF,
MOUNTAIN HOME AFB,"43°03'59""N","115°51'18""W",11T NH 93226 68823,21A,21A (AIRCRAFT MAINTENANCE),https://paladindanse111.github.io/AFSC-PDFs/AFSC_files/21A.html,https://paladindanse111.github.io/AFSC-PDFs/BASE_files/BASE_MOUNTAIN_HOME_AFB.html,,Active Duty,Yes,USAF,
NELLIS AFB,"36°14'25""N","115°03'14""W",11S PA 74874 12355,21A,21A (AIRCRAFT MAINTENANCE),https://paladindanse111.github.io/AFSC-PDFs/AFSC_files/21A.html,https://paladindanse111.github.io/AFSC-PDFs/BASE_files/BASE_NELLIS_AFB.html,,Active Duty,Yes,USAF,
OFFUTT AFB,"41°07'25""N","95°54'52""W",15T TF 55334 56573,21A,21A (AIRCRAFT MAINTENANCE),https://paladindanse111.github.io/AFSC-PDFs/AFSC_files/21A.html,https://paladindanse111.github.io/AFSC-PDFs/BASE_files/BASE_OFFUTT_AFB.html,,Active Duty,Yes,USAF,
OSAN AB,"37°05'19""N","127°01'50""E",52S CG 24960 06516,21A,21A (AIRCRAFT MAINTENANCE),https://paladindanse111.github.io/AFSC-PDFs/AFSC_files/21A.html,https://paladindanse111.github.io/AFSC-PDFs/BASE_files/BASE_OSAN_AB.html,,Active Duty,Yes,USAF,
PATUXENT RIVER NA,"38° 17' 10""N","76° 24' 42""W",18S UH 76539 38502,21A,21A (AIRCRAFT MAINTENANCE),https://paladindanse111.github.io/AFSC-PDFs/AFSC_files/21A.html,https://paladindanse111.github.io/AFSC-PDFs/BASE_files/BASE_PATUXENT_RIVER_NA.html,,Active Duty,Yes,USAF,
PEASE AIR NATIONAL GUARD BASE,"43°4'41.00""N","70°49'24.00""W",,21A,21A (AIRCRAFT MAINTENANCE),https://paladindanse111.github.io/AFSC-PDFs/AFSC_files/21A.html,,,Active Duty,No,USAF,
PENTAGON,"38°52'15""N","77°03'21""W",18S UJ 21650 04451,21A,21A (AIRCRAFT MAINTENANCE),https://paladindanse111.github.io/AFSC-PDFs/AFSC_files/21A.html,https://paladindanse111.github.io/AFSC-PDFs/BASE_files/BASE_PENTAGON.html,,Active Duty,Yes,USAF,
RAMSTEIN AB,"49°26'23""N","7°35'47""E",32U LV 98244 77286,21A,21A (AIRCRAFT MAINTENANCE),https://paladindanse111.github.io/AFSC-PDFs/AFSC_files/21A.html,https://paladindanse111.github.io/AFSC-PDFs/BASE_files/BASE_RAMSTEIN_AB.html.html,,Active Duty,Yes,USAF,
ROBINS AFB,"32°38'23""N","83°35'30""W",17S KS 56883 14314,21A,21A (AIRCRAFT MAINTENANCE),https://paladindanse111.github.io/AFSC-PDFs/AFSC_files/21A.html,https://paladindanse111.github.io/AFSC-PDFs/BASE_files/BASE_ROBINS_AFB.html,,Active Duty,Yes,USAF,
ROTA NS ABS,"36°38'43.00""N","6°20'58.00""W",,21A,21A (AIRCRAFT MAINTENANCE),https://paladindanse111.github.io/AFSC-PDFs/AFSC_files/21A.html,https://paladindanse111.github.io/AFSC-PDFs/BASE_files/BASE_ROTA_NS.html,,Active Duty,No,USAF,
SCOTT AFB,"38°32'29""N","89°51'18""W",16S BH 51169 69750,21A,21A (AIRCRAFT MAINTENANCE),https://paladindanse111.github.io/AFSC-PDFs/AFSC_files/21A.html,https://paladindanse111.github.io/AFSC-PDFs/BASE_files/BASE_SCOTT_AFB.html,,Active Duty,Yes,USAF,
SEYMOUR JOHNSON AFB,"35°20'24""N","77°57'41""W",18S TE 30850 14774,21A,21A (AIRCRAFT MAINTENANCE),https://paladindanse111.github.io/AFSC-PDFs/AFSC_files/21A.html,https://paladindanse111.github.io/AFSC-PDFs/BASE_files/BASE_SEYMOUR_JOHNSON_AFB.html,,Active Duty,Yes,USAF,
SHAW AFB,"33°58'02""N","80°29'05""W",17S NT 47603 58641,21A,21A (AIRCRAFT MAINTENANCE),https://paladindanse111.github.io/AFSC-PDFs/AFSC_files/21A.html,https://paladindanse111.github.io/AFSC-PDFs/BASE_files/BASE_SHAW_AFB.html,,Active Duty,Yes,USAF,
SHEPPARD AFB,"33°58'06""N","98°30'38""W",14S NC 45216 58752,21A,21A (AIRCRAFT MAINTENANCE),https://paladindanse111.github.io/AFSC-PDFs/AFSC_files/21A.html,https://paladindanse111.github.io/AFSC-PDFs/BASE_files/BASE_SHEPPARD_AFB.html,,Active Duty,Yes,USAF,
SIGONELLA NAS,"37°24'6.00""N","14°55'21.00""E",,21A,21A (AIRCRAFT MAINTENANCE),https://paladindanse111.github.io/AFSC-PDFs/AFSC_files/21A.html,https://paladindanse111.github.io/AFSC-PDFs/BASE_files/BASE_SIGONELLA_NAS.html,,Active Duty,No,USAF,
SPANGDAHLEM AB,"49°59'38""N","6°41'55""E",32U LA 35052 40489,21A,21A (AIRCRAFT MAINTENANCE),https://paladindanse111.github.io/AFSC-PDFs/AFSC_files/21A.html,https://paladindanse111.github.io/AFSC-PDFs/BASE_files/BASE_SPANGDAHLEM_AB.html,,Active Duty,Yes,USAF,
TINKER AFB,"35°25'09""N","97°24'15""W",14S PE 44882 20698,21A,21A (AIRCRAFT MAINTENANCE),https://paladindanse111.github.io/AFSC-PDFs/AFSC_files/21A.html,https://paladindanse111.github.io/AFSC-PDFs/BASE_files/BASE_TINKER_AFB.html,,Active Duty,Yes,USAF,
TRAVIS AFB,"38°16'09""N","121°56'51""W",10S EH 92069 36204,21A,21A (AIRCRAFT MAINTENANCE),https://paladindanse111.github.io/AFSC-PDFs/AFSC_files/21A.html,https://paladindanse111.github.io/AFSC-PDFs/BASE_files/BASE_TRAVIS_AFB.html,,Active Duty,Yes,USAF,
TYNDALL AFB,"30°04'47""N","85°36'26""W",16R FU 34229 28437,21A,21A (AIRCRAFT MAINTENANCE),https://paladindanse111.github.io/AFSC-PDFs/AFSC_files/21A.html,https://paladindanse111.github.io/AFSC-PDFs/BASE_files/BASE_TYNDALL_AFB.html,,Active Duty,Yes,USAF,
WHITEMAN AFB,"38°43'44""N","93°33'37""W",15S VC 51299 86840,21A,21A (AIRCRAFT MAINTENANCE),https://paladindanse111.github.io/AFSC-PDFs/AFSC_files/21A.html,https://paladindanse111.github.io/AFSC-PDFs/BASE_files/BASE_WHITEMAN_AFB.html,,Active Duty,Yes,USAF,
WRIGHT-PATTERSON AFB,"39°48'37""N","84°01'55""W",16S GK 54072 10915,21A,21A (AIRCRAFT MAINTENANCE),https://paladindanse111.github.io/AFSC-PDFs/AFSC_files/21A.html,https://paladindanse111.github.io/AFSC-PDFs/BASE_files/BASE_WRIGHT-PATTERSON_AFB.html,,Active Duty,Yes,USAF,
YOKOTA AB,"35°44'35""N","139°20'23""E",54S UE 49872 56720,21A,21A (AIRCRAFT MAINTENANCE),https://paladindanse111.github.io/AFSC-PDFs/AFSC_files/21A.html,https://paladindanse111.github.io/AFSC-PDFs/BASE_files/BASE_YOKOTA_AB.html,,Active Duty,Yes,USAF,
YUMA MCAS YUMA IN JAP,"32°39'24.00""N","114°36'22.00""W",,21A,21A (AIRCRAFT MAINTENANCE),https://paladindanse111.github.io/AFSC-PDFs/AFSC_files/21A.html,,,Active Duty,No,USAF,
AVIANO AB,"46°01'49""N","12°36'41""E",33T UM 15147 00185,21M,21M (MUNITIONS AND MISSILE MAINTENANCE),https://paladindanse111.github.io/AFSC-PDFs/AFSC_files/21M.html,https://paladindanse111.github.io/AFSC-PDFs/BASE_files/BASE_AVIANO_AB.html,,Active Duty,Yes,USAF,
BARKSDALE AFB,"32°29'45""N","93°40'21""W",15S VR 36822 95596,21M,21M (MUNITIONS AND MISSILE MAINTENANCE),https://paladindanse111.github.io/AFSC-PDFs/AFSC_files/21M.html,https://paladindanse111.github.io/AFSC-PDFs/BASE_files/BASE_BARKSDALE_AFB.html,,Active Duty,Yes,USAF,
BEALE AFB,"39°06'41""N","121°21'35""W",10S FJ 41815 30418,21M,21M (MUNITIONS AND MISSILE MAINTENANCE),https://paladindanse111.github.io/AFSC-PDFs/AFSC_files/21M.html,https://paladindanse111.github.io/AFSC-PDFs/BASE_files/BASE_BEALE_AFB.html,,Active Duty,Yes,USAF,
BUCHEL ABS,"50°10'26.00""N","7°3'48.00""E",,21M,21M (MUNITIONS AND MISSILE MAINTENANCE),https://paladindanse111.github.io/AFSC-PDFs/AFSC_files/21M.html,https://paladindanse111.github.io/AFSC-PDFs/BASE_files/BASE_BUCHEL_ABS.html,,Active Duty,No,USAF,
CREECH AFB,"36°34'41""N","115°39'29""W",11S PA 20060 48904,21M,21M (MUNITIONS AND MISSILE MAINTENANCE),https://paladindanse111.github.io/AFSC-PDFs/AFSC_files/21M.html,https://paladindanse111.github.io/AFSC-PDFs/BASE_files/BASE_CREECH_AFB.html,,Active Duty,Yes,USAF,
DAVIS-MONTHAN AFB,"32°10'14""N","110°52'39""W",12S WA 11549 59347,21M,21M (MUNITIONS AND MISSILE MAINTENANCE),https://paladindanse111.github.io/AFSC-PDFs/AFSC_files/21M.html,https://paladindanse111.github.io/AFSC-PDFs/BASE_files/BASE_DAVIS-MONTHAN_AFB.html,,Active Duty,Yes,USAF,
DYESS AFB,"32°25'17""N","99°50'31""W",14S MA 20838 87456,21M,21M (MUNITIONS AND MISSILE MAINTENANCE),https://paladindanse111.github.io/AFSC-PDFs/AFSC_files/21M.html,https://paladindanse111.github.io/AFSC-PDFs/BASE_files/BASE_DYESS_AFB.html,,Active Duty,Yes,USAF,
EGLIN AFB,"30°27'49""N","86°33'11""W",16R EU 42905 70243,21M,21M (MUNITIONS AND MISSILE MAINTENANCE),https://paladindanse111.github.io/AFSC-PDFs/AFSC_files/21M.html,https://paladindanse111.github.io/AFSC-PDFs/BASE_files/BASE_EGLIN_AFB.html,,Active Duty,Yes,USAF,
EIELSON AFB,"64°39'52""N","147°05'45""W",6W VS 95424 71061,21M,21M (MUNITIONS AND MISSILE MAINTENANCE),https://paladindanse111.github.io/AFSC-PDFs/AFSC_files/21M.html,https://paladindanse111.github.io/AFSC-PDFs/BASE_files/BASE_EIELSON_AFB.html,,Active Duty,Yes,USAF,
ELLSWORTH AFB,"44°08'54""N","103°05'15""W",13T FJ 52951 90126,21M,21M (MUNITIONS AND MISSILE MAINTENANCE),https://paladindanse111.github.io/AFSC-PDFs/AFSC_files/21M.html,https://paladindanse111.github.io/AFSC-PDFs/BASE_files/BASE_ELLSWORTH_AFB.html,,Active Duty,Yes,USAF,
FE WARREN AFB,"41°08'32""N","104°52'41""W",13T EF 10233 54552,21M,21M (MUNITIONS AND MISSILE MAINTENANCE),https://paladindanse111.github.io/AFSC-PDFs/AFSC_files/21M.html,https://paladindanse111.github.io/AFSC-PDFs/BASE_files/BASE_FE_WARREN_AFB.html,,Active Duty,Yes,USAF,
FT BELVOIR,"38°43'05""N","77°09'16""W",18S UH 12695 87692,21M,21M (MUNITIONS AND MISSILE MAINTENANCE),https://paladindanse111.github.io/AFSC-PDFs/AFSC_files/21M.html,https://paladindanse111.github.io/AFSC-PDFs/BASE_files/BASE_FT_BELVOIR.html,,Active Duty,Yes,USAF,
GHEDI AB,"45°0'0.00""N","12°0'0.00""E",,21M,21M (MUNITIONS AND MISSILE MAINTENANCE),https://paladindanse111.github.io/AFSC-PDFs/AFSC_files/21M.html,https://paladindanse111.github.io/AFSC-PDFs/BASE_files/BASE_GHEDI_AB.html,,Active Duty,No,USAF,
GWANGJU IAP,"35°7'35.00""N","126°48'32.00""E",,21M,21M (MUNITIONS AND MISSILE MAINTENANCE),https://paladindanse111.github.io/AFSC-PDFs/AFSC_files/21M.html,,,Active Duty,No,USAF,
HILL AFB,"41°06'36""N","111°58'56""W",12T VL 17530 51433,21M,21M (MUNITIONS AND MISSILE MAINTENANCE),https://paladindanse111.github.io/AFSC-PDFs/AFSC_files/21M.html,https://paladindanse111.github.io/AFSC-PDFs/BASE_files/BASE_HILL_AFB.html,,Active Duty,Yes,USAF,
HOLLOMAN AFB,"32°50'33""N","106°05'55""W",13S CS 97187 34361,21M,21M (MUNITIONS AND MISSILE MAINTENANCE),https://paladindanse111.github.io/AFSC-PDFs/AFSC_files/21M.html,https://paladindanse111.github.io/AFSC-PDFs/BASE_files/BASE_HOLLOMAN_AFB.html,,Active Duty,Yes,USAF,
HURLBURT FIELD,"30°25'23""N","86°41'41""W",16R EU 29317 65704,21M,21M (MUNITIONS AND MISSILE MAINTENANCE),https://paladindanse111.github.io/AFSC-PDFs/AFSC_files/21M.html,https://paladindanse111.github.io/AFSC-PDFs/BASE_files/BASE_HURLBURT_FIELD.html,,Active Duty,Yes,USAF,
INCIRLIK AB,"37°00'12""N","35°26'02""E",36S YF 16566 98011,21M,21M (MUNITIONS AND MISSILE MAINTENANCE),https://paladindanse111.github.io/AFSC-PDFs/AFSC_files/21M.html,https://paladindanse111.github.io/AFSC-PDFs/BASE_files/BASE_INCIRLIK_AB.html,,Active Duty,Yes,USAF,
JB ELMENDORF-RICHARDSON,"61°15'44""N","149°41'53""W",6V UN 55306 94983,21M,21M (MUNITIONS AND MISSILE MAINTENANCE),https://paladindanse111.github.io/AFSC-PDFs/AFSC_files/21M.html,https://paladindanse111.github.io/AFSC-PDFs/BASE_files/BASE_JB_ELMENDORF-RICHARDSON.html,,Active Duty,Yes,USAF,
JB LANGLEY-EUSTIS,"37°05'00""N","76°21'33""W",18S UG 79195 04980,21M,21M (MUNITIONS AND MISSILE MAINTENANCE),https://paladindanse111.github.io/AFSC-PDFs/AFSC_files/21M.html,https://paladindanse111.github.io/AFSC-PDFs/BASE_files/BASE_JB_LANGLEY-EUSTIS.html,,Active Duty,Yes,USAF,
JBSA RANDOLPH,"29°31'57""N","98°16'45""W",14R NT 69847 67200,21M,21M (MUNITIONS AND MISSILE MAINTENANCE),https://paladindanse111.github.io/AFSC-PDFs/AFSC_files/21M.html,https://paladindanse111.github.io/AFSC-PDFs/BASE_files/BASE_JBSA_RANDOLPH.html,,Active Duty,Yes,USAF,
KADENA AB,"26°21'30""N","127°46'20""E",52R CQ 77496 15950,21M,21M (MUNITIONS AND MISSILE MAINTENANCE),https://paladindanse111.github.io/AFSC-PDFs/AFSC_files/21M.html,https://paladindanse111.github.io/AFSC-PDFs/BASE_files/BASE_KADENA_AB.html,,Active Duty,Yes,USAF,
KIRTLAND AFB,"35°00'39""N","106°30'44""W",13S CU 62019 75289,21M,21M (MUNITIONS AND MISSILE MAINTENANCE),https://paladindanse111.github.io/AFSC-PDFs/AFSC_files/21M.html,https://paladindanse111.github.io/AFSC-PDFs/BASE_files/BASE_KIRTLAND_AFB.html,,Active Duty,Yes,USAF,
KLEINE BROGEL ABS,"51°10'6.00""N","5°28'12.00""E",,21M,21M (MUNITIONS AND MISSILE MAINTENANCE),https://paladindanse111.github.io/AFSC-PDFs/AFSC_files/21M.html,https://paladindanse111.github.io/AFSC-PDFs/BASE_files/BASE_KLEINE_BROGEL_ABS.html,,Active Duty,No,USAF,
KUNSAN AB,"35°55'09""N","126°37'54""E",52S BE 86310 77574,21M,21M (MUNITIONS AND MISSILE MAINTENANCE),https://paladindanse111.github.io/AFSC-PDFs/AFSC_files/21M.html,https://paladindanse111.github.io/AFSC-PDFs/BASE_files/BASE_KUNSAN_AB.html,,Active Duty,Yes,USAF,
LAKENHEATH RAF,"52°23'23""N","0°32'14""E",31U CU 32414 07239,21M,21M (MUNITIONS AND MISSILE MAINTENANCE),https://paladindanse111.github.io/AFSC-PDFs/AFSC_files/21M.html,https://paladindanse111.github.io/AFSC-PDFs/BASE_files/BASE_LAKENHEATH_RAF.html,,Active Duty,Yes,USAF,
LIVORNO (ITALY),"43°32'60.00""N","10°18'0.00""E",,21M,21M (MUNITIONS AND MISSILE MAINTENANCE),https://paladindanse111.github.io/AFSC-PDFs/AFSC_files/21M.html,,,Active Duty,No,USAF,
LUKE AFB,"33°32'22""N","112°22'32""W",12S UC 72284 11939,21M,21M (MUNITIONS AND MISSILE MAINTENANCE),https://paladindanse111.github.io/AFSC-PDFs/AFSC_files/21M.html,https://paladindanse111.github.io/AFSC-PDFs/BASE_files/BASE_LUKE_AFB.html,,Active Duty,Yes,USAF,
MALMSTROM AFB,"47°30'17""N","111°10'56""W",12T VT 86277 61270,21M,21M (MUNITIONS AND MISSILE MAINTENANCE),https://paladindanse111.github.io/AFSC-PDFs/AFSC_files/21M.html,https://paladindanse111.github.io/AFSC-PDFs/BASE_files/BASE_MALMSTROM_AFB.html,,Active Duty,Yes,USAF,
MINOT AFB,"48°25'13""N","101°19'36""W",14U LU 27861 65629,21M,21M (MUNITIONS AND MISSILE MAINTENANCE),https://paladindanse111.github.io/AFSC-PDFs/AFSC_files/21M.html,https://paladindanse111.github.io/AFSC-PDFs/BASE_files/BASE_MINOT_AFB.html,,Active Duty,Yes,USAF,
MISAWA AB,"40°41'55""N","141°22'28""E",54T WL 31634 05368,21M,21M (MUNITIONS AND MISSILE MAINTENANCE),https://paladindanse111.github.io/AFSC-PDFs/AFSC_files/21M.html,https://paladindanse111.github.io/AFSC-PDFs/BASE_files/BASE_MISAWA_AB.html,,Active Duty,Yes,USAF,
MOODY AFB,"30°58'12""N","83°11'47""W",17R KQ 90229 28346,21M,21M (MUNITIONS AND MISSILE MAINTENANCE),https://paladindanse111.github.io/AFSC-PDFs/AFSC_files/21M.html,https://paladindanse111.github.io/AFSC-PDFs/BASE_files/BASE_MOODY_AFB.html,,Active Duty,Yes,USAF,
MOUNTAIN HOME AFB,"43°03'59""N","115°51'18""W",11T NH 93226 68823,21M,21M (MUNITIONS AND MISSILE MAINTENANCE),https://paladindanse111.github.io/AFSC-PDFs/AFSC_files/21M.html,https://paladindanse111.github.io/AFSC-PDFs/BASE_files/BASE_MOUNTAIN_HOME_AFB.html,,Active Duty,Yes,USAF,
NELLIS AFB,"36°14'25""N","115°03'14""W",11S PA 74874 12355,21M,21M (MUNITIONS AND MISSILE MAINTENANCE),https://paladindanse111.github.io/AFSC-PDFs/AFSC_files/21M.html,https://paladindanse111.github.io/AFSC-PDFs/BASE_files/BASE_NELLIS_AFB.html,,Active Duty,Yes,USAF,
RAF WELFORD,"51°28'3.00""N","1°23'49.00""W",,21M,21M (MUNITIONS AND MISSILE MAINTENANCE),https://paladindanse111.github.io/AFSC-PDFs/AFSC_files/21M.html,,,Active Duty,No,USAF,
RAMSTEIN AB,"49°26'23""N","7°35'47""E",32U LV 98244 77286,21M,21M (MUNITIONS AND MISSILE MAINTENANCE),https://paladindanse111.github.io/AFSC-PDFs/AFSC_files/21M.html,https://paladindanse111.github.io/AFSC-PDFs/BASE_files/BASE_RAMSTEIN_AB.html.html,,Active Duty,Yes,USAF,
SEYMOUR JOHNSON AFB,"35°20'24""N","77°57'41""W",18S TE 30850 14774,21M,21M (MUNITIONS AND MISSILE MAINTENANCE),https://paladindanse111.github.io/AFSC-PDFs/AFSC_files/21M.html,https://paladindanse111.github.io/AFSC-PDFs/BASE_files/BASE_SEYMOUR_JOHNSON_AFB.html,,Active Duty,Yes,USAF,
SHAW AFB,"33°58'02""N","80°29'05""W",17S NT 47603 58641,21M,21M (MUNITIONS AND MISSILE MAINTENANCE),https://paladindanse111.github.io/AFSC-PDFs/AFSC_files/21M.html,https://paladindanse111.github.io/AFSC-PDFs/BASE_files/BASE_SHAW_AFB.html,,Active Duty,Yes,USAF,
SHEPPARD AFB,"33°58'06""N","98°30'38""W",14S NC 45216 58752,21M,21M (MUNITIONS AND MISSILE MAINTENANCE),https://paladindanse111.github.io/AFSC-PDFs/AFSC_files/21M.html,https://paladindanse111.github.io/AFSC-PDFs/BASE_files/BASE_SHEPPARD_AFB.html,,Active Duty,Yes,USAF,
SPANGDAHLEM AB,"49°59'38""N","6°41'55""E",32U LA 35052 40489,21M,21M (MUNITIONS AND MISSILE MAINTENANCE),https://paladindanse111.github.io/AFSC-PDFs/AFSC_files/21M.html,https://paladindanse111.github.io/AFSC-PDFs/BASE_files/BASE_SPANGDAHLEM_AB.html,,Active Duty,Yes,USAF,
TYNDALL AFB,"30°04'47""N","85°36'26""W",16R FU 34229 28437,21M,21M (MUNITIONS AND MISSILE MAINTENANCE),https://paladindanse111.github.io/AFSC-PDFs/AFSC_files/21M.html,https://paladindanse111.github.io/AFSC-PDFs/BASE_files/BASE_TYNDALL_AFB.html,,Active Duty,Yes,USAF,
VANDENBERG SFB,"34°44'31""N","120°34'20""W",10S GD 22255 47110,21M,21M (MUNITIONS AND MISSILE MAINTENANCE),https://paladindanse111.github.io/AFSC-PDFs/AFSC_files/21M.html,https://paladindanse111.github.io/AFSC-PDFs/BASE_files/BASE_VANDENBERG_SFB.html,,Active Duty,Yes,USAF,
VOLKEL ABS,"51°39'26.00""N","5°42'28.00""E",,21M,21M (MUNITIONS AND MISSILE MAINTENANCE),https://paladindanse111.github.io/AFSC-PDFs/AFSC_files/21M.html,https://paladindanse111.github.io/AFSC-PDFs/BASE_files/BASE_VOLKEL_ABS.html,,Active Duty,No,USAF,
WHITEMAN AFB,"38°43'44""N","93°33'37""W",15S VC 51299 86840,21M,21M (MUNITIONS AND MISSILE MAINTENANCE),https://paladindanse111.github.io/AFSC-PDFs/AFSC_files/21M.html,https://paladindanse111.github.io/AFSC-PDFs/BASE_files/BASE_WHITEMAN_AFB.html,,Active Duty,Yes,USAF,
ALCONBURY RAF,"52°22'09""N","0°13'43""W",30U XD 88669 05714,21R,21R (LOGISTICS READINESS),https://paladindanse111.github.io/AFSC-PDFs/AFSC_files/21R.html,https://paladindanse111.github.io/AFSC-PDFs/BASE_files/BASE_ALCONBURY_RAF.html,,Active Duty,Yes,USAF,
ALTUS AFB,"34°39'18""N","99°17'04""W",14S MD 73935 34821,21R,21R (LOGISTICS READINESS),https://paladindanse111.github.io/AFSC-PDFs/AFSC_files/21R.html,https://paladindanse111.github.io/AFSC-PDFs/BASE_files/BASE_ALTUS_AFB.html,,Active Duty,Yes,USAF,
ANDERSEN AFB,"13°33'46""N","144°55'25""E",55P BR 75307 00327,21R,21R (LOGISTICS READINESS),https://paladindanse111.github.io/AFSC-PDFs/AFSC_files/21R.html,https://paladindanse111.github.io/AFSC-PDFs/BASE_files/BASE_ANDERSEN_AFB.html,,Active Duty,Yes,USAF,
ANDREWS JB,"38°47'46""N","76°53'00""W",18S UH 36445 95835,21R,21R (LOGISTICS READINESS),https://paladindanse111.github.io/AFSC-PDFs/AFSC_files/21R.html,https://paladindanse111.github.io/AFSC-PDFs/BASE_files/BASE_ANDREWS_JB.html,,Active Duty,Yes,USAF,
AVIANO AB,"46°01'49""N","12°36'41""E",33T UM 15147 00185,21R,21R (LOGISTICS READINESS),https://paladindanse111.github.io/AFSC-PDFs/AFSC_files/21R.html,https://paladindanse111.github.io/AFSC-PDFs/BASE_files/BASE_AVIANO_AB.html,,Active Duty,Yes,USAF,
BARKSDALE AFB,"32°29'45""N","93°40'21""W",15S VR 36822 95596,21R,21R (LOGISTICS READINESS),https://paladindanse111.github.io/AFSC-PDFs/AFSC_files/21R.html,https://paladindanse111.github.io/AFSC-PDFs/BASE_files/BASE_BARKSDALE_AFB.html,,Active Duty,Yes,USAF,
BEALE AFB,"39°06'41""N","121°21'35""W",10S FJ 41815 30418,21R,21R (LOGISTICS READINESS),https://paladindanse111.github.io/AFSC-PDFs/AFSC_files/21R.html,https://paladindanse111.github.io/AFSC-PDFs/BASE_files/BASE_BEALE_AFB.html,,Active Duty,Yes,USAF,
BRUNSSUM (NETHERLANDS),"50°58'0.00""N","5°57'0.00""E",,21R,21R (LOGISTICS READINESS),https://paladindanse111.github.io/AFSC-PDFs/AFSC_files/21R.html,,,Active Duty,No,USAF,
CAMP HUMPHREYS,"36°55'0.00""N","127°2'60.00""E",,21R,21R (LOGISTICS READINESS),https://paladindanse111.github.io/AFSC-PDFs/AFSC_files/21R.html,https://paladindanse111.github.io/AFSC-PDFs/BASE_files/BASE_CAMP_HUMPHREYS.html,,Active Duty,No,USAF,Note: Army base websites may be blocked on MissionNet.
CANNON AFB,"34°23'20""N","103°19'05""W",13S FU 54620 06558,21R,21R (LOGISTICS READINESS),https://paladindanse111.github.io/AFSC-PDFs/AFSC_files/21R.html,https://paladindanse111.github.io/AFSC-PDFs/BASE_files/BASE_CANNON_AFB.html,,Active Duty,Yes,USAF,
COLUMBUS AFB,"33°37'38""N","88°26'51""W",16S CC 65739 21763,21R,21R (LOGISTICS READINESS),https://paladindanse111.github.io/AFSC-PDFs/AFSC_files/21R.html,https://paladindanse111.github.io/AFSC-PDFs/BASE_files/BASE_COLUMBUS_AFB.html,,Active Duty,Yes,USAF,
CREECH AFB,"36°34'41""N","115°39'29""W",11S PA 20060 48904,21R,21R (LOGISTICS READINESS),https://paladindanse111.github.io/AFSC-PDFs/AFSC_files/21R.html,https://paladindanse111.github.io/AFSC-PDFs/BASE_files/BASE_CREECH_AFB.html,,Active Duty,Yes,USAF,
DAEGU AB,"35°53'39.00""N","128°39'32.00""E",,21R,21R (LOGISTICS READINESS),https://paladindanse111.github.io/AFSC-PDFs/AFSC_files/21R.html,https://paladindanse111.github.io/AFSC-PDFs/BASE_files/BASE_DAEGU_AB.html,,Active Duty,No,USAF,Note: Army base websites may be blocked on MissionNet.
DAVIS-MONTHAN AFB,"32°10'14""N","110°52'39""W",12S WA 11549 59347,21R,21R (LOGISTICS READINESS),https://paladindanse111.github.io/AFSC-PDFs/AFSC_files/21R.html,https://paladindanse111.github.io/AFSC-PDFs/BASE_files/BASE_DAVIS-MONTHAN_AFB.html,,Active Duty,Yes,USAF,
DOVER AFB,"39°07'39""N","75°28'06""W",18S VJ 59518 31029,21R,21R (LOGISTICS READINESS),https://paladindanse111.github.io/AFSC-PDFs/AFSC_files/21R.html,https://paladindanse111.github.io/AFSC-PDFs/BASE_files/BASE_DOVER_AFB.html,,Active Duty,Yes,USAF,
DYESS AFB,"32°25'17""N","99°50'31""W",14S MA 20838 87456,21R,21R (LOGISTICS READINESS),https://paladindanse111.github.io/AFSC-PDFs/AFSC_files/21R.html,https://paladindanse111.github.io/AFSC-PDFs/BASE_files/BASE_DYESS_AFB.html,,Active Duty,Yes,USAF,
EGLIN AFB,"30°27'49""N","86°33'11""W",16R EU 42905 70243,21R,21R (LOGISTICS READINESS),https://paladindanse111.github.io/AFSC-PDFs/AFSC_files/21R.html,https://paladindanse111.github.io/AFSC-PDFs/BASE_files/BASE_EGLIN_AFB.html,,Active Duty,Yes,USAF,
EIELSON AFB,"64°39'52""N","147°05'45""W",6W VS 95424 71061,21R,21R (LOGISTICS READINESS),https://paladindanse111.github.io/AFSC-PDFs/AFSC_files/21R.html,https://paladindanse111.github.io/AFSC-PDFs/BASE_files/BASE_EIELSON_AFB.html,,Active Duty,Yes,USAF,
ELLSWORTH AFB,"44°08'54""N","103°05'15""W",13T FJ 52951 90126,21R,21R (LOGISTICS READINESS),https://paladindanse111.github.io/AFSC-PDFs/AFSC_files/21R.html,https://paladindanse111.github.io/AFSC-PDFs/BASE_files/BASE_ELLSWORTH_AFB.html,,Active Duty,Yes,USAF,
FAIRCHILD AFB,"47°38'28""N","117°38'41""W",11T MN 51574 76613,21R,21R (LOGISTICS READINESS),https://paladindanse111.github.io/AFSC-PDFs/AFSC_files/21R.html,https://paladindanse111.github.io/AFSC-PDFs/BASE_files/BASE_FAIRCHILD_AFB.html,,Active Duty,Yes,USAF,
FE WARREN AFB,"41°08'32""N","104°52'41""W",13T EF 10233 54552,21R,21R (LOGISTICS READINESS),https://paladindanse111.github.io/AFSC-PDFs/AFSC_files/21R.html,https://paladindanse111.github.io/AFSC-PDFs/BASE_files/BASE_FE_WARREN_AFB.html,,Active Duty,Yes,USAF,
FT BELVOIR,"38°43'05""N","77°09'16""W",18S UH 12695 87692,21R,21R (LOGISTICS READINESS),https://paladindanse111.github.io/AFSC-PDFs/AFSC_files/21R.html,https://paladindanse111.github.io/AFSC-PDFs/BASE_files/BASE_FT_BELVOIR.html,,Active Duty,Yes,USAF,
FT BENNING AIN,"32°22'60.00""N","84°52'60.00""W",,21R,21R (LOGISTICS READINESS),https://paladindanse111.github.io/AFSC-PDFs/AFSC_files/21R.html,https://paladindanse111.github.io/AFSC-PDFs/BASE_files/BASE_FT_BENNING_AIN.html,,Active Duty,No,USAF,Note: Army base websites may be blocked on MissionNet.
FT LEE AIN,"37°13'0.00""N","77°19'60.00""W",,21R,21R (LOGISTICS READINESS),https://paladindanse111.github.io/AFSC-PDFs/AFSC_files/21R.html,,,Active Duty,No,USAF,
GEILENKIRCHEN AB,"50°57'39.00""N","6°2'30.00""E",,21R,21R (LOGISTICS READINESS),https://paladindanse111.github.io/AFSC-PDFs/AFSC_files/21R.html,https://paladindanse111.github.io/AFSC-PDFs/BASE_files/BASE_GEILENKIRCHEN_AB.html,,Active Duty,No,USAF,
GRAND FORKS AFB,"47°57'07""N","97°22'57""W",14T PU 20768 12225,21R,21R (LOGISTICS READINESS),https://paladindanse111.github.io/AFSC-PDFs/AFSC_files/21R.html,https://paladindanse111.github.io/AFSC-PDFs/BASE_files/BASE_GRAND_FORKS_AFB.html,,Active Duty,Yes,USAF,
HANSCOM AFB,"42°27'23""N","71°16'35""W",19T CH 12823 02961,21R,21R (LOGISTICS READINESS),https://paladindanse111.github.io/AFSC-PDFs/AFSC_files/21R.html,https://paladindanse111.github.io/AFSC-PDFs/BASE_files/BASE_HANSCOM_AFB.html,,Active Duty,Yes,USAF,
HILL AFB,"41°06'36""N","111°58'56""W",12T VL 17530 51433,21R,21R (LOGISTICS READINESS),https://paladindanse111.github.io/AFSC-PDFs/AFSC_files/21R.html,https://paladindanse111.github.io/AFSC-PDFs/BASE_files/BASE_HILL_AFB.html,,Active Duty,Yes,USAF,
HOLLOMAN AFB,"32°50'33""N","106°05'55""W",13S CS 97187 34361,21R,21R (LOGISTICS READINESS),https://paladindanse111.github.io/AFSC-PDFs/AFSC_files/21R.html,https://paladindanse111.github.io/AFSC-PDFs/BASE_files/BASE_HOLLOMAN_AFB.html,,Active Duty,Yes,USAF,
HURLBURT FIELD,"30°25'23""N","86°41'41""W",16R EU 29317 65704,21R,21R (LOGISTICS READINESS),https://paladindanse111.github.io/AFSC-PDFs/AFSC_files/21R.html,https://paladindanse111.github.io/AFSC-PDFs/BASE_files/BASE_HURLBURT_FIELD.html,,Active Duty,Yes,USAF,
INCIRLIK AB,"37°00'12""N","35°26'02""E",36S YF 16566 98011,21R,21R (LOGISTICS READINESS),https://paladindanse111.github.io/AFSC-PDFs/AFSC_files/21R.html,https://paladindanse111.github.io/AFSC-PDFs/BASE_files/BASE_INCIRLIK_AB.html,,Active Duty,Yes,USAF,
JB ANACOSTIA-BOLLING,"38°50'29""N","77°01'05""W",18S UJ 24855 01110,21R,21R (LOGISTICS READINESS),https://paladindanse111.github.io/AFSC-PDFs/AFSC_files/21R.html,https://paladindanse111.github.io/AFSC-PDFs/BASE_files/BASE_JB_ANACOSTIA-BOLLING.html,,Active Duty,Yes,USAF,
JB CHARLESTON,"32°53'29""N","80°04'03""W",17S NS 87218 39631,21R,21R (LOGISTICS READINESS),https://paladindanse111.github.io/AFSC-PDFs/AFSC_files/21R.html,https://paladindanse111.github.io/AFSC-PDFs/BASE_files/BASE_JB_CHARLESTON.html,,Active Duty,Yes,USAF,
JB ELMENDORF-RICHARDSON,"61°15'44""N","149°41'53""W",6V UN 55306 94983,21R,21R (LOGISTICS READINESS),https://paladindanse111.github.io/AFSC-PDFs/AFSC_files/21R.html,https://paladindanse111.github.io/AFSC-PDFs/BASE_files/BASE_JB_ELMENDORF-RICHARDSON.html,,Active Duty,Yes,USAF,
JB LANGLEY-EUSTIS,"37°05'00""N","76°21'33""W",18S UG 79195 04980,21R,21R (LOGISTICS READINESS),https://paladindanse111.github.io/AFSC-PDFs/AFSC_files/21R.html,https://paladindanse111.github.io/AFSC-PDFs/BASE_files/BASE_JB_LANGLEY-EUSTIS.html,,Active Duty,Yes,USAF,
JB LEWIS-MCCHORD,"47°05'30""N","122°36'53""W",10T ET 29240 15422,21R,21R (LOGISTICS READINESS),https://paladindanse111.github.io/AFSC-PDFs/AFSC_files/21R.html,https://paladindanse111.github.io/AFSC-PDFs/BASE_files/BASE_JB_LEWIS-MCCHORD.html,,Active Duty,Yes,USAF,
JB MCGUIRE-DIX-LAKEHURST,"40°02'15""N","74°35'18""W",18T WK 35120 32000,21R,21R (LOGISTICS READINESS),https://paladindanse111.github.io/AFSC-PDFs/AFSC_files/21R.html,https://paladindanse111.github.io/AFSC-PDFs/BASE_files/BASE_JB_MCGUIRE-DIX-LAKEHURST.html,,Active Duty,Yes,USAF,
JB PEARL HARBOR-HICKAM,"21°20'15""N","157°57'43""W",4Q FJ 07643 59855,21R,21R (LOGISTICS READINESS),https://paladindanse111.github.io/AFSC-PDFs/AFSC_files/21R.html,https://paladindanse111.github.io/AFSC-PDFs/BASE_files/BASE_JB_PEARL_HARBOR-HICKAM.html,,Active Duty,Yes,USAF,
JBSA LACKLAND,"29°23'14""N","98°37'16""W",14R NT 36765 50947,21R,21R (LOGISTICS READINESS),https://paladindanse111.github.io/AFSC-PDFs/AFSC_files/21R.html,https://paladindanse111.github.io/AFSC-PDFs/BASE_files/BASE_JBSA_LACKLAND.html,,Active Duty,Yes,USAF,
JBSA RANDOLPH,"29°31'57""N","98°16'45""W",14R NT 69847 67200,21R,21R (LOGISTICS READINESS),https://paladindanse111.github.io/AFSC-PDFs/AFSC_files/21R.html,https://paladindanse111.github.io/AFSC-PDFs/BASE_files/BASE_JBSA_RANDOLPH.html,,Active Duty,Yes,USAF,
KADENA AB,"26°21'30""N","127°46'20""E",52R CQ 77496 15950,21R,21R (LOGISTICS READINESS),https://paladindanse111.github.io/AFSC-PDFs/AFSC_files/21R.html,https://paladindanse111.github.io/AFSC-PDFs/BASE_files/BASE_KADENA_AB.html,,Active Duty,Yes,USAF,
KAISERSLAUTERN (GERMANY),"49°25'60.00""N","7°46'0.00""E",,21R,21R (LOGISTICS READINESS),https://paladindanse111.github.io/AFSC-PDFs/AFSC_files/21R.html,,,Active Duty,No,USAF,
KEESLER AFB,"30°24'34""N","88°55'34""W",16R CU 14981 65731,21R,21R (LOGISTICS READINESS),https://paladindanse111.github.io/AFSC-PDFs/AFSC_files/21R.html,https://paladindanse111.github.io/AFSC-PDFs/BASE_files/BASE_KEESLER_AFB.html,,Active Duty,Yes,USAF,
KIRTLAND AFB,"35°00'39""N","106°30'44""W",13S CU 62019 75289,21R,21R (LOGISTICS READINESS),https://paladindanse111.github.io/AFSC-PDFs/AFSC_files/21R.html,https://paladindanse111.github.io/AFSC-PDFs/BASE_files/BASE_KIRTLAND_AFB.html,,Active Duty,Yes,USAF,
KUNSAN AB,"35°55'09""N","126°37'54""E",52S BE 86310 77574,21R,21R (LOGISTICS READINESS),https://paladindanse111.github.io/AFSC-PDFs/AFSC_files/21R.html,https://paladindanse111.github.io/AFSC-PDFs/BASE_files/BASE_KUNSAN_AB.html,,Active Duty,Yes,USAF,
LAKENHEATH RAF,"52°23'23""N","0°32'14""E",31U CU 32414 07239,21R,21R (LOGISTICS READINESS),https://paladindanse111.github.io/AFSC-PDFs/AFSC_files/21R.html,https://paladindanse111.github.io/AFSC-PDFs/BASE_files/BASE_LAKENHEATH_RAF.html,,Active Duty,Yes,USAF,
LITTLE ROCK AFB,"34°53'47""N","92°08'38""W",15S WU 78220 61887,21R,21R (LOGISTICS READINESS),https://paladindanse111.github.io/AFSC-PDFs/AFSC_files/21R.html,https://paladindanse111.github.io/AFSC-PDFs/BASE_files/BASE_LITTLE_ROCK_AFB.html,,Active Duty,Yes,USAF,
LOS ANGELES SFB,"34°0'0.00""N","118°15'0.00""W",,21R,21R (LOGISTICS READINESS),https://paladindanse111.github.io/AFSC-PDFs/AFSC_files/21R.html,https://paladindanse111.github.io/AFSC-PDFs/BASE_files/BASE_LOS_ANGELES_SFB.html,,Active Duty,No,USAF,
LUKE AFB,"33°32'22""N","112°22'32""W",12S UC 72284 11939,21R,21R (LOGISTICS READINESS),https://paladindanse111.github.io/AFSC-PDFs/AFSC_files/21R.html,https://paladindanse111.github.io/AFSC-PDFs/BASE_files/BASE_LUKE_AFB.html,,Active Duty,Yes,USAF,
MACDILL AFB,"27°51'28""N","82°29'19""W",17R LL 53434 82337,21R,21R (LOGISTICS READINESS),https://paladindanse111.github.io/AFSC-PDFs/AFSC_files/21R.html,https://paladindanse111.github.io/AFSC-PDFs/BASE_files/BASE_MACDILL_AFB.html,,Active Duty,Yes,USAF,
MALMSTROM AFB,"47°30'17""N","111°10'56""W",12T VT 86277 61270,21R,21R (LOGISTICS READINESS),https://paladindanse111.github.io/AFSC-PDFs/AFSC_files/21R.html,https://paladindanse111.github.io/AFSC-PDFs/BASE_files/BASE_MALMSTROM_AFB.html,,Active Duty,Yes,USAF,
MAXWELL-GUNTER AFB,"32°22'43""N","86°21'44""W",16S EA 59993 82581,21R,21R (LOGISTICS READINESS),https://paladindanse111.github.io/AFSC-PDFs/AFSC_files/21R.html,https://paladindanse111.github.io/AFSC-PDFs/BASE_files/BASE_MAXWELL-GUNTER_AFB.html,,Active Duty,Yes,USAF,
MCCONNELL AFB,"37°37'51""N","97°15'06""W",14S PG 54271 66293,21R,21R (LOGISTICS READINESS),https://paladindanse111.github.io/AFSC-PDFs/AFSC_files/21R.html,https://paladindanse111.github.io/AFSC-PDFs/BASE_files/BASE_MCCONNELL_AFB.html,,Active Duty,Yes,USAF,
MILDENHALL RAF,"52°21'45""N","0°30'14""E",31U CU 30041 04290,21R,21R (LOGISTICS READINESS),https://paladindanse111.github.io/AFSC-PDFs/AFSC_files/21R.html,https://paladindanse111.github.io/AFSC-PDFs/BASE_files/BASE_MILDENHALL_RAF.html,,Active Duty,Yes,USAF,
MINOT AFB,"48°25'13""N","101°19'36""W",14U LU 27861 65629,21R,21R (LOGISTICS READINESS),https://paladindanse111.github.io/AFSC-PDFs/AFSC_files/21R.html,https://paladindanse111.github.io/AFSC-PDFs/BASE_files/BASE_MINOT_AFB.html,,Active Duty,Yes,USAF,
MISAWA AB,"40°41'55""N","141°22'28""E",54T WL 31634 05368,21R,21R (LOGISTICS READINESS),https://paladindanse111.github.io/AFSC-PDFs/AFSC_files/21R.html,https://paladindanse111.github.io/AFSC-PDFs/BASE_files/BASE_MISAWA_AB.html,,Active Duty,Yes,USAF,
MOODY AFB,"30°58'12""N","83°11'47""W",17R KQ 90229 28346,21R,21R (LOGISTICS READINESS),https://paladindanse111.github.io/AFSC-PDFs/AFSC_files/21R.html,https://paladindanse111.github.io/AFSC-PDFs/BASE_files/BASE_MOODY_AFB.html,,Active Duty,Yes,USAF,
MORON AB,"37°10'30.00""N","5°36'57.00""W",,21R,21R (LOGISTICS READINESS),https://paladindanse111.github.io/AFSC-PDFs/AFSC_files/21R.html,https://paladindanse111.github.io/AFSC-PDFs/BASE_files/BASE_MORON_AB.html,,Active Duty,No,USAF,
MOUNTAIN HOME AFB,"43°03'59""N","115°51'18""W",11T NH 93226 68823,21R,21R (LOGISTICS READINESS),https://paladindanse111.github.io/AFSC-PDFs/AFSC_files/21R.html,https://paladindanse111.github.io/AFSC-PDFs/BASE_files/BASE_MOUNTAIN_HOME_AFB.html,,Active Duty,Yes,USAF,
NELLIS AFB,"36°14'25""N","115°03'14""W",11S PA 74874 12355,21R,21R (LOGISTICS READINESS),https://paladindanse111.github.io/AFSC-PDFs/AFSC_files/21R.html,https://paladindanse111.github.io/AFSC-PDFs/BASE_files/BASE_NELLIS_AFB.html,,Active Duty,Yes,USAF,
OFFUTT AFB,"41°07'25""N","95°54'52""W",15T TF 55334 56573,21R,21R (LOGISTICS READINESS),https://paladindanse111.github.io/AFSC-PDFs/AFSC_files/21R.html,https://paladindanse111.github.io/AFSC-PDFs/BASE_files/BASE_OFFUTT_AFB.html,,Active Duty,Yes,USAF,
OSAN AB,"37°05'19""N","127°01'50""E",52S CG 24960 06516,21R,21R (LOGISTICS READINESS),https://paladindanse111.github.io/AFSC-PDFs/AFSC_files/21R.html,https://paladindanse111.github.io/AFSC-PDFs/BASE_files/BASE_OSAN_AB.html,,Active Duty,Yes,USAF,
PAPA AB,"47°21'50.00""N","17°30'2.00""E",,21R,21R (LOGISTICS READINESS),https://paladindanse111.github.io/AFSC-PDFs/AFSC_files/21R.html,https://paladindanse111.github.io/AFSC-PDFs/BASE_files/BASE_PAPA_AB.html,,Active Duty,No,USAF,
PAYA LEBAR AFD,"1°21'12.00""N","103°54'15.00""E",,21R,21R (LOGISTICS READINESS),https://paladindanse111.github.io/AFSC-PDFs/AFSC_files/21R.html,,,Active Duty,No,USAF,
PEARL HARBOR NAD PRT,"21°19'60.00""N","157°58'0.00""W",,21R,21R (LOGISTICS READINESS),https://paladindanse111.github.io/AFSC-PDFs/AFSC_files/21R.html,,,Active Duty,No,USAF,
PETERSON SFB,"38°49'32""N","104°41'58""W",13S EC 26089 97461,21R,21R (LOGISTICS READINESS),https://paladindanse111.github.io/AFSC-PDFs/AFSC_files/21R.html,https://paladindanse111.github.io/AFSC-PDFs/BASE_files/BASE_PETERSON_SFB.html,,Active Duty,Yes,USAF,
PHILADELPHIA QMCI AIN,"39°55'0.00""N","75°12'0.00""W",,21R,21R (LOGISTICS READINESS),https://paladindanse111.github.io/AFSC-PDFs/AFSC_files/21R.html,,,Active Duty,No,USAF,
PITUFFIK SBS,"76°31'52.00""N","68°42'12.00""W",,21R,21R (LOGISTICS READINESS),https://paladindanse111.github.io/AFSC-PDFs/AFSC_files/21R.html,https://paladindanse111.github.io/AFSC-PDFs/BASE_files/BASE_PITUFFIK_SBS.html,,Active Duty,No,USAF,
POGGIO RENATICO (ITALY),"44°46'0.00""N","11°28'60.00""E",,21R,21R (LOGISTICS READINESS),https://paladindanse111.github.io/AFSC-PDFs/AFSC_files/21R.html,,,Active Duty,No,USAF,
POPE AAF,"35°10'16""N","79°01'02""W",17S PU 80566 93819,21R,21R (LOGISTICS READINESS),https://paladindanse111.github.io/AFSC-PDFs/AFSC_files/21R.html,https://paladindanse111.github.io/AFSC-PDFs/BASE_files/BASE_POPE_AAF.html,,Active Duty,Yes,USAF,
RAF FAIRFORD,"51°40'56.00""N","1°47'24.00""W",,21R,21R (LOGISTICS READINESS),https://paladindanse111.github.io/AFSC-PDFs/AFSC_files/21R.html,,,Active Duty,No,USAF,
RAMSTEIN AB,"49°26'23""N","7°35'47""E",32U LV 98244 77286,21R,21R (LOGISTICS READINESS),https://paladindanse111.github.io/AFSC-PDFs/AFSC_files/21R.html,https://paladindanse111.github.io/AFSC-PDFs/BASE_files/BASE_RAMSTEIN_AB.html.html,,Active Duty,Yes,USAF,
RICHMOND DEF SUP ADM,"37°25'0.00""N","77°25'60.00""W",,21R,21R (LOGISTICS READINESS),https://paladindanse111.github.io/AFSC-PDFs/AFSC_files/21R.html,,,Active Duty,No,USAF,
RKB-QUANTICO MGI,"38°30'34.00""N","77°23'21.00""W",,21R,21R (LOGISTICS READINESS),https://paladindanse111.github.io/AFSC-PDFs/AFSC_files/21R.html,,,Active Duty,No,USAF,
ROBINS AFB,"32°38'23""N","83°35'30""W",17S KS 56883 14314,21R,21R (LOGISTICS READINESS),https://paladindanse111.github.io/AFSC-PDFs/AFSC_files/21R.html,https://paladindanse111.github.io/AFSC-PDFs/BASE_files/BASE_ROBINS_AFB.html,,Active Duty,Yes,USAF,
ROTA NS ABS,"36°38'43.00""N","6°20'58.00""W",,21R,21R (LOGISTICS READINESS),https://paladindanse111.github.io/AFSC-PDFs/AFSC_files/21R.html,https://paladindanse111.github.io/AFSC-PDFs/BASE_files/BASE_ROTA_NS.html,,Active Duty,No,USAF,
SCOTT AFB,"38°32'29""N","89°51'18""W",16S BH 51169 69750,21R,21R (LOGISTICS READINESS),https://paladindanse111.github.io/AFSC-PDFs/AFSC_files/21R.html,https://paladindanse111.github.io/AFSC-PDFs/BASE_files/BASE_SCOTT_AFB.html,,Active Duty,Yes,USAF,
SEYMOUR JOHNSON AFB,"35°20'24""N","77°57'41""W",18S TE 30850 14774,21R,21R (LOGISTICS READINESS),https://paladindanse111.github.io/AFSC-PDFs/AFSC_files/21R.html,https://paladindanse111.github.io/AFSC-PDFs/BASE_files/BASE_SEYMOUR_JOHNSON_AFB.html,,Active Duty,Yes,USAF,
SHAW AFB,"33°58'02""N","80°29'05""W",17S NT 47603 58641,21R,21R (LOGISTICS READINESS),https://paladindanse111.github.io/AFSC-PDFs/AFSC_files/21R.html,https://paladindanse111.github.io/AFSC-PDFs/BASE_files/BASE_SHAW_AFB.html,,Active Duty,Yes,USAF,
SHEPPARD AFB,"33°58'06""N","98°30'38""W",14S NC 45216 58752,21R,21R (LOGISTICS READINESS),https://paladindanse111.github.io/AFSC-PDFs/AFSC_files/21R.html,https://paladindanse111.github.io/AFSC-PDFs/BASE_files/BASE_SHEPPARD_AFB.html,,Active Duty,Yes,USAF,
SPANGDAHLEM AB,"49°59'38""N","6°41'55""E",32U LA 35052 40489,21R,21R (LOGISTICS READINESS),https://paladindanse111.github.io/AFSC-PDFs/AFSC_files/21R.html,https://paladindanse111.github.io/AFSC-PDFs/BASE_files/BASE_SPANGDAHLEM_AB.html,,Active Duty,Yes,USAF,
STUTTGART,"48°46'60.00""N","9°11'60.00""E",,21R,21R (LOGISTICS READINESS),https://paladindanse111.github.io/AFSC-PDFs/AFSC_files/21R.html,,,Active Duty,No,USAF,
TINKER AFB,"35°25'09""N","97°24'15""W",14S PE 44882 20698,21R,21R (LOGISTICS READINESS),https://paladindanse111.github.io/AFSC-PDFs/AFSC_files/21R.html,https://paladindanse111.github.io/AFSC-PDFs/BASE_files/BASE_TINKER_AFB.html,,Active Duty,Yes,USAF,
TRAVIS AFB,"38°16'09""N","121°56'51""W",10S EH 92069 36204,21R,21R (LOGISTICS READINESS),https://paladindanse111.github.io/AFSC-PDFs/AFSC_files/21R.html,https://paladindanse111.github.io/AFSC-PDFs/BASE_files/BASE_TRAVIS_AFB.html,,Active Duty,Yes,USAF,
TYNDALL AFB,"30°04'47""N","85°36'26""W",16R FU 34229 28437,21R,21R (LOGISTICS READINESS),https://paladindanse111.github.io/AFSC-PDFs/AFSC_files/21R.html,https://paladindanse111.github.io/AFSC-PDFs/BASE_files/BASE_TYNDALL_AFB.html,,Active Duty,Yes,USAF,
USAF ACADEMY,"39°0'0.00""N","104°52'60.00""W",,21R,21R (LOGISTICS READINESS),https://paladindanse111.github.io/AFSC-PDFs/AFSC_files/21R.html,https://paladindanse111.github.io/AFSC-PDFs/BASE_files/BASE_USAF_ACADEMY.html,,Active Duty,No,USAF,
VANCE AFB,"36°20'21""N","97°54'47""W",14S NF 97544 22116,21R,21R (LOGISTICS READINESS),https://paladindanse111.github.io/AFSC-PDFs/AFSC_files/21R.html,https://paladindanse111.github.io/AFSC-PDFs/BASE_files/BASE_VANCE_AFB.html,,Active Duty,Yes,USAF,
VANDENBERG SFB,"34°44'31""N","120°34'20""W",10S GD 22255 47110,21R,21R (LOGISTICS READINESS),https://paladindanse111.github.io/AFSC-PDFs/AFSC_files/21R.html,https://paladindanse111.github.io/AFSC-PDFs/BASE_files/BASE_VANDENBERG_SFB.html,,Active Duty,Yes,USAF,
WHITEMAN AFB,"38°43'44""N","93°33'37""W",15S VC 51299 86840,21R,21R (LOGISTICS READINESS),https://paladindanse111.github.io/AFSC-PDFs/AFSC_files/21R.html,https://paladindanse111.github.io/AFSC-PDFs/BASE_files/BASE_WHITEMAN_AFB.html,,Active Duty,Yes,USAF,
WRIGHT-PATTERSON AFB,"39°48'37""N","84°01'55""W",16S GK 54072 10915,21R,21R (LOGISTICS READINESS),https://paladindanse111.github.io/AFSC-PDFs/AFSC_files/21R.html,https://paladindanse111.github.io/AFSC-PDFs/BASE_files/BASE_WRIGHT-PATTERSON_AFB.html,,Active Duty,Yes,USAF,
YOKOTA AB,"35°44'35""N","139°20'23""E",54S UE 49872 56720,21R,21R (LOGISTICS READINESS),https://paladindanse111.github.io/AFSC-PDFs/AFSC_files/21R.html,https://paladindanse111.github.io/AFSC-PDFs/BASE_files/BASE_YOKOTA_AB.html,,Active Duty,Yes,USAF,
ALCONBURY RAF,"52°22'09""N","0°13'43""W",30U XD 88669 05714,31P,31P (SECURITY FORCES),https://paladindanse111.github.io/AFSC-PDFs/AFSC_files/31P.html,https://paladindanse111.github.io/AFSC-PDFs/BASE_files/BASE_ALCONBURY_RAF.html,,Active Duty,Yes,USAF,
ALTUS AFB,"34°39'18""N","99°17'04""W",14S MD 73935 34821,31P,31P (SECURITY FORCES),https://paladindanse111.github.io/AFSC-PDFs/AFSC_files/31P.html,https://paladindanse111.github.io/AFSC-PDFs/BASE_files/BASE_ALTUS_AFB.html,,Active Duty,Yes,USAF,
ANDERSEN AFB,"13°33'46""N","144°55'25""E",55P BR 75307 00327,31P,31P (SECURITY FORCES),https://paladindanse111.github.io/AFSC-PDFs/AFSC_files/31P.html,https://paladindanse111.github.io/AFSC-PDFs/BASE_files/BASE_ANDERSEN_AFB.html,,Active Duty,Yes,USAF,
ANDREWS JB,"38°47'46""N","76°53'00""W",18S UH 36445 95835,31P,31P (SECURITY FORCES),https://paladindanse111.github.io/AFSC-PDFs/AFSC_files/31P.html,https://paladindanse111.github.io/AFSC-PDFs/BASE_files/BASE_ANDREWS_JB.html,,Active Duty,Yes,USAF,
AVIANO AB,"46°01'49""N","12°36'41""E",33T UM 15147 00185,31P,31P (SECURITY FORCES),https://paladindanse111.github.io/AFSC-PDFs/AFSC_files/31P.html,https://paladindanse111.github.io/AFSC-PDFs/BASE_files/BASE_AVIANO_AB.html,,Active Duty,Yes,USAF,
BARKSDALE AFB,"32°29'45""N","93°40'21""W",15S VR 36822 95596,31P,31P (SECURITY FORCES),https://paladindanse111.github.io/AFSC-PDFs/AFSC_files/31P.html,https://paladindanse111.github.io/AFSC-PDFs/BASE_files/BASE_BARKSDALE_AFB.html,,Active Duty,Yes,USAF,
BEALE AFB,"39°06'41""N","121°21'35""W",10S FJ 41815 30418,31P,31P (SECURITY FORCES),https://paladindanse111.github.io/AFSC-PDFs/AFSC_files/31P.html,https://paladindanse111.github.io/AFSC-PDFs/BASE_files/BASE_BEALE_AFB.html,,Active Duty,Yes,USAF,
BRUNSSUM (NETHERLANDS),"50°58'0.00""N","5°57'0.00""E",,31P,31P (SECURITY FORCES),https://paladindanse111.github.io/AFSC-PDFs/AFSC_files/31P.html,,,Active Duty,No,USAF,
BUCHEL ABS,"50°10'26.00""N","7°3'48.00""E",,31P,31P (SECURITY FORCES),https://paladindanse111.github.io/AFSC-PDFs/AFSC_files/31P.html,https://paladindanse111.github.io/AFSC-PDFs/BASE_files/BASE_BUCHEL_ABS.html,,Active Duty,No,USAF,
BUCKLEY SFB,"39°42'09""N","104°45'29""W",13S ED 20741 94766,31P,31P (SECURITY FORCES),https://paladindanse111.github.io/AFSC-PDFs/AFSC_files/31P.html,https://paladindanse111.github.io/AFSC-PDFs/BASE_files/BASE_BUCKLEY_SFB.html,,Active Duty,Yes,USAF,
CAIRO (EGYPT),"30°1'60.00""N","31°15'0.00""E",,31P,31P (SECURITY FORCES),https://paladindanse111.github.io/AFSC-PDFs/AFSC_files/31P.html,,,Active Duty,No,USAF,
CANNON AFB,"34°23'20""N","103°19'05""W",13S FU 54620 06558,31P,31P (SECURITY FORCES),https://paladindanse111.github.io/AFSC-PDFs/AFSC_files/31P.html,https://paladindanse111.github.io/AFSC-PDFs/BASE_files/BASE_CANNON_AFB.html,,Active Duty,Yes,USAF,
CHEYENNE MOUNTAIN SFS,"38°49'0.00""N","104°32'60.00""W",,31P,31P (SECURITY FORCES),https://paladindanse111.github.io/AFSC-PDFs/AFSC_files/31P.html,https://paladindanse111.github.io/AFSC-PDFs/BASE_files/BASE_CHEYENNE_MOUNTAIN_SFS.html,,Active Duty,No,USAF,
CLEAR SFS,"64°18'7.00""N","149°7'21.00""W",,31P,31P (SECURITY FORCES),https://paladindanse111.github.io/AFSC-PDFs/AFSC_files/31P.html,,,Active Duty,No,USAF,
COLUMBUS AFB,"33°37'38""N","88°26'51""W",16S CC 65739 21763,31P,31P (SECURITY FORCES),https://paladindanse111.github.io/AFSC-PDFs/AFSC_files/31P.html,https://paladindanse111.github.io/AFSC-PDFs/BASE_files/BASE_COLUMBUS_AFB.html,,Active Duty,Yes,USAF,
CREECH AFB,"36°34'41""N","115°39'29""W",11S PA 20060 48904,31P,31P (SECURITY FORCES),https://paladindanse111.github.io/AFSC-PDFs/AFSC_files/31P.html,https://paladindanse111.github.io/AFSC-PDFs/BASE_files/BASE_CREECH_AFB.html,,Active Duty,Yes,USAF,
DAVIS-MONTHAN AFB,"32°10'14""N","110°52'39""W",12S WA 11549 59347,31P,31P (SECURITY FORCES),https://paladindanse111.github.io/AFSC-PDFs/AFSC_files/31P.html,https://paladindanse111.github.io/AFSC-PDFs/BASE_files/BASE_DAVIS-MONTHAN_AFB.html,,Active Duty,Yes,USAF,
DOVER AFB,"39°07'39""N","75°28'06""W",18S VJ 59518 31029,31P,31P (SECURITY FORCES),https://paladindanse111.github.io/AFSC-PDFs/AFSC_files/31P.html,https://paladindanse111.github.io/AFSC-PDFs/BASE_files/BASE_DOVER_AFB.html,,Active Duty,Yes,USAF,
DYESS AFB,"32°25'17""N","99°50'31""W",14S MA 20838 87456,31P,31P (SECURITY FORCES),https://paladindanse111.github.io/AFSC-PDFs/AFSC_files/31P.html,https://paladindanse111.github.io/AFSC-PDFs/BASE_files/BASE_DYESS_AFB.html,,Active Duty,Yes,USAF,
EDWARDS AFB,"34°55'25""N","117°53'29""W",11S MU 18582 64934,31P,31P (SECURITY FORCES),https://paladindanse111.github.io/AFSC-PDFs/AFSC_files/31P.html,https://paladindanse111.github.io/AFSC-PDFs/BASE_files/BASE_EDWARDS_AFB.html,,Active Duty,Yes,USAF,
EGLIN AFB,"30°27'49""N","86°33'11""W",16R EU 42905 70243,31P,31P (SECURITY FORCES),https://paladindanse111.github.io/AFSC-PDFs/AFSC_files/31P.html,https://paladindanse111.github.io/AFSC-PDFs/BASE_files/BASE_EGLIN_AFB.html,,Active Duty,Yes,USAF,
EIELSON AFB,"64°39'52""N","147°05'45""W",6W VS 95424 71061,31P,31P (SECURITY FORCES),https://paladindanse111.github.io/AFSC-PDFs/AFSC_files/31P.html,https://paladindanse111.github.io/AFSC-PDFs/BASE_files/BASE_EIELSON_AFB.html,,Active Duty,Yes,USAF,
ELLSWORTH AFB,"44°08'54""N","103°05'15""W",13T FJ 52951 90126,31P,31P (SECURITY FORCES),https://paladindanse111.github.io/AFSC-PDFs/AFSC_files/31P.html,https://paladindanse111.github.io/AFSC-PDFs/BASE_files/BASE_ELLSWORTH_AFB.html,,Active Duty,Yes,USAF,
FAIRCHILD AFB,"47°38'28""N","117°38'41""W",11T MN 51574 76613,31P,31P (SECURITY FORCES),https://paladindanse111.github.io/AFSC-PDFs/AFSC_files/31P.html,https://paladindanse111.github.io/AFSC-PDFs/BASE_files/BASE_FAIRCHILD_AFB.html,,Active Duty,Yes,USAF,
FE WARREN AFB,"41°08'32""N","104°52'41""W",13T EF 10233 54552,31P,31P (SECURITY FORCES),https://paladindanse111.github.io/AFSC-PDFs/AFSC_files/31P.html,https://paladindanse111.github.io/AFSC-PDFs/BASE_files/BASE_FE_WARREN_AFB.html,,Active Duty,Yes,USAF,
GHEDI AB,"45°0'0.00""N","12°0'0.00""E",,31P,31P (SECURITY FORCES),https://paladindanse111.github.io/AFSC-PDFs/AFSC_files/31P.html,https://paladindanse111.github.io/AFSC-PDFs/BASE_files/BASE_GHEDI_AB.html,,Active Duty,No,USAF,
GOODFELLOW AFB,"31°26'09""N","100°24'03""W",14R LV 66873 78753,31P,31P (SECURITY FORCES),https://paladindanse111.github.io/AFSC-PDFs/AFSC_files/31P.html,https://paladindanse111.github.io/AFSC-PDFs/BASE_files/BASE_GOODFELLOW_AFB.html,,Active Duty,Yes,USAF,
GRAND FORKS AFB,"47°57'07""N","97°22'57""W",14T PU 20768 12225,31P,31P (SECURITY FORCES),https://paladindanse111.github.io/AFSC-PDFs/AFSC_files/31P.html,https://paladindanse111.github.io/AFSC-PDFs/BASE_files/BASE_GRAND_FORKS_AFB.html,,Active Duty,Yes,USAF,
HANSCOM AFB,"42°27'23""N","71°16'35""W",19T CH 12823 02961,31P,31P (SECURITY FORCES),https://paladindanse111.github.io/AFSC-PDFs/AFSC_files/31P.html,https://paladindanse111.github.io/AFSC-PDFs/BASE_files/BASE_HANSCOM_AFB.html,,Active Duty,Yes,USAF,
HILL AFB,"41°06'36""N","111°58'56""W",12T VL 17530 51433,31P,31P (SECURITY FORCES),https://paladindanse111.github.io/AFSC-PDFs/AFSC_files/31P.html,https://paladindanse111.github.io/AFSC-PDFs/BASE_files/BASE_HILL_AFB.html,,Active Duty,Yes,USAF,
HOLLOMAN AFB,"32°50'33""N","106°05'55""W",13S CS 97187 34361,31P,31P (SECURITY FORCES),https://paladindanse111.github.io/AFSC-PDFs/AFSC_files/31P.html,https://paladindanse111.github.io/AFSC-PDFs/BASE_files/BASE_HOLLOMAN_AFB.html,,Active Duty,Yes,USAF,
HURLBURT FIELD,"30°25'23""N","86°41'41""W",16R EU 29317 65704,31P,31P (SECURITY FORCES),https://paladindanse111.github.io/AFSC-PDFs/AFSC_files/31P.html,https://paladindanse111.github.io/AFSC-PDFs/BASE_files/BASE_HURLBURT_FIELD.html,,Active Duty,Yes,USAF,
INCIRLIK AB,"37°00'12""N","35°26'02""E",36S YF 16566 98011,31P,31P (SECURITY FORCES),https://paladindanse111.github.io/AFSC-PDFs/AFSC_files/31P.html,https://paladindanse111.github.io/AFSC-PDFs/BASE_files/BASE_INCIRLIK_AB.html,,Active Duty,Yes,USAF,
JB ANACOSTIA-BOLLING,"38°50'29""N","77°01'05""W",18S UJ 24855 01110,31P,31P (SECURITY FORCES),https://paladindanse111.github.io/AFSC-PDFs/AFSC_files/31P.html,https://paladindanse111.github.io/AFSC-PDFs/BASE_files/BASE_JB_ANACOSTIA-BOLLING.html,,Active Duty,Yes,USAF,
JB CHARLESTON,"32°53'29""N","80°04'03""W",17S NS 87218 39631,31P,31P (SECURITY FORCES),https://paladindanse111.github.io/AFSC-PDFs/AFSC_files/31P.html,https://paladindanse111.github.io/AFSC-PDFs/BASE_files/BASE_JB_CHARLESTON.html,,Active Duty,Yes,USAF,
JB ELMENDORF-RICHARDSON,"61°15'44""N","149°41'53""W",6V UN 55306 94983,31P,31P (SECURITY FORCES),https://paladindanse111.github.io/AFSC-PDFs/AFSC_files/31P.html,https://paladindanse111.github.io/AFSC-PDFs/BASE_files/BASE_JB_ELMENDORF-RICHARDSON.html,,Active Duty,Yes,USAF,
JB LANGLEY-EUSTIS,"37°05'00""N","76°21'33""W",18S UG 79195 04980,31P,31P (SECURITY FORCES),https://paladindanse111.github.io/AFSC-PDFs/AFSC_files/31P.html,https://paladindanse111.github.io/AFSC-PDFs/BASE_files/BASE_JB_LANGLEY-EUSTIS.html,,Active Duty,Yes,USAF,
JB LEWIS-MCCHORD,"47°05'30""N","122°36'53""W",10T ET 29240 15422,31P,31P (SECURITY FORCES),https://paladindanse111.github.io/AFSC-PDFs/AFSC_files/31P.html,https://paladindanse111.github.io/AFSC-PDFs/BASE_files/BASE_JB_LEWIS-MCCHORD.html,,Active Duty,Yes,USAF,
JB MCGUIRE-DIX-LAKEHURST,"40°02'15""N","74°35'18""W",18T WK 35120 32000,31P,31P (SECURITY FORCES),https://paladindanse111.github.io/AFSC-PDFs/AFSC_files/31P.html,https://paladindanse111.github.io/AFSC-PDFs/BASE_files/BASE_JB_MCGUIRE-DIX-LAKEHURST.html,,Active Duty,Yes,USAF,
JB PEARL HARBOR-HICKAM,"21°20'15""N","157°57'43""W",4Q FJ 07643 59855,31P,31P (SECURITY FORCES),https://paladindanse111.github.io/AFSC-PDFs/AFSC_files/31P.html,https://paladindanse111.github.io/AFSC-PDFs/BASE_files/BASE_JB_PEARL_HARBOR-HICKAM.html,,Active Duty,Yes,USAF,
JBSA FT SAM HOUSTON,"29°26'59""N","98°27'02""W",14R NT 53282 57938,31P,31P (SECURITY FORCES),https://paladindanse111.github.io/AFSC-PDFs/AFSC_files/31P.html,https://paladindanse111.github.io/AFSC-PDFs/BASE_files/BASE_JBSA_FT_SAM_HOUSTON.html,,Active Duty,Yes,USAF,
JBSA LACKLAND,"29°23'14""N","98°37'16""W",14R NT 36765 50947,31P,31P (SECURITY FORCES),https://paladindanse111.github.io/AFSC-PDFs/AFSC_files/31P.html,https://paladindanse111.github.io/AFSC-PDFs/BASE_files/BASE_JBSA_LACKLAND.html,,Active Duty,Yes,USAF,
JBSA RANDOLPH,"29°31'57""N","98°16'45""W",14R NT 69847 67200,31P,31P (SECURITY FORCES),https://paladindanse111.github.io/AFSC-PDFs/AFSC_files/31P.html,https://paladindanse111.github.io/AFSC-PDFs/BASE_files/BASE_JBSA_RANDOLPH.html,,Active Duty,Yes,USAF,
KADENA AB,"26°21'30""N","127°46'20""E",52R CQ 77496 15950,31P,31P (SECURITY FORCES),https://paladindanse111.github.io/AFSC-PDFs/AFSC_files/31P.html,https://paladindanse111.github.io/AFSC-PDFs/BASE_files/BASE_KADENA_AB.html,,Active Duty,Yes,USAF,
KEESLER AFB,"30°24'34""N","88°55'34""W",16R CU 14981 65731,31P,31P (SECURITY FORCES),https://paladindanse111.github.io/AFSC-PDFs/AFSC_files/31P.html,https://paladindanse111.github.io/AFSC-PDFs/BASE_files/BASE_KEESLER_AFB.html,,Active Duty,Yes,USAF,
KIRTLAND AFB,"35°00'39""N","106°30'44""W",13S CU 62019 75289,31P,31P (SECURITY FORCES),https://paladindanse111.github.io/AFSC-PDFs/AFSC_files/31P.html,https://paladindanse111.github.io/AFSC-PDFs/BASE_files/BASE_KIRTLAND_AFB.html,,Active Duty,Yes,USAF,
KLEINE BROGEL ABS,"51°10'6.00""N","5°28'12.00""E",,31P,31P (SECURITY FORCES),https://paladindanse111.github.io/AFSC-PDFs/AFSC_files/31P.html,https://paladindanse111.github.io/AFSC-PDFs/BASE_files/BASE_KLEINE_BROGEL_ABS.html,,Active Duty,No,USAF,
KUNSAN AB,"35°55'09""N","126°37'54""E",52S BE 86310 77574,31P,31P (SECURITY FORCES),https://paladindanse111.github.io/AFSC-PDFs/AFSC_files/31P.html,https://paladindanse111.github.io/AFSC-PDFs/BASE_files/BASE_KUNSAN_AB.html,,Active Duty,Yes,USAF,
LAKENHEATH RAF,"52°23'23""N","0°32'14""E",31U CU 32414 07239,31P,31P (SECURITY FORCES),https://paladindanse111.github.io/AFSC-PDFs/AFSC_files/31P.html,https://paladindanse111.github.io/AFSC-PDFs/BASE_files/BASE_LAKENHEATH_RAF.html,,Active Duty,Yes,USAF,
LAUGHLIN AFB,"29°21'21""N","100°46'58""W",14R LT 26940 48730,31P,31P (SECURITY FORCES),https://paladindanse111.github.io/AFSC-PDFs/AFSC_files/31P.html,https://paladindanse111.github.io/AFSC-PDFs/BASE_files/BASE_LAUGHLIN_AFB.html,,Active Duty,Yes,USAF,
LITTLE ROCK AFB,"34°53'47""N","92°08'38""W",15S WU 78220 61887,31P,31P (SECURITY FORCES),https://paladindanse111.github.io/AFSC-PDFs/AFSC_files/31P.html,https://paladindanse111.github.io/AFSC-PDFs/BASE_files/BASE_LITTLE_ROCK_AFB.html,,Active Duty,Yes,USAF,
LOS ANGELES SFB,"34°0'0.00""N","118°15'0.00""W",,31P,31P (SECURITY FORCES),https://paladindanse111.github.io/AFSC-PDFs/AFSC_files/31P.html,https://paladindanse111.github.io/AFSC-PDFs/BASE_files/BASE_LOS_ANGELES_SFB.html,,Active Duty,No,USAF,
LUKE AFB,"33°32'22""N","112°22'32""W",12S UC 72284 11939,31P,31P (SECURITY FORCES),https://paladindanse111.github.io/AFSC-PDFs/AFSC_files/31P.html,https://paladindanse111.github.io/AFSC-PDFs/BASE_files/BASE_LUKE_AFB.html,,Active Duty,Yes,USAF,
MACDILL AFB,"27°51'28""N","82°29'19""W",17R LL 53434 82337,31P,31P (SECURITY FORCES),https://paladindanse111.github.io/AFSC-PDFs/AFSC_files/31P.html,https://paladindanse111.github.io/AFSC-PDFs/BASE_files/BASE_MACDILL_AFB.html,,Active Duty,Yes,USAF,
MALMSTROM AFB,"47°30'17""N","111°10'56""W",12T VT 86277 61270,31P,31P (SECURITY FORCES),https://paladindanse111.github.io/AFSC-PDFs/AFSC_files/31P.html,https://paladindanse111.github.io/AFSC-PDFs/BASE_files/BASE_MALMSTROM_AFB.html,,Active Duty,Yes,USAF,
MAXWELL-GUNTER AFB,"32°22'43""N","86°21'44""W",16S EA 59993 82581,31P,31P (SECURITY FORCES),https://paladindanse111.github.io/AFSC-PDFs/AFSC_files/31P.html,https://paladindanse111.github.io/AFSC-PDFs/BASE_files/BASE_MAXWELL-GUNTER_AFB.html,,Active Duty,Yes,USAF,
MCCONNELL AFB,"37°37'51""N","97°15'06""W",14S PG 54271 66293,31P,31P (SECURITY FORCES),https://paladindanse111.github.io/AFSC-PDFs/AFSC_files/31P.html,https://paladindanse111.github.io/AFSC-PDFs/BASE_files/BASE_MCCONNELL_AFB.html,,Active Duty,Yes,USAF,
MILDENHALL RAF,"52°21'45""N","0°30'14""E",31U CU 30041 04290,31P,31P (SECURITY FORCES),https://paladindanse111.github.io/AFSC-PDFs/AFSC_files/31P.html,https://paladindanse111.github.io/AFSC-PDFs/BASE_files/BASE_MILDENHALL_RAF.html,,Active Duty,Yes,USAF,
MINOT AFB,"48°25'13""N","101°19'36""W",14U LU 27861 65629,31P,31P (SECURITY FORCES),https://paladindanse111.github.io/AFSC-PDFs/AFSC_files/31P.html,https://paladindanse111.github.io/AFSC-PDFs/BASE_files/BASE_MINOT_AFB.html,,Active Duty,Yes,USAF,
MISAWA AB,"40°41'55""N","141°22'28""E",54T WL 31634 05368,31P,31P (SECURITY FORCES),https://paladindanse111.github.io/AFSC-PDFs/AFSC_files/31P.html,https://paladindanse111.github.io/AFSC-PDFs/BASE_files/BASE_MISAWA_AB.html,,Active Duty,Yes,USAF,
MOODY AFB,"30°58'12""N","83°11'47""W",17R KQ 90229 28346,31P,31P (SECURITY FORCES),https://paladindanse111.github.io/AFSC-PDFs/AFSC_files/31P.html,https://paladindanse111.github.io/AFSC-PDFs/BASE_files/BASE_MOODY_AFB.html,,Active Duty,Yes,USAF,
MOUNTAIN HOME AFB,"43°03'59""N","115°51'18""W",11T NH 93226 68823,31P,31P (SECURITY FORCES),https://paladindanse111.github.io/AFSC-PDFs/AFSC_files/31P.html,https://paladindanse111.github.io/AFSC-PDFs/BASE_files/BASE_MOUNTAIN_HOME_AFB.html,,Active Duty,Yes,USAF,
NELLIS AFB,"36°14'25""N","115°03'14""W",11S PA 74874 12355,31P,31P (SECURITY FORCES),https://paladindanse111.github.io/AFSC-PDFs/AFSC_files/31P.html,https://paladindanse111.github.io/AFSC-PDFs/BASE_files/BASE_NELLIS_AFB.html,,Active Duty,Yes,USAF,
OFFUTT AFB,"41°07'25""N","95°54'52""W",15T TF 55334 56573,31P,31P (SECURITY FORCES),https://paladindanse111.github.io/AFSC-PDFs/AFSC_files/31P.html,https://paladindanse111.github.io/AFSC-PDFs/BASE_files/BASE_OFFUTT_AFB.html,,Active Duty,Yes,USAF,
OSAN AB,"37°05'19""N","127°01'50""E",52S CG 24960 06516,31P,31P (SECURITY FORCES),https://paladindanse111.github.io/AFSC-PDFs/AFSC_files/31P.html,https://paladindanse111.github.io/AFSC-PDFs/BASE_files/BASE_OSAN_AB.html,,Active Duty,Yes,USAF,
PALMDALE USAF PLA ABS,"34°37'46.00""N","118°5'5.00""W",,31P,31P (SECURITY FORCES),https://paladindanse111.github.io/AFSC-PDFs/AFSC_files/31P.html,,,Active Duty,No,USAF,
PATRICK SFB,"28°14'21""N","80°36'26""W",17R NM 38533 23759,31P,31P (SECURITY FORCES),https://paladindanse111.github.io/AFSC-PDFs/AFSC_files/31P.html,https://paladindanse111.github.io/AFSC-PDFs/BASE_files/BASE_PATRICK_SFB.html,,Active Duty,Yes,USAF,
PENTAGON,"38°52'15""N","77°03'21""W",18S UJ 21650 04451,31P,31P (SECURITY FORCES),https://paladindanse111.github.io/AFSC-PDFs/AFSC_files/31P.html,https://paladindanse111.github.io/AFSC-PDFs/BASE_files/BASE_PENTAGON.html,,Active Duty,Yes,USAF,
PETERSON SFB,"38°49'32""N","104°41'58""W",13S EC 26089 97461,31P,31P (SECURITY FORCES),https://paladindanse111.github.io/AFSC-PDFs/AFSC_files/31P.html,https://paladindanse111.github.io/AFSC-PDFs/BASE_files/BASE_PETERSON_SFB.html,,Active Duty,Yes,USAF,
RAF CROUGHTON,"51°59'21.00""N","1°10'55.00""W",,31P,31P (SECURITY FORCES),https://paladindanse111.github.io/AFSC-PDFs/AFSC_files/31P.html,,,Active Duty,No,USAF,
RAMSTEIN AB,"49°26'23""N","7°35'47""E",32U LV 98244 77286,31P,31P (SECURITY FORCES),https://paladindanse111.github.io/AFSC-PDFs/AFSC_files/31P.html,https://paladindanse111.github.io/AFSC-PDFs/BASE_files/BASE_RAMSTEIN_AB.html.html,,Active Duty,Yes,USAF,
ROBINS AFB,"32°38'23""N","83°35'30""W",17S KS 56883 14314,31P,31P (SECURITY FORCES),https://paladindanse111.github.io/AFSC-PDFs/AFSC_files/31P.html,https://paladindanse111.github.io/AFSC-PDFs/BASE_files/BASE_ROBINS_AFB.html,,Active Duty,Yes,USAF,
SCHRIEVER SFB,"38°48'12""N","104°31'32""W",13S EC 41196 95059,31P,31P (SECURITY FORCES),https://paladindanse111.github.io/AFSC-PDFs/AFSC_files/31P.html,https://paladindanse111.github.io/AFSC-PDFs/BASE_files/BASE_SCHRIEVER_SFB.html,,Active Duty,Yes,USAF,
SCOTT AFB,"38°32'29""N","89°51'18""W",16S BH 51169 69750,31P,31P (SECURITY FORCES),https://paladindanse111.github.io/AFSC-PDFs/AFSC_files/31P.html,https://paladindanse111.github.io/AFSC-PDFs/BASE_files/BASE_SCOTT_AFB.html,,Active Duty,Yes,USAF,
SEYMOUR JOHNSON AFB,"35°20'24""N","77°57'41""W",18S TE 30850 14774,31P,31P (SECURITY FORCES),https://paladindanse111.github.io/AFSC-PDFs/AFSC_files/31P.html,https://paladindanse111.github.io/AFSC-PDFs/BASE_files/BASE_SEYMOUR_JOHNSON_AFB.html,,Active Duty,Yes,USAF,
SHAW AFB,"33°58'02""N","80°29'05""W",17S NT 47603 58641,31P,31P (SECURITY FORCES),https://paladindanse111.github.io/AFSC-PDFs/AFSC_files/31P.html,https://paladindanse111.github.io/AFSC-PDFs/BASE_files/BASE_SHAW_AFB.html,,Active Duty,Yes,USAF,
SHEPPARD AFB,"33°58'06""N","98°30'38""W",14S NC 45216 58752,31P,31P (SECURITY FORCES),https://paladindanse111.github.io/AFSC-PDFs/AFSC_files/31P.html,https://paladindanse111.github.io/AFSC-PDFs/BASE_files/BASE_SHEPPARD_AFB.html,,Active Duty,Yes,USAF,
SPANGDAHLEM AB,"49°59'38""N","6°41'55""E",32U LA 35052 40489,31P,31P (SECURITY FORCES),https://paladindanse111.github.io/AFSC-PDFs/AFSC_files/31P.html,https://paladindanse111.github.io/AFSC-PDFs/BASE_files/BASE_SPANGDAHLEM_AB.html,,Active Duty,Yes,USAF,
TINKER AFB,"35°25'09""N","97°24'15""W",14S PE 44882 20698,31P,31P (SECURITY FORCES),https://paladindanse111.github.io/AFSC-PDFs/AFSC_files/31P.html,https://paladindanse111.github.io/AFSC-PDFs/BASE_files/BASE_TINKER_AFB.html,,Active Duty,Yes,USAF,
TRAVIS AFB,"38°16'09""N","121°56'51""W",10S EH 92069 36204,31P,31P (SECURITY FORCES),https://paladindanse111.github.io/AFSC-PDFs/AFSC_files/31P.html,https://paladindanse111.github.io/AFSC-PDFs/BASE_files/BASE_TRAVIS_AFB.html,,Active Duty,Yes,USAF,
TYNDALL AFB,"30°04'47""N","85°36'26""W",16R FU 34229 28437,31P,31P (SECURITY FORCES),https://paladindanse111.github.io/AFSC-PDFs/AFSC_files/31P.html,https://paladindanse111.github.io/AFSC-PDFs/BASE_files/BASE_TYNDALL_AFB.html,,Active Duty,Yes,USAF,
UEDEM (GERMANY),"51°40'57.00""N","6°17'57.00""E",,31P,31P (SECURITY FORCES),https://paladindanse111.github.io/AFSC-PDFs/AFSC_files/31P.html,,,Active Duty,No,USAF,
USAF ACADEMY,"39°0'0.00""N","104°52'60.00""W",,31P,31P (SECURITY FORCES),https://paladindanse111.github.io/AFSC-PDFs/AFSC_files/31P.html,https://paladindanse111.github.io/AFSC-PDFs/BASE_files/BASE_USAF_ACADEMY.html,,Active Duty,No,USAF,
VANCE AFB,"36°20'21""N","97°54'47""W",14S NF 97544 22116,31P,31P (SECURITY FORCES),https://paladindanse111.github.io/AFSC-PDFs/AFSC_files/31P.html,https://paladindanse111.github.io/AFSC-PDFs/BASE_files/BASE_VANCE_AFB.html,,Active Duty,Yes,USAF,
VANDENBERG SFB,"34°44'31""N","120°34'20""W",10S GD 22255 47110,31P,31P (SECURITY FORCES),https://paladindanse111.github.io/AFSC-PDFs/AFSC_files/31P.html,https://paladindanse111.github.io/AFSC-PDFs/BASE_files/BASE_VANDENBERG_SFB.html,,Active Duty,Yes,USAF,
VOGELWEH CANTONMT AIN,"49°25'60.00""N","7°43'0.00""E",,31P,31P (SECURITY FORCES),https://paladindanse111.github.io/AFSC-PDFs/AFSC_files/31P.html,,,Active Duty,No,USAF,
VOLKEL ABS,"51°39'26.00""N","5°42'28.00""E",,31P,31P (SECURITY FORCES),https://paladindanse111.github.io/AFSC-PDFs/AFSC_files/31P.html,https://paladindanse111.github.io/AFSC-PDFs/BASE_files/BASE_VOLKEL_ABS.html,,Active Duty,No,USAF,
WHITEMAN AFB,"38°43'44""N","93°33'37""W",15S VC 51299 86840,31P,31P (SECURITY FORCES),https://paladindanse111.github.io/AFSC-PDFs/AFSC_files/31P.html,https://paladindanse111.github.io/AFSC-PDFs/BASE_files/BASE_WHITEMAN_AFB.html,,Active Duty,Yes,USAF,
WRIGHT-PATTERSON AFB,"39°48'37""N","84°01'55""W",16S GK 54072 10915,31P,31P (SECURITY FORCES),https://paladindanse111.github.io/AFSC-PDFs/AFSC_files/31P.html,https://paladindanse111.github.io/AFSC-PDFs/BASE_files/BASE_WRIGHT-PATTERSON_AFB.html,,Active Duty,Yes,USAF,
YOKOTA AB,"35°44'35""N","139°20'23""E",54S UE 49872 56720,31P,31P (SECURITY FORCES),https://paladindanse111.github.io/AFSC-PDFs/AFSC_files/31P.html,https://paladindanse111.github.io/AFSC-PDFs/BASE_files/BASE_YOKOTA_AB.html,,Active Duty,Yes,USAF,
ALTUS AFB,"34°39'18""N","99°17'04""W",14S MD 73935 34821,32E,32E (CIVIL ENGINEER),https://paladindanse111.github.io/AFSC-PDFs/AFSC_files/32E.html,https://paladindanse111.github.io/AFSC-PDFs/BASE_files/BASE_ALTUS_AFB.html,,Active Duty,Yes,USAF,
ANDERSEN AFB,"13°33'46""N","144°55'25""E",55P BR 75307 00327,32E,32E (CIVIL ENGINEER),https://paladindanse111.github.io/AFSC-PDFs/AFSC_files/32E.html,https://paladindanse111.github.io/AFSC-PDFs/BASE_files/BASE_ANDERSEN_AFB.html,,Active Duty,Yes,USAF,
ANDREWS JB,"38°47'46""N","76°53'00""W",18S UH 36445 95835,32E,32E (CIVIL ENGINEER),https://paladindanse111.github.io/AFSC-PDFs/AFSC_files/32E.html,https://paladindanse111.github.io/AFSC-PDFs/BASE_files/BASE_ANDREWS_JB.html,,Active Duty,Yes,USAF,
AVIANO AB,"46°01'49""N","12°36'41""E",33T UM 15147 00185,32E,32E (CIVIL ENGINEER),https://paladindanse111.github.io/AFSC-PDFs/AFSC_files/32E.html,https://paladindanse111.github.io/AFSC-PDFs/BASE_files/BASE_AVIANO_AB.html,,Active Duty,Yes,USAF,
BARKSDALE AFB,"32°29'45""N","93°40'21""W",15S VR 36822 95596,32E,32E (CIVIL ENGINEER),https://paladindanse111.github.io/AFSC-PDFs/AFSC_files/32E.html,https://paladindanse111.github.io/AFSC-PDFs/BASE_files/BASE_BARKSDALE_AFB.html,,Active Duty,Yes,USAF,
BEALE AFB,"39°06'41""N","121°21'35""W",10S FJ 41815 30418,32E,32E (CIVIL ENGINEER),https://paladindanse111.github.io/AFSC-PDFs/AFSC_files/32E.html,https://paladindanse111.github.io/AFSC-PDFs/BASE_files/BASE_BEALE_AFB.html,,Active Duty,Yes,USAF,
BUCKLEY SFB,"39°42'09""N","104°45'29""W",13S ED 20741 94766,32E,32E (CIVIL ENGINEER),https://paladindanse111.github.io/AFSC-PDFs/AFSC_files/32E.html,https://paladindanse111.github.io/AFSC-PDFs/BASE_files/BASE_BUCKLEY_SFB.html,,Active Duty,Yes,USAF,
CANNON AFB,"34°23'20""N","103°19'05""W",13S FU 54620 06558,32E,32E (CIVIL ENGINEER),https://paladindanse111.github.io/AFSC-PDFs/AFSC_files/32E.html,https://paladindanse111.github.io/AFSC-PDFs/BASE_files/BASE_CANNON_AFB.html,,Active Duty,Yes,USAF,
CAPE CANAVERAL SFS,"28°29'19""N","80°34'22""W",17R NM 41814 51404,32E,32E (CIVIL ENGINEER),https://paladindanse111.github.io/AFSC-PDFs/AFSC_files/32E.html,https://paladindanse111.github.io/AFSC-PDFs/BASE_files/BASE_CAPE_CANAVERAL_SFS.html,,Active Duty,Yes,USAF,
CAVALIER SFS,"48°43'29.00""N","97°53'59.00""W",,32E,32E (CIVIL ENGINEER),https://paladindanse111.github.io/AFSC-PDFs/AFSC_files/32E.html,https://paladindanse111.github.io/AFSC-PDFs/BASE_files/BASE_CAVALIER_SFS.html,,Active Duty,No,USAF,
CHEYENNE MOUNTAIN SFS,"38°49'0.00""N","104°32'60.00""W",,32E,32E (CIVIL ENGINEER),https://paladindanse111.github.io/AFSC-PDFs/AFSC_files/32E.html,https://paladindanse111.github.io/AFSC-PDFs/BASE_files/BASE_CHEYENNE_MOUNTAIN_SFS.html,,Active Duty,No,USAF,
CLEAR SFS,"64°18'7.00""N","149°7'21.00""W",,32E,32E (CIVIL ENGINEER),https://paladindanse111.github.io/AFSC-PDFs/AFSC_files/32E.html,,,Active Duty,No,USAF,
COLUMBUS AFB,"33°37'38""N","88°26'51""W",16S CC 65739 21763,32E,32E (CIVIL ENGINEER),https://paladindanse111.github.io/AFSC-PDFs/AFSC_files/32E.html,https://paladindanse111.github.io/AFSC-PDFs/BASE_files/BASE_COLUMBUS_AFB.html,,Active Duty,Yes,USAF,
CREECH AFB,"36°34'41""N","115°39'29""W",11S PA 20060 48904,32E,32E (CIVIL ENGINEER),https://paladindanse111.github.io/AFSC-PDFs/AFSC_files/32E.html,https://paladindanse111.github.io/AFSC-PDFs/BASE_files/BASE_CREECH_AFB.html,,Active Duty,Yes,USAF,
DAVIS-MONTHAN AFB,"32°10'14""N","110°52'39""W",12S WA 11549 59347,32E,32E (CIVIL ENGINEER),https://paladindanse111.github.io/AFSC-PDFs/AFSC_files/32E.html,https://paladindanse111.github.io/AFSC-PDFs/BASE_files/BASE_DAVIS-MONTHAN_AFB.html,,Active Duty,Yes,USAF,
DOVER AFB,"39°07'39""N","75°28'06""W",18S VJ 59518 31029,32E,32E (CIVIL ENGINEER),https://paladindanse111.github.io/AFSC-PDFs/AFSC_files/32E.html,https://paladindanse111.github.io/AFSC-PDFs/BASE_files/BASE_DOVER_AFB.html,,Active Duty,Yes,USAF,
DYESS AFB,"32°25'17""N","99°50'31""W",14S MA 20838 87456,32E,32E (CIVIL ENGINEER),https://paladindanse111.github.io/AFSC-PDFs/AFSC_files/32E.html,https://paladindanse111.github.io/AFSC-PDFs/BASE_files/BASE_DYESS_AFB.html,,Active Duty,Yes,USAF,
EBBING ANGB,"35°20'20.84""N","94°22'15.13""W",15S UV 75420 11513,32E,32E (CIVIL ENGINEER),https://paladindanse111.github.io/AFSC-PDFs/AFSC_files/32E.html,https://paladindanse111.github.io/AFSC-PDFs/WING_files/WING_EBBING_ANGB.html,,Active Duty,Yes,USAF,
EGLIN AFB,"30°27'49""N","86°33'11""W",16R EU 42905 70243,32E,32E (CIVIL ENGINEER),https://paladindanse111.github.io/AFSC-PDFs/AFSC_files/32E.html,https://paladindanse111.github.io/AFSC-PDFs/BASE_files/BASE_EGLIN_AFB.html,,Active Duty,Yes,USAF,
EIELSON AFB,"64°39'52""N","147°05'45""W",6W VS 95424 71061,32E,32E (CIVIL ENGINEER),https://paladindanse111.github.io/AFSC-PDFs/AFSC_files/32E.html,https://paladindanse111.github.io/AFSC-PDFs/BASE_files/BASE_EIELSON_AFB.html,,Active Duty,Yes,USAF,
ELLSWORTH AFB,"44°08'54""N","103°05'15""W",13T FJ 52951 90126,32E,32E (CIVIL ENGINEER),https://paladindanse111.github.io/AFSC-PDFs/AFSC_files/32E.html,https://paladindanse111.github.io/AFSC-PDFs/BASE_files/BASE_ELLSWORTH_AFB.html,,Active Duty,Yes,USAF,
FAIRCHILD AFB,"47°38'28""N","117°38'41""W",11T MN 51574 76613,32E,32E (CIVIL ENGINEER),https://paladindanse111.github.io/AFSC-PDFs/AFSC_files/32E.html,https://paladindanse111.github.io/AFSC-PDFs/BASE_files/BASE_FAIRCHILD_AFB.html,,Active Duty,Yes,USAF,
FE WARREN AFB,"41°08'32""N","104°52'41""W",13T EF 10233 54552,32E,32E (CIVIL ENGINEER),https://paladindanse111.github.io/AFSC-PDFs/AFSC_files/32E.html,https://paladindanse111.github.io/AFSC-PDFs/BASE_files/BASE_FE_WARREN_AFB.html,,Active Duty,Yes,USAF,
FT LIBERTY (FT BRAGG),"35°7'60.00""N","78°58'60.00""W",,32E,32E (CIVIL ENGINEER),https://paladindanse111.github.io/AFSC-PDFs/AFSC_files/32E.html,https://paladindanse111.github.io/AFSC-PDFs/BASE_files/BASE_FT_LIBERTY.html,,Active Duty,No,USAF,Note: Army base websites may be blocked on MissionNet.
GOODFELLOW AFB,"31°26'09""N","100°24'03""W",14R LV 66873 78753,32E,32E (CIVIL ENGINEER),https://paladindanse111.github.io/AFSC-PDFs/AFSC_files/32E.html,https://paladindanse111.github.io/AFSC-PDFs/BASE_files/BASE_GOODFELLOW_AFB.html,,Active Duty,Yes,USAF,
GRAND FORKS AFB,"47°57'07""N","97°22'57""W",14T PU 20768 12225,32E,32E (CIVIL ENGINEER),https://paladindanse111.github.io/AFSC-PDFs/AFSC_files/32E.html,https://paladindanse111.github.io/AFSC-PDFs/BASE_files/BASE_GRAND_FORKS_AFB.html,,Active Duty,Yes,USAF,
HILL AFB,"41°06'36""N","111°58'56""W",12T VL 17530 51433,32E,32E (CIVIL ENGINEER),https://paladindanse111.github.io/AFSC-PDFs/AFSC_files/32E.html,https://paladindanse111.github.io/AFSC-PDFs/BASE_files/BASE_HILL_AFB.html,,Active Duty,Yes,USAF,
HOLLOMAN AFB,"32°50'33""N","106°05'55""W",13S CS 97187 34361,32E,32E (CIVIL ENGINEER),https://paladindanse111.github.io/AFSC-PDFs/AFSC_files/32E.html,https://paladindanse111.github.io/AFSC-PDFs/BASE_files/BASE_HOLLOMAN_AFB.html,,Active Duty,Yes,USAF,
HURLBURT FIELD,"30°25'23""N","86°41'41""W",16R EU 29317 65704,32E,32E (CIVIL ENGINEER),https://paladindanse111.github.io/AFSC-PDFs/AFSC_files/32E.html,https://paladindanse111.github.io/AFSC-PDFs/BASE_files/BASE_HURLBURT_FIELD.html,,Active Duty,Yes,USAF,
INCIRLIK AB,"37°00'12""N","35°26'02""E",36S YF 16566 98011,32E,32E (CIVIL ENGINEER),https://paladindanse111.github.io/AFSC-PDFs/AFSC_files/32E.html,https://paladindanse111.github.io/AFSC-PDFs/BASE_files/BASE_INCIRLIK_AB.html,,Active Duty,Yes,USAF,
JB ANACOSTIA-BOLLING,"38°50'29""N","77°01'05""W",18S UJ 24855 01110,32E,32E (CIVIL ENGINEER),https://paladindanse111.github.io/AFSC-PDFs/AFSC_files/32E.html,https://paladindanse111.github.io/AFSC-PDFs/BASE_files/BASE_JB_ANACOSTIA-BOLLING.html,,Active Duty,Yes,USAF,
JB CHARLESTON,"32°53'29""N","80°04'03""W",17S NS 87218 39631,32E,32E (CIVIL ENGINEER),https://paladindanse111.github.io/AFSC-PDFs/AFSC_files/32E.html,https://paladindanse111.github.io/AFSC-PDFs/BASE_files/BASE_JB_CHARLESTON.html,,Active Duty,Yes,USAF,
JB ELMENDORF-RICHARDSON,"61°15'44""N","149°41'53""W",6V UN 55306 94983,32E,32E (CIVIL ENGINEER),https://paladindanse111.github.io/AFSC-PDFs/AFSC_files/32E.html,https://paladindanse111.github.io/AFSC-PDFs/BASE_files/BASE_JB_ELMENDORF-RICHARDSON.html,,Active Duty,Yes,USAF,
JB LANGLEY-EUSTIS,"37°05'00""N","76°21'33""W",18S UG 79195 04980,32E,32E (CIVIL ENGINEER),https://paladindanse111.github.io/AFSC-PDFs/AFSC_files/32E.html,https://paladindanse111.github.io/AFSC-PDFs/BASE_files/BASE_JB_LANGLEY-EUSTIS.html,,Active Duty,Yes,USAF,
JB LEWIS-MCCHORD,"47°05'30""N","122°36'53""W",10T ET 29240 15422,32E,32E (CIVIL ENGINEER),https://paladindanse111.github.io/AFSC-PDFs/AFSC_files/32E.html,https://paladindanse111.github.io/AFSC-PDFs/BASE_files/BASE_JB_LEWIS-MCCHORD.html,,Active Duty,Yes,USAF,
JB MCGUIRE-DIX-LAKEHURST,"40°02'15""N","74°35'18""W",18T WK 35120 32000,32E,32E (CIVIL ENGINEER),https://paladindanse111.github.io/AFSC-PDFs/AFSC_files/32E.html,https://paladindanse111.github.io/AFSC-PDFs/BASE_files/BASE_JB_MCGUIRE-DIX-LAKEHURST.html,,Active Duty,Yes,USAF,
JB PEARL HARBOR-HICKAM,"21°20'15""N","157°57'43""W",4Q FJ 07643 59855,32E,32E (CIVIL ENGINEER),https://paladindanse111.github.io/AFSC-PDFs/AFSC_files/32E.html,https://paladindanse111.github.io/AFSC-PDFs/BASE_files/BASE_JB_PEARL_HARBOR-HICKAM.html,,Active Duty,Yes,USAF,
JBSA LACKLAND,"29°23'14""N","98°37'16""W",14R NT 36765 50947,32E,32E (CIVIL ENGINEER),https://paladindanse111.github.io/AFSC-PDFs/AFSC_files/32E.html,https://paladindanse111.github.io/AFSC-PDFs/BASE_files/BASE_JBSA_LACKLAND.html,,Active Duty,Yes,USAF,
JBSA RANDOLPH,"29°31'57""N","98°16'45""W",14R NT 69847 67200,32E,32E (CIVIL ENGINEER),https://paladindanse111.github.io/AFSC-PDFs/AFSC_files/32E.html,https://paladindanse111.github.io/AFSC-PDFs/BASE_files/BASE_JBSA_RANDOLPH.html,,Active Duty,Yes,USAF,
KADENA AB,"26°21'30""N","127°46'20""E",52R CQ 77496 15950,32E,32E (CIVIL ENGINEER),https://paladindanse111.github.io/AFSC-PDFs/AFSC_files/32E.html,https://paladindanse111.github.io/AFSC-PDFs/BASE_files/BASE_KADENA_AB.html,,Active Duty,Yes,USAF,
KIRTLAND AFB,"35°00'39""N","106°30'44""W",13S CU 62019 75289,32E,32E (CIVIL ENGINEER),https://paladindanse111.github.io/AFSC-PDFs/AFSC_files/32E.html,https://paladindanse111.github.io/AFSC-PDFs/BASE_files/BASE_KIRTLAND_AFB.html,,Active Duty,Yes,USAF,
KUNSAN AB,"35°55'09""N","126°37'54""E",52S BE 86310 77574,32E,32E (CIVIL ENGINEER),https://paladindanse111.github.io/AFSC-PDFs/AFSC_files/32E.html,https://paladindanse111.github.io/AFSC-PDFs/BASE_files/BASE_KUNSAN_AB.html,,Active Duty,Yes,USAF,
LAJES FIELD,"38°45'42.00""N","27°5'27.00""W",,32E,32E (CIVIL ENGINEER),https://paladindanse111.github.io/AFSC-PDFs/AFSC_files/32E.html,https://paladindanse111.github.io/AFSC-PDFs/BASE_files/BASE_LAJES_FIELD.html.html,,Active Duty,No,USAF,
LAKENHEATH RAF,"52°23'23""N","0°32'14""E",31U CU 32414 07239,32E,32E (CIVIL ENGINEER),https://paladindanse111.github.io/AFSC-PDFs/AFSC_files/32E.html,https://paladindanse111.github.io/AFSC-PDFs/BASE_files/BASE_LAKENHEATH_RAF.html,,Active Duty,Yes,USAF,
LAUGHLIN AFB,"29°21'21""N","100°46'58""W",14R LT 26940 48730,32E,32E (CIVIL ENGINEER),https://paladindanse111.github.io/AFSC-PDFs/AFSC_files/32E.html,https://paladindanse111.github.io/AFSC-PDFs/BASE_files/BASE_LAUGHLIN_AFB.html,,Active Duty,Yes,USAF,
LITTLE ROCK AFB,"34°53'47""N","92°08'38""W",15S WU 78220 61887,32E,32E (CIVIL ENGINEER),https://paladindanse111.github.io/AFSC-PDFs/AFSC_files/32E.html,https://paladindanse111.github.io/AFSC-PDFs/BASE_files/BASE_LITTLE_ROCK_AFB.html,,Active Duty,Yes,USAF,
LOS ANGELES SFB,"34°0'0.00""N","118°15'0.00""W",,32E,32E (CIVIL ENGINEER),https://paladindanse111.github.io/AFSC-PDFs/AFSC_files/32E.html,https://paladindanse111.github.io/AFSC-PDFs/BASE_files/BASE_LOS_ANGELES_SFB.html,,Active Duty,No,USAF,
LUKE AFB,"33°32'22""N","112°22'32""W",12S UC 72284 11939,32E,32E (CIVIL ENGINEER),https://paladindanse111.github.io/AFSC-PDFs/AFSC_files/32E.html,https://paladindanse111.github.io/AFSC-PDFs/BASE_files/BASE_LUKE_AFB.html,,Active Duty,Yes,USAF,
MACDILL AFB,"27°51'28""N","82°29'19""W",17R LL 53434 82337,32E,32E (CIVIL ENGINEER),https://paladindanse111.github.io/AFSC-PDFs/AFSC_files/32E.html,https://paladindanse111.github.io/AFSC-PDFs/BASE_files/BASE_MACDILL_AFB.html,,Active Duty,Yes,USAF,
MALMSTROM AFB,"47°30'17""N","111°10'56""W",12T VT 86277 61270,32E,32E (CIVIL ENGINEER),https://paladindanse111.github.io/AFSC-PDFs/AFSC_files/32E.html,https://paladindanse111.github.io/AFSC-PDFs/BASE_files/BASE_MALMSTROM_AFB.html,,Active Duty,Yes,USAF,
MCCONNELL AFB,"37°37'51""N","97°15'06""W",14S PG 54271 66293,32E,32E (CIVIL ENGINEER),https://paladindanse111.github.io/AFSC-PDFs/AFSC_files/32E.html,https://paladindanse111.github.io/AFSC-PDFs/BASE_files/BASE_MCCONNELL_AFB.html,,Active Duty,Yes,USAF,
MILDENHALL RAF,"52°21'45""N","0°30'14""E",31U CU 30041 04290,32E,32E (CIVIL ENGINEER),https://paladindanse111.github.io/AFSC-PDFs/AFSC_files/32E.html,https://paladindanse111.github.io/AFSC-PDFs/BASE_files/BASE_MILDENHALL_RAF.html,,Active Duty,Yes,USAF,
MINOT AFB,"48°25'13""N","101°19'36""W",14U LU 27861 65629,32E,32E (CIVIL ENGINEER),https://paladindanse111.github.io/AFSC-PDFs/AFSC_files/32E.html,https://paladindanse111.github.io/AFSC-PDFs/BASE_files/BASE_MINOT_AFB.html,,Active Duty,Yes,USAF,
MISAWA AB,"40°41'55""N","141°22'28""E",54T WL 31634 05368,32E,32E (CIVIL ENGINEER),https://paladindanse111.github.io/AFSC-PDFs/AFSC_files/32E.html,https://paladindanse111.github.io/AFSC-PDFs/BASE_files/BASE_MISAWA_AB.html,,Active Duty,Yes,USAF,
MOODY AFB,"30°58'12""N","83°11'47""W",17R KQ 90229 28346,32E,32E (CIVIL ENGINEER),https://paladindanse111.github.io/AFSC-PDFs/AFSC_files/32E.html,https://paladindanse111.github.io/AFSC-PDFs/BASE_files/BASE_MOODY_AFB.html,,Active Duty,Yes,USAF,
MOUNTAIN HOME AFB,"43°03'59""N","115°51'18""W",11T NH 93226 68823,32E,32E (CIVIL ENGINEER),https://paladindanse111.github.io/AFSC-PDFs/AFSC_files/32E.html,https://paladindanse111.github.io/AFSC-PDFs/BASE_files/BASE_MOUNTAIN_HOME_AFB.html,,Active Duty,Yes,USAF,
NELLIS AFB,"36°14'25""N","115°03'14""W",11S PA 74874 12355,32E,32E (CIVIL ENGINEER),https://paladindanse111.github.io/AFSC-PDFs/AFSC_files/32E.html,https://paladindanse111.github.io/AFSC-PDFs/BASE_files/BASE_NELLIS_AFB.html,,Active Duty,Yes,USAF,
OSAN AB,"37°05'19""N","127°01'50""E",52S CG 24960 06516,32E,32E (CIVIL ENGINEER),https://paladindanse111.github.io/AFSC-PDFs/AFSC_files/32E.html,https://paladindanse111.github.io/AFSC-PDFs/BASE_files/BASE_OSAN_AB.html,,Active Duty,Yes,USAF,
PATRICK SFB,"28°14'21""N","80°36'26""W",17R NM 38533 23759,32E,32E (CIVIL ENGINEER),https://paladindanse111.github.io/AFSC-PDFs/AFSC_files/32E.html,https://paladindanse111.github.io/AFSC-PDFs/BASE_files/BASE_PATRICK_SFB.html,,Active Duty,Yes,USAF,
PENTAGON,"38°52'15""N","77°03'21""W",18S UJ 21650 04451,32E,32E (CIVIL ENGINEER),https://paladindanse111.github.io/AFSC-PDFs/AFSC_files/32E.html,https://paladindanse111.github.io/AFSC-PDFs/BASE_files/BASE_PENTAGON.html,,Active Duty,Yes,USAF,
PETERSON SFB,"38°49'32""N","104°41'58""W",13S EC 26089 97461,32E,32E (CIVIL ENGINEER),https://paladindanse111.github.io/AFSC-PDFs/AFSC_files/32E.html,https://paladindanse111.github.io/AFSC-PDFs/BASE_files/BASE_PETERSON_SFB.html,,Active Duty,Yes,USAF,
PITUFFIK SBS,"76°31'52.00""N","68°42'12.00""W",,32E,32E (CIVIL ENGINEER),https://paladindanse111.github.io/AFSC-PDFs/AFSC_files/32E.html,https://paladindanse111.github.io/AFSC-PDFs/BASE_files/BASE_PITUFFIK_SBS.html,,Active Duty,No,USAF,
PORT HUENEME NCBC NYI,"34°9'10.00""N","119°13'10.00""W",,32E,32E (CIVIL ENGINEER),https://paladindanse111.github.io/AFSC-PDFs/AFSC_files/32E.html,,,Active Duty,No,USAF,
RAF CROUGHTON,"51°59'21.00""N","1°10'55.00""W",,32E,32E (CIVIL ENGINEER),https://paladindanse111.github.io/AFSC-PDFs/AFSC_files/32E.html,,,Active Duty,No,USAF,
RAF FAIRFORD,"51°40'56.00""N","1°47'24.00""W",,32E,32E (CIVIL ENGINEER),https://paladindanse111.github.io/AFSC-PDFs/AFSC_files/32E.html,,,Active Duty,No,USAF,
RAMSTEIN AB,"49°26'23""N","7°35'47""E",32U LV 98244 77286,32E,32E (CIVIL ENGINEER),https://paladindanse111.github.io/AFSC-PDFs/AFSC_files/32E.html,https://paladindanse111.github.io/AFSC-PDFs/BASE_files/BASE_RAMSTEIN_AB.html.html,,Active Duty,Yes,USAF,
SCHOFIELD BRKS AIN,"21°28'60.00""N","158°4'60.00""W",,32E,32E (CIVIL ENGINEER),https://paladindanse111.github.io/AFSC-PDFs/AFSC_files/32E.html,,,Active Duty,No,USAF,
SCHRIEVER SFB,"38°48'12""N","104°31'32""W",13S EC 41196 95059,32E,32E (CIVIL ENGINEER),https://paladindanse111.github.io/AFSC-PDFs/AFSC_files/32E.html,https://paladindanse111.github.io/AFSC-PDFs/BASE_files/BASE_SCHRIEVER_SFB.html,,Active Duty,Yes,USAF,
SCOTT AFB,"38°32'29""N","89°51'18""W",16S BH 51169 69750,32E,32E (CIVIL ENGINEER),https://paladindanse111.github.io/AFSC-PDFs/AFSC_files/32E.html,https://paladindanse111.github.io/AFSC-PDFs/BASE_files/BASE_SCOTT_AFB.html,,Active Duty,Yes,USAF,
SEYMOUR JOHNSON AFB,"35°20'24""N","77°57'41""W",18S TE 30850 14774,32E,32E (CIVIL ENGINEER),https://paladindanse111.github.io/AFSC-PDFs/AFSC_files/32E.html,https://paladindanse111.github.io/AFSC-PDFs/BASE_files/BASE_SEYMOUR_JOHNSON_AFB.html,,Active Duty,Yes,USAF,
SHAW AFB,"33°58'02""N","80°29'05""W",17S NT 47603 58641,32E,32E (CIVIL ENGINEER),https://paladindanse111.github.io/AFSC-PDFs/AFSC_files/32E.html,https://paladindanse111.github.io/AFSC-PDFs/BASE_files/BASE_SHAW_AFB.html,,Active Duty,Yes,USAF,
SPANGDAHLEM AB,"49°59'38""N","6°41'55""E",32U LA 35052 40489,32E,32E (CIVIL ENGINEER),https://paladindanse111.github.io/AFSC-PDFs/AFSC_files/32E.html,https://paladindanse111.github.io/AFSC-PDFs/BASE_files/BASE_SPANGDAHLEM_AB.html,,Active Duty,Yes,USAF,
TRAVIS AFB,"38°16'09""N","121°56'51""W",10S EH 92069 36204,32E,32E (CIVIL ENGINEER),https://paladindanse111.github.io/AFSC-PDFs/AFSC_files/32E.html,https://paladindanse111.github.io/AFSC-PDFs/BASE_files/BASE_TRAVIS_AFB.html,,Active Duty,Yes,USAF,
TYNDALL AFB,"30°04'47""N","85°36'26""W",16R FU 34229 28437,32E,32E (CIVIL ENGINEER),https://paladindanse111.github.io/AFSC-PDFs/AFSC_files/32E.html,https://paladindanse111.github.io/AFSC-PDFs/BASE_files/BASE_TYNDALL_AFB.html,,Active Duty,Yes,USAF,
USAF ACADEMY,"39°0'0.00""N","104°52'60.00""W",,32E,32E (CIVIL ENGINEER),https://paladindanse111.github.io/AFSC-PDFs/AFSC_files/32E.html,https://paladindanse111.github.io/AFSC-PDFs/BASE_files/BASE_USAF_ACADEMY.html,,Active Duty,No,USAF,
VANDENBERG SFB,"34°44'31""N","120°34'20""W",10S GD 22255 47110,32E,32E (CIVIL ENGINEER),https://paladindanse111.github.io/AFSC-PDFs/AFSC_files/32E.html,https://paladindanse111.github.io/AFSC-PDFs/BASE_files/BASE_VANDENBERG_SFB.html,,Active Duty,Yes,USAF,
WHITEMAN AFB,"38°43'44""N","93°33'37""W",15S VC 51299 86840,32E,32E (CIVIL ENGINEER),https://paladindanse111.github.io/AFSC-PDFs/AFSC_files/32E.html,https://paladindanse111.github.io/AFSC-PDFs/BASE_files/BASE_WHITEMAN_AFB.html,,Active Duty,Yes,USAF,
WRIGHT-PATTERSON AFB,"39°48'37""N","84°01'55""W",16S GK 54072 10915,32E,32E (CIVIL ENGINEER),https://paladindanse111.github.io/AFSC-PDFs/AFSC_files/32E.html,https://paladindanse111.github.io/AFSC-PDFs/BASE_files/BASE_WRIGHT-PATTERSON_AFB.html,,Active Duty,Yes,USAF,
YOKOTA AB,"35°44'35""N","139°20'23""E",54S UE 49872 56720,32E,32E (CIVIL ENGINEER),https://paladindanse111.github.io/AFSC-PDFs/AFSC_files/32E.html,https://paladindanse111.github.io/AFSC-PDFs/BASE_files/BASE_YOKOTA_AB.html,,Active Duty,Yes,USAF,
ALTUS AFB,"34°39'18""N","99°17'04""W",14S MD 73935 34821,35P,35P (PUBLIC AFFAIRS),https://paladindanse111.github.io/AFSC-PDFs/AFSC_files/35P.html,https://paladindanse111.github.io/AFSC-PDFs/BASE_files/BASE_ALTUS_AFB.html,,Active Duty,Yes,USAF,
ANDERSEN AFB,"13°33'46""N","144°55'25""E",55P BR 75307 00327,35P,35P (PUBLIC AFFAIRS),https://paladindanse111.github.io/AFSC-PDFs/AFSC_files/35P.html,https://paladindanse111.github.io/AFSC-PDFs/BASE_files/BASE_ANDERSEN_AFB.html,,Active Duty,Yes,USAF,
ANDREWS JB,"38°47'46""N","76°53'00""W",18S UH 36445 95835,35P,35P (PUBLIC AFFAIRS),https://paladindanse111.github.io/AFSC-PDFs/AFSC_files/35P.html,https://paladindanse111.github.io/AFSC-PDFs/BASE_files/BASE_ANDREWS_JB.html,,Active Duty,Yes,USAF,
AVIANO AB,"46°01'49""N","12°36'41""E",33T UM 15147 00185,35P,35P (PUBLIC AFFAIRS),https://paladindanse111.github.io/AFSC-PDFs/AFSC_files/35P.html,https://paladindanse111.github.io/AFSC-PDFs/BASE_files/BASE_AVIANO_AB.html,,Active Duty,Yes,USAF,
BARKSDALE AFB,"32°29'45""N","93°40'21""W",15S VR 36822 95596,35P,35P (PUBLIC AFFAIRS),https://paladindanse111.github.io/AFSC-PDFs/AFSC_files/35P.html,https://paladindanse111.github.io/AFSC-PDFs/BASE_files/BASE_BARKSDALE_AFB.html,,Active Duty,Yes,USAF,
BEALE AFB,"39°06'41""N","121°21'35""W",10S FJ 41815 30418,35P,35P (PUBLIC AFFAIRS),https://paladindanse111.github.io/AFSC-PDFs/AFSC_files/35P.html,https://paladindanse111.github.io/AFSC-PDFs/BASE_files/BASE_BEALE_AFB.html,,Active Duty,Yes,USAF,
BUCKLEY SFB,"39°42'09""N","104°45'29""W",13S ED 20741 94766,35P,35P (PUBLIC AFFAIRS),https://paladindanse111.github.io/AFSC-PDFs/AFSC_files/35P.html,https://paladindanse111.github.io/AFSC-PDFs/BASE_files/BASE_BUCKLEY_SFB.html,,Active Duty,Yes,USAF,
CANNON AFB,"34°23'20""N","103°19'05""W",13S FU 54620 06558,35P,35P (PUBLIC AFFAIRS),https://paladindanse111.github.io/AFSC-PDFs/AFSC_files/35P.html,https://paladindanse111.github.io/AFSC-PDFs/BASE_files/BASE_CANNON_AFB.html,,Active Duty,Yes,USAF,
COLUMBUS AFB,"33°37'38""N","88°26'51""W",16S CC 65739 21763,35P,35P (PUBLIC AFFAIRS),https://paladindanse111.github.io/AFSC-PDFs/AFSC_files/35P.html,https://paladindanse111.github.io/AFSC-PDFs/BASE_files/BASE_COLUMBUS_AFB.html,,Active Duty,Yes,USAF,
CREECH AFB,"36°34'41""N","115°39'29""W",11S PA 20060 48904,35P,35P (PUBLIC AFFAIRS),https://paladindanse111.github.io/AFSC-PDFs/AFSC_files/35P.html,https://paladindanse111.github.io/AFSC-PDFs/BASE_files/BASE_CREECH_AFB.html,,Active Duty,Yes,USAF,
DAVIS-MONTHAN AFB,"32°10'14""N","110°52'39""W",12S WA 11549 59347,35P,35P (PUBLIC AFFAIRS),https://paladindanse111.github.io/AFSC-PDFs/AFSC_files/35P.html,https://paladindanse111.github.io/AFSC-PDFs/BASE_files/BASE_DAVIS-MONTHAN_AFB.html,,Active Duty,Yes,USAF,
DOVER AFB,"39°07'39""N","75°28'06""W",18S VJ 59518 31029,35P,35P (PUBLIC AFFAIRS),https://paladindanse111.github.io/AFSC-PDFs/AFSC_files/35P.html,https://paladindanse111.github.io/AFSC-PDFs/BASE_files/BASE_DOVER_AFB.html,,Active Duty,Yes,USAF,
DYESS AFB,"32°25'17""N","99°50'31""W",14S MA 20838 87456,35P,35P (PUBLIC AFFAIRS),https://paladindanse111.github.io/AFSC-PDFs/AFSC_files/35P.html,https://paladindanse111.github.io/AFSC-PDFs/BASE_files/BASE_DYESS_AFB.html,,Active Duty,Yes,USAF,
EDWARDS AFB,"34°55'25""N","117°53'29""W",11S MU 18582 64934,35P,35P (PUBLIC AFFAIRS),https://paladindanse111.github.io/AFSC-PDFs/AFSC_files/35P.html,https://paladindanse111.github.io/AFSC-PDFs/BASE_files/BASE_EDWARDS_AFB.html,,Active Duty,Yes,USAF,
EGLIN AFB,"30°27'49""N","86°33'11""W",16R EU 42905 70243,35P,35P (PUBLIC AFFAIRS),https://paladindanse111.github.io/AFSC-PDFs/AFSC_files/35P.html,https://paladindanse111.github.io/AFSC-PDFs/BASE_files/BASE_EGLIN_AFB.html,,Active Duty,Yes,USAF,
EIELSON AFB,"64°39'52""N","147°05'45""W",6W VS 95424 71061,35P,35P (PUBLIC AFFAIRS),https://paladindanse111.github.io/AFSC-PDFs/AFSC_files/35P.html,https://paladindanse111.github.io/AFSC-PDFs/BASE_files/BASE_EIELSON_AFB.html,,Active Duty,Yes,USAF,
ELLSWORTH AFB,"44°08'54""N","103°05'15""W",13T FJ 52951 90126,35P,35P (PUBLIC AFFAIRS),https://paladindanse111.github.io/AFSC-PDFs/AFSC_files/35P.html,https://paladindanse111.github.io/AFSC-PDFs/BASE_files/BASE_ELLSWORTH_AFB.html,,Active Duty,Yes,USAF,
FAIRCHILD AFB,"47°38'28""N","117°38'41""W",11T MN 51574 76613,35P,35P (PUBLIC AFFAIRS),https://paladindanse111.github.io/AFSC-PDFs/AFSC_files/35P.html,https://paladindanse111.github.io/AFSC-PDFs/BASE_files/BASE_FAIRCHILD_AFB.html,,Active Duty,Yes,USAF,
FE WARREN AFB,"41°08'32""N","104°52'41""W",13T EF 10233 54552,35P,35P (PUBLIC AFFAIRS),https://paladindanse111.github.io/AFSC-PDFs/AFSC_files/35P.html,https://paladindanse111.github.io/AFSC-PDFs/BASE_files/BASE_FE_WARREN_AFB.html,,Active Duty,Yes,USAF,
FT GEORGE G MEADE,"39°06'14""N","76°44'42""W",18S UJ 49113 29754,35P,35P (PUBLIC AFFAIRS),https://paladindanse111.github.io/AFSC-PDFs/AFSC_files/35P.html,https://paladindanse111.github.io/AFSC-PDFs/BASE_files/BASE_FT_GEORGE_G_MEADE.html,,Active Duty,Yes,USAF,
GOODFELLOW AFB,"31°26'09""N","100°24'03""W",14R LV 66873 78753,35P,35P (PUBLIC AFFAIRS),https://paladindanse111.github.io/AFSC-PDFs/AFSC_files/35P.html,https://paladindanse111.github.io/AFSC-PDFs/BASE_files/BASE_GOODFELLOW_AFB.html,,Active Duty,Yes,USAF,
GRAND FORKS AFB,"47°57'07""N","97°22'57""W",14T PU 20768 12225,35P,35P (PUBLIC AFFAIRS),https://paladindanse111.github.io/AFSC-PDFs/AFSC_files/35P.html,https://paladindanse111.github.io/AFSC-PDFs/BASE_files/BASE_GRAND_FORKS_AFB.html,,Active Duty,Yes,USAF,
HANSCOM AFB,"42°27'23""N","71°16'35""W",19T CH 12823 02961,35P,35P (PUBLIC AFFAIRS),https://paladindanse111.github.io/AFSC-PDFs/AFSC_files/35P.html,https://paladindanse111.github.io/AFSC-PDFs/BASE_files/BASE_HANSCOM_AFB.html,,Active Duty,Yes,USAF,
HILL AFB,"41°06'36""N","111°58'56""W",12T VL 17530 51433,35P,35P (PUBLIC AFFAIRS),https://paladindanse111.github.io/AFSC-PDFs/AFSC_files/35P.html,https://paladindanse111.github.io/AFSC-PDFs/BASE_files/BASE_HILL_AFB.html,,Active Duty,Yes,USAF,
HOLLOMAN AFB,"32°50'33""N","106°05'55""W",13S CS 97187 34361,35P,35P (PUBLIC AFFAIRS),https://paladindanse111.github.io/AFSC-PDFs/AFSC_files/35P.html,https://paladindanse111.github.io/AFSC-PDFs/BASE_files/BASE_HOLLOMAN_AFB.html,,Active Duty,Yes,USAF,
HURLBURT FIELD,"30°25'23""N","86°41'41""W",16R EU 29317 65704,35P,35P (PUBLIC AFFAIRS),https://paladindanse111.github.io/AFSC-PDFs/AFSC_files/35P.html,https://paladindanse111.github.io/AFSC-PDFs/BASE_files/BASE_HURLBURT_FIELD.html,,Active Duty,Yes,USAF,
INCIRLIK AB,"37°00'12""N","35°26'02""E",36S YF 16566 98011,35P,35P (PUBLIC AFFAIRS),https://paladindanse111.github.io/AFSC-PDFs/AFSC_files/35P.html,https://paladindanse111.github.io/AFSC-PDFs/BASE_files/BASE_INCIRLIK_AB.html,,Active Duty,Yes,USAF,
JB ANACOSTIA-BOLLING,"38°50'29""N","77°01'05""W",18S UJ 24855 01110,35P,35P (PUBLIC AFFAIRS),https://paladindanse111.github.io/AFSC-PDFs/AFSC_files/35P.html,https://paladindanse111.github.io/AFSC-PDFs/BASE_files/BASE_JB_ANACOSTIA-BOLLING.html,,Active Duty,Yes,USAF,
JB CHARLESTON,"32°53'29""N","80°04'03""W",17S NS 87218 39631,35P,35P (PUBLIC AFFAIRS),https://paladindanse111.github.io/AFSC-PDFs/AFSC_files/35P.html,https://paladindanse111.github.io/AFSC-PDFs/BASE_files/BASE_JB_CHARLESTON.html,,Active Duty,Yes,USAF,
JB ELMENDORF-RICHARDSON,"61°15'44""N","149°41'53""W",6V UN 55306 94983,35P,35P (PUBLIC AFFAIRS),https://paladindanse111.github.io/AFSC-PDFs/AFSC_files/35P.html,https://paladindanse111.github.io/AFSC-PDFs/BASE_files/BASE_JB_ELMENDORF-RICHARDSON.html,,Active Duty,Yes,USAF,
JB LANGLEY-EUSTIS,"37°05'00""N","76°21'33""W",18S UG 79195 04980,35P,35P (PUBLIC AFFAIRS),https://paladindanse111.github.io/AFSC-PDFs/AFSC_files/35P.html,https://paladindanse111.github.io/AFSC-PDFs/BASE_files/BASE_JB_LANGLEY-EUSTIS.html,,Active Duty,Yes,USAF,
JB LEWIS-MCCHORD,"47°05'30""N","122°36'53""W",10T ET 29240 15422,35P,35P (PUBLIC AFFAIRS),https://paladindanse111.github.io/AFSC-PDFs/AFSC_files/35P.html,https://paladindanse111.github.io/AFSC-PDFs/BASE_files/BASE_JB_LEWIS-MCCHORD.html,,Active Duty,Yes,USAF,
JB MCGUIRE-DIX-LAKEHURST,"40°02'15""N","74°35'18""W",18T WK 35120 32000,35P,35P (PUBLIC AFFAIRS),https://paladindanse111.github.io/AFSC-PDFs/AFSC_files/35P.html,https://paladindanse111.github.io/AFSC-PDFs/BASE_files/BASE_JB_MCGUIRE-DIX-LAKEHURST.html,,Active Duty,Yes,USAF,
JB PEARL HARBOR-HICKAM,"21°20'15""N","157°57'43""W",4Q FJ 07643 59855,35P,35P (PUBLIC AFFAIRS),https://paladindanse111.github.io/AFSC-PDFs/AFSC_files/35P.html,https://paladindanse111.github.io/AFSC-PDFs/BASE_files/BASE_JB_PEARL_HARBOR-HICKAM.html,,Active Duty,Yes,USAF,
JBSA FT SAM HOUSTON,"29°26'59""N","98°27'02""W",14R NT 53282 57938,35P,35P (PUBLIC AFFAIRS),https://paladindanse111.github.io/AFSC-PDFs/AFSC_files/35P.html,https://paladindanse111.github.io/AFSC-PDFs/BASE_files/BASE_JBSA_FT_SAM_HOUSTON.html,,Active Duty,Yes,USAF,
JBSA LACKLAND,"29°23'14""N","98°37'16""W",14R NT 36765 50947,35P,35P (PUBLIC AFFAIRS),https://paladindanse111.github.io/AFSC-PDFs/AFSC_files/35P.html,https://paladindanse111.github.io/AFSC-PDFs/BASE_files/BASE_JBSA_LACKLAND.html,,Active Duty,Yes,USAF,
JBSA RANDOLPH,"29°31'57""N","98°16'45""W",14R NT 69847 67200,35P,35P (PUBLIC AFFAIRS),https://paladindanse111.github.io/AFSC-PDFs/AFSC_files/35P.html,https://paladindanse111.github.io/AFSC-PDFs/BASE_files/BASE_JBSA_RANDOLPH.html,,Active Duty,Yes,USAF,
KADENA AB,"26°21'30""N","127°46'20""E",52R CQ 77496 15950,35P,35P (PUBLIC AFFAIRS),https://paladindanse111.github.io/AFSC-PDFs/AFSC_files/35P.html,https://paladindanse111.github.io/AFSC-PDFs/BASE_files/BASE_KADENA_AB.html,,Active Duty,Yes,USAF,
KEESLER AFB,"30°24'34""N","88°55'34""W",16R CU 14981 65731,35P,35P (PUBLIC AFFAIRS),https://paladindanse111.github.io/AFSC-PDFs/AFSC_files/35P.html,https://paladindanse111.github.io/AFSC-PDFs/BASE_files/BASE_KEESLER_AFB.html,,Active Duty,Yes,USAF,
KIRTLAND AFB,"35°00'39""N","106°30'44""W",13S CU 62019 75289,35P,35P (PUBLIC AFFAIRS),https://paladindanse111.github.io/AFSC-PDFs/AFSC_files/35P.html,https://paladindanse111.github.io/AFSC-PDFs/BASE_files/BASE_KIRTLAND_AFB.html,,Active Duty,Yes,USAF,
KUNSAN AB,"35°55'09""N","126°37'54""E",52S BE 86310 77574,35P,35P (PUBLIC AFFAIRS),https://paladindanse111.github.io/AFSC-PDFs/AFSC_files/35P.html,https://paladindanse111.github.io/AFSC-PDFs/BASE_files/BASE_KUNSAN_AB.html,,Active Duty,Yes,USAF,
LAKENHEATH RAF,"52°23'23""N","0°32'14""E",31U CU 32414 07239,35P,35P (PUBLIC AFFAIRS),https://paladindanse111.github.io/AFSC-PDFs/AFSC_files/35P.html,https://paladindanse111.github.io/AFSC-PDFs/BASE_files/BASE_LAKENHEATH_RAF.html,,Active Duty,Yes,USAF,
LAUGHLIN AFB,"29°21'21""N","100°46'58""W",14R LT 26940 48730,35P,35P (PUBLIC AFFAIRS),https://paladindanse111.github.io/AFSC-PDFs/AFSC_files/35P.html,https://paladindanse111.github.io/AFSC-PDFs/BASE_files/BASE_LAUGHLIN_AFB.html,,Active Duty,Yes,USAF,
LITTLE ROCK AFB,"34°53'47""N","92°08'38""W",15S WU 78220 61887,35P,35P (PUBLIC AFFAIRS),https://paladindanse111.github.io/AFSC-PDFs/AFSC_files/35P.html,https://paladindanse111.github.io/AFSC-PDFs/BASE_files/BASE_LITTLE_ROCK_AFB.html,,Active Duty,Yes,USAF,
LOS ANGELES SFB,"34°0'0.00""N","118°15'0.00""W",,35P,35P (PUBLIC AFFAIRS),https://paladindanse111.github.io/AFSC-PDFs/AFSC_files/35P.html,https://paladindanse111.github.io/AFSC-PDFs/BASE_files/BASE_LOS_ANGELES_SFB.html,,Active Duty,No,USAF,
LUKE AFB,"33°32'22""N","112°22'32""W",12S UC 72284 11939,35P,35P (PUBLIC AFFAIRS),https://paladindanse111.github.io/AFSC-PDFs/AFSC_files/35P.html,https://paladindanse111.github.io/AFSC-PDFs/BASE_files/BASE_LUKE_AFB.html,,Active Duty,Yes,USAF,
MACDILL AFB,"27°51'28""N","82°29'19""W",17R LL 53434 82337,35P,35P (PUBLIC AFFAIRS),https://paladindanse111.github.io/AFSC-PDFs/AFSC_files/35P.html,https://paladindanse111.github.io/AFSC-PDFs/BASE_files/BASE_MACDILL_AFB.html,,Active Duty,Yes,USAF,
MALMSTROM AFB,"47°30'17""N","111°10'56""W",12T VT 86277 61270,35P,35P (PUBLIC AFFAIRS),https://paladindanse111.github.io/AFSC-PDFs/AFSC_files/35P.html,https://paladindanse111.github.io/AFSC-PDFs/BASE_files/BASE_MALMSTROM_AFB.html,,Active Duty,Yes,USAF,
MCCONNELL AFB,"37°37'51""N","97°15'06""W",14S PG 54271 66293,35P,35P (PUBLIC AFFAIRS),https://paladindanse111.github.io/AFSC-PDFs/AFSC_files/35P.html,https://paladindanse111.github.io/AFSC-PDFs/BASE_files/BASE_MCCONNELL_AFB.html,,Active Duty,Yes,USAF,
MILDENHALL RAF,"52°21'45""N","0°30'14""E",31U CU 30041 04290,35P,35P (PUBLIC AFFAIRS),https://paladindanse111.github.io/AFSC-PDFs/AFSC_files/35P.html,https://paladindanse111.github.io/AFSC-PDFs/BASE_files/BASE_MILDENHALL_RAF.html,,Active Duty,Yes,USAF,
MINOT AFB,"48°25'13""N","101°19'36""W",14U LU 27861 65629,35P,35P (PUBLIC AFFAIRS),https://paladindanse111.github.io/AFSC-PDFs/AFSC_files/35P.html,https://paladindanse111.github.io/AFSC-PDFs/BASE_files/BASE_MINOT_AFB.html,,Active Duty,Yes,USAF,
MISAWA AB,"40°41'55""N","141°22'28""E",54T WL 31634 05368,35P,35P (PUBLIC AFFAIRS),https://paladindanse111.github.io/AFSC-PDFs/AFSC_files/35P.html,https://paladindanse111.github.io/AFSC-PDFs/BASE_files/BASE_MISAWA_AB.html,,Active Duty,Yes,USAF,
MOODY AFB,"30°58'12""N","83°11'47""W",17R KQ 90229 28346,35P,35P (PUBLIC AFFAIRS),https://paladindanse111.github.io/AFSC-PDFs/AFSC_files/35P.html,https://paladindanse111.github.io/AFSC-PDFs/BASE_files/BASE_MOODY_AFB.html,,Active Duty,Yes,USAF,
MOUNTAIN HOME AFB,"43°03'59""N","115°51'18""W",11T NH 93226 68823,35P,35P (PUBLIC AFFAIRS),https://paladindanse111.github.io/AFSC-PDFs/AFSC_files/35P.html,https://paladindanse111.github.io/AFSC-PDFs/BASE_files/BASE_MOUNTAIN_HOME_AFB.html,,Active Duty,Yes,USAF,
NELLIS AFB,"36°14'25""N","115°03'14""W",11S PA 74874 12355,35P,35P (PUBLIC AFFAIRS),https://paladindanse111.github.io/AFSC-PDFs/AFSC_files/35P.html,https://paladindanse111.github.io/AFSC-PDFs/BASE_files/BASE_NELLIS_AFB.html,,Active Duty,Yes,USAF,
OSAN AB,"37°05'19""N","127°01'50""E",52S CG 24960 06516,35P,35P (PUBLIC AFFAIRS),https://paladindanse111.github.io/AFSC-PDFs/AFSC_files/35P.html,https://paladindanse111.github.io/AFSC-PDFs/BASE_files/BASE_OSAN_AB.html,,Active Duty,Yes,USAF,
PATRICK SFB,"28°14'21""N","80°36'26""W",17R NM 38533 23759,35P,35P (PUBLIC AFFAIRS),https://paladindanse111.github.io/AFSC-PDFs/AFSC_files/35P.html,https://paladindanse111.github.io/AFSC-PDFs/BASE_files/BASE_PATRICK_SFB.html,,Active Duty,Yes,USAF,
PENTAGON,"38°52'15""N","77°03'21""W",18S UJ 21650 04451,35P,35P (PUBLIC AFFAIRS),https://paladindanse111.github.io/AFSC-PDFs/AFSC_files/35P.html,https://paladindanse111.github.io/AFSC-PDFs/BASE_files/BASE_PENTAGON.html,,Active Duty,Yes,USAF,
PETERSON SFB,"38°49'32""N","104°41'58""W",13S EC 26089 97461,35P,35P (PUBLIC AFFAIRS),https://paladindanse111.github.io/AFSC-PDFs/AFSC_files/35P.html,https://paladindanse111.github.io/AFSC-PDFs/BASE_files/BASE_PETERSON_SFB.html,,Active Duty,Yes,USAF,
RAF FAIRFORD,"51°40'56.00""N","1°47'24.00""W",,35P,35P (PUBLIC AFFAIRS),https://paladindanse111.github.io/AFSC-PDFs/AFSC_files/35P.html,,,Active Duty,No,USAF,
RAMSTEIN AB,"49°26'23""N","7°35'47""E",32U LV 98244 77286,35P,35P (PUBLIC AFFAIRS),https://paladindanse111.github.io/AFSC-PDFs/AFSC_files/35P.html,https://paladindanse111.github.io/AFSC-PDFs/BASE_files/BASE_RAMSTEIN_AB.html.html,,Active Duty,Yes,USAF,
ROBINS AFB,"32°38'23""N","83°35'30""W",17S KS 56883 14314,35P,35P (PUBLIC AFFAIRS),https://paladindanse111.github.io/AFSC-PDFs/AFSC_files/35P.html,https://paladindanse111.github.io/AFSC-PDFs/BASE_files/BASE_ROBINS_AFB.html,,Active Duty,Yes,USAF,
SCOTT AFB,"38°32'29""N","89°51'18""W",16S BH 51169 69750,35P,35P (PUBLIC AFFAIRS),https://paladindanse111.github.io/AFSC-PDFs/AFSC_files/35P.html,https://paladindanse111.github.io/AFSC-PDFs/BASE_files/BASE_SCOTT_AFB.html,,Active Duty,Yes,USAF,
SEYMOUR JOHNSON AFB,"35°20'24""N","77°57'41""W",18S TE 30850 14774,35P,35P (PUBLIC AFFAIRS),https://paladindanse111.github.io/AFSC-PDFs/AFSC_files/35P.html,https://paladindanse111.github.io/AFSC-PDFs/BASE_files/BASE_SEYMOUR_JOHNSON_AFB.html,,Active Duty,Yes,USAF,
SHAW AFB,"33°58'02""N","80°29'05""W",17S NT 47603 58641,35P,35P (PUBLIC AFFAIRS),https://paladindanse111.github.io/AFSC-PDFs/AFSC_files/35P.html,https://paladindanse111.github.io/AFSC-PDFs/BASE_files/BASE_SHAW_AFB.html,,Active Duty,Yes,USAF,
SHEPPARD AFB,"33°58'06""N","98°30'38""W",14S NC 45216 58752,35P,35P (PUBLIC AFFAIRS),https://paladindanse111.github.io/AFSC-PDFs/AFSC_files/35P.html,https://paladindanse111.github.io/AFSC-PDFs/BASE_files/BASE_SHEPPARD_AFB.html,,Active Duty,Yes,USAF,
SPANGDAHLEM AB,"49°59'38""N","6°41'55""E",32U LA 35052 40489,35P,35P (PUBLIC AFFAIRS),https://paladindanse111.github.io/AFSC-PDFs/AFSC_files/35P.html,https://paladindanse111.github.io/AFSC-PDFs/BASE_files/BASE_SPANGDAHLEM_AB.html,,Active Duty,Yes,USAF,
TINKER AFB,"35°25'09""N","97°24'15""W",14S PE 44882 20698,35P,35P (PUBLIC AFFAIRS),https://paladindanse111.github.io/AFSC-PDFs/AFSC_files/35P.html,https://paladindanse111.github.io/AFSC-PDFs/BASE_files/BASE_TINKER_AFB.html,,Active Duty,Yes,USAF,
TRAVIS AFB,"38°16'09""N","121°56'51""W",10S EH 92069 36204,35P,35P (PUBLIC AFFAIRS),https://paladindanse111.github.io/AFSC-PDFs/AFSC_files/35P.html,https://paladindanse111.github.io/AFSC-PDFs/BASE_files/BASE_TRAVIS_AFB.html,,Active Duty,Yes,USAF,
TYNDALL AFB,"30°04'47""N","85°36'26""W",16R FU 34229 28437,35P,35P (PUBLIC AFFAIRS),https://paladindanse111.github.io/AFSC-PDFs/AFSC_files/35P.html,https://paladindanse111.github.io/AFSC-PDFs/BASE_files/BASE_TYNDALL_AFB.html,,Active Duty,Yes,USAF,
VANCE AFB,"36°20'21""N","97°54'47""W",14S NF 97544 22116,35P,35P (PUBLIC AFFAIRS),https://paladindanse111.github.io/AFSC-PDFs/AFSC_files/35P.html,https://paladindanse111.github.io/AFSC-PDFs/BASE_files/BASE_VANCE_AFB.html,,Active Duty,Yes,USAF,
VANDENBERG SFB,"34°44'31""N","120°34'20""W",10S GD 22255 47110,35P,35P (PUBLIC AFFAIRS),https://paladindanse111.github.io/AFSC-PDFs/AFSC_files/35P.html,https://paladindanse111.github.io/AFSC-PDFs/BASE_files/BASE_VANDENBERG_SFB.html,,Active Duty,Yes,USAF,
WHITEMAN AFB,"38°43'44""N","93°33'37""W",15S VC 51299 86840,35P,35P (PUBLIC AFFAIRS),https://paladindanse111.github.io/AFSC-PDFs/AFSC_files/35P.html,https://paladindanse111.github.io/AFSC-PDFs/BASE_files/BASE_WHITEMAN_AFB.html,,Active Duty,Yes,USAF,
WRIGHT-PATTERSON AFB,"39°48'37""N","84°01'55""W",16S GK 54072 10915,35P,35P (PUBLIC AFFAIRS),https://paladindanse111.github.io/AFSC-PDFs/AFSC_files/35P.html,https://paladindanse111.github.io/AFSC-PDFs/BASE_files/BASE_WRIGHT-PATTERSON_AFB.html,,Active Duty,Yes,USAF,
YOKOTA AB,"35°44'35""N","139°20'23""E",54S UE 49872 56720,35P,35P (PUBLIC AFFAIRS),https://paladindanse111.github.io/AFSC-PDFs/AFSC_files/35P.html,https://paladindanse111.github.io/AFSC-PDFs/BASE_files/BASE_YOKOTA_AB.html,,Active Duty,Yes,USAF,
ALCONBURY RAF,"52°22'09""N","0°13'43""W",30U XD 88669 05714,38F,38F (FORCE SUPPORT),https://paladindanse111.github.io/AFSC-PDFs/AFSC_files/38F.html,https://paladindanse111.github.io/AFSC-PDFs/BASE_files/BASE_ALCONBURY_RAF.html,,Active Duty,Yes,USAF,
ALTUS AFB,"34°39'18""N","99°17'04""W",14S MD 73935 34821,38F,38F (FORCE SUPPORT),https://paladindanse111.github.io/AFSC-PDFs/AFSC_files/38F.html,https://paladindanse111.github.io/AFSC-PDFs/BASE_files/BASE_ALTUS_AFB.html,,Active Duty,Yes,USAF,
ANDERSEN AFB,"13°33'46""N","144°55'25""E",55P BR 75307 00327,38F,38F (FORCE SUPPORT),https://paladindanse111.github.io/AFSC-PDFs/AFSC_files/38F.html,https://paladindanse111.github.io/AFSC-PDFs/BASE_files/BASE_ANDERSEN_AFB.html,,Active Duty,Yes,USAF,
ANDREWS JB,"38°47'46""N","76°53'00""W",18S UH 36445 95835,38F,38F (FORCE SUPPORT),https://paladindanse111.github.io/AFSC-PDFs/AFSC_files/38F.html,https://paladindanse111.github.io/AFSC-PDFs/BASE_files/BASE_ANDREWS_JB.html,,Active Duty,Yes,USAF,
AVIANO AB,"46°01'49""N","12°36'41""E",33T UM 15147 00185,38F,38F (FORCE SUPPORT),https://paladindanse111.github.io/AFSC-PDFs/AFSC_files/38F.html,https://paladindanse111.github.io/AFSC-PDFs/BASE_files/BASE_AVIANO_AB.html,,Active Duty,Yes,USAF,
BARKSDALE AFB,"32°29'45""N","93°40'21""W",15S VR 36822 95596,38F,38F (FORCE SUPPORT),https://paladindanse111.github.io/AFSC-PDFs/AFSC_files/38F.html,https://paladindanse111.github.io/AFSC-PDFs/BASE_files/BASE_BARKSDALE_AFB.html,,Active Duty,Yes,USAF,
BEALE AFB,"39°06'41""N","121°21'35""W",10S FJ 41815 30418,38F,38F (FORCE SUPPORT),https://paladindanse111.github.io/AFSC-PDFs/AFSC_files/38F.html,https://paladindanse111.github.io/AFSC-PDFs/BASE_files/BASE_BEALE_AFB.html,,Active Duty,Yes,USAF,
BUCHEL ABS,"50°10'26.00""N","7°3'48.00""E",,38F,38F (FORCE SUPPORT),https://paladindanse111.github.io/AFSC-PDFs/AFSC_files/38F.html,https://paladindanse111.github.io/AFSC-PDFs/BASE_files/BASE_BUCHEL_ABS.html,,Active Duty,No,USAF,
BUCKLEY SFB,"39°42'09""N","104°45'29""W",13S ED 20741 94766,38F,38F (FORCE SUPPORT),https://paladindanse111.github.io/AFSC-PDFs/AFSC_files/38F.html,https://paladindanse111.github.io/AFSC-PDFs/BASE_files/BASE_BUCKLEY_SFB.html,,Active Duty,Yes,USAF,
CAMP HUMPHREYS,"36°55'0.00""N","127°2'60.00""E",,38F,38F (FORCE SUPPORT),https://paladindanse111.github.io/AFSC-PDFs/AFSC_files/38F.html,https://paladindanse111.github.io/AFSC-PDFs/BASE_files/BASE_CAMP_HUMPHREYS.html,,Active Duty,No,USAF,Note: Army base websites may be blocked on MissionNet.
CANNON AFB,"34°23'20""N","103°19'05""W",13S FU 54620 06558,38F,38F (FORCE SUPPORT),https://paladindanse111.github.io/AFSC-PDFs/AFSC_files/38F.html,https://paladindanse111.github.io/AFSC-PDFs/BASE_files/BASE_CANNON_AFB.html,,Active Duty,Yes,USAF,
COLUMBUS AFB,"33°37'38""N","88°26'51""W",16S CC 65739 21763,38F,38F (FORCE SUPPORT),https://paladindanse111.github.io/AFSC-PDFs/AFSC_files/38F.html,https://paladindanse111.github.io/AFSC-PDFs/BASE_files/BASE_COLUMBUS_AFB.html,,Active Duty,Yes,USAF,
CP SMITH MGI,"21°22'0.00""N","157°55'0.00""W",,38F,38F (FORCE SUPPORT),https://paladindanse111.github.io/AFSC-PDFs/AFSC_files/38F.html,,,Active Duty,No,USAF,
CREECH AFB,"36°34'41""N","115°39'29""W",11S PA 20060 48904,38F,38F (FORCE SUPPORT),https://paladindanse111.github.io/AFSC-PDFs/AFSC_files/38F.html,https://paladindanse111.github.io/AFSC-PDFs/BASE_files/BASE_CREECH_AFB.html,,Active Duty,Yes,USAF,
DAVIS-MONTHAN AFB,"32°10'14""N","110°52'39""W",12S WA 11549 59347,38F,38F (FORCE SUPPORT),https://paladindanse111.github.io/AFSC-PDFs/AFSC_files/38F.html,https://paladindanse111.github.io/AFSC-PDFs/BASE_files/BASE_DAVIS-MONTHAN_AFB.html,,Active Duty,Yes,USAF,
DOVER AFB,"39°07'39""N","75°28'06""W",18S VJ 59518 31029,38F,38F (FORCE SUPPORT),https://paladindanse111.github.io/AFSC-PDFs/AFSC_files/38F.html,https://paladindanse111.github.io/AFSC-PDFs/BASE_files/BASE_DOVER_AFB.html,,Active Duty,Yes,USAF,
DYESS AFB,"32°25'17""N","99°50'31""W",14S MA 20838 87456,38F,38F (FORCE SUPPORT),https://paladindanse111.github.io/AFSC-PDFs/AFSC_files/38F.html,https://paladindanse111.github.io/AFSC-PDFs/BASE_files/BASE_DYESS_AFB.html,,Active Duty,Yes,USAF,
EDWARDS AFB,"34°55'25""N","117°53'29""W",11S MU 18582 64934,38F,38F (FORCE SUPPORT),https://paladindanse111.github.io/AFSC-PDFs/AFSC_files/38F.html,https://paladindanse111.github.io/AFSC-PDFs/BASE_files/BASE_EDWARDS_AFB.html,,Active Duty,Yes,USAF,
EGLIN AFB,"30°27'49""N","86°33'11""W",16R EU 42905 70243,38F,38F (FORCE SUPPORT),https://paladindanse111.github.io/AFSC-PDFs/AFSC_files/38F.html,https://paladindanse111.github.io/AFSC-PDFs/BASE_files/BASE_EGLIN_AFB.html,,Active Duty,Yes,USAF,
EIELSON AFB,"64°39'52""N","147°05'45""W",6W VS 95424 71061,38F,38F (FORCE SUPPORT),https://paladindanse111.github.io/AFSC-PDFs/AFSC_files/38F.html,https://paladindanse111.github.io/AFSC-PDFs/BASE_files/BASE_EIELSON_AFB.html,,Active Duty,Yes,USAF,
ELLSWORTH AFB,"44°08'54""N","103°05'15""W",13T FJ 52951 90126,38F,38F (FORCE SUPPORT),https://paladindanse111.github.io/AFSC-PDFs/AFSC_files/38F.html,https://paladindanse111.github.io/AFSC-PDFs/BASE_files/BASE_ELLSWORTH_AFB.html,,Active Duty,Yes,USAF,
FAIRCHILD AFB,"47°38'28""N","117°38'41""W",11T MN 51574 76613,38F,38F (FORCE SUPPORT),https://paladindanse111.github.io/AFSC-PDFs/AFSC_files/38F.html,https://paladindanse111.github.io/AFSC-PDFs/BASE_files/BASE_FAIRCHILD_AFB.html,,Active Duty,Yes,USAF,
FE WARREN AFB,"41°08'32""N","104°52'41""W",13T EF 10233 54552,38F,38F (FORCE SUPPORT),https://paladindanse111.github.io/AFSC-PDFs/AFSC_files/38F.html,https://paladindanse111.github.io/AFSC-PDFs/BASE_files/BASE_FE_WARREN_AFB.html,,Active Duty,Yes,USAF,
FT BELVOIR,"38°43'05""N","77°09'16""W",18S UH 12695 87692,38F,38F (FORCE SUPPORT),https://paladindanse111.github.io/AFSC-PDFs/AFSC_files/38F.html,https://paladindanse111.github.io/AFSC-PDFs/BASE_files/BASE_FT_BELVOIR.html,,Active Duty,Yes,USAF,
FT GEORGE G MEADE,"39°06'14""N","76°44'42""W",18S UJ 49113 29754,38F,38F (FORCE SUPPORT),https://paladindanse111.github.io/AFSC-PDFs/AFSC_files/38F.html,https://paladindanse111.github.io/AFSC-PDFs/BASE_files/BASE_FT_GEORGE_G_MEADE.html,,Active Duty,Yes,USAF,
FT GORDON,"33°24'57""N","82°08'16""W",17S LS 94212 97966,38F,38F (FORCE SUPPORT),https://paladindanse111.github.io/AFSC-PDFs/AFSC_files/38F.html,https://paladindanse111.github.io/AFSC-PDFs/BASE_files/BASE_FT_GORDON.html,,Active Duty,Yes,USAF,Note: Army base websites may be blocked on MissionNet.
FT LEE AIN,"37°13'0.00""N","77°19'60.00""W",,38F,38F (FORCE SUPPORT),https://paladindanse111.github.io/AFSC-PDFs/AFSC_files/38F.html,,,Active Duty,No,USAF,
GEILENKIRCHEN AB,"50°57'39.00""N","6°2'30.00""E",,38F,38F (FORCE SUPPORT),https://paladindanse111.github.io/AFSC-PDFs/AFSC_files/38F.html,https://paladindanse111.github.io/AFSC-PDFs/BASE_files/BASE_GEILENKIRCHEN_AB.html,,Active Duty,No,USAF,
GHEDI AB,"45°0'0.00""N","12°0'0.00""E",,38F,38F (FORCE SUPPORT),https://paladindanse111.github.io/AFSC-PDFs/AFSC_files/38F.html,https://paladindanse111.github.io/AFSC-PDFs/BASE_files/BASE_GHEDI_AB.html,,Active Duty,No,USAF,
GOODFELLOW AFB,"31°26'09""N","100°24'03""W",14R LV 66873 78753,38F,38F (FORCE SUPPORT),https://paladindanse111.github.io/AFSC-PDFs/AFSC_files/38F.html,https://paladindanse111.github.io/AFSC-PDFs/BASE_files/BASE_GOODFELLOW_AFB.html,,Active Duty,Yes,USAF,
GRAND FORKS AFB,"47°57'07""N","97°22'57""W",14T PU 20768 12225,38F,38F (FORCE SUPPORT),https://paladindanse111.github.io/AFSC-PDFs/AFSC_files/38F.html,https://paladindanse111.github.io/AFSC-PDFs/BASE_files/BASE_GRAND_FORKS_AFB.html,,Active Duty,Yes,USAF,
HANSCOM AFB,"42°27'23""N","71°16'35""W",19T CH 12823 02961,38F,38F (FORCE SUPPORT),https://paladindanse111.github.io/AFSC-PDFs/AFSC_files/38F.html,https://paladindanse111.github.io/AFSC-PDFs/BASE_files/BASE_HANSCOM_AFB.html,,Active Duty,Yes,USAF,
HILL AFB,"41°06'36""N","111°58'56""W",12T VL 17530 51433,38F,38F (FORCE SUPPORT),https://paladindanse111.github.io/AFSC-PDFs/AFSC_files/38F.html,https://paladindanse111.github.io/AFSC-PDFs/BASE_files/BASE_HILL_AFB.html,,Active Duty,Yes,USAF,
HOLLOMAN AFB,"32°50'33""N","106°05'55""W",13S CS 97187 34361,38F,38F (FORCE SUPPORT),https://paladindanse111.github.io/AFSC-PDFs/AFSC_files/38F.html,https://paladindanse111.github.io/AFSC-PDFs/BASE_files/BASE_HOLLOMAN_AFB.html,,Active Duty,Yes,USAF,
HURLBURT FIELD,"30°25'23""N","86°41'41""W",16R EU 29317 65704,38F,38F (FORCE SUPPORT),https://paladindanse111.github.io/AFSC-PDFs/AFSC_files/38F.html,https://paladindanse111.github.io/AFSC-PDFs/BASE_files/BASE_HURLBURT_FIELD.html,,Active Duty,Yes,USAF,
INCIRLIK AB,"37°00'12""N","35°26'02""E",36S YF 16566 98011,38F,38F (FORCE SUPPORT),https://paladindanse111.github.io/AFSC-PDFs/AFSC_files/38F.html,https://paladindanse111.github.io/AFSC-PDFs/BASE_files/BASE_INCIRLIK_AB.html,,Active Duty,Yes,USAF,
JB ANACOSTIA-BOLLING,"38°50'29""N","77°01'05""W",18S UJ 24855 01110,38F,38F (FORCE SUPPORT),https://paladindanse111.github.io/AFSC-PDFs/AFSC_files/38F.html,https://paladindanse111.github.io/AFSC-PDFs/BASE_files/BASE_JB_ANACOSTIA-BOLLING.html,,Active Duty,Yes,USAF,
JB CHARLESTON,"32°53'29""N","80°04'03""W",17S NS 87218 39631,38F,38F (FORCE SUPPORT),https://paladindanse111.github.io/AFSC-PDFs/AFSC_files/38F.html,https://paladindanse111.github.io/AFSC-PDFs/BASE_files/BASE_JB_CHARLESTON.html,,Active Duty,Yes,USAF,
JB ELMENDORF-RICHARDSON,"61°15'44""N","149°41'53""W",6V UN 55306 94983,38F,38F (FORCE SUPPORT),https://paladindanse111.github.io/AFSC-PDFs/AFSC_files/38F.html,https://paladindanse111.github.io/AFSC-PDFs/BASE_files/BASE_JB_ELMENDORF-RICHARDSON.html,,Active Duty,Yes,USAF,
JB LANGLEY-EUSTIS,"37°05'00""N","76°21'33""W",18S UG 79195 04980,38F,38F (FORCE SUPPORT),https://paladindanse111.github.io/AFSC-PDFs/AFSC_files/38F.html,https://paladindanse111.github.io/AFSC-PDFs/BASE_files/BASE_JB_LANGLEY-EUSTIS.html,,Active Duty,Yes,USAF,
JB LEWIS-MCCHORD,"47°05'30""N","122°36'53""W",10T ET 29240 15422,38F,38F (FORCE SUPPORT),https://paladindanse111.github.io/AFSC-PDFs/AFSC_files/38F.html,https://paladindanse111.github.io/AFSC-PDFs/BASE_files/BASE_JB_LEWIS-MCCHORD.html,,Active Duty,Yes,USAF,
JB MCGUIRE-DIX-LAKEHURST,"40°02'15""N","74°35'18""W",18T WK 35120 32000,38F,38F (FORCE SUPPORT),https://paladindanse111.github.io/AFSC-PDFs/AFSC_files/38F.html,https://paladindanse111.github.io/AFSC-PDFs/BASE_files/BASE_JB_MCGUIRE-DIX-LAKEHURST.html,,Active Duty,Yes,USAF,
JB PEARL HARBOR-HICKAM,"21°20'15""N","157°57'43""W",4Q FJ 07643 59855,38F,38F (FORCE SUPPORT),https://paladindanse111.github.io/AFSC-PDFs/AFSC_files/38F.html,https://paladindanse111.github.io/AFSC-PDFs/BASE_files/BASE_JB_PEARL_HARBOR-HICKAM.html,,Active Duty,Yes,USAF,
JBSA FT SAM HOUSTON,"29°26'59""N","98°27'02""W",14R NT 53282 57938,38F,38F (FORCE SUPPORT),https://paladindanse111.github.io/AFSC-PDFs/AFSC_files/38F.html,https://paladindanse111.github.io/AFSC-PDFs/BASE_files/BASE_JBSA_FT_SAM_HOUSTON.html,,Active Duty,Yes,USAF,
JBSA LACKLAND,"29°23'14""N","98°37'16""W",14R NT 36765 50947,38F,38F (FORCE SUPPORT),https://paladindanse111.github.io/AFSC-PDFs/AFSC_files/38F.html,https://paladindanse111.github.io/AFSC-PDFs/BASE_files/BASE_JBSA_LACKLAND.html,,Active Duty,Yes,USAF,
JBSA RANDOLPH,"29°31'57""N","98°16'45""W",14R NT 69847 67200,38F,38F (FORCE SUPPORT),https://paladindanse111.github.io/AFSC-PDFs/AFSC_files/38F.html,https://paladindanse111.github.io/AFSC-PDFs/BASE_files/BASE_JBSA_RANDOLPH.html,,Active Duty,Yes,USAF,
KADENA AB,"26°21'30""N","127°46'20""E",52R CQ 77496 15950,38F,38F (FORCE SUPPORT),https://paladindanse111.github.io/AFSC-PDFs/AFSC_files/38F.html,https://paladindanse111.github.io/AFSC-PDFs/BASE_files/BASE_KADENA_AB.html,,Active Duty,Yes,USAF,
KEESLER AFB,"30°24'34""N","88°55'34""W",16R CU 14981 65731,38F,38F (FORCE SUPPORT),https://paladindanse111.github.io/AFSC-PDFs/AFSC_files/38F.html,https://paladindanse111.github.io/AFSC-PDFs/BASE_files/BASE_KEESLER_AFB.html,,Active Duty,Yes,USAF,
KIRTLAND AFB,"35°00'39""N","106°30'44""W",13S CU 62019 75289,38F,38F (FORCE SUPPORT),https://paladindanse111.github.io/AFSC-PDFs/AFSC_files/38F.html,https://paladindanse111.github.io/AFSC-PDFs/BASE_files/BASE_KIRTLAND_AFB.html,,Active Duty,Yes,USAF,
KLEINE BROGEL ABS,"51°10'6.00""N","5°28'12.00""E",,38F,38F (FORCE SUPPORT),https://paladindanse111.github.io/AFSC-PDFs/AFSC_files/38F.html,https://paladindanse111.github.io/AFSC-PDFs/BASE_files/BASE_KLEINE_BROGEL_ABS.html,,Active Duty,No,USAF,
KUNSAN AB,"35°55'09""N","126°37'54""E",52S BE 86310 77574,38F,38F (FORCE SUPPORT),https://paladindanse111.github.io/AFSC-PDFs/AFSC_files/38F.html,https://paladindanse111.github.io/AFSC-PDFs/BASE_files/BASE_KUNSAN_AB.html,,Active Duty,Yes,USAF,
LAJES FIELD,"38°45'42.00""N","27°5'27.00""W",,38F,38F (FORCE SUPPORT),https://paladindanse111.github.io/AFSC-PDFs/AFSC_files/38F.html,https://paladindanse111.github.io/AFSC-PDFs/BASE_files/BASE_LAJES_FIELD.html.html,,Active Duty,No,USAF,
LAKENHEATH RAF,"52°23'23""N","0°32'14""E",31U CU 32414 07239,38F,38F (FORCE SUPPORT),https://paladindanse111.github.io/AFSC-PDFs/AFSC_files/38F.html,https://paladindanse111.github.io/AFSC-PDFs/BASE_files/BASE_LAKENHEATH_RAF.html,,Active Duty,Yes,USAF,
LASK ABS,"51°33'6.00""N","19°10'44.00""E",,38F,38F (FORCE SUPPORT),https://paladindanse111.github.io/AFSC-PDFs/AFSC_files/38F.html,,,Active Duty,No,USAF,
LAUGHLIN AFB,"29°21'21""N","100°46'58""W",14R LT 26940 48730,38F,38F (FORCE SUPPORT),https://paladindanse111.github.io/AFSC-PDFs/AFSC_files/38F.html,https://paladindanse111.github.io/AFSC-PDFs/BASE_files/BASE_LAUGHLIN_AFB.html,,Active Duty,Yes,USAF,
LITTLE ROCK AFB,"34°53'47""N","92°08'38""W",15S WU 78220 61887,38F,38F (FORCE SUPPORT),https://paladindanse111.github.io/AFSC-PDFs/AFSC_files/38F.html,https://paladindanse111.github.io/AFSC-PDFs/BASE_files/BASE_LITTLE_ROCK_AFB.html,,Active Duty,Yes,USAF,
LOS ANGELES SFB,"34°0'0.00""N","118°15'0.00""W",,38F,38F (FORCE SUPPORT),https://paladindanse111.github.io/AFSC-PDFs/AFSC_files/38F.html,https://paladindanse111.github.io/AFSC-PDFs/BASE_files/BASE_LOS_ANGELES_SFB.html,,Active Duty,No,USAF,
LUKE AFB,"33°32'22""N","112°22'32""W",12S UC 72284 11939,38F,38F (FORCE SUPPORT),https://paladindanse111.github.io/AFSC-PDFs/AFSC_files/38F.html,https://paladindanse111.github.io/AFSC-PDFs/BASE_files/BASE_LUKE_AFB.html,,Active Duty,Yes,USAF,
MACDILL AFB,"27°51'28""N","82°29'19""W",17R LL 53434 82337,38F,38F (FORCE SUPPORT),https://paladindanse111.github.io/AFSC-PDFs/AFSC_files/38F.html,https://paladindanse111.github.io/AFSC-PDFs/BASE_files/BASE_MACDILL_AFB.html,,Active Duty,Yes,USAF,
MALMSTROM AFB,"47°30'17""N","111°10'56""W",12T VT 86277 61270,38F,38F (FORCE SUPPORT),https://paladindanse111.github.io/AFSC-PDFs/AFSC_files/38F.html,https://paladindanse111.github.io/AFSC-PDFs/BASE_files/BASE_MALMSTROM_AFB.html,,Active Duty,Yes,USAF,
MAXWELL-GUNTER AFB,"32°22'43""N","86°21'44""W",16S EA 59993 82581,38F,38F (FORCE SUPPORT),https://paladindanse111.github.io/AFSC-PDFs/AFSC_files/38F.html,https://paladindanse111.github.io/AFSC-PDFs/BASE_files/BASE_MAXWELL-GUNTER_AFB.html,,Active Duty,Yes,USAF,
MCCONNELL AFB,"37°37'51""N","97°15'06""W",14S PG 54271 66293,38F,38F (FORCE SUPPORT),https://paladindanse111.github.io/AFSC-PDFs/AFSC_files/38F.html,https://paladindanse111.github.io/AFSC-PDFs/BASE_files/BASE_MCCONNELL_AFB.html,,Active Duty,Yes,USAF,
MILDENHALL RAF,"52°21'45""N","0°30'14""E",31U CU 30041 04290,38F,38F (FORCE SUPPORT),https://paladindanse111.github.io/AFSC-PDFs/AFSC_files/38F.html,https://paladindanse111.github.io/AFSC-PDFs/BASE_files/BASE_MILDENHALL_RAF.html,,Active Duty,Yes,USAF,
MINOT AFB,"48°25'13""N","101°19'36""W",14U LU 27861 65629,38F,38F (FORCE SUPPORT),https://paladindanse111.github.io/AFSC-PDFs/AFSC_files/38F.html,https://paladindanse111.github.io/AFSC-PDFs/BASE_files/BASE_MINOT_AFB.html,,Active Duty,Yes,USAF,
MISAWA AB,"40°41'55""N","141°22'28""E",54T WL 31634 05368,38F,38F (FORCE SUPPORT),https://paladindanse111.github.io/AFSC-PDFs/AFSC_files/38F.html,https://paladindanse111.github.io/AFSC-PDFs/BASE_files/BASE_MISAWA_AB.html,,Active Duty,Yes,USAF,
MOODY AFB,"30°58'12""N","83°11'47""W",17R KQ 90229 28346,38F,38F (FORCE SUPPORT),https://paladindanse111.github.io/AFSC-PDFs/AFSC_files/38F.html,https://paladindanse111.github.io/AFSC-PDFs/BASE_files/BASE_MOODY_AFB.html,,Active Duty,Yes,USAF,
MOUNTAIN HOME AFB,"43°03'59""N","115°51'18""W",11T NH 93226 68823,38F,38F (FORCE SUPPORT),https://paladindanse111.github.io/AFSC-PDFs/AFSC_files/38F.html,https://paladindanse111.github.io/AFSC-PDFs/BASE_files/BASE_MOUNTAIN_HOME_AFB.html,,Active Duty,Yes,USAF,
NELLIS AFB,"36°14'25""N","115°03'14""W",11S PA 74874 12355,38F,38F (FORCE SUPPORT),https://paladindanse111.github.io/AFSC-PDFs/AFSC_files/38F.html,https://paladindanse111.github.io/AFSC-PDFs/BASE_files/BASE_NELLIS_AFB.html,,Active Duty,Yes,USAF,
OFFUTT AFB,"41°07'25""N","95°54'52""W",15T TF 55334 56573,38F,38F (FORCE SUPPORT),https://paladindanse111.github.io/AFSC-PDFs/AFSC_files/38F.html,https://paladindanse111.github.io/AFSC-PDFs/BASE_files/BASE_OFFUTT_AFB.html,,Active Duty,Yes,USAF,
OKUMA REC,"26°43'60.00""N","128°10'60.00""E",,38F,38F (FORCE SUPPORT),https://paladindanse111.github.io/AFSC-PDFs/AFSC_files/38F.html,,,Active Duty,No,USAF,
OSAN AB,"37°05'19""N","127°01'50""E",52S CG 24960 06516,38F,38F (FORCE SUPPORT),https://paladindanse111.github.io/AFSC-PDFs/AFSC_files/38F.html,https://paladindanse111.github.io/AFSC-PDFs/BASE_files/BASE_OSAN_AB.html,,Active Duty,Yes,USAF,
PAPA AB,"47°21'50.00""N","17°30'2.00""E",,38F,38F (FORCE SUPPORT),https://paladindanse111.github.io/AFSC-PDFs/AFSC_files/38F.html,https://paladindanse111.github.io/AFSC-PDFs/BASE_files/BASE_PAPA_AB.html,,Active Duty,No,USAF,
PATRICK SFB,"28°14'21""N","80°36'26""W",17R NM 38533 23759,38F,38F (FORCE SUPPORT),https://paladindanse111.github.io/AFSC-PDFs/AFSC_files/38F.html,https://paladindanse111.github.io/AFSC-PDFs/BASE_files/BASE_PATRICK_SFB.html,,Active Duty,Yes,USAF,
PENTAGON,"38°52'15""N","77°03'21""W",18S UJ 21650 04451,38F,38F (FORCE SUPPORT),https://paladindanse111.github.io/AFSC-PDFs/AFSC_files/38F.html,https://paladindanse111.github.io/AFSC-PDFs/BASE_files/BASE_PENTAGON.html,,Active Duty,Yes,USAF,
PETERSON SFB,"38°49'32""N","104°41'58""W",13S EC 26089 97461,38F,38F (FORCE SUPPORT),https://paladindanse111.github.io/AFSC-PDFs/AFSC_files/38F.html,https://paladindanse111.github.io/AFSC-PDFs/BASE_files/BASE_PETERSON_SFB.html,,Active Duty,Yes,USAF,
PITUFFIK SBS,"76°31'52.00""N","68°42'12.00""W",,38F,38F (FORCE SUPPORT),https://paladindanse111.github.io/AFSC-PDFs/AFSC_files/38F.html,https://paladindanse111.github.io/AFSC-PDFs/BASE_files/BASE_PITUFFIK_SBS.html,,Active Duty,No,USAF,
POGGIO RENATICO (ITALY),"44°46'0.00""N","11°28'60.00""E",,38F,38F (FORCE SUPPORT),https://paladindanse111.github.io/AFSC-PDFs/AFSC_files/38F.html,,,Active Duty,No,USAF,
POPE AAF,"35°10'16""N","79°01'02""W",17S PU 80566 93819,38F,38F (FORCE SUPPORT),https://paladindanse111.github.io/AFSC-PDFs/AFSC_files/38F.html,https://paladindanse111.github.io/AFSC-PDFs/BASE_files/BASE_POPE_AAF.html,,Active Duty,Yes,USAF,
PRESIDIO OF MONT AIN,"36°36'4.00""N","121°54'6.00""W",,38F,38F (FORCE SUPPORT),https://paladindanse111.github.io/AFSC-PDFs/AFSC_files/38F.html,,,Active Duty,No,USAF,
RAMSTEIN AB,"49°26'23""N","7°35'47""E",32U LV 98244 77286,38F,38F (FORCE SUPPORT),https://paladindanse111.github.io/AFSC-PDFs/AFSC_files/38F.html,https://paladindanse111.github.io/AFSC-PDFs/BASE_files/BASE_RAMSTEIN_AB.html.html,,Active Duty,Yes,USAF,
RKB-QUANTICO MGI,"38°30'34.00""N","77°23'21.00""W",,38F,38F (FORCE SUPPORT),https://paladindanse111.github.io/AFSC-PDFs/AFSC_files/38F.html,,,Active Duty,No,USAF,
ROBINS AFB,"32°38'23""N","83°35'30""W",17S KS 56883 14314,38F,38F (FORCE SUPPORT),https://paladindanse111.github.io/AFSC-PDFs/AFSC_files/38F.html,https://paladindanse111.github.io/AFSC-PDFs/BASE_files/BASE_ROBINS_AFB.html,,Active Duty,Yes,USAF,
SCHRIEVER SFB,"38°48'12""N","104°31'32""W",13S EC 41196 95059,38F,38F (FORCE SUPPORT),https://paladindanse111.github.io/AFSC-PDFs/AFSC_files/38F.html,https://paladindanse111.github.io/AFSC-PDFs/BASE_files/BASE_SCHRIEVER_SFB.html,,Active Duty,Yes,USAF,
SCOTT AFB,"38°32'29""N","89°51'18""W",16S BH 51169 69750,38F,38F (FORCE SUPPORT),https://paladindanse111.github.io/AFSC-PDFs/AFSC_files/38F.html,https://paladindanse111.github.io/AFSC-PDFs/BASE_files/BASE_SCOTT_AFB.html,,Active Duty,Yes,USAF,
SEYMOUR JOHNSON AFB,"35°20'24""N","77°57'41""W",18S TE 30850 14774,38F,38F (FORCE SUPPORT),https://paladindanse111.github.io/AFSC-PDFs/AFSC_files/38F.html,https://paladindanse111.github.io/AFSC-PDFs/BASE_files/BASE_SEYMOUR_JOHNSON_AFB.html,,Active Duty,Yes,USAF,
SHAW AFB,"33°58'02""N","80°29'05""W",17S NT 47603 58641,38F,38F (FORCE SUPPORT),https://paladindanse111.github.io/AFSC-PDFs/AFSC_files/38F.html,https://paladindanse111.github.io/AFSC-PDFs/BASE_files/BASE_SHAW_AFB.html,,Active Duty,Yes,USAF,
SHEPPARD AFB,"33°58'06""N","98°30'38""W",14S NC 45216 58752,38F,38F (FORCE SUPPORT),https://paladindanse111.github.io/AFSC-PDFs/AFSC_files/38F.html,https://paladindanse111.github.io/AFSC-PDFs/BASE_files/BASE_SHEPPARD_AFB.html,,Active Duty,Yes,USAF,
SPANGDAHLEM AB,"49°59'38""N","6°41'55""E",32U LA 35052 40489,38F,38F (FORCE SUPPORT),https://paladindanse111.github.io/AFSC-PDFs/AFSC_files/38F.html,https://paladindanse111.github.io/AFSC-PDFs/BASE_files/BASE_SPANGDAHLEM_AB.html,,Active Duty,Yes,USAF,
TINKER AFB,"35°25'09""N","97°24'15""W",14S PE 44882 20698,38F,38F (FORCE SUPPORT),https://paladindanse111.github.io/AFSC-PDFs/AFSC_files/38F.html,https://paladindanse111.github.io/AFSC-PDFs/BASE_files/BASE_TINKER_AFB.html,,Active Duty,Yes,USAF,
TRAVIS AFB,"38°16'09""N","121°56'51""W",10S EH 92069 36204,38F,38F (FORCE SUPPORT),https://paladindanse111.github.io/AFSC-PDFs/AFSC_files/38F.html,https://paladindanse111.github.io/AFSC-PDFs/BASE_files/BASE_TRAVIS_AFB.html,,Active Duty,Yes,USAF,
TYNDALL AFB,"30°04'47""N","85°36'26""W",16R FU 34229 28437,38F,38F (FORCE SUPPORT),https://paladindanse111.github.io/AFSC-PDFs/AFSC_files/38F.html,https://paladindanse111.github.io/AFSC-PDFs/BASE_files/BASE_TYNDALL_AFB.html,,Active Duty,Yes,USAF,
USAF ACADEMY,"39°0'0.00""N","104°52'60.00""W",,38F,38F (FORCE SUPPORT),https://paladindanse111.github.io/AFSC-PDFs/AFSC_files/38F.html,https://paladindanse111.github.io/AFSC-PDFs/BASE_files/BASE_USAF_ACADEMY.html,,Active Duty,No,USAF,
VANCE AFB,"36°20'21""N","97°54'47""W",14S NF 97544 22116,38F,38F (FORCE SUPPORT),https://paladindanse111.github.io/AFSC-PDFs/AFSC_files/38F.html,https://paladindanse111.github.io/AFSC-PDFs/BASE_files/BASE_VANCE_AFB.html,,Active Duty,Yes,USAF,
VANDENBERG SFB,"34°44'31""N","120°34'20""W",10S GD 22255 47110,38F,38F (FORCE SUPPORT),https://paladindanse111.github.io/AFSC-PDFs/AFSC_files/38F.html,https://paladindanse111.github.io/AFSC-PDFs/BASE_files/BASE_VANDENBERG_SFB.html,,Active Duty,Yes,USAF,
VOGELWEH CANTONMT AIN,"49°25'60.00""N","7°43'0.00""E",,38F,38F (FORCE SUPPORT),https://paladindanse111.github.io/AFSC-PDFs/AFSC_files/38F.html,,,Active Duty,No,USAF,
VOLKEL ABS,"51°39'26.00""N","5°42'28.00""E",,38F,38F (FORCE SUPPORT),https://paladindanse111.github.io/AFSC-PDFs/AFSC_files/38F.html,https://paladindanse111.github.io/AFSC-PDFs/BASE_files/BASE_VOLKEL_ABS.html,,Active Duty,No,USAF,
WHITEMAN AFB,"38°43'44""N","93°33'37""W",15S VC 51299 86840,38F,38F (FORCE SUPPORT),https://paladindanse111.github.io/AFSC-PDFs/AFSC_files/38F.html,https://paladindanse111.github.io/AFSC-PDFs/BASE_files/BASE_WHITEMAN_AFB.html,,Active Duty,Yes,USAF,
WRIGHT-PATTERSON AFB,"39°48'37""N","84°01'55""W",16S GK 54072 10915,38F,38F (FORCE SUPPORT),https://paladindanse111.github.io/AFSC-PDFs/AFSC_files/38F.html,https://paladindanse111.github.io/AFSC-PDFs/BASE_files/BASE_WRIGHT-PATTERSON_AFB.html,,Active Duty,Yes,USAF,
YOKOTA AB,"35°44'35""N","139°20'23""E",54S UE 49872 56720,38F,38F (FORCE SUPPORT),https://paladindanse111.github.io/AFSC-PDFs/AFSC_files/38F.html,https://paladindanse111.github.io/AFSC-PDFs/BASE_files/BASE_YOKOTA_AB.html,,Active Duty,Yes,USAF,
ABERDEEN PROVING GROUND,"39°27'47""N","76°07'13""W",18S VJ 03627 68763,61C,61C (CHEMIST / NUCLEAR CHEMIST),https://paladindanse111.github.io/AFSC-PDFs/AFSC_files/61C.html,https://paladindanse111.github.io/AFSC-PDFs/BASE_files/BASE_ABERDEEN_PROVING_GROUND.html,,Active Duty,Yes,USAF,
EDWARDS AFB,"34°55'25""N","117°53'29""W",11S MU 18582 64934,61C,61C (CHEMIST / NUCLEAR CHEMIST),https://paladindanse111.github.io/AFSC-PDFs/AFSC_files/61C.html,https://paladindanse111.github.io/AFSC-PDFs/BASE_files/BASE_EDWARDS_AFB.html,,Active Duty,Yes,USAF,
EGLIN AFB,"30°27'49""N","86°33'11""W",16R EU 42905 70243,61C,61C (CHEMIST / NUCLEAR CHEMIST),https://paladindanse111.github.io/AFSC-PDFs/AFSC_files/61C.html,https://paladindanse111.github.io/AFSC-PDFs/BASE_files/BASE_EGLIN_AFB.html,,Active Duty,Yes,USAF,
HILL AFB,"41°06'36""N","111°58'56""W",12T VL 17530 51433,61C,61C (CHEMIST / NUCLEAR CHEMIST),https://paladindanse111.github.io/AFSC-PDFs/AFSC_files/61C.html,https://paladindanse111.github.io/AFSC-PDFs/BASE_files/BASE_HILL_AFB.html,,Active Duty,Yes,USAF,
JBSA FT SAM HOUSTON,"29°26'59""N","98°27'02""W",14R NT 53282 57938,61C,61C (CHEMIST / NUCLEAR CHEMIST),https://paladindanse111.github.io/AFSC-PDFs/AFSC_files/61C.html,https://paladindanse111.github.io/AFSC-PDFs/BASE_files/BASE_JBSA_FT_SAM_HOUSTON.html,,Active Duty,Yes,USAF,
KADENA AB,"26°21'30""N","127°46'20""E",52R CQ 77496 15950,61C,61C (CHEMIST / NUCLEAR CHEMIST),https://paladindanse111.github.io/AFSC-PDFs/AFSC_files/61C.html,https://paladindanse111.github.io/AFSC-PDFs/BASE_files/BASE_KADENA_AB.html,,Active Duty,Yes,USAF,
KIRTLAND AFB,"35°00'39""N","106°30'44""W",13S CU 62019 75289,61C,61C (CHEMIST / NUCLEAR CHEMIST),https://paladindanse111.github.io/AFSC-PDFs/AFSC_files/61C.html,https://paladindanse111.github.io/AFSC-PDFs/BASE_files/BASE_KIRTLAND_AFB.html,,Active Duty,Yes,USAF,
MILDENHALL RAF,"52°21'45""N","0°30'14""E",31U CU 30041 04290,61C,61C (CHEMIST / NUCLEAR CHEMIST),https://paladindanse111.github.io/AFSC-PDFs/AFSC_files/61C.html,https://paladindanse111.github.io/AFSC-PDFs/BASE_files/BASE_MILDENHALL_RAF.html,,Active Duty,Yes,USAF,
PATRICK SFB,"28°14'21""N","80°36'26""W",17R NM 38533 23759,61C,61C (CHEMIST / NUCLEAR CHEMIST),https://paladindanse111.github.io/AFSC-PDFs/AFSC_files/61C.html,https://paladindanse111.github.io/AFSC-PDFs/BASE_files/BASE_PATRICK_SFB.html,,Active Duty,Yes,USAF,
USAF ACADEMY,"39°0'0.00""N","104°52'60.00""W",,61C,61C (CHEMIST / NUCLEAR CHEMIST),https://paladindanse111.github.io/AFSC-PDFs/AFSC_files/61C.html,https://paladindanse111.github.io/AFSC-PDFs/BASE_files/BASE_USAF_ACADEMY.html,,Active Duty,No,USAF,
WRIGHT-PATTERSON AFB,"39°48'37""N","84°01'55""W",16S GK 54072 10915,61C,61C (CHEMIST / NUCLEAR CHEMIST),https://paladindanse111.github.io/AFSC-PDFs/AFSC_files/61C.html,https://paladindanse111.github.io/AFSC-PDFs/BASE_files/BASE_WRIGHT-PATTERSON_AFB.html,,Active Duty,Yes,USAF,
AMSTERDAM (NETHERLANDS),"52°22'0.00""N","4°54'0.00""E",,61D,61D (PHYSICIST / NUCLEAR ENGINEER),https://paladindanse111.github.io/AFSC-PDFs/AFSC_files/61D.html,,,Active Duty,No,USAF,
BUCKLEY SFB,"39°42'09""N","104°45'29""W",13S ED 20741 94766,61D,61D (PHYSICIST / NUCLEAR ENGINEER),https://paladindanse111.github.io/AFSC-PDFs/AFSC_files/61D.html,https://paladindanse111.github.io/AFSC-PDFs/BASE_files/BASE_BUCKLEY_SFB.html,,Active Duty,Yes,USAF,
EDWARDS AFB,"34°55'25""N","117°53'29""W",11S MU 18582 64934,61D,61D (PHYSICIST / NUCLEAR ENGINEER),https://paladindanse111.github.io/AFSC-PDFs/AFSC_files/61D.html,https://paladindanse111.github.io/AFSC-PDFs/BASE_files/BASE_EDWARDS_AFB.html,,Active Duty,Yes,USAF,
EGLIN AFB,"30°27'49""N","86°33'11""W",16R EU 42905 70243,61D,61D (PHYSICIST / NUCLEAR ENGINEER),https://paladindanse111.github.io/AFSC-PDFs/AFSC_files/61D.html,https://paladindanse111.github.io/AFSC-PDFs/BASE_files/BASE_EGLIN_AFB.html,,Active Duty,Yes,USAF,
FT BELVOIR,"38°43'05""N","77°09'16""W",18S UH 12695 87692,61D,61D (PHYSICIST / NUCLEAR ENGINEER),https://paladindanse111.github.io/AFSC-PDFs/AFSC_files/61D.html,https://paladindanse111.github.io/AFSC-PDFs/BASE_files/BASE_FT_BELVOIR.html,,Active Duty,Yes,USAF,
HILL AFB,"41°06'36""N","111°58'56""W",12T VL 17530 51433,61D,61D (PHYSICIST / NUCLEAR ENGINEER),https://paladindanse111.github.io/AFSC-PDFs/AFSC_files/61D.html,https://paladindanse111.github.io/AFSC-PDFs/BASE_files/BASE_HILL_AFB.html,,Active Duty,Yes,USAF,
JB ANACOSTIA-BOLLING,"38°50'29""N","77°01'05""W",18S UJ 24855 01110,61D,61D (PHYSICIST / NUCLEAR ENGINEER),https://paladindanse111.github.io/AFSC-PDFs/AFSC_files/61D.html,https://paladindanse111.github.io/AFSC-PDFs/BASE_files/BASE_JB_ANACOSTIA-BOLLING.html,,Active Duty,Yes,USAF,
JBSA FT SAM HOUSTON,"29°26'59""N","98°27'02""W",14R NT 53282 57938,61D,61D (PHYSICIST / NUCLEAR ENGINEER),https://paladindanse111.github.io/AFSC-PDFs/AFSC_files/61D.html,https://paladindanse111.github.io/AFSC-PDFs/BASE_files/BASE_JBSA_FT_SAM_HOUSTON.html,,Active Duty,Yes,USAF,
JBSA RANDOLPH,"29°31'57""N","98°16'45""W",14R NT 69847 67200,61D,61D (PHYSICIST / NUCLEAR ENGINEER),https://paladindanse111.github.io/AFSC-PDFs/AFSC_files/61D.html,https://paladindanse111.github.io/AFSC-PDFs/BASE_files/BASE_JBSA_RANDOLPH.html,,Active Duty,Yes,USAF,
KIRTLAND AFB,"35°00'39""N","106°30'44""W",13S CU 62019 75289,61D,61D (PHYSICIST / NUCLEAR ENGINEER),https://paladindanse111.github.io/AFSC-PDFs/AFSC_files/61D.html,https://paladindanse111.github.io/AFSC-PDFs/BASE_files/BASE_KIRTLAND_AFB.html,,Active Duty,Yes,USAF,
LOS ANGELES SFB,"34°0'0.00""N","118°15'0.00""W",,61D,61D (PHYSICIST / NUCLEAR ENGINEER),https://paladindanse111.github.io/AFSC-PDFs/AFSC_files/61D.html,https://paladindanse111.github.io/AFSC-PDFs/BASE_files/BASE_LOS_ANGELES_SFB.html,,Active Duty,No,USAF,
MAUI ISLAND,"20° 45' 0""N","156° 15' 0""W",4Q GH 86360 96915,61D,61D (PHYSICIST / NUCLEAR ENGINEER),https://paladindanse111.github.io/AFSC-PDFs/AFSC_files/61D.html,https://paladindanse111.github.io/AFSC-PDFs/BASE_files/BASE_MAUI_ISLAND.html,,Active Duty,Yes,USAF,
OFFUTT AFB,"41°07'25""N","95°54'52""W",15T TF 55334 56573,61D,61D (PHYSICIST / NUCLEAR ENGINEER),https://paladindanse111.github.io/AFSC-PDFs/AFSC_files/61D.html,https://paladindanse111.github.io/AFSC-PDFs/BASE_files/BASE_OFFUTT_AFB.html,,Active Duty,Yes,USAF,
PATRICK SFB,"28°14'21""N","80°36'26""W",17R NM 38533 23759,61D,61D (PHYSICIST / NUCLEAR ENGINEER),https://paladindanse111.github.io/AFSC-PDFs/AFSC_files/61D.html,https://paladindanse111.github.io/AFSC-PDFs/BASE_files/BASE_PATRICK_SFB.html,,Active Duty,Yes,USAF,
PENTAGON,"38°52'15""N","77°03'21""W",18S UJ 21650 04451,61D,61D (PHYSICIST / NUCLEAR ENGINEER),https://paladindanse111.github.io/AFSC-PDFs/AFSC_files/61D.html,https://paladindanse111.github.io/AFSC-PDFs/BASE_files/BASE_PENTAGON.html,,Active Duty,Yes,USAF,
PETERSON SFB,"38°49'32""N","104°41'58""W",13S EC 26089 97461,61D,61D (PHYSICIST / NUCLEAR ENGINEER),https://paladindanse111.github.io/AFSC-PDFs/AFSC_files/61D.html,https://paladindanse111.github.io/AFSC-PDFs/BASE_files/BASE_PETERSON_SFB.html,,Active Duty,Yes,USAF,
ROME LAB MTC,"43° 13' 57""N","75° 25' 0""W",18T VN 66166 86718,61D,61D (PHYSICIST / NUCLEAR ENGINEER),https://paladindanse111.github.io/AFSC-PDFs/AFSC_files/61D.html,https://paladindanse111.github.io/AFSC-PDFs/BASE_files/BASE_ROME_LAB_MTC.html,,Active Duty,Yes,USAF,
WRIGHT-PATTERSON AFB,"39°48'37""N","84°01'55""W",16S GK 54072 10915,61D,61D (PHYSICIST / NUCLEAR ENGINEER),https://paladindanse111.github.io/AFSC-PDFs/AFSC_files/61D.html,https://paladindanse111.github.io/AFSC-PDFs/BASE_files/BASE_WRIGHT-PATTERSON_AFB.html,,Active Duty,Yes,USAF,
ABERDEEN PROVING GROUND,"39°27'47""N","76°07'13""W",18S VJ 03627 68763,62E,62E (DEVELOPMENTAL ENGINEER),https://paladindanse111.github.io/AFSC-PDFs/AFSC_files/62E.html,https://paladindanse111.github.io/AFSC-PDFs/BASE_files/BASE_ABERDEEN_PROVING_GROUND.html,,Active Duty,Yes,USAF,
ANACOSTIA NYI,"38°52'0.00""N","76°58'60.00""W",,62E,62E (DEVELOPMENTAL ENGINEER),https://paladindanse111.github.io/AFSC-PDFs/AFSC_files/62E.html,,,Active Duty,No,USAF,
ANDREWS JB,"38°47'46""N","76°53'00""W",18S UH 36445 95835,62E,62E (DEVELOPMENTAL ENGINEER),https://paladindanse111.github.io/AFSC-PDFs/AFSC_files/62E.html,https://paladindanse111.github.io/AFSC-PDFs/BASE_files/BASE_ANDREWS_JB.html,,Active Duty,Yes,USAF,
ARNOLD AFB,"35°22'58""N","86°01'49""W",16S EE 88076 15924,62E,62E (DEVELOPMENTAL ENGINEER),https://paladindanse111.github.io/AFSC-PDFs/AFSC_files/62E.html,https://paladindanse111.github.io/AFSC-PDFs/BASE_files/BASE_ARNOLD_AFB.html,,Active Duty,Yes,USAF,
BARKSDALE AFB,"32°29'45""N","93°40'21""W",15S VR 36822 95596,62E,62E (DEVELOPMENTAL ENGINEER),https://paladindanse111.github.io/AFSC-PDFs/AFSC_files/62E.html,https://paladindanse111.github.io/AFSC-PDFs/BASE_files/BASE_BARKSDALE_AFB.html,,Active Duty,Yes,USAF,
BEALE AFB,"39°06'41""N","121°21'35""W",10S FJ 41815 30418,62E,62E (DEVELOPMENTAL ENGINEER),https://paladindanse111.github.io/AFSC-PDFs/AFSC_files/62E.html,https://paladindanse111.github.io/AFSC-PDFs/BASE_files/BASE_BEALE_AFB.html,,Active Duty,Yes,USAF,
BUCKLEY SFB,"39°42'09""N","104°45'29""W",13S ED 20741 94766,62E,62E (DEVELOPMENTAL ENGINEER),https://paladindanse111.github.io/AFSC-PDFs/AFSC_files/62E.html,https://paladindanse111.github.io/AFSC-PDFs/BASE_files/BASE_BUCKLEY_SFB.html,,Active Duty,Yes,USAF,
CAPE CANAVERAL SFS,"28°29'19""N","80°34'22""W",17R NM 41814 51404,62E,62E (DEVELOPMENTAL ENGINEER),https://paladindanse111.github.io/AFSC-PDFs/AFSC_files/62E.html,https://paladindanse111.github.io/AFSC-PDFs/BASE_files/BASE_CAPE_CANAVERAL_SFS.html,,Active Duty,Yes,USAF,
COLOGNE (GERMANY),"50°55'60.00""N","6°57'0.00""E",,62E,62E (DEVELOPMENTAL ENGINEER),https://paladindanse111.github.io/AFSC-PDFs/AFSC_files/62E.html,,,Active Duty,No,USAF,
CREECH AFB,"36°34'41""N","115°39'29""W",11S PA 20060 48904,62E,62E (DEVELOPMENTAL ENGINEER),https://paladindanse111.github.io/AFSC-PDFs/AFSC_files/62E.html,https://paladindanse111.github.io/AFSC-PDFs/BASE_files/BASE_CREECH_AFB.html,,Active Duty,Yes,USAF,
DAVIS-MONTHAN AFB,"32°10'14""N","110°52'39""W",12S WA 11549 59347,62E,62E (DEVELOPMENTAL ENGINEER),https://paladindanse111.github.io/AFSC-PDFs/AFSC_files/62E.html,https://paladindanse111.github.io/AFSC-PDFs/BASE_files/BASE_DAVIS-MONTHAN_AFB.html,,Active Duty,Yes,USAF,
DYESS AFB,"32°25'17""N","99°50'31""W",14S MA 20838 87456,62E,62E (DEVELOPMENTAL ENGINEER),https://paladindanse111.github.io/AFSC-PDFs/AFSC_files/62E.html,https://paladindanse111.github.io/AFSC-PDFs/BASE_files/BASE_DYESS_AFB.html,,Active Duty,Yes,USAF,
EDWARDS AFB,"34°55'25""N","117°53'29""W",11S MU 18582 64934,62E,62E (DEVELOPMENTAL ENGINEER),https://paladindanse111.github.io/AFSC-PDFs/AFSC_files/62E.html,https://paladindanse111.github.io/AFSC-PDFs/BASE_files/BASE_EDWARDS_AFB.html,,Active Duty,Yes,USAF,
EGLIN AFB,"30°27'49""N","86°33'11""W",16R EU 42905 70243,62E,62E (DEVELOPMENTAL ENGINEER),https://paladindanse111.github.io/AFSC-PDFs/AFSC_files/62E.html,https://paladindanse111.github.io/AFSC-PDFs/BASE_files/BASE_EGLIN_AFB.html,,Active Duty,Yes,USAF,
ELLSWORTH AFB,"44°08'54""N","103°05'15""W",13T FJ 52951 90126,62E,62E (DEVELOPMENTAL ENGINEER),https://paladindanse111.github.io/AFSC-PDFs/AFSC_files/62E.html,https://paladindanse111.github.io/AFSC-PDFs/BASE_files/BASE_ELLSWORTH_AFB.html,,Active Duty,Yes,USAF,
FAREHAM (UNITED KINGDOM),"50°51'0.00""N","1°10'48.00""W",,62E,62E (DEVELOPMENTAL ENGINEER),https://paladindanse111.github.io/AFSC-PDFs/AFSC_files/62E.html,,,Active Duty,No,USAF,
FE WARREN AFB,"41°08'32""N","104°52'41""W",13T EF 10233 54552,62E,62E (DEVELOPMENTAL ENGINEER),https://paladindanse111.github.io/AFSC-PDFs/AFSC_files/62E.html,https://paladindanse111.github.io/AFSC-PDFs/BASE_files/BASE_FE_WARREN_AFB.html,,Active Duty,Yes,USAF,
FT BELVOIR,"38°43'05""N","77°09'16""W",18S UH 12695 87692,62E,62E (DEVELOPMENTAL ENGINEER),https://paladindanse111.github.io/AFSC-PDFs/AFSC_files/62E.html,https://paladindanse111.github.io/AFSC-PDFs/BASE_files/BASE_FT_BELVOIR.html,,Active Duty,Yes,USAF,
FT GEORGE G MEADE,"39°06'14""N","76°44'42""W",18S UJ 49113 29754,62E,62E (DEVELOPMENTAL ENGINEER),https://paladindanse111.github.io/AFSC-PDFs/AFSC_files/62E.html,https://paladindanse111.github.io/AFSC-PDFs/BASE_files/BASE_FT_GEORGE_G_MEADE.html,,Active Duty,Yes,USAF,
FT GORDON,"33°24'57""N","82°08'16""W",17S LS 94212 97966,62E,62E (DEVELOPMENTAL ENGINEER),https://paladindanse111.github.io/AFSC-PDFs/AFSC_files/62E.html,https://paladindanse111.github.io/AFSC-PDFs/BASE_files/BASE_FT_GORDON.html,,Active Duty,Yes,USAF,Note: Army base websites may be blocked on MissionNet.
FT HUACHUCA AIN,"31°33'0.00""N","110°19'60.00""W",,62E,62E (DEVELOPMENTAL ENGINEER),https://paladindanse111.github.io/AFSC-PDFs/AFSC_files/62E.html,https://paladindanse111.github.io/AFSC-PDFs/BASE_files/BASE_FT_HUACHUCA_AIN.html,,Active Duty,No,USAF,Note: Army base websites may be blocked on MissionNet.
HANSCOM AFB,"42°27'23""N","71°16'35""W",19T CH 12823 02961,62E,62E (DEVELOPMENTAL ENGINEER),https://paladindanse111.github.io/AFSC-PDFs/AFSC_files/62E.html,https://paladindanse111.github.io/AFSC-PDFs/BASE_files/BASE_HANSCOM_AFB.html,,Active Duty,Yes,USAF,
HILL AFB,"41°06'36""N","111°58'56""W",12T VL 17530 51433,62E,62E (DEVELOPMENTAL ENGINEER),https://paladindanse111.github.io/AFSC-PDFs/AFSC_files/62E.html,https://paladindanse111.github.io/AFSC-PDFs/BASE_files/BASE_HILL_AFB.html,,Active Duty,Yes,USAF,
HOLLOMAN AFB,"32°50'33""N","106°05'55""W",13S CS 97187 34361,62E,62E (DEVELOPMENTAL ENGINEER),https://paladindanse111.github.io/AFSC-PDFs/AFSC_files/62E.html,https://paladindanse111.github.io/AFSC-PDFs/BASE_files/BASE_HOLLOMAN_AFB.html,,Active Duty,Yes,USAF,
HURLBURT FIELD,"30°25'23""N","86°41'41""W",16R EU 29317 65704,62E,62E (DEVELOPMENTAL ENGINEER),https://paladindanse111.github.io/AFSC-PDFs/AFSC_files/62E.html,https://paladindanse111.github.io/AFSC-PDFs/BASE_files/BASE_HURLBURT_FIELD.html,,Active Duty,Yes,USAF,
JB ANACOSTIA-BOLLING,"38°50'29""N","77°01'05""W",18S UJ 24855 01110,62E,62E (DEVELOPMENTAL ENGINEER),https://paladindanse111.github.io/AFSC-PDFs/AFSC_files/62E.html,https://paladindanse111.github.io/AFSC-PDFs/BASE_files/BASE_JB_ANACOSTIA-BOLLING.html,,Active Duty,Yes,USAF,
JB LANGLEY-EUSTIS,"37°05'00""N","76°21'33""W",18S UG 79195 04980,62E,62E (DEVELOPMENTAL ENGINEER),https://paladindanse111.github.io/AFSC-PDFs/AFSC_files/62E.html,https://paladindanse111.github.io/AFSC-PDFs/BASE_files/BASE_JB_LANGLEY-EUSTIS.html,,Active Duty,Yes,USAF,
JB LEWIS-MCCHORD,"47°05'30""N","122°36'53""W",10T ET 29240 15422,62E,62E (DEVELOPMENTAL ENGINEER),https://paladindanse111.github.io/AFSC-PDFs/AFSC_files/62E.html,https://paladindanse111.github.io/AFSC-PDFs/BASE_files/BASE_JB_LEWIS-MCCHORD.html,,Active Duty,Yes,USAF,
JB PEARL HARBOR-HICKAM,"21°20'15""N","157°57'43""W",4Q FJ 07643 59855,62E,62E (DEVELOPMENTAL ENGINEER),https://paladindanse111.github.io/AFSC-PDFs/AFSC_files/62E.html,https://paladindanse111.github.io/AFSC-PDFs/BASE_files/BASE_JB_PEARL_HARBOR-HICKAM.html,,Active Duty,Yes,USAF,
JBSA FT SAM HOUSTON,"29°26'59""N","98°27'02""W",14R NT 53282 57938,62E,62E (DEVELOPMENTAL ENGINEER),https://paladindanse111.github.io/AFSC-PDFs/AFSC_files/62E.html,https://paladindanse111.github.io/AFSC-PDFs/BASE_files/BASE_JBSA_FT_SAM_HOUSTON.html,,Active Duty,Yes,USAF,
JBSA LACKLAND,"29°23'14""N","98°37'16""W",14R NT 36765 50947,62E,62E (DEVELOPMENTAL ENGINEER),https://paladindanse111.github.io/AFSC-PDFs/AFSC_files/62E.html,https://paladindanse111.github.io/AFSC-PDFs/BASE_files/BASE_JBSA_LACKLAND.html,,Active Duty,Yes,USAF,
JBSA RANDOLPH,"29°31'57""N","98°16'45""W",14R NT 69847 67200,62E,62E (DEVELOPMENTAL ENGINEER),https://paladindanse111.github.io/AFSC-PDFs/AFSC_files/62E.html,https://paladindanse111.github.io/AFSC-PDFs/BASE_files/BASE_JBSA_RANDOLPH.html,,Active Duty,Yes,USAF,
KADENA AB,"26°21'30""N","127°46'20""E",52R CQ 77496 15950,62E,62E (DEVELOPMENTAL ENGINEER),https://paladindanse111.github.io/AFSC-PDFs/AFSC_files/62E.html,https://paladindanse111.github.io/AFSC-PDFs/BASE_files/BASE_KADENA_AB.html,,Active Duty,Yes,USAF,
KEESLER AFB,"30°24'34""N","88°55'34""W",16R CU 14981 65731,62E,62E (DEVELOPMENTAL ENGINEER),https://paladindanse111.github.io/AFSC-PDFs/AFSC_files/62E.html,https://paladindanse111.github.io/AFSC-PDFs/BASE_files/BASE_KEESLER_AFB.html,,Active Duty,Yes,USAF,
KIRTLAND AFB,"35°00'39""N","106°30'44""W",13S CU 62019 75289,62E,62E (DEVELOPMENTAL ENGINEER),https://paladindanse111.github.io/AFSC-PDFs/AFSC_files/62E.html,https://paladindanse111.github.io/AFSC-PDFs/BASE_files/BASE_KIRTLAND_AFB.html,,Active Duty,Yes,USAF,
KJELLER ABS,"59°58'9.00""N","11°2'10.00""E",,62E,62E (DEVELOPMENTAL ENGINEER),https://paladindanse111.github.io/AFSC-PDFs/AFSC_files/62E.html,,,Active Duty,No,USAF,
JOHNSON SPACE CENTER,"29°37'0.00""N","95°10'0.00""W",,62E,62E (DEVELOPMENTAL ENGINEER),https://paladindanse111.github.io/AFSC-PDFs/AFSC_files/62E.html,https://paladindanse111.github.io/AFSC-PDFs/BASE_files/JOHNSON_SPACE_CENTER.html,,Active Duty,No,USAF,
LONDON ATM,"51°28'20.00""N","0°29'15.00""W",,62E,62E (DEVELOPMENTAL ENGINEER),https://paladindanse111.github.io/AFSC-PDFs/AFSC_files/62E.html,,,Active Duty,No,USAF,
LOS ANGELES SFB,"34°0'0.00""N","118°15'0.00""W",,62E,62E (DEVELOPMENTAL ENGINEER),https://paladindanse111.github.io/AFSC-PDFs/AFSC_files/62E.html,https://paladindanse111.github.io/AFSC-PDFs/BASE_files/BASE_LOS_ANGELES_SFB.html,,Active Duty,No,USAF,
MAINZ KASTEL AIN,"50°1'60.00""N","8°34'0.00""E",,62E,62E (DEVELOPMENTAL ENGINEER),https://paladindanse111.github.io/AFSC-PDFs/AFSC_files/62E.html,,,Active Duty,No,USAF,
MALMSTROM AFB,"47°30'17""N","111°10'56""W",12T VT 86277 61270,62E,62E (DEVELOPMENTAL ENGINEER),https://paladindanse111.github.io/AFSC-PDFs/AFSC_files/62E.html,https://paladindanse111.github.io/AFSC-PDFs/BASE_files/BASE_MALMSTROM_AFB.html,,Active Duty,Yes,USAF,
MAUI ISLAND,"20° 45' 0""N","156° 15' 0""W",4Q GH 86360 96915,62E,62E (DEVELOPMENTAL ENGINEER),https://paladindanse111.github.io/AFSC-PDFs/AFSC_files/62E.html,https://paladindanse111.github.io/AFSC-PDFs/BASE_files/BASE_MAUI_ISLAND.html,,Active Duty,Yes,USAF,
MAXWELL-GUNTER AFB,"32°22'43""N","86°21'44""W",16S EA 59993 82581,62E,62E (DEVELOPMENTAL ENGINEER),https://paladindanse111.github.io/AFSC-PDFs/AFSC_files/62E.html,https://paladindanse111.github.io/AFSC-PDFs/BASE_files/BASE_MAXWELL-GUNTER_AFB.html,,Active Duty,Yes,USAF,
MINOT AFB,"48°25'13""N","101°19'36""W",14U LU 27861 65629,62E,62E (DEVELOPMENTAL ENGINEER),https://paladindanse111.github.io/AFSC-PDFs/AFSC_files/62E.html,https://paladindanse111.github.io/AFSC-PDFs/BASE_files/BASE_MINOT_AFB.html,,Active Duty,Yes,USAF,
MORRIS AIR NATIONAL GUARD BASE,"32°6'58.00""N","110°56'28.00""W",,62E,62E (DEVELOPMENTAL ENGINEER),https://paladindanse111.github.io/AFSC-PDFs/AFSC_files/62E.html,,,Active Duty,No,USAF,
MUNICH (GERMANY),"48°12'0.00""N","11°34'60.00""E",,62E,62E (DEVELOPMENTAL ENGINEER),https://paladindanse111.github.io/AFSC-PDFs/AFSC_files/62E.html,,,Active Duty,No,USAF,
NELLIS AFB,"36°14'25""N","115°03'14""W",11S PA 74874 12355,62E,62E (DEVELOPMENTAL ENGINEER),https://paladindanse111.github.io/AFSC-PDFs/AFSC_files/62E.html,https://paladindanse111.github.io/AFSC-PDFs/BASE_files/BASE_NELLIS_AFB.html,,Active Duty,Yes,USAF,
NEUBIBERG (GERMANY),"48°4'0.00""N","11°40'60.00""E",,62E,62E (DEVELOPMENTAL ENGINEER),https://paladindanse111.github.io/AFSC-PDFs/AFSC_files/62E.html,,,Active Duty,No,USAF,
OFFUTT AFB,"41°07'25""N","95°54'52""W",15T TF 55334 56573,62E,62E (DEVELOPMENTAL ENGINEER),https://paladindanse111.github.io/AFSC-PDFs/AFSC_files/62E.html,https://paladindanse111.github.io/AFSC-PDFs/BASE_files/BASE_OFFUTT_AFB.html,,Active Duty,Yes,USAF,
PATRICK SFB,"28°14'21""N","80°36'26""W",17R NM 38533 23759,62E,62E (DEVELOPMENTAL ENGINEER),https://paladindanse111.github.io/AFSC-PDFs/AFSC_files/62E.html,https://paladindanse111.github.io/AFSC-PDFs/BASE_files/BASE_PATRICK_SFB.html,,Active Duty,Yes,USAF,
PATUXENT RIVER NA,"38° 17' 10""N","76° 24' 42""W",18S UH 76539 38502,62E,62E (DEVELOPMENTAL ENGINEER),https://paladindanse111.github.io/AFSC-PDFs/AFSC_files/62E.html,https://paladindanse111.github.io/AFSC-PDFs/BASE_files/BASE_PATUXENT_RIVER_NA.html,,Active Duty,Yes,USAF,
PENTAGON,"38°52'15""N","77°03'21""W",18S UJ 21650 04451,62E,62E (DEVELOPMENTAL ENGINEER),https://paladindanse111.github.io/AFSC-PDFs/AFSC_files/62E.html,https://paladindanse111.github.io/AFSC-PDFs/BASE_files/BASE_PENTAGON.html,,Active Duty,Yes,USAF,
PETERSON SFB,"38°49'32""N","104°41'58""W",13S EC 26089 97461,62E,62E (DEVELOPMENTAL ENGINEER),https://paladindanse111.github.io/AFSC-PDFs/AFSC_files/62E.html,https://paladindanse111.github.io/AFSC-PDFs/BASE_files/BASE_PETERSON_SFB.html,,Active Duty,Yes,USAF,
POINT MUGU NAS,"34°7'13.00""N","119°7'15.00""W",,62E,62E (DEVELOPMENTAL ENGINEER),https://paladindanse111.github.io/AFSC-PDFs/AFSC_files/62E.html,,,Active Duty,No,USAF,
RAF MENWITH HILL,"54°0'0.00""N","1°33'0.00""W",,62E,62E (DEVELOPMENTAL ENGINEER),https://paladindanse111.github.io/AFSC-PDFs/AFSC_files/62E.html,,,Active Duty,No,USAF,
RAMSTEIN AB,"49°26'23""N","7°35'47""E",32U LV 98244 77286,62E,62E (DEVELOPMENTAL ENGINEER),https://paladindanse111.github.io/AFSC-PDFs/AFSC_files/62E.html,https://paladindanse111.github.io/AFSC-PDFs/BASE_files/BASE_RAMSTEIN_AB.html.html,,Active Duty,Yes,USAF,
ROBINS AFB,"32°38'23""N","83°35'30""W",17S KS 56883 14314,62E,62E (DEVELOPMENTAL ENGINEER),https://paladindanse111.github.io/AFSC-PDFs/AFSC_files/62E.html,https://paladindanse111.github.io/AFSC-PDFs/BASE_files/BASE_ROBINS_AFB.html,,Active Duty,Yes,USAF,
ROME (ITALY),"41°53'60.00""N","12°28'60.00""E",,62E,62E (DEVELOPMENTAL ENGINEER),https://paladindanse111.github.io/AFSC-PDFs/AFSC_files/62E.html,,,Active Duty,No,USAF,
ROME LAB MTC,"43° 13' 57""N","75° 25' 0""W",18T VN 66166 86718,62E,62E (DEVELOPMENTAL ENGINEER),https://paladindanse111.github.io/AFSC-PDFs/AFSC_files/62E.html,https://paladindanse111.github.io/AFSC-PDFs/BASE_files/BASE_ROME_LAB_MTC.html,,Active Duty,Yes,USAF,
SCHRIEVER SFB,"38°48'12""N","104°31'32""W",13S EC 41196 95059,62E,62E (DEVELOPMENTAL ENGINEER),https://paladindanse111.github.io/AFSC-PDFs/AFSC_files/62E.html,https://paladindanse111.github.io/AFSC-PDFs/BASE_files/BASE_SCHRIEVER_SFB.html,,Active Duty,Yes,USAF,
SODAEJON IC OPA,"36°17'25.00""N","127°19'0.00""E",,62E,62E (DEVELOPMENTAL ENGINEER),https://paladindanse111.github.io/AFSC-PDFs/AFSC_files/62E.html,,,Active Duty,No,USAF,
TACHIKAWA (JAPAN),"35°42'0.00""N","139°24'0.00""E",,62E,62E (DEVELOPMENTAL ENGINEER),https://paladindanse111.github.io/AFSC-PDFs/AFSC_files/62E.html,,,Active Duty,No,USAF,
TINKER AFB,"35°25'09""N","97°24'15""W",14S PE 44882 20698,62E,62E (DEVELOPMENTAL ENGINEER),https://paladindanse111.github.io/AFSC-PDFs/AFSC_files/62E.html,https://paladindanse111.github.io/AFSC-PDFs/BASE_files/BASE_TINKER_AFB.html,,Active Duty,Yes,USAF,
TYNDALL AFB,"30°04'47""N","85°36'26""W",16R FU 34229 28437,62E,62E (DEVELOPMENTAL ENGINEER),https://paladindanse111.github.io/AFSC-PDFs/AFSC_files/62E.html,https://paladindanse111.github.io/AFSC-PDFs/BASE_files/BASE_TYNDALL_AFB.html,,Active Duty,Yes,USAF,
USAF ACADEMY,"39°0'0.00""N","104°52'60.00""W",,62E,62E (DEVELOPMENTAL ENGINEER),https://paladindanse111.github.io/AFSC-PDFs/AFSC_files/62E.html,https://paladindanse111.github.io/AFSC-PDFs/BASE_files/BASE_USAF_ACADEMY.html,,Active Duty,No,USAF,
VANDENBERG SFB,"34°44'31""N","120°34'20""W",10S GD 22255 47110,62E,62E (DEVELOPMENTAL ENGINEER),https://paladindanse111.github.io/AFSC-PDFs/AFSC_files/62E.html,https://paladindanse111.github.io/AFSC-PDFs/BASE_files/BASE_VANDENBERG_SFB.html,,Active Duty,Yes,USAF,
WARSAW (POLAND),"52°10'60.00""N","21°0'0.00""E",,62E,62E (DEVELOPMENTAL ENGINEER),https://paladindanse111.github.io/AFSC-PDFs/AFSC_files/62E.html,,,Active Duty,No,USAF,
WHITE SAND MSL RG,"32° 24' 0""N","106° 24' 0""W",13S CR 68334 85636,62E,62E (DEVELOPMENTAL ENGINEER),https://paladindanse111.github.io/AFSC-PDFs/AFSC_files/62E.html,https://paladindanse111.github.io/AFSC-PDFs/BASE_files/BASE_WHITE_SAND_MSL_RG.html,,Active Duty,Yes,USAF,
WHITEMAN AFB,"38°43'44""N","93°33'37""W",15S VC 51299 86840,62E,62E (DEVELOPMENTAL ENGINEER),https://paladindanse111.github.io/AFSC-PDFs/AFSC_files/62E.html,https://paladindanse111.github.io/AFSC-PDFs/BASE_files/BASE_WHITEMAN_AFB.html,,Active Duty,Yes,USAF,
WRIGHT-PATTERSON AFB,"39°48'37""N","84°01'55""W",16S GK 54072 10915,62E,62E (DEVELOPMENTAL ENGINEER),https://paladindanse111.github.io/AFSC-PDFs/AFSC_files/62E.html,https://paladindanse111.github.io/AFSC-PDFs/BASE_files/BASE_WRIGHT-PATTERSON_AFB.html,,Active Duty,Yes,USAF,
YOKOTA AB,"35°44'35""N","139°20'23""E",54S UE 49872 56720,62E,62E (DEVELOPMENTAL ENGINEER),https://paladindanse111.github.io/AFSC-PDFs/AFSC_files/62E.html,https://paladindanse111.github.io/AFSC-PDFs/BASE_files/BASE_YOKOTA_AB.html,,Active Duty,Yes,USAF,
ABERDEEN PROVING GROUND,"39°27'47""N","76°07'13""W",18S VJ 03627 68763,63A,63A (ACQUISITION MANAGER),https://paladindanse111.github.io/AFSC-PDFs/AFSC_files/63A.html,https://paladindanse111.github.io/AFSC-PDFs/BASE_files/BASE_ABERDEEN_PROVING_GROUND.html,,Active Duty,Yes,USAF,
ANDREWS JB,"38°47'46""N","76°53'00""W",18S UH 36445 95835,63A,63A (ACQUISITION MANAGER),https://paladindanse111.github.io/AFSC-PDFs/AFSC_files/63A.html,https://paladindanse111.github.io/AFSC-PDFs/BASE_files/BASE_ANDREWS_JB.html,,Active Duty,Yes,USAF,
ARNOLD AFB,"35°22'58""N","86°01'49""W",16S EE 88076 15924,63A,63A (ACQUISITION MANAGER),https://paladindanse111.github.io/AFSC-PDFs/AFSC_files/63A.html,https://paladindanse111.github.io/AFSC-PDFs/BASE_files/BASE_ARNOLD_AFB.html,,Active Duty,Yes,USAF,
BUCKLEY SFB,"39°42'09""N","104°45'29""W",13S ED 20741 94766,63A,63A (ACQUISITION MANAGER),https://paladindanse111.github.io/AFSC-PDFs/AFSC_files/63A.html,https://paladindanse111.github.io/AFSC-PDFs/BASE_files/BASE_BUCKLEY_SFB.html,,Active Duty,Yes,USAF,
CAPE CANAVERAL SFS,"28°29'19""N","80°34'22""W",17R NM 41814 51404,63A,63A (ACQUISITION MANAGER),https://paladindanse111.github.io/AFSC-PDFs/AFSC_files/63A.html,https://paladindanse111.github.io/AFSC-PDFs/BASE_files/BASE_CAPE_CANAVERAL_SFS.html,,Active Duty,Yes,USAF,
CARSON AIN,"33°45'20.00""N","118°23'15.00""W",,63A,63A (ACQUISITION MANAGER),https://paladindanse111.github.io/AFSC-PDFs/AFSC_files/63A.html,,,Active Duty,No,USAF,
CREECH AFB,"36°34'41""N","115°39'29""W",11S PA 20060 48904,63A,63A (ACQUISITION MANAGER),https://paladindanse111.github.io/AFSC-PDFs/AFSC_files/63A.html,https://paladindanse111.github.io/AFSC-PDFs/BASE_files/BASE_CREECH_AFB.html,,Active Duty,Yes,USAF,
DAVIS-MONTHAN AFB,"32°10'14""N","110°52'39""W",12S WA 11549 59347,63A,63A (ACQUISITION MANAGER),https://paladindanse111.github.io/AFSC-PDFs/AFSC_files/63A.html,https://paladindanse111.github.io/AFSC-PDFs/BASE_files/BASE_DAVIS-MONTHAN_AFB.html,,Active Duty,Yes,USAF,
EDWARDS AFB,"34°55'25""N","117°53'29""W",11S MU 18582 64934,63A,63A (ACQUISITION MANAGER),https://paladindanse111.github.io/AFSC-PDFs/AFSC_files/63A.html,https://paladindanse111.github.io/AFSC-PDFs/BASE_files/BASE_EDWARDS_AFB.html,,Active Duty,Yes,USAF,
EGLIN AFB,"30°27'49""N","86°33'11""W",16R EU 42905 70243,63A,63A (ACQUISITION MANAGER),https://paladindanse111.github.io/AFSC-PDFs/AFSC_files/63A.html,https://paladindanse111.github.io/AFSC-PDFs/BASE_files/BASE_EGLIN_AFB.html,,Active Duty,Yes,USAF,
EIELSON AFB,"64°39'52""N","147°05'45""W",6W VS 95424 71061,63A,63A (ACQUISITION MANAGER),https://paladindanse111.github.io/AFSC-PDFs/AFSC_files/63A.html,https://paladindanse111.github.io/AFSC-PDFs/BASE_files/BASE_EIELSON_AFB.html,,Active Duty,Yes,USAF,
FT BELVOIR,"38°43'05""N","77°09'16""W",18S UH 12695 87692,63A,63A (ACQUISITION MANAGER),https://paladindanse111.github.io/AFSC-PDFs/AFSC_files/63A.html,https://paladindanse111.github.io/AFSC-PDFs/BASE_files/BASE_FT_BELVOIR.html,,Active Duty,Yes,USAF,
FT GEORGE G MEADE,"39°06'14""N","76°44'42""W",18S UJ 49113 29754,63A,63A (ACQUISITION MANAGER),https://paladindanse111.github.io/AFSC-PDFs/AFSC_files/63A.html,https://paladindanse111.github.io/AFSC-PDFs/BASE_files/BASE_FT_GEORGE_G_MEADE.html,,Active Duty,Yes,USAF,
FT HUACHUCA AIN,"31°33'0.00""N","110°19'60.00""W",,63A,63A (ACQUISITION MANAGER),https://paladindanse111.github.io/AFSC-PDFs/AFSC_files/63A.html,https://paladindanse111.github.io/AFSC-PDFs/BASE_files/BASE_FT_HUACHUCA_AIN.html,,Active Duty,No,USAF,Note: Army base websites may be blocked on MissionNet.
GEILENKIRCHEN AB,"50°57'39.00""N","6°2'30.00""E",,63A,63A (ACQUISITION MANAGER),https://paladindanse111.github.io/AFSC-PDFs/AFSC_files/63A.html,https://paladindanse111.github.io/AFSC-PDFs/BASE_files/BASE_GEILENKIRCHEN_AB.html,,Active Duty,No,USAF,
HANSCOM AFB,"42°27'23""N","71°16'35""W",19T CH 12823 02961,63A,63A (ACQUISITION MANAGER),https://paladindanse111.github.io/AFSC-PDFs/AFSC_files/63A.html,https://paladindanse111.github.io/AFSC-PDFs/BASE_files/BASE_HANSCOM_AFB.html,,Active Duty,Yes,USAF,
HILL AFB,"41°06'36""N","111°58'56""W",12T VL 17530 51433,63A,63A (ACQUISITION MANAGER),https://paladindanse111.github.io/AFSC-PDFs/AFSC_files/63A.html,https://paladindanse111.github.io/AFSC-PDFs/BASE_files/BASE_HILL_AFB.html,,Active Duty,Yes,USAF,
HOLLOMAN AFB,"32°50'33""N","106°05'55""W",13S CS 97187 34361,63A,63A (ACQUISITION MANAGER),https://paladindanse111.github.io/AFSC-PDFs/AFSC_files/63A.html,https://paladindanse111.github.io/AFSC-PDFs/BASE_files/BASE_HOLLOMAN_AFB.html,,Active Duty,Yes,USAF,
HURLBURT FIELD,"30°25'23""N","86°41'41""W",16R EU 29317 65704,63A,63A (ACQUISITION MANAGER),https://paladindanse111.github.io/AFSC-PDFs/AFSC_files/63A.html,https://paladindanse111.github.io/AFSC-PDFs/BASE_files/BASE_HURLBURT_FIELD.html,,Active Duty,Yes,USAF,
JB ANACOSTIA-BOLLING,"38°50'29""N","77°01'05""W",18S UJ 24855 01110,63A,63A (ACQUISITION MANAGER),https://paladindanse111.github.io/AFSC-PDFs/AFSC_files/63A.html,https://paladindanse111.github.io/AFSC-PDFs/BASE_files/BASE_JB_ANACOSTIA-BOLLING.html,,Active Duty,Yes,USAF,
JB ELMENDORF-RICHARDSON,"61°15'44""N","149°41'53""W",6V UN 55306 94983,63A,63A (ACQUISITION MANAGER),https://paladindanse111.github.io/AFSC-PDFs/AFSC_files/63A.html,https://paladindanse111.github.io/AFSC-PDFs/BASE_files/BASE_JB_ELMENDORF-RICHARDSON.html,,Active Duty,Yes,USAF,
JB LANGLEY-EUSTIS,"37°05'00""N","76°21'33""W",18S UG 79195 04980,63A,63A (ACQUISITION MANAGER),https://paladindanse111.github.io/AFSC-PDFs/AFSC_files/63A.html,https://paladindanse111.github.io/AFSC-PDFs/BASE_files/BASE_JB_LANGLEY-EUSTIS.html,,Active Duty,Yes,USAF,
JBSA FT SAM HOUSTON,"29°26'59""N","98°27'02""W",14R NT 53282 57938,63A,63A (ACQUISITION MANAGER),https://paladindanse111.github.io/AFSC-PDFs/AFSC_files/63A.html,https://paladindanse111.github.io/AFSC-PDFs/BASE_files/BASE_JBSA_FT_SAM_HOUSTON.html,,Active Duty,Yes,USAF,
JBSA LACKLAND,"29°23'14""N","98°37'16""W",14R NT 36765 50947,63A,63A (ACQUISITION MANAGER),https://paladindanse111.github.io/AFSC-PDFs/AFSC_files/63A.html,https://paladindanse111.github.io/AFSC-PDFs/BASE_files/BASE_JBSA_LACKLAND.html,,Active Duty,Yes,USAF,
JBSA RANDOLPH,"29°31'57""N","98°16'45""W",14R NT 69847 67200,63A,63A (ACQUISITION MANAGER),https://paladindanse111.github.io/AFSC-PDFs/AFSC_files/63A.html,https://paladindanse111.github.io/AFSC-PDFs/BASE_files/BASE_JBSA_RANDOLPH.html,,Active Duty,Yes,USAF,
KIRTLAND AFB,"35°00'39""N","106°30'44""W",13S CU 62019 75289,63A,63A (ACQUISITION MANAGER),https://paladindanse111.github.io/AFSC-PDFs/AFSC_files/63A.html,https://paladindanse111.github.io/AFSC-PDFs/BASE_files/BASE_KIRTLAND_AFB.html,,Active Duty,Yes,USAF,
KJELLER ABS,"59°58'9.00""N","11°2'10.00""E",,63A,63A (ACQUISITION MANAGER),https://paladindanse111.github.io/AFSC-PDFs/AFSC_files/63A.html,,,Active Duty,No,USAF,
JOHNSON SPACE CENTER,"29°37'0.00""N","95°10'0.00""W",,63A,63A (ACQUISITION MANAGER),https://paladindanse111.github.io/AFSC-PDFs/AFSC_files/63A.html,https://paladindanse111.github.io/AFSC-PDFs/BASE_files/JOHNSON_SPACE_CENTER.html,,Active Duty,No,USAF,
LOS ANGELES SFB,"34°0'0.00""N","118°15'0.00""W",,63A,63A (ACQUISITION MANAGER),https://paladindanse111.github.io/AFSC-PDFs/AFSC_files/63A.html,https://paladindanse111.github.io/AFSC-PDFs/BASE_files/BASE_LOS_ANGELES_SFB.html,,Active Duty,No,USAF,
MAUI ISLAND,"20° 45' 0""N","156° 15' 0""W",4Q GH 86360 96915,63A,63A (ACQUISITION MANAGER),https://paladindanse111.github.io/AFSC-PDFs/AFSC_files/63A.html,https://paladindanse111.github.io/AFSC-PDFs/BASE_files/BASE_MAUI_ISLAND.html,,Active Duty,Yes,USAF,
MAXWELL-GUNTER AFB,"32°22'43""N","86°21'44""W",16S EA 59993 82581,63A,63A (ACQUISITION MANAGER),https://paladindanse111.github.io/AFSC-PDFs/AFSC_files/63A.html,https://paladindanse111.github.io/AFSC-PDFs/BASE_files/BASE_MAXWELL-GUNTER_AFB.html,,Active Duty,Yes,USAF,
NELLIS AFB,"36°14'25""N","115°03'14""W",11S PA 74874 12355,63A,63A (ACQUISITION MANAGER),https://paladindanse111.github.io/AFSC-PDFs/AFSC_files/63A.html,https://paladindanse111.github.io/AFSC-PDFs/BASE_files/BASE_NELLIS_AFB.html,,Active Duty,Yes,USAF,
OFFUTT AFB,"41°07'25""N","95°54'52""W",15T TF 55334 56573,63A,63A (ACQUISITION MANAGER),https://paladindanse111.github.io/AFSC-PDFs/AFSC_files/63A.html,https://paladindanse111.github.io/AFSC-PDFs/BASE_files/BASE_OFFUTT_AFB.html,,Active Duty,Yes,USAF,
PATRICK SFB,"28°14'21""N","80°36'26""W",17R NM 38533 23759,63A,63A (ACQUISITION MANAGER),https://paladindanse111.github.io/AFSC-PDFs/AFSC_files/63A.html,https://paladindanse111.github.io/AFSC-PDFs/BASE_files/BASE_PATRICK_SFB.html,,Active Duty,Yes,USAF,
PATUXENT RIVER NA,"38° 17' 10""N","76° 24' 42""W",18S UH 76539 38502,63A,63A (ACQUISITION MANAGER),https://paladindanse111.github.io/AFSC-PDFs/AFSC_files/63A.html,https://paladindanse111.github.io/AFSC-PDFs/BASE_files/BASE_PATUXENT_RIVER_NA.html,,Active Duty,Yes,USAF,
PENTAGON,"38°52'15""N","77°03'21""W",18S UJ 21650 04451,63A,63A (ACQUISITION MANAGER),https://paladindanse111.github.io/AFSC-PDFs/AFSC_files/63A.html,https://paladindanse111.github.io/AFSC-PDFs/BASE_files/BASE_PENTAGON.html,,Active Duty,Yes,USAF,
PETERSON SFB,"38°49'32""N","104°41'58""W",13S EC 26089 97461,63A,63A (ACQUISITION MANAGER),https://paladindanse111.github.io/AFSC-PDFs/AFSC_files/63A.html,https://paladindanse111.github.io/AFSC-PDFs/BASE_files/BASE_PETERSON_SFB.html,,Active Duty,Yes,USAF,
POINT MUGU NAS,"34°7'13.00""N","119°7'15.00""W",,63A,63A (ACQUISITION MANAGER),https://paladindanse111.github.io/AFSC-PDFs/AFSC_files/63A.html,,,Active Duty,No,USAF,
RAMSTEIN AB,"49°26'23""N","7°35'47""E",32U LV 98244 77286,63A,63A (ACQUISITION MANAGER),https://paladindanse111.github.io/AFSC-PDFs/AFSC_files/63A.html,https://paladindanse111.github.io/AFSC-PDFs/BASE_files/BASE_RAMSTEIN_AB.html.html,,Active Duty,Yes,USAF,
ROBINS AFB,"32°38'23""N","83°35'30""W",17S KS 56883 14314,63A,63A (ACQUISITION MANAGER),https://paladindanse111.github.io/AFSC-PDFs/AFSC_files/63A.html,https://paladindanse111.github.io/AFSC-PDFs/BASE_files/BASE_ROBINS_AFB.html,,Active Duty,Yes,USAF,
ROME LAB MTC,"43° 13' 57""N","75° 25' 0""W",18T VN 66166 86718,63A,63A (ACQUISITION MANAGER),https://paladindanse111.github.io/AFSC-PDFs/AFSC_files/63A.html,https://paladindanse111.github.io/AFSC-PDFs/BASE_files/BASE_ROME_LAB_MTC.html,,Active Duty,Yes,USAF,
SCHRIEVER SFB,"38°48'12""N","104°31'32""W",13S EC 41196 95059,63A,63A (ACQUISITION MANAGER),https://paladindanse111.github.io/AFSC-PDFs/AFSC_files/63A.html,https://paladindanse111.github.io/AFSC-PDFs/BASE_files/BASE_SCHRIEVER_SFB.html,,Active Duty,Yes,USAF,
SCOTT AFB,"38°32'29""N","89°51'18""W",16S BH 51169 69750,63A,63A (ACQUISITION MANAGER),https://paladindanse111.github.io/AFSC-PDFs/AFSC_files/63A.html,https://paladindanse111.github.io/AFSC-PDFs/BASE_files/BASE_SCOTT_AFB.html,,Active Duty,Yes,USAF,
SINGAPORE (SINGAPORE),"1°19'60.00""N","103°49'60.00""E",,63A,63A (ACQUISITION MANAGER),https://paladindanse111.github.io/AFSC-PDFs/AFSC_files/63A.html,,,Active Duty,No,USAF,
TINKER AFB,"35°25'09""N","97°24'15""W",14S PE 44882 20698,63A,63A (ACQUISITION MANAGER),https://paladindanse111.github.io/AFSC-PDFs/AFSC_files/63A.html,https://paladindanse111.github.io/AFSC-PDFs/BASE_files/BASE_TINKER_AFB.html,,Active Duty,Yes,USAF,
TYNDALL AFB,"30°04'47""N","85°36'26""W",16R FU 34229 28437,63A,63A (ACQUISITION MANAGER),https://paladindanse111.github.io/AFSC-PDFs/AFSC_files/63A.html,https://paladindanse111.github.io/AFSC-PDFs/BASE_files/BASE_TYNDALL_AFB.html,,Active Duty,Yes,USAF,
USAF ACADEMY,"39°0'0.00""N","104°52'60.00""W",,63A,63A (ACQUISITION MANAGER),https://paladindanse111.github.io/AFSC-PDFs/AFSC_files/63A.html,https://paladindanse111.github.io/AFSC-PDFs/BASE_files/BASE_USAF_ACADEMY.html,,Active Duty,No,USAF,
VANDENBERG SFB,"34°44'31""N","120°34'20""W",10S GD 22255 47110,63A,63A (ACQUISITION MANAGER),https://paladindanse111.github.io/AFSC-PDFs/AFSC_files/63A.html,https://paladindanse111.github.io/AFSC-PDFs/BASE_files/BASE_VANDENBERG_SFB.html,,Active Duty,Yes,USAF,
WHITE SAND MSL RG,"32° 24' 0""N","106° 24' 0""W",13S CR 68334 85636,63A,63A (ACQUISITION MANAGER),https://paladindanse111.github.io/AFSC-PDFs/AFSC_files/63A.html,https://paladindanse111.github.io/AFSC-PDFs/BASE_files/BASE_WHITE_SAND_MSL_RG.html,,Active Duty,Yes,USAF,
WRIGHT-PATTERSON AFB,"39°48'37""N","84°01'55""W",16S GK 54072 10915,63A,63A (ACQUISITION MANAGER),https://paladindanse111.github.io/AFSC-PDFs/AFSC_files/63A.html,https://paladindanse111.github.io/AFSC-PDFs/BASE_files/BASE_WRIGHT-PATTERSON_AFB.html,,Active Duty,Yes,USAF,
ALTUS AFB,"34°39'18""N","99°17'04""W",14S MD 73935 34821,64P,64P (CONTRACTING),https://paladindanse111.github.io/AFSC-PDFs/AFSC_files/64P.html,https://paladindanse111.github.io/AFSC-PDFs/BASE_files/BASE_ALTUS_AFB.html,,Active Duty,Yes,USAF,
ANDERSEN AFB,"13°33'46""N","144°55'25""E",55P BR 75307 00327,64P,64P (CONTRACTING),https://paladindanse111.github.io/AFSC-PDFs/AFSC_files/64P.html,https://paladindanse111.github.io/AFSC-PDFs/BASE_files/BASE_ANDERSEN_AFB.html,,Active Duty,Yes,USAF,
ANDREWS JB,"38°47'46""N","76°53'00""W",18S UH 36445 95835,64P,64P (CONTRACTING),https://paladindanse111.github.io/AFSC-PDFs/AFSC_files/64P.html,https://paladindanse111.github.io/AFSC-PDFs/BASE_files/BASE_ANDREWS_JB.html,,Active Duty,Yes,USAF,
AVIANO AB,"46°01'49""N","12°36'41""E",33T UM 15147 00185,64P,64P (CONTRACTING),https://paladindanse111.github.io/AFSC-PDFs/AFSC_files/64P.html,https://paladindanse111.github.io/AFSC-PDFs/BASE_files/BASE_AVIANO_AB.html,,Active Duty,Yes,USAF,
BARKSDALE AFB,"32°29'45""N","93°40'21""W",15S VR 36822 95596,64P,64P (CONTRACTING),https://paladindanse111.github.io/AFSC-PDFs/AFSC_files/64P.html,https://paladindanse111.github.io/AFSC-PDFs/BASE_files/BASE_BARKSDALE_AFB.html,,Active Duty,Yes,USAF,
BEALE AFB,"39°06'41""N","121°21'35""W",10S FJ 41815 30418,64P,64P (CONTRACTING),https://paladindanse111.github.io/AFSC-PDFs/AFSC_files/64P.html,https://paladindanse111.github.io/AFSC-PDFs/BASE_files/BASE_BEALE_AFB.html,,Active Duty,Yes,USAF,
CANNON AFB,"34°23'20""N","103°19'05""W",13S FU 54620 06558,64P,64P (CONTRACTING),https://paladindanse111.github.io/AFSC-PDFs/AFSC_files/64P.html,https://paladindanse111.github.io/AFSC-PDFs/BASE_files/BASE_CANNON_AFB.html,,Active Duty,Yes,USAF,
CARSON AIN,"33°45'20.00""N","118°23'15.00""W",,64P,64P (CONTRACTING),https://paladindanse111.github.io/AFSC-PDFs/AFSC_files/64P.html,,,Active Duty,No,USAF,
COLUMBUS AFB,"33°37'38""N","88°26'51""W",16S CC 65739 21763,64P,64P (CONTRACTING),https://paladindanse111.github.io/AFSC-PDFs/AFSC_files/64P.html,https://paladindanse111.github.io/AFSC-PDFs/BASE_files/BASE_COLUMBUS_AFB.html,,Active Duty,Yes,USAF,
COPENHAGEN (DENMARK),"55°40'60.00""N","12°34'60.00""E",,64P,64P (CONTRACTING),https://paladindanse111.github.io/AFSC-PDFs/AFSC_files/64P.html,,,Active Duty,No,USAF,
DAVIS-MONTHAN AFB,"32°10'14""N","110°52'39""W",12S WA 11549 59347,64P,64P (CONTRACTING),https://paladindanse111.github.io/AFSC-PDFs/AFSC_files/64P.html,https://paladindanse111.github.io/AFSC-PDFs/BASE_files/BASE_DAVIS-MONTHAN_AFB.html,,Active Duty,Yes,USAF,
DOVER AFB,"39°07'39""N","75°28'06""W",18S VJ 59518 31029,64P,64P (CONTRACTING),https://paladindanse111.github.io/AFSC-PDFs/AFSC_files/64P.html,https://paladindanse111.github.io/AFSC-PDFs/BASE_files/BASE_DOVER_AFB.html,,Active Duty,Yes,USAF,
DYESS AFB,"32°25'17""N","99°50'31""W",14S MA 20838 87456,64P,64P (CONTRACTING),https://paladindanse111.github.io/AFSC-PDFs/AFSC_files/64P.html,https://paladindanse111.github.io/AFSC-PDFs/BASE_files/BASE_DYESS_AFB.html,,Active Duty,Yes,USAF,
EGLIN AFB,"30°27'49""N","86°33'11""W",16R EU 42905 70243,64P,64P (CONTRACTING),https://paladindanse111.github.io/AFSC-PDFs/AFSC_files/64P.html,https://paladindanse111.github.io/AFSC-PDFs/BASE_files/BASE_EGLIN_AFB.html,,Active Duty,Yes,USAF,
EIELSON AFB,"64°39'52""N","147°05'45""W",6W VS 95424 71061,64P,64P (CONTRACTING),https://paladindanse111.github.io/AFSC-PDFs/AFSC_files/64P.html,https://paladindanse111.github.io/AFSC-PDFs/BASE_files/BASE_EIELSON_AFB.html,,Active Duty,Yes,USAF,
ELLSWORTH AFB,"44°08'54""N","103°05'15""W",13T FJ 52951 90126,64P,64P (CONTRACTING),https://paladindanse111.github.io/AFSC-PDFs/AFSC_files/64P.html,https://paladindanse111.github.io/AFSC-PDFs/BASE_files/BASE_ELLSWORTH_AFB.html,,Active Duty,Yes,USAF,
FAIRCHILD AFB,"47°38'28""N","117°38'41""W",11T MN 51574 76613,64P,64P (CONTRACTING),https://paladindanse111.github.io/AFSC-PDFs/AFSC_files/64P.html,https://paladindanse111.github.io/AFSC-PDFs/BASE_files/BASE_FAIRCHILD_AFB.html,,Active Duty,Yes,USAF,
FE WARREN AFB,"41°08'32""N","104°52'41""W",13T EF 10233 54552,64P,64P (CONTRACTING),https://paladindanse111.github.io/AFSC-PDFs/AFSC_files/64P.html,https://paladindanse111.github.io/AFSC-PDFs/BASE_files/BASE_FE_WARREN_AFB.html,,Active Duty,Yes,USAF,
GOODFELLOW AFB,"31°26'09""N","100°24'03""W",14R LV 66873 78753,64P,64P (CONTRACTING),https://paladindanse111.github.io/AFSC-PDFs/AFSC_files/64P.html,https://paladindanse111.github.io/AFSC-PDFs/BASE_files/BASE_GOODFELLOW_AFB.html,,Active Duty,Yes,USAF,
GRAND FORKS AFB,"47°57'07""N","97°22'57""W",14T PU 20768 12225,64P,64P (CONTRACTING),https://paladindanse111.github.io/AFSC-PDFs/AFSC_files/64P.html,https://paladindanse111.github.io/AFSC-PDFs/BASE_files/BASE_GRAND_FORKS_AFB.html,,Active Duty,Yes,USAF,
HANSCOM AFB,"42°27'23""N","71°16'35""W",19T CH 12823 02961,64P,64P (CONTRACTING),https://paladindanse111.github.io/AFSC-PDFs/AFSC_files/64P.html,https://paladindanse111.github.io/AFSC-PDFs/BASE_files/BASE_HANSCOM_AFB.html,,Active Duty,Yes,USAF,
HILL AFB,"41°06'36""N","111°58'56""W",12T VL 17530 51433,64P,64P (CONTRACTING),https://paladindanse111.github.io/AFSC-PDFs/AFSC_files/64P.html,https://paladindanse111.github.io/AFSC-PDFs/BASE_files/BASE_HILL_AFB.html,,Active Duty,Yes,USAF,
HURLBURT FIELD,"30°25'23""N","86°41'41""W",16R EU 29317 65704,64P,64P (CONTRACTING),https://paladindanse111.github.io/AFSC-PDFs/AFSC_files/64P.html,https://paladindanse111.github.io/AFSC-PDFs/BASE_files/BASE_HURLBURT_FIELD.html,,Active Duty,Yes,USAF,
INCIRLIK AB,"37°00'12""N","35°26'02""E",36S YF 16566 98011,64P,64P (CONTRACTING),https://paladindanse111.github.io/AFSC-PDFs/AFSC_files/64P.html,https://paladindanse111.github.io/AFSC-PDFs/BASE_files/BASE_INCIRLIK_AB.html,,Active Duty,Yes,USAF,
JB ANACOSTIA-BOLLING,"38°50'29""N","77°01'05""W",18S UJ 24855 01110,64P,64P (CONTRACTING),https://paladindanse111.github.io/AFSC-PDFs/AFSC_files/64P.html,https://paladindanse111.github.io/AFSC-PDFs/BASE_files/BASE_JB_ANACOSTIA-BOLLING.html,,Active Duty,Yes,USAF,
JB CHARLESTON,"32°53'29""N","80°04'03""W",17S NS 87218 39631,64P,64P (CONTRACTING),https://paladindanse111.github.io/AFSC-PDFs/AFSC_files/64P.html,https://paladindanse111.github.io/AFSC-PDFs/BASE_files/BASE_JB_CHARLESTON.html,,Active Duty,Yes,USAF,
JB ELMENDORF-RICHARDSON,"61°15'44""N","149°41'53""W",6V UN 55306 94983,64P,64P (CONTRACTING),https://paladindanse111.github.io/AFSC-PDFs/AFSC_files/64P.html,https://paladindanse111.github.io/AFSC-PDFs/BASE_files/BASE_JB_ELMENDORF-RICHARDSON.html,,Active Duty,Yes,USAF,
JB LANGLEY-EUSTIS,"37°05'00""N","76°21'33""W",18S UG 79195 04980,64P,64P (CONTRACTING),https://paladindanse111.github.io/AFSC-PDFs/AFSC_files/64P.html,https://paladindanse111.github.io/AFSC-PDFs/BASE_files/BASE_JB_LANGLEY-EUSTIS.html,,Active Duty,Yes,USAF,
JB LEWIS-MCCHORD,"47°05'30""N","122°36'53""W",10T ET 29240 15422,64P,64P (CONTRACTING),https://paladindanse111.github.io/AFSC-PDFs/AFSC_files/64P.html,https://paladindanse111.github.io/AFSC-PDFs/BASE_files/BASE_JB_LEWIS-MCCHORD.html,,Active Duty,Yes,USAF,
JB MCGUIRE-DIX-LAKEHURST,"40°02'15""N","74°35'18""W",18T WK 35120 32000,64P,64P (CONTRACTING),https://paladindanse111.github.io/AFSC-PDFs/AFSC_files/64P.html,https://paladindanse111.github.io/AFSC-PDFs/BASE_files/BASE_JB_MCGUIRE-DIX-LAKEHURST.html,,Active Duty,Yes,USAF,
JB PEARL HARBOR-HICKAM,"21°20'15""N","157°57'43""W",4Q FJ 07643 59855,64P,64P (CONTRACTING),https://paladindanse111.github.io/AFSC-PDFs/AFSC_files/64P.html,https://paladindanse111.github.io/AFSC-PDFs/BASE_files/BASE_JB_PEARL_HARBOR-HICKAM.html,,Active Duty,Yes,USAF,
JBSA LACKLAND,"29°23'14""N","98°37'16""W",14R NT 36765 50947,64P,64P (CONTRACTING),https://paladindanse111.github.io/AFSC-PDFs/AFSC_files/64P.html,https://paladindanse111.github.io/AFSC-PDFs/BASE_files/BASE_JBSA_LACKLAND.html,,Active Duty,Yes,USAF,
JBSA RANDOLPH,"29°31'57""N","98°16'45""W",14R NT 69847 67200,64P,64P (CONTRACTING),https://paladindanse111.github.io/AFSC-PDFs/AFSC_files/64P.html,https://paladindanse111.github.io/AFSC-PDFs/BASE_files/BASE_JBSA_RANDOLPH.html,,Active Duty,Yes,USAF,
KADENA AB,"26°21'30""N","127°46'20""E",52R CQ 77496 15950,64P,64P (CONTRACTING),https://paladindanse111.github.io/AFSC-PDFs/AFSC_files/64P.html,https://paladindanse111.github.io/AFSC-PDFs/BASE_files/BASE_KADENA_AB.html,,Active Duty,Yes,USAF,
KAPAUN AIR STATION,"49°25'44""N","7°41'53""E",32U MV 05594 75949,64P,64P (CONTRACTING),https://paladindanse111.github.io/AFSC-PDFs/AFSC_files/64P.html,https://paladindanse111.github.io/AFSC-PDFs/BASE_files/BASE_KAPAUN_AIR_STATION.html,,Active Duty,Yes,USAF,
KIRTLAND AFB,"35°00'39""N","106°30'44""W",13S CU 62019 75289,64P,64P (CONTRACTING),https://paladindanse111.github.io/AFSC-PDFs/AFSC_files/64P.html,https://paladindanse111.github.io/AFSC-PDFs/BASE_files/BASE_KIRTLAND_AFB.html,,Active Duty,Yes,USAF,
LAKENHEATH RAF,"52°23'23""N","0°32'14""E",31U CU 32414 07239,64P,64P (CONTRACTING),https://paladindanse111.github.io/AFSC-PDFs/AFSC_files/64P.html,https://paladindanse111.github.io/AFSC-PDFs/BASE_files/BASE_LAKENHEATH_RAF.html,,Active Duty,Yes,USAF,
LITTLE ROCK AFB,"34°53'47""N","92°08'38""W",15S WU 78220 61887,64P,64P (CONTRACTING),https://paladindanse111.github.io/AFSC-PDFs/AFSC_files/64P.html,https://paladindanse111.github.io/AFSC-PDFs/BASE_files/BASE_LITTLE_ROCK_AFB.html,,Active Duty,Yes,USAF,
LOS ANGELES SFB,"34°0'0.00""N","118°15'0.00""W",,64P,64P (CONTRACTING),https://paladindanse111.github.io/AFSC-PDFs/AFSC_files/64P.html,https://paladindanse111.github.io/AFSC-PDFs/BASE_files/BASE_LOS_ANGELES_SFB.html,,Active Duty,No,USAF,
MACDILL AFB,"27°51'28""N","82°29'19""W",17R LL 53434 82337,64P,64P (CONTRACTING),https://paladindanse111.github.io/AFSC-PDFs/AFSC_files/64P.html,https://paladindanse111.github.io/AFSC-PDFs/BASE_files/BASE_MACDILL_AFB.html,,Active Duty,Yes,USAF,
MALMSTROM AFB,"47°30'17""N","111°10'56""W",12T VT 86277 61270,64P,64P (CONTRACTING),https://paladindanse111.github.io/AFSC-PDFs/AFSC_files/64P.html,https://paladindanse111.github.io/AFSC-PDFs/BASE_files/BASE_MALMSTROM_AFB.html,,Active Duty,Yes,USAF,
MAXWELL-GUNTER AFB,"32°22'43""N","86°21'44""W",16S EA 59993 82581,64P,64P (CONTRACTING),https://paladindanse111.github.io/AFSC-PDFs/AFSC_files/64P.html,https://paladindanse111.github.io/AFSC-PDFs/BASE_files/BASE_MAXWELL-GUNTER_AFB.html,,Active Duty,Yes,USAF,
MCCONNELL AFB,"37°37'51""N","97°15'06""W",14S PG 54271 66293,64P,64P (CONTRACTING),https://paladindanse111.github.io/AFSC-PDFs/AFSC_files/64P.html,https://paladindanse111.github.io/AFSC-PDFs/BASE_files/BASE_MCCONNELL_AFB.html,,Active Duty,Yes,USAF,
MINOT AFB,"48°25'13""N","101°19'36""W",14U LU 27861 65629,64P,64P (CONTRACTING),https://paladindanse111.github.io/AFSC-PDFs/AFSC_files/64P.html,https://paladindanse111.github.io/AFSC-PDFs/BASE_files/BASE_MINOT_AFB.html,,Active Duty,Yes,USAF,
MISAWA AB,"40°41'55""N","141°22'28""E",54T WL 31634 05368,64P,64P (CONTRACTING),https://paladindanse111.github.io/AFSC-PDFs/AFSC_files/64P.html,https://paladindanse111.github.io/AFSC-PDFs/BASE_files/BASE_MISAWA_AB.html,,Active Duty,Yes,USAF,
MOODY AFB,"30°58'12""N","83°11'47""W",17R KQ 90229 28346,64P,64P (CONTRACTING),https://paladindanse111.github.io/AFSC-PDFs/AFSC_files/64P.html,https://paladindanse111.github.io/AFSC-PDFs/BASE_files/BASE_MOODY_AFB.html,,Active Duty,Yes,USAF,
MORON AB,"37°10'30.00""N","5°36'57.00""W",,64P,64P (CONTRACTING),https://paladindanse111.github.io/AFSC-PDFs/AFSC_files/64P.html,https://paladindanse111.github.io/AFSC-PDFs/BASE_files/BASE_MORON_AB.html,,Active Duty,No,USAF,
MOUNTAIN HOME AFB,"43°03'59""N","115°51'18""W",11T NH 93226 68823,64P,64P (CONTRACTING),https://paladindanse111.github.io/AFSC-PDFs/AFSC_files/64P.html,https://paladindanse111.github.io/AFSC-PDFs/BASE_files/BASE_MOUNTAIN_HOME_AFB.html,,Active Duty,Yes,USAF,
NELLIS AFB,"36°14'25""N","115°03'14""W",11S PA 74874 12355,64P,64P (CONTRACTING),https://paladindanse111.github.io/AFSC-PDFs/AFSC_files/64P.html,https://paladindanse111.github.io/AFSC-PDFs/BASE_files/BASE_NELLIS_AFB.html,,Active Duty,Yes,USAF,
OSAN AB,"37°05'19""N","127°01'50""E",52S CG 24960 06516,64P,64P (CONTRACTING),https://paladindanse111.github.io/AFSC-PDFs/AFSC_files/64P.html,https://paladindanse111.github.io/AFSC-PDFs/BASE_files/BASE_OSAN_AB.html,,Active Duty,Yes,USAF,
OTTAWA (CANADA),"45°27'0.00""N","75°42'0.00""W",,64P,64P (CONTRACTING),https://paladindanse111.github.io/AFSC-PDFs/AFSC_files/64P.html,,,Active Duty,No,USAF,
PATRICK SFB,"28°14'21""N","80°36'26""W",17R NM 38533 23759,64P,64P (CONTRACTING),https://paladindanse111.github.io/AFSC-PDFs/AFSC_files/64P.html,https://paladindanse111.github.io/AFSC-PDFs/BASE_files/BASE_PATRICK_SFB.html,,Active Duty,Yes,USAF,
PENTAGON,"38°52'15""N","77°03'21""W",18S UJ 21650 04451,64P,64P (CONTRACTING),https://paladindanse111.github.io/AFSC-PDFs/AFSC_files/64P.html,https://paladindanse111.github.io/AFSC-PDFs/BASE_files/BASE_PENTAGON.html,,Active Duty,Yes,USAF,
PETERSON SFB,"38°49'32""N","104°41'58""W",13S EC 26089 97461,64P,64P (CONTRACTING),https://paladindanse111.github.io/AFSC-PDFs/AFSC_files/64P.html,https://paladindanse111.github.io/AFSC-PDFs/BASE_files/BASE_PETERSON_SFB.html,,Active Duty,Yes,USAF,
RAF WYTON,"52°21'26.00""N","0°6'28.00""W",,64P,64P (CONTRACTING),https://paladindanse111.github.io/AFSC-PDFs/AFSC_files/64P.html,,,Active Duty,No,USAF,
ROBINS AFB,"32°38'23""N","83°35'30""W",17S KS 56883 14314,64P,64P (CONTRACTING),https://paladindanse111.github.io/AFSC-PDFs/AFSC_files/64P.html,https://paladindanse111.github.io/AFSC-PDFs/BASE_files/BASE_ROBINS_AFB.html,,Active Duty,Yes,USAF,
SCHRIEVER SFB,"38°48'12""N","104°31'32""W",13S EC 41196 95059,64P,64P (CONTRACTING),https://paladindanse111.github.io/AFSC-PDFs/AFSC_files/64P.html,https://paladindanse111.github.io/AFSC-PDFs/BASE_files/BASE_SCHRIEVER_SFB.html,,Active Duty,Yes,USAF,
SCOTT AFB,"38°32'29""N","89°51'18""W",16S BH 51169 69750,64P,64P (CONTRACTING),https://paladindanse111.github.io/AFSC-PDFs/AFSC_files/64P.html,https://paladindanse111.github.io/AFSC-PDFs/BASE_files/BASE_SCOTT_AFB.html,,Active Duty,Yes,USAF,
SEYMOUR JOHNSON AFB,"35°20'24""N","77°57'41""W",18S TE 30850 14774,64P,64P (CONTRACTING),https://paladindanse111.github.io/AFSC-PDFs/AFSC_files/64P.html,https://paladindanse111.github.io/AFSC-PDFs/BASE_files/BASE_SEYMOUR_JOHNSON_AFB.html,,Active Duty,Yes,USAF,
SHAW AFB,"33°58'02""N","80°29'05""W",17S NT 47603 58641,64P,64P (CONTRACTING),https://paladindanse111.github.io/AFSC-PDFs/AFSC_files/64P.html,https://paladindanse111.github.io/AFSC-PDFs/BASE_files/BASE_SHAW_AFB.html,,Active Duty,Yes,USAF,
SHEPPARD AFB,"33°58'06""N","98°30'38""W",14S NC 45216 58752,64P,64P (CONTRACTING),https://paladindanse111.github.io/AFSC-PDFs/AFSC_files/64P.html,https://paladindanse111.github.io/AFSC-PDFs/BASE_files/BASE_SHEPPARD_AFB.html,,Active Duty,Yes,USAF,
SINGAPORE (SINGAPORE),"1°19'60.00""N","103°49'60.00""E",,64P,64P (CONTRACTING),https://paladindanse111.github.io/AFSC-PDFs/AFSC_files/64P.html,,,Active Duty,No,USAF,
SPANGDAHLEM AB,"49°59'38""N","6°41'55""E",32U LA 35052 40489,64P,64P (CONTRACTING),https://paladindanse111.github.io/AFSC-PDFs/AFSC_files/64P.html,https://paladindanse111.github.io/AFSC-PDFs/BASE_files/BASE_SPANGDAHLEM_AB.html,,Active Duty,Yes,USAF,
TINKER AFB,"35°25'09""N","97°24'15""W",14S PE 44882 20698,64P,64P (CONTRACTING),https://paladindanse111.github.io/AFSC-PDFs/AFSC_files/64P.html,https://paladindanse111.github.io/AFSC-PDFs/BASE_files/BASE_TINKER_AFB.html,,Active Duty,Yes,USAF,
TRAVIS AFB,"38°16'09""N","121°56'51""W",10S EH 92069 36204,64P,64P (CONTRACTING),https://paladindanse111.github.io/AFSC-PDFs/AFSC_files/64P.html,https://paladindanse111.github.io/AFSC-PDFs/BASE_files/BASE_TRAVIS_AFB.html,,Active Duty,Yes,USAF,
TYNDALL AFB,"30°04'47""N","85°36'26""W",16R FU 34229 28437,64P,64P (CONTRACTING),https://paladindanse111.github.io/AFSC-PDFs/AFSC_files/64P.html,https://paladindanse111.github.io/AFSC-PDFs/BASE_files/BASE_TYNDALL_AFB.html,,Active Duty,Yes,USAF,
VANDENBERG SFB,"34°44'31""N","120°34'20""W",10S GD 22255 47110,64P,64P (CONTRACTING),https://paladindanse111.github.io/AFSC-PDFs/AFSC_files/64P.html,https://paladindanse111.github.io/AFSC-PDFs/BASE_files/BASE_VANDENBERG_SFB.html,,Active Duty,Yes,USAF,
WHITEMAN AFB,"38°43'44""N","93°33'37""W",15S VC 51299 86840,64P,64P (CONTRACTING),https://paladindanse111.github.io/AFSC-PDFs/AFSC_files/64P.html,https://paladindanse111.github.io/AFSC-PDFs/BASE_files/BASE_WHITEMAN_AFB.html,,Active Duty,Yes,USAF,
WIESBADEN (GERMANY),"50°2'60.00""N","8°19'60.00""E",,64P,64P (CONTRACTING),https://paladindanse111.github.io/AFSC-PDFs/AFSC_files/64P.html,,,Active Duty,No,USAF,
WRIGHT-PATTERSON AFB,"39°48'37""N","84°01'55""W",16S GK 54072 10915,64P,64P (CONTRACTING),https://paladindanse111.github.io/AFSC-PDFs/AFSC_files/64P.html,https://paladindanse111.github.io/AFSC-PDFs/BASE_files/BASE_WRIGHT-PATTERSON_AFB.html,,Active Duty,Yes,USAF,
YOKOTA AB,"35°44'35""N","139°20'23""E",54S UE 49872 56720,64P,64P (CONTRACTING),https://paladindanse111.github.io/AFSC-PDFs/AFSC_files/64P.html,https://paladindanse111.github.io/AFSC-PDFs/BASE_files/BASE_YOKOTA_AB.html,,Active Duty,Yes,USAF,
ANDERSEN AFB,"13°33'46""N","144°55'25""E",55P BR 75307 00327,65F,65F (FINANCIAL MANAGEMENT),https://paladindanse111.github.io/AFSC-PDFs/AFSC_files/65F.html,https://paladindanse111.github.io/AFSC-PDFs/BASE_files/BASE_ANDERSEN_AFB.html,,Active Duty,Yes,USAF,
ANDREWS JB,"38°47'46""N","76°53'00""W",18S UH 36445 95835,65F,65F (FINANCIAL MANAGEMENT),https://paladindanse111.github.io/AFSC-PDFs/AFSC_files/65F.html,https://paladindanse111.github.io/AFSC-PDFs/BASE_files/BASE_ANDREWS_JB.html,,Active Duty,Yes,USAF,
ARNOLD AFB,"35°22'58""N","86°01'49""W",16S EE 88076 15924,65F,65F (FINANCIAL MANAGEMENT),https://paladindanse111.github.io/AFSC-PDFs/AFSC_files/65F.html,https://paladindanse111.github.io/AFSC-PDFs/BASE_files/BASE_ARNOLD_AFB.html,,Active Duty,Yes,USAF,
AVIANO AB,"46°01'49""N","12°36'41""E",33T UM 15147 00185,65F,65F (FINANCIAL MANAGEMENT),https://paladindanse111.github.io/AFSC-PDFs/AFSC_files/65F.html,https://paladindanse111.github.io/AFSC-PDFs/BASE_files/BASE_AVIANO_AB.html,,Active Duty,Yes,USAF,
BARKSDALE AFB,"32°29'45""N","93°40'21""W",15S VR 36822 95596,65F,65F (FINANCIAL MANAGEMENT),https://paladindanse111.github.io/AFSC-PDFs/AFSC_files/65F.html,https://paladindanse111.github.io/AFSC-PDFs/BASE_files/BASE_BARKSDALE_AFB.html,,Active Duty,Yes,USAF,
BEALE AFB,"39°06'41""N","121°21'35""W",10S FJ 41815 30418,65F,65F (FINANCIAL MANAGEMENT),https://paladindanse111.github.io/AFSC-PDFs/AFSC_files/65F.html,https://paladindanse111.github.io/AFSC-PDFs/BASE_files/BASE_BEALE_AFB.html,,Active Duty,Yes,USAF,
CAMP HUMPHREYS,"36°55'0.00""N","127°2'60.00""E",,65F,65F (FINANCIAL MANAGEMENT),https://paladindanse111.github.io/AFSC-PDFs/AFSC_files/65F.html,https://paladindanse111.github.io/AFSC-PDFs/BASE_files/BASE_CAMP_HUMPHREYS.html,,Active Duty,No,USAF,Note: Army base websites may be blocked on MissionNet.
CANNON AFB,"34°23'20""N","103°19'05""W",13S FU 54620 06558,65F,65F (FINANCIAL MANAGEMENT),https://paladindanse111.github.io/AFSC-PDFs/AFSC_files/65F.html,https://paladindanse111.github.io/AFSC-PDFs/BASE_files/BASE_CANNON_AFB.html,,Active Duty,Yes,USAF,
COLUMBUS AFB,"33°37'38""N","88°26'51""W",16S CC 65739 21763,65F,65F (FINANCIAL MANAGEMENT),https://paladindanse111.github.io/AFSC-PDFs/AFSC_files/65F.html,https://paladindanse111.github.io/AFSC-PDFs/BASE_files/BASE_COLUMBUS_AFB.html,,Active Duty,Yes,USAF,
CREECH AFB,"36°34'41""N","115°39'29""W",11S PA 20060 48904,65F,65F (FINANCIAL MANAGEMENT),https://paladindanse111.github.io/AFSC-PDFs/AFSC_files/65F.html,https://paladindanse111.github.io/AFSC-PDFs/BASE_files/BASE_CREECH_AFB.html,,Active Duty,Yes,USAF,
DAVIS-MONTHAN AFB,"32°10'14""N","110°52'39""W",12S WA 11549 59347,65F,65F (FINANCIAL MANAGEMENT),https://paladindanse111.github.io/AFSC-PDFs/AFSC_files/65F.html,https://paladindanse111.github.io/AFSC-PDFs/BASE_files/BASE_DAVIS-MONTHAN_AFB.html,,Active Duty,Yes,USAF,
DOVER AFB,"39°07'39""N","75°28'06""W",18S VJ 59518 31029,65F,65F (FINANCIAL MANAGEMENT),https://paladindanse111.github.io/AFSC-PDFs/AFSC_files/65F.html,https://paladindanse111.github.io/AFSC-PDFs/BASE_files/BASE_DOVER_AFB.html,,Active Duty,Yes,USAF,
DYESS AFB,"32°25'17""N","99°50'31""W",14S MA 20838 87456,65F,65F (FINANCIAL MANAGEMENT),https://paladindanse111.github.io/AFSC-PDFs/AFSC_files/65F.html,https://paladindanse111.github.io/AFSC-PDFs/BASE_files/BASE_DYESS_AFB.html,,Active Duty,Yes,USAF,
EGLIN AFB,"30°27'49""N","86°33'11""W",16R EU 42905 70243,65F,65F (FINANCIAL MANAGEMENT),https://paladindanse111.github.io/AFSC-PDFs/AFSC_files/65F.html,https://paladindanse111.github.io/AFSC-PDFs/BASE_files/BASE_EGLIN_AFB.html,,Active Duty,Yes,USAF,
EIELSON AFB,"64°39'52""N","147°05'45""W",6W VS 95424 71061,65F,65F (FINANCIAL MANAGEMENT),https://paladindanse111.github.io/AFSC-PDFs/AFSC_files/65F.html,https://paladindanse111.github.io/AFSC-PDFs/BASE_files/BASE_EIELSON_AFB.html,,Active Duty,Yes,USAF,
ELLSWORTH AFB,"44°08'54""N","103°05'15""W",13T FJ 52951 90126,65F,65F (FINANCIAL MANAGEMENT),https://paladindanse111.github.io/AFSC-PDFs/AFSC_files/65F.html,https://paladindanse111.github.io/AFSC-PDFs/BASE_files/BASE_ELLSWORTH_AFB.html,,Active Duty,Yes,USAF,
FAIRCHILD AFB,"47°38'28""N","117°38'41""W",11T MN 51574 76613,65F,65F (FINANCIAL MANAGEMENT),https://paladindanse111.github.io/AFSC-PDFs/AFSC_files/65F.html,https://paladindanse111.github.io/AFSC-PDFs/BASE_files/BASE_FAIRCHILD_AFB.html,,Active Duty,Yes,USAF,
FE WARREN AFB,"41°08'32""N","104°52'41""W",13T EF 10233 54552,65F,65F (FINANCIAL MANAGEMENT),https://paladindanse111.github.io/AFSC-PDFs/AFSC_files/65F.html,https://paladindanse111.github.io/AFSC-PDFs/BASE_files/BASE_FE_WARREN_AFB.html,,Active Duty,Yes,USAF,
FT GEORGE G MEADE,"39°06'14""N","76°44'42""W",18S UJ 49113 29754,65F,65F (FINANCIAL MANAGEMENT),https://paladindanse111.github.io/AFSC-PDFs/AFSC_files/65F.html,https://paladindanse111.github.io/AFSC-PDFs/BASE_files/BASE_FT_GEORGE_G_MEADE.html,,Active Duty,Yes,USAF,
GEILENKIRCHEN AB,"50°57'39.00""N","6°2'30.00""E",,65F,65F (FINANCIAL MANAGEMENT),https://paladindanse111.github.io/AFSC-PDFs/AFSC_files/65F.html,https://paladindanse111.github.io/AFSC-PDFs/BASE_files/BASE_GEILENKIRCHEN_AB.html,,Active Duty,No,USAF,
GRAND FORKS AFB,"47°57'07""N","97°22'57""W",14T PU 20768 12225,65F,65F (FINANCIAL MANAGEMENT),https://paladindanse111.github.io/AFSC-PDFs/AFSC_files/65F.html,https://paladindanse111.github.io/AFSC-PDFs/BASE_files/BASE_GRAND_FORKS_AFB.html,,Active Duty,Yes,USAF,
HANSCOM AFB,"42°27'23""N","71°16'35""W",19T CH 12823 02961,65F,65F (FINANCIAL MANAGEMENT),https://paladindanse111.github.io/AFSC-PDFs/AFSC_files/65F.html,https://paladindanse111.github.io/AFSC-PDFs/BASE_files/BASE_HANSCOM_AFB.html,,Active Duty,Yes,USAF,
HILL AFB,"41°06'36""N","111°58'56""W",12T VL 17530 51433,65F,65F (FINANCIAL MANAGEMENT),https://paladindanse111.github.io/AFSC-PDFs/AFSC_files/65F.html,https://paladindanse111.github.io/AFSC-PDFs/BASE_files/BASE_HILL_AFB.html,,Active Duty,Yes,USAF,
HOLLOMAN AFB,"32°50'33""N","106°05'55""W",13S CS 97187 34361,65F,65F (FINANCIAL MANAGEMENT),https://paladindanse111.github.io/AFSC-PDFs/AFSC_files/65F.html,https://paladindanse111.github.io/AFSC-PDFs/BASE_files/BASE_HOLLOMAN_AFB.html,,Active Duty,Yes,USAF,
HURLBURT FIELD,"30°25'23""N","86°41'41""W",16R EU 29317 65704,65F,65F (FINANCIAL MANAGEMENT),https://paladindanse111.github.io/AFSC-PDFs/AFSC_files/65F.html,https://paladindanse111.github.io/AFSC-PDFs/BASE_files/BASE_HURLBURT_FIELD.html,,Active Duty,Yes,USAF,
INCIRLIK AB,"37°00'12""N","35°26'02""E",36S YF 16566 98011,65F,65F (FINANCIAL MANAGEMENT),https://paladindanse111.github.io/AFSC-PDFs/AFSC_files/65F.html,https://paladindanse111.github.io/AFSC-PDFs/BASE_files/BASE_INCIRLIK_AB.html,,Active Duty,Yes,USAF,
JB ANACOSTIA-BOLLING,"38°50'29""N","77°01'05""W",18S UJ 24855 01110,65F,65F (FINANCIAL MANAGEMENT),https://paladindanse111.github.io/AFSC-PDFs/AFSC_files/65F.html,https://paladindanse111.github.io/AFSC-PDFs/BASE_files/BASE_JB_ANACOSTIA-BOLLING.html,,Active Duty,Yes,USAF,
JB ELMENDORF-RICHARDSON,"61°15'44""N","149°41'53""W",6V UN 55306 94983,65F,65F (FINANCIAL MANAGEMENT),https://paladindanse111.github.io/AFSC-PDFs/AFSC_files/65F.html,https://paladindanse111.github.io/AFSC-PDFs/BASE_files/BASE_JB_ELMENDORF-RICHARDSON.html,,Active Duty,Yes,USAF,
JB LANGLEY-EUSTIS,"37°05'00""N","76°21'33""W",18S UG 79195 04980,65F,65F (FINANCIAL MANAGEMENT),https://paladindanse111.github.io/AFSC-PDFs/AFSC_files/65F.html,https://paladindanse111.github.io/AFSC-PDFs/BASE_files/BASE_JB_LANGLEY-EUSTIS.html,,Active Duty,Yes,USAF,
JB LEWIS-MCCHORD,"47°05'30""N","122°36'53""W",10T ET 29240 15422,65F,65F (FINANCIAL MANAGEMENT),https://paladindanse111.github.io/AFSC-PDFs/AFSC_files/65F.html,https://paladindanse111.github.io/AFSC-PDFs/BASE_files/BASE_JB_LEWIS-MCCHORD.html,,Active Duty,Yes,USAF,
JB MCGUIRE-DIX-LAKEHURST,"40°02'15""N","74°35'18""W",18T WK 35120 32000,65F,65F (FINANCIAL MANAGEMENT),https://paladindanse111.github.io/AFSC-PDFs/AFSC_files/65F.html,https://paladindanse111.github.io/AFSC-PDFs/BASE_files/BASE_JB_MCGUIRE-DIX-LAKEHURST.html,,Active Duty,Yes,USAF,
JB PEARL HARBOR-HICKAM,"21°20'15""N","157°57'43""W",4Q FJ 07643 59855,65F,65F (FINANCIAL MANAGEMENT),https://paladindanse111.github.io/AFSC-PDFs/AFSC_files/65F.html,https://paladindanse111.github.io/AFSC-PDFs/BASE_files/BASE_JB_PEARL_HARBOR-HICKAM.html,,Active Duty,Yes,USAF,
JBSA LACKLAND,"29°23'14""N","98°37'16""W",14R NT 36765 50947,65F,65F (FINANCIAL MANAGEMENT),https://paladindanse111.github.io/AFSC-PDFs/AFSC_files/65F.html,https://paladindanse111.github.io/AFSC-PDFs/BASE_files/BASE_JBSA_LACKLAND.html,,Active Duty,Yes,USAF,
JBSA RANDOLPH,"29°31'57""N","98°16'45""W",14R NT 69847 67200,65F,65F (FINANCIAL MANAGEMENT),https://paladindanse111.github.io/AFSC-PDFs/AFSC_files/65F.html,https://paladindanse111.github.io/AFSC-PDFs/BASE_files/BASE_JBSA_RANDOLPH.html,,Active Duty,Yes,USAF,
KADENA AB,"26°21'30""N","127°46'20""E",52R CQ 77496 15950,65F,65F (FINANCIAL MANAGEMENT),https://paladindanse111.github.io/AFSC-PDFs/AFSC_files/65F.html,https://paladindanse111.github.io/AFSC-PDFs/BASE_files/BASE_KADENA_AB.html,,Active Duty,Yes,USAF,
KEESLER AFB,"30°24'34""N","88°55'34""W",16R CU 14981 65731,65F,65F (FINANCIAL MANAGEMENT),https://paladindanse111.github.io/AFSC-PDFs/AFSC_files/65F.html,https://paladindanse111.github.io/AFSC-PDFs/BASE_files/BASE_KEESLER_AFB.html,,Active Duty,Yes,USAF,
KIRTLAND AFB,"35°00'39""N","106°30'44""W",13S CU 62019 75289,65F,65F (FINANCIAL MANAGEMENT),https://paladindanse111.github.io/AFSC-PDFs/AFSC_files/65F.html,https://paladindanse111.github.io/AFSC-PDFs/BASE_files/BASE_KIRTLAND_AFB.html,,Active Duty,Yes,USAF,
KUNSAN AB,"35°55'09""N","126°37'54""E",52S BE 86310 77574,65F,65F (FINANCIAL MANAGEMENT),https://paladindanse111.github.io/AFSC-PDFs/AFSC_files/65F.html,https://paladindanse111.github.io/AFSC-PDFs/BASE_files/BASE_KUNSAN_AB.html,,Active Duty,Yes,USAF,
LAJES FIELD,"38°45'42.00""N","27°5'27.00""W",,65F,65F (FINANCIAL MANAGEMENT),https://paladindanse111.github.io/AFSC-PDFs/AFSC_files/65F.html,https://paladindanse111.github.io/AFSC-PDFs/BASE_files/BASE_LAJES_FIELD.html.html,,Active Duty,No,USAF,
LAKENHEATH RAF,"52°23'23""N","0°32'14""E",31U CU 32414 07239,65F,65F (FINANCIAL MANAGEMENT),https://paladindanse111.github.io/AFSC-PDFs/AFSC_files/65F.html,https://paladindanse111.github.io/AFSC-PDFs/BASE_files/BASE_LAKENHEATH_RAF.html,,Active Duty,Yes,USAF,
LAUGHLIN AFB,"29°21'21""N","100°46'58""W",14R LT 26940 48730,65F,65F (FINANCIAL MANAGEMENT),https://paladindanse111.github.io/AFSC-PDFs/AFSC_files/65F.html,https://paladindanse111.github.io/AFSC-PDFs/BASE_files/BASE_LAUGHLIN_AFB.html,,Active Duty,Yes,USAF,
LITTLE ROCK AFB,"34°53'47""N","92°08'38""W",15S WU 78220 61887,65F,65F (FINANCIAL MANAGEMENT),https://paladindanse111.github.io/AFSC-PDFs/AFSC_files/65F.html,https://paladindanse111.github.io/AFSC-PDFs/BASE_files/BASE_LITTLE_ROCK_AFB.html,,Active Duty,Yes,USAF,
LOS ANGELES SFB,"34°0'0.00""N","118°15'0.00""W",,65F,65F (FINANCIAL MANAGEMENT),https://paladindanse111.github.io/AFSC-PDFs/AFSC_files/65F.html,https://paladindanse111.github.io/AFSC-PDFs/BASE_files/BASE_LOS_ANGELES_SFB.html,,Active Duty,No,USAF,
LUKE AFB,"33°32'22""N","112°22'32""W",12S UC 72284 11939,65F,65F (FINANCIAL MANAGEMENT),https://paladindanse111.github.io/AFSC-PDFs/AFSC_files/65F.html,https://paladindanse111.github.io/AFSC-PDFs/BASE_files/BASE_LUKE_AFB.html,,Active Duty,Yes,USAF,
MACDILL AFB,"27°51'28""N","82°29'19""W",17R LL 53434 82337,65F,65F (FINANCIAL MANAGEMENT),https://paladindanse111.github.io/AFSC-PDFs/AFSC_files/65F.html,https://paladindanse111.github.io/AFSC-PDFs/BASE_files/BASE_MACDILL_AFB.html,,Active Duty,Yes,USAF,
MALMSTROM AFB,"47°30'17""N","111°10'56""W",12T VT 86277 61270,65F,65F (FINANCIAL MANAGEMENT),https://paladindanse111.github.io/AFSC-PDFs/AFSC_files/65F.html,https://paladindanse111.github.io/AFSC-PDFs/BASE_files/BASE_MALMSTROM_AFB.html,,Active Duty,Yes,USAF,
MCCONNELL AFB,"37°37'51""N","97°15'06""W",14S PG 54271 66293,65F,65F (FINANCIAL MANAGEMENT),https://paladindanse111.github.io/AFSC-PDFs/AFSC_files/65F.html,https://paladindanse111.github.io/AFSC-PDFs/BASE_files/BASE_MCCONNELL_AFB.html,,Active Duty,Yes,USAF,
MILDENHALL RAF,"52°21'45""N","0°30'14""E",31U CU 30041 04290,65F,65F (FINANCIAL MANAGEMENT),https://paladindanse111.github.io/AFSC-PDFs/AFSC_files/65F.html,https://paladindanse111.github.io/AFSC-PDFs/BASE_files/BASE_MILDENHALL_RAF.html,,Active Duty,Yes,USAF,
MINOT AFB,"48°25'13""N","101°19'36""W",14U LU 27861 65629,65F,65F (FINANCIAL MANAGEMENT),https://paladindanse111.github.io/AFSC-PDFs/AFSC_files/65F.html,https://paladindanse111.github.io/AFSC-PDFs/BASE_files/BASE_MINOT_AFB.html,,Active Duty,Yes,USAF,
MISAWA AB,"40°41'55""N","141°22'28""E",54T WL 31634 05368,65F,65F (FINANCIAL MANAGEMENT),https://paladindanse111.github.io/AFSC-PDFs/AFSC_files/65F.html,https://paladindanse111.github.io/AFSC-PDFs/BASE_files/BASE_MISAWA_AB.html,,Active Duty,Yes,USAF,
MOHRINGEN AIN,"48°43'60.00""N","9°7'60.00""E",,65F,65F (FINANCIAL MANAGEMENT),https://paladindanse111.github.io/AFSC-PDFs/AFSC_files/65F.html,,,Active Duty,No,USAF,
MOODY AFB,"30°58'12""N","83°11'47""W",17R KQ 90229 28346,65F,65F (FINANCIAL MANAGEMENT),https://paladindanse111.github.io/AFSC-PDFs/AFSC_files/65F.html,https://paladindanse111.github.io/AFSC-PDFs/BASE_files/BASE_MOODY_AFB.html,,Active Duty,Yes,USAF,
MOUNTAIN HOME AFB,"43°03'59""N","115°51'18""W",11T NH 93226 68823,65F,65F (FINANCIAL MANAGEMENT),https://paladindanse111.github.io/AFSC-PDFs/AFSC_files/65F.html,https://paladindanse111.github.io/AFSC-PDFs/BASE_files/BASE_MOUNTAIN_HOME_AFB.html,,Active Duty,Yes,USAF,
NELLIS AFB,"36°14'25""N","115°03'14""W",11S PA 74874 12355,65F,65F (FINANCIAL MANAGEMENT),https://paladindanse111.github.io/AFSC-PDFs/AFSC_files/65F.html,https://paladindanse111.github.io/AFSC-PDFs/BASE_files/BASE_NELLIS_AFB.html,,Active Duty,Yes,USAF,
OFFUTT AFB,"41°07'25""N","95°54'52""W",15T TF 55334 56573,65F,65F (FINANCIAL MANAGEMENT),https://paladindanse111.github.io/AFSC-PDFs/AFSC_files/65F.html,https://paladindanse111.github.io/AFSC-PDFs/BASE_files/BASE_OFFUTT_AFB.html,,Active Duty,Yes,USAF,
OSAN AB,"37°05'19""N","127°01'50""E",52S CG 24960 06516,65F,65F (FINANCIAL MANAGEMENT),https://paladindanse111.github.io/AFSC-PDFs/AFSC_files/65F.html,https://paladindanse111.github.io/AFSC-PDFs/BASE_files/BASE_OSAN_AB.html,,Active Duty,Yes,USAF,
PATRICK SFB,"28°14'21""N","80°36'26""W",17R NM 38533 23759,65F,65F (FINANCIAL MANAGEMENT),https://paladindanse111.github.io/AFSC-PDFs/AFSC_files/65F.html,https://paladindanse111.github.io/AFSC-PDFs/BASE_files/BASE_PATRICK_SFB.html,,Active Duty,Yes,USAF,
PENTAGON,"38°52'15""N","77°03'21""W",18S UJ 21650 04451,65F,65F (FINANCIAL MANAGEMENT),https://paladindanse111.github.io/AFSC-PDFs/AFSC_files/65F.html,https://paladindanse111.github.io/AFSC-PDFs/BASE_files/BASE_PENTAGON.html,,Active Duty,Yes,USAF,
PETERSON SFB,"38°49'32""N","104°41'58""W",13S EC 26089 97461,65F,65F (FINANCIAL MANAGEMENT),https://paladindanse111.github.io/AFSC-PDFs/AFSC_files/65F.html,https://paladindanse111.github.io/AFSC-PDFs/BASE_files/BASE_PETERSON_SFB.html,,Active Duty,Yes,USAF,
PITI DFP,"13°34'50.00""N","144°41'60.00""E",,65F,65F (FINANCIAL MANAGEMENT),https://paladindanse111.github.io/AFSC-PDFs/AFSC_files/65F.html,,,Active Duty,No,USAF,
RAMSTEIN AB,"49°26'23""N","7°35'47""E",32U LV 98244 77286,65F,65F (FINANCIAL MANAGEMENT),https://paladindanse111.github.io/AFSC-PDFs/AFSC_files/65F.html,https://paladindanse111.github.io/AFSC-PDFs/BASE_files/BASE_RAMSTEIN_AB.html.html,,Active Duty,Yes,USAF,
ROBINS AFB,"32°38'23""N","83°35'30""W",17S KS 56883 14314,65F,65F (FINANCIAL MANAGEMENT),https://paladindanse111.github.io/AFSC-PDFs/AFSC_files/65F.html,https://paladindanse111.github.io/AFSC-PDFs/BASE_files/BASE_ROBINS_AFB.html,,Active Duty,Yes,USAF,
SCOTT AFB,"38°32'29""N","89°51'18""W",16S BH 51169 69750,65F,65F (FINANCIAL MANAGEMENT),https://paladindanse111.github.io/AFSC-PDFs/AFSC_files/65F.html,https://paladindanse111.github.io/AFSC-PDFs/BASE_files/BASE_SCOTT_AFB.html,,Active Duty,Yes,USAF,
SEYMOUR JOHNSON AFB,"35°20'24""N","77°57'41""W",18S TE 30850 14774,65F,65F (FINANCIAL MANAGEMENT),https://paladindanse111.github.io/AFSC-PDFs/AFSC_files/65F.html,https://paladindanse111.github.io/AFSC-PDFs/BASE_files/BASE_SEYMOUR_JOHNSON_AFB.html,,Active Duty,Yes,USAF,
SHAW AFB,"33°58'02""N","80°29'05""W",17S NT 47603 58641,65F,65F (FINANCIAL MANAGEMENT),https://paladindanse111.github.io/AFSC-PDFs/AFSC_files/65F.html,https://paladindanse111.github.io/AFSC-PDFs/BASE_files/BASE_SHAW_AFB.html,,Active Duty,Yes,USAF,
SHEPPARD AFB,"33°58'06""N","98°30'38""W",14S NC 45216 58752,65F,65F (FINANCIAL MANAGEMENT),https://paladindanse111.github.io/AFSC-PDFs/AFSC_files/65F.html,https://paladindanse111.github.io/AFSC-PDFs/BASE_files/BASE_SHEPPARD_AFB.html,,Active Duty,Yes,USAF,
SPANGDAHLEM AB,"49°59'38""N","6°41'55""E",32U LA 35052 40489,65F,65F (FINANCIAL MANAGEMENT),https://paladindanse111.github.io/AFSC-PDFs/AFSC_files/65F.html,https://paladindanse111.github.io/AFSC-PDFs/BASE_files/BASE_SPANGDAHLEM_AB.html,,Active Duty,Yes,USAF,
STUTTGART VAIHING (GERMANY),"48°43'60.00""N","9°5'60.00""E",,65F,65F (FINANCIAL MANAGEMENT),https://paladindanse111.github.io/AFSC-PDFs/AFSC_files/65F.html,https://paladindanse111.github.io/AFSC-PDFs/BASE_files/BASE_STUTTGART_VAIHINGEN.html,,Active Duty,No,USAF,Note: Army base websites may be blocked on MissionNet.
TINKER AFB,"35°25'09""N","97°24'15""W",14S PE 44882 20698,65F,65F (FINANCIAL MANAGEMENT),https://paladindanse111.github.io/AFSC-PDFs/AFSC_files/65F.html,https://paladindanse111.github.io/AFSC-PDFs/BASE_files/BASE_TINKER_AFB.html,,Active Duty,Yes,USAF,
TRAVIS AFB,"38°16'09""N","121°56'51""W",10S EH 92069 36204,65F,65F (FINANCIAL MANAGEMENT),https://paladindanse111.github.io/AFSC-PDFs/AFSC_files/65F.html,https://paladindanse111.github.io/AFSC-PDFs/BASE_files/BASE_TRAVIS_AFB.html,,Active Duty,Yes,USAF,
TYNDALL AFB,"30°04'47""N","85°36'26""W",16R FU 34229 28437,65F,65F (FINANCIAL MANAGEMENT),https://paladindanse111.github.io/AFSC-PDFs/AFSC_files/65F.html,https://paladindanse111.github.io/AFSC-PDFs/BASE_files/BASE_TYNDALL_AFB.html,,Active Duty,Yes,USAF,
VANDENBERG SFB,"34°44'31""N","120°34'20""W",10S GD 22255 47110,65F,65F (FINANCIAL MANAGEMENT),https://paladindanse111.github.io/AFSC-PDFs/AFSC_files/65F.html,https://paladindanse111.github.io/AFSC-PDFs/BASE_files/BASE_VANDENBERG_SFB.html,,Active Duty,Yes,USAF,
WHITEMAN AFB,"38°43'44""N","93°33'37""W",15S VC 51299 86840,65F,65F (FINANCIAL MANAGEMENT),https://paladindanse111.github.io/AFSC-PDFs/AFSC_files/65F.html,https://paladindanse111.github.io/AFSC-PDFs/BASE_files/BASE_WHITEMAN_AFB.html,,Active Duty,Yes,USAF,
WRIGHT-PATTERSON AFB,"39°48'37""N","84°01'55""W",16S GK 54072 10915,65F,65F (FINANCIAL MANAGEMENT),https://paladindanse111.github.io/AFSC-PDFs/AFSC_files/65F.html,https://paladindanse111.github.io/AFSC-PDFs/BASE_files/BASE_WRIGHT-PATTERSON_AFB.html,,Active Duty,Yes,USAF,
YOKOTA AB,"35°44'35""N","139°20'23""E",54S UE 49872 56720,65F,65F (FINANCIAL MANAGEMENT),https://paladindanse111.github.io/AFSC-PDFs/AFSC_files/65F.html,https://paladindanse111.github.io/AFSC-PDFs/BASE_files/BASE_YOKOTA_AB.html,,Active Duty,Yes,USAF,
ALI AL SALEM ABS,"29°20'48.00""N","47°31'15.00""E",,71S,71S (SPECIAL INVESTIGATIONS),https://paladindanse111.github.io/AFSC-PDFs/AFSC_files/71S.html,,,Active Duty,No,USAF,
ANDERSEN AFB,"13°33'46""N","144°55'25""E",55P BR 75307 00327,71S,71S (SPECIAL INVESTIGATIONS),https://paladindanse111.github.io/AFSC-PDFs/AFSC_files/71S.html,https://paladindanse111.github.io/AFSC-PDFs/BASE_files/BASE_ANDERSEN_AFB.html,,Active Duty,Yes,USAF,
ANDREWS JB,"38°47'46""N","76°53'00""W",18S UH 36445 95835,71S,71S (SPECIAL INVESTIGATIONS),https://paladindanse111.github.io/AFSC-PDFs/AFSC_files/71S.html,https://paladindanse111.github.io/AFSC-PDFs/BASE_files/BASE_ANDREWS_JB.html,,Active Duty,Yes,USAF,
AVIANO AB,"46°01'49""N","12°36'41""E",33T UM 15147 00185,71S,71S (SPECIAL INVESTIGATIONS),https://paladindanse111.github.io/AFSC-PDFs/AFSC_files/71S.html,https://paladindanse111.github.io/AFSC-PDFs/BASE_files/BASE_AVIANO_AB.html,,Active Duty,Yes,USAF,
BARKSDALE AFB,"32°29'45""N","93°40'21""W",15S VR 36822 95596,71S,71S (SPECIAL INVESTIGATIONS),https://paladindanse111.github.io/AFSC-PDFs/AFSC_files/71S.html,https://paladindanse111.github.io/AFSC-PDFs/BASE_files/BASE_BARKSDALE_AFB.html,,Active Duty,Yes,USAF,
BEALE AFB,"39°06'41""N","121°21'35""W",10S FJ 41815 30418,71S,71S (SPECIAL INVESTIGATIONS),https://paladindanse111.github.io/AFSC-PDFs/AFSC_files/71S.html,https://paladindanse111.github.io/AFSC-PDFs/BASE_files/BASE_BEALE_AFB.html,,Active Duty,Yes,USAF,
BUCKLEY SFB,"39°42'09""N","104°45'29""W",13S ED 20741 94766,71S,71S (SPECIAL INVESTIGATIONS),https://paladindanse111.github.io/AFSC-PDFs/AFSC_files/71S.html,https://paladindanse111.github.io/AFSC-PDFs/BASE_files/BASE_BUCKLEY_SFB.html,,Active Duty,Yes,USAF,
CANNON AFB,"34°23'20""N","103°19'05""W",13S FU 54620 06558,71S,71S (SPECIAL INVESTIGATIONS),https://paladindanse111.github.io/AFSC-PDFs/AFSC_files/71S.html,https://paladindanse111.github.io/AFSC-PDFs/BASE_files/BASE_CANNON_AFB.html,,Active Duty,Yes,USAF,
CREECH AFB,"36°34'41""N","115°39'29""W",11S PA 20060 48904,71S,71S (SPECIAL INVESTIGATIONS),https://paladindanse111.github.io/AFSC-PDFs/AFSC_files/71S.html,https://paladindanse111.github.io/AFSC-PDFs/BASE_files/BASE_CREECH_AFB.html,,Active Duty,Yes,USAF,
DAVIS-MONTHAN AFB,"32°10'14""N","110°52'39""W",12S WA 11549 59347,71S,71S (SPECIAL INVESTIGATIONS),https://paladindanse111.github.io/AFSC-PDFs/AFSC_files/71S.html,https://paladindanse111.github.io/AFSC-PDFs/BASE_files/BASE_DAVIS-MONTHAN_AFB.html,,Active Duty,Yes,USAF,
DOBBINS ARB,"33°55'10.69""N","84°30'11.59""W",16S GC 30816 56052,71S,71S (SPECIAL INVESTIGATIONS),https://paladindanse111.github.io/AFSC-PDFs/AFSC_files/71S.html,https://paladindanse111.github.io/AFSC-PDFs/WING_files/WING_DOBBINS_ARB.html,,Active Duty,Yes,USAF,
DOVER AFB,"39°07'39""N","75°28'06""W",18S VJ 59518 31029,71S,71S (SPECIAL INVESTIGATIONS),https://paladindanse111.github.io/AFSC-PDFs/AFSC_files/71S.html,https://paladindanse111.github.io/AFSC-PDFs/BASE_files/BASE_DOVER_AFB.html,,Active Duty,Yes,USAF,
DYESS AFB,"32°25'17""N","99°50'31""W",14S MA 20838 87456,71S,71S (SPECIAL INVESTIGATIONS),https://paladindanse111.github.io/AFSC-PDFs/AFSC_files/71S.html,https://paladindanse111.github.io/AFSC-PDFs/BASE_files/BASE_DYESS_AFB.html,,Active Duty,Yes,USAF,
EDWARDS AFB,"34°55'25""N","117°53'29""W",11S MU 18582 64934,71S,71S (SPECIAL INVESTIGATIONS),https://paladindanse111.github.io/AFSC-PDFs/AFSC_files/71S.html,https://paladindanse111.github.io/AFSC-PDFs/BASE_files/BASE_EDWARDS_AFB.html,,Active Duty,Yes,USAF,
EGLIN AFB,"30°27'49""N","86°33'11""W",16R EU 42905 70243,71S,71S (SPECIAL INVESTIGATIONS),https://paladindanse111.github.io/AFSC-PDFs/AFSC_files/71S.html,https://paladindanse111.github.io/AFSC-PDFs/BASE_files/BASE_EGLIN_AFB.html,,Active Duty,Yes,USAF,
ELLSWORTH AFB,"44°08'54""N","103°05'15""W",13T FJ 52951 90126,71S,71S (SPECIAL INVESTIGATIONS),https://paladindanse111.github.io/AFSC-PDFs/AFSC_files/71S.html,https://paladindanse111.github.io/AFSC-PDFs/BASE_files/BASE_ELLSWORTH_AFB.html,,Active Duty,Yes,USAF,
FE WARREN AFB,"41°08'32""N","104°52'41""W",13T EF 10233 54552,71S,71S (SPECIAL INVESTIGATIONS),https://paladindanse111.github.io/AFSC-PDFs/AFSC_files/71S.html,https://paladindanse111.github.io/AFSC-PDFs/BASE_files/BASE_FE_WARREN_AFB.html,,Active Duty,Yes,USAF,
FEDLAWENF TNG CTR TNG,"31°14'50.00""N","81°28'41.00""W",,71S,71S (SPECIAL INVESTIGATIONS),https://paladindanse111.github.io/AFSC-PDFs/AFSC_files/71S.html,,,Active Duty,No,USAF,
FT GEORGE G MEADE,"39°06'14""N","76°44'42""W",18S UJ 49113 29754,71S,71S (SPECIAL INVESTIGATIONS),https://paladindanse111.github.io/AFSC-PDFs/AFSC_files/71S.html,https://paladindanse111.github.io/AFSC-PDFs/BASE_files/BASE_FT_GEORGE_G_MEADE.html,,Active Duty,Yes,USAF,
HANSCOM AFB,"42°27'23""N","71°16'35""W",19T CH 12823 02961,71S,71S (SPECIAL INVESTIGATIONS),https://paladindanse111.github.io/AFSC-PDFs/AFSC_files/71S.html,https://paladindanse111.github.io/AFSC-PDFs/BASE_files/BASE_HANSCOM_AFB.html,,Active Duty,Yes,USAF,
HILL AFB,"41°06'36""N","111°58'56""W",12T VL 17530 51433,71S,71S (SPECIAL INVESTIGATIONS),https://paladindanse111.github.io/AFSC-PDFs/AFSC_files/71S.html,https://paladindanse111.github.io/AFSC-PDFs/BASE_files/BASE_HILL_AFB.html,,Active Duty,Yes,USAF,
HOLLOMAN AFB,"32°50'33""N","106°05'55""W",13S CS 97187 34361,71S,71S (SPECIAL INVESTIGATIONS),https://paladindanse111.github.io/AFSC-PDFs/AFSC_files/71S.html,https://paladindanse111.github.io/AFSC-PDFs/BASE_files/BASE_HOLLOMAN_AFB.html,,Active Duty,Yes,USAF,
HURLBURT FIELD,"30°25'23""N","86°41'41""W",16R EU 29317 65704,71S,71S (SPECIAL INVESTIGATIONS),https://paladindanse111.github.io/AFSC-PDFs/AFSC_files/71S.html,https://paladindanse111.github.io/AFSC-PDFs/BASE_files/BASE_HURLBURT_FIELD.html,,Active Duty,Yes,USAF,
INCIRLIK AB,"37°00'12""N","35°26'02""E",36S YF 16566 98011,71S,71S (SPECIAL INVESTIGATIONS),https://paladindanse111.github.io/AFSC-PDFs/AFSC_files/71S.html,https://paladindanse111.github.io/AFSC-PDFs/BASE_files/BASE_INCIRLIK_AB.html,,Active Duty,Yes,USAF,
JB ANACOSTIA-BOLLING,"38°50'29""N","77°01'05""W",18S UJ 24855 01110,71S,71S (SPECIAL INVESTIGATIONS),https://paladindanse111.github.io/AFSC-PDFs/AFSC_files/71S.html,https://paladindanse111.github.io/AFSC-PDFs/BASE_files/BASE_JB_ANACOSTIA-BOLLING.html,,Active Duty,Yes,USAF,
JB ELMENDORF-RICHARDSON,"61°15'44""N","149°41'53""W",6V UN 55306 94983,71S,71S (SPECIAL INVESTIGATIONS),https://paladindanse111.github.io/AFSC-PDFs/AFSC_files/71S.html,https://paladindanse111.github.io/AFSC-PDFs/BASE_files/BASE_JB_ELMENDORF-RICHARDSON.html,,Active Duty,Yes,USAF,
JB LANGLEY-EUSTIS,"37°05'00""N","76°21'33""W",18S UG 79195 04980,71S,71S (SPECIAL INVESTIGATIONS),https://paladindanse111.github.io/AFSC-PDFs/AFSC_files/71S.html,https://paladindanse111.github.io/AFSC-PDFs/BASE_files/BASE_JB_LANGLEY-EUSTIS.html,,Active Duty,Yes,USAF,
JB LEWIS-MCCHORD,"47°05'30""N","122°36'53""W",10T ET 29240 15422,71S,71S (SPECIAL INVESTIGATIONS),https://paladindanse111.github.io/AFSC-PDFs/AFSC_files/71S.html,https://paladindanse111.github.io/AFSC-PDFs/BASE_files/BASE_JB_LEWIS-MCCHORD.html,,Active Duty,Yes,USAF,
JB MCGUIRE-DIX-LAKEHURST,"40°02'15""N","74°35'18""W",18T WK 35120 32000,71S,71S (SPECIAL INVESTIGATIONS),https://paladindanse111.github.io/AFSC-PDFs/AFSC_files/71S.html,https://paladindanse111.github.io/AFSC-PDFs/BASE_files/BASE_JB_MCGUIRE-DIX-LAKEHURST.html,,Active Duty,Yes,USAF,
JB PEARL HARBOR-HICKAM,"21°20'15""N","157°57'43""W",4Q FJ 07643 59855,71S,71S (SPECIAL INVESTIGATIONS),https://paladindanse111.github.io/AFSC-PDFs/AFSC_files/71S.html,https://paladindanse111.github.io/AFSC-PDFs/BASE_files/BASE_JB_PEARL_HARBOR-HICKAM.html,,Active Duty,Yes,USAF,
JBSA LACKLAND,"29°23'14""N","98°37'16""W",14R NT 36765 50947,71S,71S (SPECIAL INVESTIGATIONS),https://paladindanse111.github.io/AFSC-PDFs/AFSC_files/71S.html,https://paladindanse111.github.io/AFSC-PDFs/BASE_files/BASE_JBSA_LACKLAND.html,,Active Duty,Yes,USAF,
JBSA RANDOLPH,"29°31'57""N","98°16'45""W",14R NT 69847 67200,71S,71S (SPECIAL INVESTIGATIONS),https://paladindanse111.github.io/AFSC-PDFs/AFSC_files/71S.html,https://paladindanse111.github.io/AFSC-PDFs/BASE_files/BASE_JBSA_RANDOLPH.html,,Active Duty,Yes,USAF,
KADENA AB,"26°21'30""N","127°46'20""E",52R CQ 77496 15950,71S,71S (SPECIAL INVESTIGATIONS),https://paladindanse111.github.io/AFSC-PDFs/AFSC_files/71S.html,https://paladindanse111.github.io/AFSC-PDFs/BASE_files/BASE_KADENA_AB.html,,Active Duty,Yes,USAF,
KEESLER AFB,"30°24'34""N","88°55'34""W",16R CU 14981 65731,71S,71S (SPECIAL INVESTIGATIONS),https://paladindanse111.github.io/AFSC-PDFs/AFSC_files/71S.html,https://paladindanse111.github.io/AFSC-PDFs/BASE_files/BASE_KEESLER_AFB.html,,Active Duty,Yes,USAF,
KIRTLAND AFB,"35°00'39""N","106°30'44""W",13S CU 62019 75289,71S,71S (SPECIAL INVESTIGATIONS),https://paladindanse111.github.io/AFSC-PDFs/AFSC_files/71S.html,https://paladindanse111.github.io/AFSC-PDFs/BASE_files/BASE_KIRTLAND_AFB.html,,Active Duty,Yes,USAF,
LASK ABS,"51°33'6.00""N","19°10'44.00""E",,71S,71S (SPECIAL INVESTIGATIONS),https://paladindanse111.github.io/AFSC-PDFs/AFSC_files/71S.html,,,Active Duty,No,USAF,
LITTLE ROCK AFB,"34°53'47""N","92°08'38""W",15S WU 78220 61887,71S,71S (SPECIAL INVESTIGATIONS),https://paladindanse111.github.io/AFSC-PDFs/AFSC_files/71S.html,https://paladindanse111.github.io/AFSC-PDFs/BASE_files/BASE_LITTLE_ROCK_AFB.html,,Active Duty,Yes,USAF,
LOS ANGELES SFB,"34°0'0.00""N","118°15'0.00""W",,71S,71S (SPECIAL INVESTIGATIONS),https://paladindanse111.github.io/AFSC-PDFs/AFSC_files/71S.html,https://paladindanse111.github.io/AFSC-PDFs/BASE_files/BASE_LOS_ANGELES_SFB.html,,Active Duty,No,USAF,
LUKE AFB,"33°32'22""N","112°22'32""W",12S UC 72284 11939,71S,71S (SPECIAL INVESTIGATIONS),https://paladindanse111.github.io/AFSC-PDFs/AFSC_files/71S.html,https://paladindanse111.github.io/AFSC-PDFs/BASE_files/BASE_LUKE_AFB.html,,Active Duty,Yes,USAF,
MACDILL AFB,"27°51'28""N","82°29'19""W",17R LL 53434 82337,71S,71S (SPECIAL INVESTIGATIONS),https://paladindanse111.github.io/AFSC-PDFs/AFSC_files/71S.html,https://paladindanse111.github.io/AFSC-PDFs/BASE_files/BASE_MACDILL_AFB.html,,Active Duty,Yes,USAF,
MALMSTROM AFB,"47°30'17""N","111°10'56""W",12T VT 86277 61270,71S,71S (SPECIAL INVESTIGATIONS),https://paladindanse111.github.io/AFSC-PDFs/AFSC_files/71S.html,https://paladindanse111.github.io/AFSC-PDFs/BASE_files/BASE_MALMSTROM_AFB.html,,Active Duty,Yes,USAF,
MAXWELL-GUNTER AFB,"32°22'43""N","86°21'44""W",16S EA 59993 82581,71S,71S (SPECIAL INVESTIGATIONS),https://paladindanse111.github.io/AFSC-PDFs/AFSC_files/71S.html,https://paladindanse111.github.io/AFSC-PDFs/BASE_files/BASE_MAXWELL-GUNTER_AFB.html,,Active Duty,Yes,USAF,
MCCONNELL AFB,"37°37'51""N","97°15'06""W",14S PG 54271 66293,71S,71S (SPECIAL INVESTIGATIONS),https://paladindanse111.github.io/AFSC-PDFs/AFSC_files/71S.html,https://paladindanse111.github.io/AFSC-PDFs/BASE_files/BASE_MCCONNELL_AFB.html,,Active Duty,Yes,USAF,
MILDENHALL RAF,"52°21'45""N","0°30'14""E",31U CU 30041 04290,71S,71S (SPECIAL INVESTIGATIONS),https://paladindanse111.github.io/AFSC-PDFs/AFSC_files/71S.html,https://paladindanse111.github.io/AFSC-PDFs/BASE_files/BASE_MILDENHALL_RAF.html,,Active Duty,Yes,USAF,
MINOT AFB,"48°25'13""N","101°19'36""W",14U LU 27861 65629,71S,71S (SPECIAL INVESTIGATIONS),https://paladindanse111.github.io/AFSC-PDFs/AFSC_files/71S.html,https://paladindanse111.github.io/AFSC-PDFs/BASE_files/BASE_MINOT_AFB.html,,Active Duty,Yes,USAF,
MISAWA AB,"40°41'55""N","141°22'28""E",54T WL 31634 05368,71S,71S (SPECIAL INVESTIGATIONS),https://paladindanse111.github.io/AFSC-PDFs/AFSC_files/71S.html,https://paladindanse111.github.io/AFSC-PDFs/BASE_files/BASE_MISAWA_AB.html,,Active Duty,Yes,USAF,
MOODY AFB,"30°58'12""N","83°11'47""W",17R KQ 90229 28346,71S,71S (SPECIAL INVESTIGATIONS),https://paladindanse111.github.io/AFSC-PDFs/AFSC_files/71S.html,https://paladindanse111.github.io/AFSC-PDFs/BASE_files/BASE_MOODY_AFB.html,,Active Duty,Yes,USAF,
MOUNTAIN HOME AFB,"43°03'59""N","115°51'18""W",11T NH 93226 68823,71S,71S (SPECIAL INVESTIGATIONS),https://paladindanse111.github.io/AFSC-PDFs/AFSC_files/71S.html,https://paladindanse111.github.io/AFSC-PDFs/BASE_files/BASE_MOUNTAIN_HOME_AFB.html,,Active Duty,Yes,USAF,
NELLIS AFB,"36°14'25""N","115°03'14""W",11S PA 74874 12355,71S,71S (SPECIAL INVESTIGATIONS),https://paladindanse111.github.io/AFSC-PDFs/AFSC_files/71S.html,https://paladindanse111.github.io/AFSC-PDFs/BASE_files/BASE_NELLIS_AFB.html,,Active Duty,Yes,USAF,
OFFUTT AFB,"41°07'25""N","95°54'52""W",15T TF 55334 56573,71S,71S (SPECIAL INVESTIGATIONS),https://paladindanse111.github.io/AFSC-PDFs/AFSC_files/71S.html,https://paladindanse111.github.io/AFSC-PDFs/BASE_files/BASE_OFFUTT_AFB.html,,Active Duty,Yes,USAF,
OSAN AB,"37°05'19""N","127°01'50""E",52S CG 24960 06516,71S,71S (SPECIAL INVESTIGATIONS),https://paladindanse111.github.io/AFSC-PDFs/AFSC_files/71S.html,https://paladindanse111.github.io/AFSC-PDFs/BASE_files/BASE_OSAN_AB.html,,Active Duty,Yes,USAF,
PATRICK SFB,"28°14'21""N","80°36'26""W",17R NM 38533 23759,71S,71S (SPECIAL INVESTIGATIONS),https://paladindanse111.github.io/AFSC-PDFs/AFSC_files/71S.html,https://paladindanse111.github.io/AFSC-PDFs/BASE_files/BASE_PATRICK_SFB.html,,Active Duty,Yes,USAF,
PENTAGON,"38°52'15""N","77°03'21""W",18S UJ 21650 04451,71S,71S (SPECIAL INVESTIGATIONS),https://paladindanse111.github.io/AFSC-PDFs/AFSC_files/71S.html,https://paladindanse111.github.io/AFSC-PDFs/BASE_files/BASE_PENTAGON.html,,Active Duty,Yes,USAF,
PETERSON SFB,"38°49'32""N","104°41'58""W",13S EC 26089 97461,71S,71S (SPECIAL INVESTIGATIONS),https://paladindanse111.github.io/AFSC-PDFs/AFSC_files/71S.html,https://paladindanse111.github.io/AFSC-PDFs/BASE_files/BASE_PETERSON_SFB.html,,Active Duty,Yes,USAF,
POPE AAF,"35°10'16""N","79°01'02""W",17S PU 80566 93819,71S,71S (SPECIAL INVESTIGATIONS),https://paladindanse111.github.io/AFSC-PDFs/AFSC_files/71S.html,https://paladindanse111.github.io/AFSC-PDFs/BASE_files/BASE_POPE_AAF.html,,Active Duty,Yes,USAF,
RAMSTEIN AB,"49°26'23""N","7°35'47""E",32U LV 98244 77286,71S,71S (SPECIAL INVESTIGATIONS),https://paladindanse111.github.io/AFSC-PDFs/AFSC_files/71S.html,https://paladindanse111.github.io/AFSC-PDFs/BASE_files/BASE_RAMSTEIN_AB.html.html,,Active Duty,Yes,USAF,
RKB-QUANTICO MGI,"38°30'34.00""N","77°23'21.00""W",,71S,71S (SPECIAL INVESTIGATIONS),https://paladindanse111.github.io/AFSC-PDFs/AFSC_files/71S.html,,,Active Duty,No,USAF,
ROBINS AFB,"32°38'23""N","83°35'30""W",17S KS 56883 14314,71S,71S (SPECIAL INVESTIGATIONS),https://paladindanse111.github.io/AFSC-PDFs/AFSC_files/71S.html,https://paladindanse111.github.io/AFSC-PDFs/BASE_files/BASE_ROBINS_AFB.html,,Active Duty,Yes,USAF,
SCOTT AFB,"38°32'29""N","89°51'18""W",16S BH 51169 69750,71S,71S (SPECIAL INVESTIGATIONS),https://paladindanse111.github.io/AFSC-PDFs/AFSC_files/71S.html,https://paladindanse111.github.io/AFSC-PDFs/BASE_files/BASE_SCOTT_AFB.html,,Active Duty,Yes,USAF,
SHAW AFB,"33°58'02""N","80°29'05""W",17S NT 47603 58641,71S,71S (SPECIAL INVESTIGATIONS),https://paladindanse111.github.io/AFSC-PDFs/AFSC_files/71S.html,https://paladindanse111.github.io/AFSC-PDFs/BASE_files/BASE_SHAW_AFB.html,,Active Duty,Yes,USAF,
SHEPPARD AFB,"33°58'06""N","98°30'38""W",14S NC 45216 58752,71S,71S (SPECIAL INVESTIGATIONS),https://paladindanse111.github.io/AFSC-PDFs/AFSC_files/71S.html,https://paladindanse111.github.io/AFSC-PDFs/BASE_files/BASE_SHEPPARD_AFB.html,,Active Duty,Yes,USAF,
SPANGDAHLEM AB,"49°59'38""N","6°41'55""E",32U LA 35052 40489,71S,71S (SPECIAL INVESTIGATIONS),https://paladindanse111.github.io/AFSC-PDFs/AFSC_files/71S.html,https://paladindanse111.github.io/AFSC-PDFs/BASE_files/BASE_SPANGDAHLEM_AB.html,,Active Duty,Yes,USAF,
TINKER AFB,"35°25'09""N","97°24'15""W",14S PE 44882 20698,71S,71S (SPECIAL INVESTIGATIONS),https://paladindanse111.github.io/AFSC-PDFs/AFSC_files/71S.html,https://paladindanse111.github.io/AFSC-PDFs/BASE_files/BASE_TINKER_AFB.html,,Active Duty,Yes,USAF,
TRAVIS AFB,"38°16'09""N","121°56'51""W",10S EH 92069 36204,71S,71S (SPECIAL INVESTIGATIONS),https://paladindanse111.github.io/AFSC-PDFs/AFSC_files/71S.html,https://paladindanse111.github.io/AFSC-PDFs/BASE_files/BASE_TRAVIS_AFB.html,,Active Duty,Yes,USAF,
TYNDALL AFB,"30°04'47""N","85°36'26""W",16R FU 34229 28437,71S,71S (SPECIAL INVESTIGATIONS),https://paladindanse111.github.io/AFSC-PDFs/AFSC_files/71S.html,https://paladindanse111.github.io/AFSC-PDFs/BASE_files/BASE_TYNDALL_AFB.html,,Active Duty,Yes,USAF,
USAF ACADEMY,"39°0'0.00""N","104°52'60.00""W",,71S,71S (SPECIAL INVESTIGATIONS),https://paladindanse111.github.io/AFSC-PDFs/AFSC_files/71S.html,https://paladindanse111.github.io/AFSC-PDFs/BASE_files/BASE_USAF_ACADEMY.html,,Active Duty,No,USAF,
VANDENBERG SFB,"34°44'31""N","120°34'20""W",10S GD 22255 47110,71S,71S (SPECIAL INVESTIGATIONS),https://paladindanse111.github.io/AFSC-PDFs/AFSC_files/71S.html,https://paladindanse111.github.io/AFSC-PDFs/BASE_files/BASE_VANDENBERG_SFB.html,,Active Duty,Yes,USAF,
VOGELWEH CANTONMT AIN,"49°25'60.00""N","7°43'0.00""E",,71S,71S (SPECIAL INVESTIGATIONS),https://paladindanse111.github.io/AFSC-PDFs/AFSC_files/71S.html,,,Active Duty,No,USAF,
WHITEMAN AFB,"38°43'44""N","93°33'37""W",15S VC 51299 86840,71S,71S (SPECIAL INVESTIGATIONS),https://paladindanse111.github.io/AFSC-PDFs/AFSC_files/71S.html,https://paladindanse111.github.io/AFSC-PDFs/BASE_files/BASE_WHITEMAN_AFB.html,,Active Duty,Yes,USAF,
WRIGHT-PATTERSON AFB,"39°48'37""N","84°01'55""W",16S GK 54072 10915,71S,71S (SPECIAL INVESTIGATIONS),https://paladindanse111.github.io/AFSC-PDFs/AFSC_files/71S.html,https://paladindanse111.github.io/AFSC-PDFs/BASE_files/BASE_WRIGHT-PATTERSON_AFB.html,,Active Duty,Yes,USAF,
YOKOTA AB,"35°44'35""N","139°20'23""E",54S UE 49872 56720,71S,71S (SPECIAL INVESTIGATIONS),https://paladindanse111.github.io/AFSC-PDFs/AFSC_files/71S.html,https://paladindanse111.github.io/AFSC-PDFs/BASE_files/BASE_YOKOTA_AB.html,,Active Duty,Yes,USAF,
COLUMBUS AFB,"33°37'38""N","88°26'51""W",16S CC 65739 21763,92T0,92T0 (PILOT - UPT),https://paladindanse111.github.io/AFSC-PDFs/AFSC_files/92T0.html,https://paladindanse111.github.io/AFSC-PDFs/BASE_files/BASE_COLUMBUS_AFB.html,,Active Duty,Yes,USAF,
LAUGHLIN AFB,"29°21'21""N","100°46'58""W",14R LT 26940 48730,92T0,92T0 (PILOT - UPT),https://paladindanse111.github.io/AFSC-PDFs/AFSC_files/92T0.html,https://paladindanse111.github.io/AFSC-PDFs/BASE_files/BASE_LAUGHLIN_AFB.html,,Active Duty,Yes,USAF,
VANCE AFB,"36°20'21""N","97°54'47""W",14S NF 97544 22116,92T0,92T0 (PILOT - UPT),https://paladindanse111.github.io/AFSC-PDFs/AFSC_files/92T0.html,https://paladindanse111.github.io/AFSC-PDFs/BASE_files/BASE_VANCE_AFB.html,,Active Duty,Yes,USAF,
SHEPPARD AFB,"33°58'06""N","98°30'38""W",14S NC 45216 58752,92T0E,92T0E (PILOT - EURO-NATO),https://paladindanse111.github.io/AFSC-PDFs/AFSC_files/92T0.html,https://paladindanse111.github.io/AFSC-PDFs/BASE_files/BASE_SHEPPARD_AFB.html,,Active Duty,Yes,USAF,
FT RUCKER,"31°20'23""N","85°42'55""W",16R FV 22215 67965,92T0H,92T0H (PILOT - HELICOPTER),https://paladindanse111.github.io/AFSC-PDFs/AFSC_files/92T0.html,https://paladindanse111.github.io/AFSC-PDFs/BASE_files/BASE_FT_RUCKER.html,,Active Duty,Yes,USAF,
PENSACOLA NAS,"30° 21' 10""N","87° 16' 5""W",16R DU 74238 57907,92T1,92T1 (COMBAT SYSTEMS OFFICER),https://paladindanse111.github.io/AFSC-PDFs/AFSC_files/12XX.html,https://paladindanse111.github.io/AFSC-PDFs/BASE_files/BASE_PENSACOLA_NAS.html,,Active Duty,Yes,USAF,
TYNDALL AFB,"30°04'47""N","85°36'26""W",16R FU 34229 28437,92T2,92T2 (AIR BATTLE MANAGER),https://paladindanse111.github.io/AFSC-PDFs/AFSC_files/13B.html,https://paladindanse111.github.io/AFSC-PDFs/BASE_files/BASE_TYNDALL_AFB.html,,Active Duty,Yes,USAF,
JBSA RANDOLPH,"29°31'57""N","98°16'45""W",14R NT 69847 67200,92T3,92T3 (RPA PILOT),https://paladindanse111.github.io/AFSC-PDFs/AFSC_files/18XX.html,https://paladindanse111.github.io/AFSC-PDFs/BASE_files/BASE_JBSA_RANDOLPH.html,,Active Duty,Yes,USAF,
ABBOTSFORD IAP,"49°1'9.00""N","122°22'48.00""W",,PILOT,PILOT (11X),https://paladindanse111.github.io/AFSC-PDFs/AFSC_files/11XX.html,,C-130J,Active Duty,No,USAF,
ALTUS AFB,"34°39'18""N","99°17'04""W",14S MD 73935 34821,PILOT,PILOT (11X),https://paladindanse111.github.io/AFSC-PDFs/AFSC_files/11XX.html,https://paladindanse111.github.io/AFSC-PDFs/BASE_files/BASE_ALTUS_AFB.html,,Active Duty,Yes,USAF,
ALTUS AFB,"34°39'18""N","99°17'04""W",14S MD 73935 34821,PILOT,PILOT (11X),https://paladindanse111.github.io/AFSC-PDFs/AFSC_files/11XX.html,https://paladindanse111.github.io/AFSC-PDFs/BASE_files/BASE_ALTUS_AFB.html,C-17,Active Duty,Yes,USAF,
ALTUS AFB,"34°39'18""N","99°17'04""W",14S MD 73935 34821,PILOT,PILOT (11X),https://paladindanse111.github.io/AFSC-PDFs/AFSC_files/11XX.html,https://paladindanse111.github.io/AFSC-PDFs/BASE_files/BASE_ALTUS_AFB.html,KC-135,Active Duty,Yes,USAF,
ALTUS AFB,"34°39'18""N","99°17'04""W",14S MD 73935 34821,PILOT,PILOT (11X),https://paladindanse111.github.io/AFSC-PDFs/AFSC_files/11XX.html,https://paladindanse111.github.io/AFSC-PDFs/BASE_files/BASE_ALTUS_AFB.html,KC-46,Active Duty,Yes,USAF,
ANDERSEN AFB,"13°33'46""N","144°55'25""E",55P BR 75307 00327,PILOT,PILOT (11X),https://paladindanse111.github.io/AFSC-PDFs/AFSC_files/11XX.html,https://paladindanse111.github.io/AFSC-PDFs/BASE_files/BASE_ANDERSEN_AFB.html,,Active Duty,Yes,USAF,
ANDREWS JB,"38°47'46""N","76°53'00""W",18S UH 36445 95835,PILOT,PILOT (11X),https://paladindanse111.github.io/AFSC-PDFs/AFSC_files/11XX.html,https://paladindanse111.github.io/AFSC-PDFs/BASE_files/BASE_ANDREWS_JB.html,,Active Duty,Yes,USAF,
ANDREWS JB,"38°47'46""N","76°53'00""W",18S UH 36445 95835,PILOT,PILOT (11X),https://paladindanse111.github.io/AFSC-PDFs/AFSC_files/11XX.html,https://paladindanse111.github.io/AFSC-PDFs/BASE_files/BASE_ANDREWS_JB.html,C-32,Active Duty,Yes,USAF,
ANDREWS JB,"38°47'46""N","76°53'00""W",18S UH 36445 95835,PILOT,PILOT (11X),https://paladindanse111.github.io/AFSC-PDFs/AFSC_files/11XX.html,https://paladindanse111.github.io/AFSC-PDFs/BASE_files/BASE_ANDREWS_JB.html,C-37,Active Duty,Yes,USAF,
ANDREWS JB,"38°47'46""N","76°53'00""W",18S UH 36445 95835,PILOT,PILOT (11X),https://paladindanse111.github.io/AFSC-PDFs/AFSC_files/11XX.html,https://paladindanse111.github.io/AFSC-PDFs/BASE_files/BASE_ANDREWS_JB.html,C-40,Active Duty,Yes,USAF,
ANDREWS JB,"38°47'46""N","76°53'00""W",18S UH 36445 95835,PILOT,PILOT (11X),https://paladindanse111.github.io/AFSC-PDFs/AFSC_files/11XX.html,https://paladindanse111.github.io/AFSC-PDFs/BASE_files/BASE_ANDREWS_JB.html,F-16,Active Duty,Yes,USAF,
ANDREWS JB,"38°47'46""N","76°53'00""W",18S UH 36445 95835,PILOT,PILOT (11X),https://paladindanse111.github.io/AFSC-PDFs/AFSC_files/11XX.html,https://paladindanse111.github.io/AFSC-PDFs/BASE_files/BASE_ANDREWS_JB.html,UH-1N,Active Duty,Yes,USAF,
ATLANTIC CITY MUN CAP,"39°21'36.00""N","74°27'22.00""W",,PILOT,PILOT (11X),https://paladindanse111.github.io/AFSC-PDFs/AFSC_files/11XX.html,,F-16,Active Duty,No,USAF,
ATSUGI NYI,"35°27'0.00""N","139°27'12.00""E",,PILOT,PILOT (11X),https://paladindanse111.github.io/AFSC-PDFs/AFSC_files/11XX.html,,,Active Duty,No,USAF,
AVIANO AB,"46°01'49""N","12°36'41""E",33T UM 15147 00185,PILOT,PILOT (11X),https://paladindanse111.github.io/AFSC-PDFs/AFSC_files/11XX.html,https://paladindanse111.github.io/AFSC-PDFs/BASE_files/BASE_AVIANO_AB.html,F-16,Active Duty,Yes,USAF,
AVIANO AB,"46°01'49""N","12°36'41""E",33T UM 15147 00185,PILOT,PILOT (11X),https://paladindanse111.github.io/AFSC-PDFs/AFSC_files/11XX.html,https://paladindanse111.github.io/AFSC-PDFs/BASE_files/BASE_AVIANO_AB.html,HH-60,Active Duty,Yes,USAF,
BARKSDALE AFB,"32°29'45""N","93°40'21""W",15S VR 36822 95596,PILOT,PILOT (11X),https://paladindanse111.github.io/AFSC-PDFs/AFSC_files/11XX.html,https://paladindanse111.github.io/AFSC-PDFs/BASE_files/BASE_BARKSDALE_AFB.html,,Active Duty,Yes,USAF,
BARKSDALE AFB,"32°29'45""N","93°40'21""W",15S VR 36822 95596,PILOT,PILOT (11X),https://paladindanse111.github.io/AFSC-PDFs/AFSC_files/11XX.html,https://paladindanse111.github.io/AFSC-PDFs/BASE_files/BASE_BARKSDALE_AFB.html,B-52,Active Duty,Yes,USAF,
BARKSDALE AFB,"32°29'45""N","93°40'21""W",15S VR 36822 95596,PILOT,PILOT (11X),https://paladindanse111.github.io/AFSC-PDFs/AFSC_files/11XX.html,https://paladindanse111.github.io/AFSC-PDFs/BASE_files/BASE_BARKSDALE_AFB.html,UH-1N,Active Duty,Yes,USAF,
BEALE AFB,"39°06'41""N","121°21'35""W",10S FJ 41815 30418,PILOT,PILOT (11X),https://paladindanse111.github.io/AFSC-PDFs/AFSC_files/11XX.html,https://paladindanse111.github.io/AFSC-PDFs/BASE_files/BASE_BEALE_AFB.html,,Active Duty,Yes,USAF,
BEALE AFB,"39°06'41""N","121°21'35""W",10S FJ 41815 30418,PILOT,PILOT (11X),https://paladindanse111.github.io/AFSC-PDFs/AFSC_files/11XX.html,https://paladindanse111.github.io/AFSC-PDFs/BASE_files/BASE_BEALE_AFB.html,T-38,Active Duty,Yes,USAF,
BEALE AFB,"39°06'41""N","121°21'35""W",10S FJ 41815 30418,PILOT,PILOT (11X),https://paladindanse111.github.io/AFSC-PDFs/AFSC_files/11XX.html,https://paladindanse111.github.io/AFSC-PDFs/BASE_files/BASE_BEALE_AFB.html,U-2,Active Duty,Yes,USAF,
BOSCOMBE DOWN ABS,"51°9'8.00""N","1°44'51.00""W",,PILOT,PILOT (11X),https://paladindanse111.github.io/AFSC-PDFs/AFSC_files/11XX.html,,,Active Duty,No,USAF,
BUCKLEY SFB,"39°42'09""N","104°45'29""W",13S ED 20741 94766,PILOT,PILOT (11X),https://paladindanse111.github.io/AFSC-PDFs/AFSC_files/11XX.html,https://paladindanse111.github.io/AFSC-PDFs/BASE_files/BASE_BUCKLEY_SFB.html,F-16,Active Duty,Yes,USAF,
BURLINGTON IAP,"44°28'19.00""N","73°9'12.00""W",,PILOT,PILOT (11X),https://paladindanse111.github.io/AFSC-PDFs/AFSC_files/11XX.html,,F-35,Active Duty,No,USAF,
CAMP H M SMITH ADM,"21°19'9.00""N","157°55'46.00""W",,PILOT,PILOT (11X),https://paladindanse111.github.io/AFSC-PDFs/AFSC_files/11XX.html,,,Active Duty,No,USAF,
CANNON AFB,"34°23'20""N","103°19'05""W",13S FU 54620 06558,PILOT,PILOT (11X),https://paladindanse111.github.io/AFSC-PDFs/AFSC_files/11XX.html,https://paladindanse111.github.io/AFSC-PDFs/BASE_files/BASE_CANNON_AFB.html,,Active Duty,Yes,USAF,
CANNON AFB,"34°23'20""N","103°19'05""W",13S FU 54620 06558,PILOT,PILOT (11X),https://paladindanse111.github.io/AFSC-PDFs/AFSC_files/11XX.html,https://paladindanse111.github.io/AFSC-PDFs/BASE_files/BASE_CANNON_AFB.html,C-130J,Active Duty,Yes,USAF,
CANNON AFB,"34°23'20""N","103°19'05""W",13S FU 54620 06558,PILOT,PILOT (11X),https://paladindanse111.github.io/AFSC-PDFs/AFSC_files/11XX.html,https://paladindanse111.github.io/AFSC-PDFs/BASE_files/BASE_CANNON_AFB.html,CV-22,Active Duty,Yes,USAF,
CANNON AFB,"34°23'20""N","103°19'05""W",13S FU 54620 06558,PILOT,PILOT (11X),https://paladindanse111.github.io/AFSC-PDFs/AFSC_files/11XX.html,https://paladindanse111.github.io/AFSC-PDFs/BASE_files/BASE_CANNON_AFB.html,U-2,Active Duty,Yes,USAF,
COLUMBUS AFB,"33°37'38""N","88°26'51""W",16S CC 65739 21763,PILOT,PILOT (11X),https://paladindanse111.github.io/AFSC-PDFs/AFSC_files/11XX.html,https://paladindanse111.github.io/AFSC-PDFs/BASE_files/BASE_COLUMBUS_AFB.html,,Active Duty,Yes,USAF,
COLUMBUS AFB,"33°37'38""N","88°26'51""W",16S CC 65739 21763,PILOT,PILOT (11X),https://paladindanse111.github.io/AFSC-PDFs/AFSC_files/11XX.html,https://paladindanse111.github.io/AFSC-PDFs/BASE_files/BASE_COLUMBUS_AFB.html,T-1,Active Duty,Yes,USAF,
COLUMBUS AFB,"33°37'38""N","88°26'51""W",16S CC 65739 21763,PILOT,PILOT (11X),https://paladindanse111.github.io/AFSC-PDFs/AFSC_files/11XX.html,https://paladindanse111.github.io/AFSC-PDFs/BASE_files/BASE_COLUMBUS_AFB.html,T-38,Active Duty,Yes,USAF,
COLUMBUS AFB,"33°37'38""N","88°26'51""W",16S CC 65739 21763,PILOT,PILOT (11X),https://paladindanse111.github.io/AFSC-PDFs/AFSC_files/11XX.html,https://paladindanse111.github.io/AFSC-PDFs/BASE_files/BASE_COLUMBUS_AFB.html,T-6,Active Duty,Yes,USAF,
COLUMBUS AFB,"33°37'38""N","88°26'51""W",16S CC 65739 21763,PILOT,PILOT (11X),https://paladindanse111.github.io/AFSC-PDFs/AFSC_files/11XX.html,https://paladindanse111.github.io/AFSC-PDFs/BASE_files/BASE_COLUMBUS_AFB.html,T-7,Active Duty,Yes,USAF,
CP LEJEUNE MGI,"34°40'0.00""N","77°19'60.00""W",,PILOT,PILOT (11X),https://paladindanse111.github.io/AFSC-PDFs/AFSC_files/11XX.html,,,Active Duty,No,USAF,
DAM NECK TNG,"36°49'60.00""N","76°0'0.00""W",,PILOT,PILOT (11X),https://paladindanse111.github.io/AFSC-PDFs/AFSC_files/11XX.html,,,Active Duty,No,USAF,
DAVIS-MONTHAN AFB,"32°10'14""N","110°52'39""W",12S WA 11549 59347,PILOT,PILOT (11X),https://paladindanse111.github.io/AFSC-PDFs/AFSC_files/11XX.html,https://paladindanse111.github.io/AFSC-PDFs/BASE_files/BASE_DAVIS-MONTHAN_AFB.html,,Active Duty,Yes,USAF,
DAVIS-MONTHAN AFB,"32°10'14""N","110°52'39""W",12S WA 11549 59347,PILOT,PILOT (11X),https://paladindanse111.github.io/AFSC-PDFs/AFSC_files/11XX.html,https://paladindanse111.github.io/AFSC-PDFs/BASE_files/BASE_DAVIS-MONTHAN_AFB.html,A-10,Active Duty,Yes,USAF,
DAVIS-MONTHAN AFB,"32°10'14""N","110°52'39""W",12S WA 11549 59347,PILOT,PILOT (11X),https://paladindanse111.github.io/AFSC-PDFs/AFSC_files/11XX.html,https://paladindanse111.github.io/AFSC-PDFs/BASE_files/BASE_DAVIS-MONTHAN_AFB.html,C-130J,Active Duty,Yes,USAF,
DAVIS-MONTHAN AFB,"32°10'14""N","110°52'39""W",12S WA 11549 59347,PILOT,PILOT (11X),https://paladindanse111.github.io/AFSC-PDFs/AFSC_files/11XX.html,https://paladindanse111.github.io/AFSC-PDFs/BASE_files/BASE_DAVIS-MONTHAN_AFB.html,C-21,Active Duty,Yes,USAF,
DAVIS-MONTHAN AFB,"32°10'14""N","110°52'39""W",12S WA 11549 59347,PILOT,PILOT (11X),https://paladindanse111.github.io/AFSC-PDFs/AFSC_files/11XX.html,https://paladindanse111.github.io/AFSC-PDFs/BASE_files/BASE_DAVIS-MONTHAN_AFB.html,EC-130,Active Duty,Yes,USAF,
DAVIS-MONTHAN AFB,"32°10'14""N","110°52'39""W",12S WA 11549 59347,PILOT,PILOT (11X),https://paladindanse111.github.io/AFSC-PDFs/AFSC_files/11XX.html,https://paladindanse111.github.io/AFSC-PDFs/BASE_files/BASE_DAVIS-MONTHAN_AFB.html,HH-60,Active Duty,Yes,USAF,
DOVER AFB,"39°07'39""N","75°28'06""W",18S VJ 59518 31029,PILOT,PILOT (11X),https://paladindanse111.github.io/AFSC-PDFs/AFSC_files/11XX.html,https://paladindanse111.github.io/AFSC-PDFs/BASE_files/BASE_DOVER_AFB.html,,Active Duty,Yes,USAF,
DOVER AFB,"39°07'39""N","75°28'06""W",18S VJ 59518 31029,PILOT,PILOT (11X),https://paladindanse111.github.io/AFSC-PDFs/AFSC_files/11XX.html,https://paladindanse111.github.io/AFSC-PDFs/BASE_files/BASE_DOVER_AFB.html,C-17,Active Duty,Yes,USAF,
DOVER AFB,"39°07'39""N","75°28'06""W",18S VJ 59518 31029,PILOT,PILOT (11X),https://paladindanse111.github.io/AFSC-PDFs/AFSC_files/11XX.html,https://paladindanse111.github.io/AFSC-PDFs/BASE_files/BASE_DOVER_AFB.html,C-5,Active Duty,Yes,USAF,
DUKE FIELD,"30°38'39.32""N","86°31'42.41""W",16R EU 45183 90272,PILOT,PILOT (11X),https://paladindanse111.github.io/AFSC-PDFs/AFSC_files/11XX.html,https://paladindanse111.github.io/AFSC-PDFs/WING_files/WING_DUKE_FIELD.html,,Active Duty,Yes,USAF,
DUKE FIELD,"30°38'39.32""N","86°31'42.41""W",16R EU 45183 90272,PILOT,PILOT (11X),https://paladindanse111.github.io/AFSC-PDFs/AFSC_files/11XX.html,https://paladindanse111.github.io/AFSC-PDFs/WING_files/WING_DUKE_FIELD.html,C-130J,Active Duty,Yes,USAF,
DUKE FIELD,"30°38'39.32""N","86°31'42.41""W",16R EU 45183 90272,PILOT,PILOT (11X),https://paladindanse111.github.io/AFSC-PDFs/AFSC_files/11XX.html,https://paladindanse111.github.io/AFSC-PDFs/WING_files/WING_DUKE_FIELD.html,U-2,Active Duty,Yes,USAF,
DULUTH INTL JAP,"46°50'32.00""N","92°11'37.00""W",,PILOT,PILOT (11X),https://paladindanse111.github.io/AFSC-PDFs/AFSC_files/11XX.html,,F-16,Active Duty,No,USAF,
DYESS AFB,"32°25'17""N","99°50'31""W",14S MA 20838 87456,PILOT,PILOT (11X),https://paladindanse111.github.io/AFSC-PDFs/AFSC_files/11XX.html,https://paladindanse111.github.io/AFSC-PDFs/BASE_files/BASE_DYESS_AFB.html,,Active Duty,Yes,USAF,
DYESS AFB,"32°25'17""N","99°50'31""W",14S MA 20838 87456,PILOT,PILOT (11X),https://paladindanse111.github.io/AFSC-PDFs/AFSC_files/11XX.html,https://paladindanse111.github.io/AFSC-PDFs/BASE_files/BASE_DYESS_AFB.html,B-1,Active Duty,Yes,USAF,
DYESS AFB,"32°25'17""N","99°50'31""W",14S MA 20838 87456,PILOT,PILOT (11X),https://paladindanse111.github.io/AFSC-PDFs/AFSC_files/11XX.html,https://paladindanse111.github.io/AFSC-PDFs/BASE_files/BASE_DYESS_AFB.html,C-130J,Active Duty,Yes,USAF,
EBBING ANGB,"35°20'20.84""N","94°22'15.13""W",15S UV 75420 11513,PILOT,PILOT (11X),https://paladindanse111.github.io/AFSC-PDFs/AFSC_files/11XX.html,https://paladindanse111.github.io/AFSC-PDFs/WING_files/WING_EBBING_ANGB.html,F-16,Active Duty,Yes,USAF,
EBBING ANGB,"35°20'20.84""N","94°22'15.13""W",15S UV 75420 11513,PILOT,PILOT (11X),https://paladindanse111.github.io/AFSC-PDFs/AFSC_files/11XX.html,https://paladindanse111.github.io/AFSC-PDFs/WING_files/WING_EBBING_ANGB.html,F-35,Active Duty,Yes,USAF,
EDWARDS AFB,"34°55'25""N","117°53'29""W",11S MU 18582 64934,PILOT,PILOT (11X),https://paladindanse111.github.io/AFSC-PDFs/AFSC_files/11XX.html,https://paladindanse111.github.io/AFSC-PDFs/BASE_files/BASE_EDWARDS_AFB.html,,Active Duty,Yes,USAF,
EDWARDS AFB,"34°55'25""N","117°53'29""W",11S MU 18582 64934,PILOT,PILOT (11X),https://paladindanse111.github.io/AFSC-PDFs/AFSC_files/11XX.html,https://paladindanse111.github.io/AFSC-PDFs/BASE_files/BASE_EDWARDS_AFB.html,B-1,Active Duty,Yes,USAF,
EDWARDS AFB,"34°55'25""N","117°53'29""W",11S MU 18582 64934,PILOT,PILOT (11X),https://paladindanse111.github.io/AFSC-PDFs/AFSC_files/11XX.html,https://paladindanse111.github.io/AFSC-PDFs/BASE_files/BASE_EDWARDS_AFB.html,B-2,Active Duty,Yes,USAF,
EDWARDS AFB,"34°55'25""N","117°53'29""W",11S MU 18582 64934,PILOT,PILOT (11X),https://paladindanse111.github.io/AFSC-PDFs/AFSC_files/11XX.html,https://paladindanse111.github.io/AFSC-PDFs/BASE_files/BASE_EDWARDS_AFB.html,B-52,Active Duty,Yes,USAF,
EDWARDS AFB,"34°55'25""N","117°53'29""W",11S MU 18582 64934,PILOT,PILOT (11X),https://paladindanse111.github.io/AFSC-PDFs/AFSC_files/11XX.html,https://paladindanse111.github.io/AFSC-PDFs/BASE_files/BASE_EDWARDS_AFB.html,C-12,Active Duty,Yes,USAF,
EDWARDS AFB,"34°55'25""N","117°53'29""W",11S MU 18582 64934,PILOT,PILOT (11X),https://paladindanse111.github.io/AFSC-PDFs/AFSC_files/11XX.html,https://paladindanse111.github.io/AFSC-PDFs/BASE_files/BASE_EDWARDS_AFB.html,C-17,Active Duty,Yes,USAF,
EDWARDS AFB,"34°55'25""N","117°53'29""W",11S MU 18582 64934,PILOT,PILOT (11X),https://paladindanse111.github.io/AFSC-PDFs/AFSC_files/11XX.html,https://paladindanse111.github.io/AFSC-PDFs/BASE_files/BASE_EDWARDS_AFB.html,F-16,Active Duty,Yes,USAF,
EDWARDS AFB,"34°55'25""N","117°53'29""W",11S MU 18582 64934,PILOT,PILOT (11X),https://paladindanse111.github.io/AFSC-PDFs/AFSC_files/11XX.html,https://paladindanse111.github.io/AFSC-PDFs/BASE_files/BASE_EDWARDS_AFB.html,KC-46,Active Duty,Yes,USAF,
EGLIN AFB,"30°27'49""N","86°33'11""W",16R EU 42905 70243,PILOT,PILOT (11X),https://paladindanse111.github.io/AFSC-PDFs/AFSC_files/11XX.html,https://paladindanse111.github.io/AFSC-PDFs/BASE_files/BASE_EGLIN_AFB.html,,Active Duty,Yes,USAF,
EGLIN AFB,"30°27'49""N","86°33'11""W",16R EU 42905 70243,PILOT,PILOT (11X),https://paladindanse111.github.io/AFSC-PDFs/AFSC_files/11XX.html,https://paladindanse111.github.io/AFSC-PDFs/BASE_files/BASE_EGLIN_AFB.html,B-1,Active Duty,Yes,USAF,
EGLIN AFB,"30°27'49""N","86°33'11""W",16R EU 42905 70243,PILOT,PILOT (11X),https://paladindanse111.github.io/AFSC-PDFs/AFSC_files/11XX.html,https://paladindanse111.github.io/AFSC-PDFs/BASE_files/BASE_EGLIN_AFB.html,F-15,Active Duty,Yes,USAF,
EGLIN AFB,"30°27'49""N","86°33'11""W",16R EU 42905 70243,PILOT,PILOT (11X),https://paladindanse111.github.io/AFSC-PDFs/AFSC_files/11XX.html,https://paladindanse111.github.io/AFSC-PDFs/BASE_files/BASE_EGLIN_AFB.html,F-15E,Active Duty,Yes,USAF,
EGLIN AFB,"30°27'49""N","86°33'11""W",16R EU 42905 70243,PILOT,PILOT (11X),https://paladindanse111.github.io/AFSC-PDFs/AFSC_files/11XX.html,https://paladindanse111.github.io/AFSC-PDFs/BASE_files/BASE_EGLIN_AFB.html,F-16,Active Duty,Yes,USAF,
EGLIN AFB,"30°27'49""N","86°33'11""W",16R EU 42905 70243,PILOT,PILOT (11X),https://paladindanse111.github.io/AFSC-PDFs/AFSC_files/11XX.html,https://paladindanse111.github.io/AFSC-PDFs/BASE_files/BASE_EGLIN_AFB.html,F-35,Active Duty,Yes,USAF,
EIELSON AFB,"64°39'52""N","147°05'45""W",6W VS 95424 71061,PILOT,PILOT (11X),https://paladindanse111.github.io/AFSC-PDFs/AFSC_files/11XX.html,https://paladindanse111.github.io/AFSC-PDFs/BASE_files/BASE_EIELSON_AFB.html,,Active Duty,Yes,USAF,
EIELSON AFB,"64°39'52""N","147°05'45""W",6W VS 95424 71061,PILOT,PILOT (11X),https://paladindanse111.github.io/AFSC-PDFs/AFSC_files/11XX.html,https://paladindanse111.github.io/AFSC-PDFs/BASE_files/BASE_EIELSON_AFB.html,C-17,Active Duty,Yes,USAF,
EIELSON AFB,"64°39'52""N","147°05'45""W",6W VS 95424 71061,PILOT,PILOT (11X),https://paladindanse111.github.io/AFSC-PDFs/AFSC_files/11XX.html,https://paladindanse111.github.io/AFSC-PDFs/BASE_files/BASE_EIELSON_AFB.html,F-16,Active Duty,Yes,USAF,
EIELSON AFB,"64°39'52""N","147°05'45""W",6W VS 95424 71061,PILOT,PILOT (11X),https://paladindanse111.github.io/AFSC-PDFs/AFSC_files/11XX.html,https://paladindanse111.github.io/AFSC-PDFs/BASE_files/BASE_EIELSON_AFB.html,F-35,Active Duty,Yes,USAF,
EIELSON AFB,"64°39'52""N","147°05'45""W",6W VS 95424 71061,PILOT,PILOT (11X),https://paladindanse111.github.io/AFSC-PDFs/AFSC_files/11XX.html,https://paladindanse111.github.io/AFSC-PDFs/BASE_files/BASE_EIELSON_AFB.html,HH-60,Active Duty,Yes,USAF,
EIELSON AFB,"64°39'52""N","147°05'45""W",6W VS 95424 71061,PILOT,PILOT (11X),https://paladindanse111.github.io/AFSC-PDFs/AFSC_files/11XX.html,https://paladindanse111.github.io/AFSC-PDFs/BASE_files/BASE_EIELSON_AFB.html,KC-135,Active Duty,Yes,USAF,
ELLSWORTH AFB,"44°08'54""N","103°05'15""W",13T FJ 52951 90126,PILOT,PILOT (11X),https://paladindanse111.github.io/AFSC-PDFs/AFSC_files/11XX.html,https://paladindanse111.github.io/AFSC-PDFs/BASE_files/BASE_ELLSWORTH_AFB.html,,Active Duty,Yes,USAF,
ELLSWORTH AFB,"44°08'54""N","103°05'15""W",13T FJ 52951 90126,PILOT,PILOT (11X),https://paladindanse111.github.io/AFSC-PDFs/AFSC_files/11XX.html,https://paladindanse111.github.io/AFSC-PDFs/BASE_files/BASE_ELLSWORTH_AFB.html,B-1,Active Duty,Yes,USAF,
ELLSWORTH AFB,"44°08'54""N","103°05'15""W",13T FJ 52951 90126,PILOT,PILOT (11X),https://paladindanse111.github.io/AFSC-PDFs/AFSC_files/11XX.html,https://paladindanse111.github.io/AFSC-PDFs/BASE_files/BASE_ELLSWORTH_AFB.html,B-21,Active Duty,Yes,USAF,
FAIRCHILD AFB,"47°38'28""N","117°38'41""W",11T MN 51574 76613,PILOT,PILOT (11X),https://paladindanse111.github.io/AFSC-PDFs/AFSC_files/11XX.html,https://paladindanse111.github.io/AFSC-PDFs/BASE_files/BASE_FAIRCHILD_AFB.html,KC-135,Active Duty,Yes,USAF,
FAIRCHILD AFB,"47°38'28""N","117°38'41""W",11T MN 51574 76613,PILOT,PILOT (11X),https://paladindanse111.github.io/AFSC-PDFs/AFSC_files/11XX.html,https://paladindanse111.github.io/AFSC-PDFs/BASE_files/BASE_FAIRCHILD_AFB.html,KC-46,Active Duty,Yes,USAF,
FAIRCHILD AFB,"47°38'28""N","117°38'41""W",11T MN 51574 76613,PILOT,PILOT (11X),https://paladindanse111.github.io/AFSC-PDFs/AFSC_files/11XX.html,https://paladindanse111.github.io/AFSC-PDFs/BASE_files/BASE_FAIRCHILD_AFB.html,UH-1N,Active Duty,Yes,USAF,
FE WARREN AFB,"41°08'32""N","104°52'41""W",13T EF 10233 54552,PILOT,PILOT (11X),https://paladindanse111.github.io/AFSC-PDFs/AFSC_files/11XX.html,https://paladindanse111.github.io/AFSC-PDFs/BASE_files/BASE_FE_WARREN_AFB.html,,Active Duty,Yes,USAF,
FE WARREN AFB,"41°08'32""N","104°52'41""W",13T EF 10233 54552,PILOT,PILOT (11X),https://paladindanse111.github.io/AFSC-PDFs/AFSC_files/11XX.html,https://paladindanse111.github.io/AFSC-PDFs/BASE_files/BASE_FE_WARREN_AFB.html,MH-139A,Active Duty,Yes,USAF,
FE WARREN AFB,"41°08'32""N","104°52'41""W",13T EF 10233 54552,PILOT,PILOT (11X),https://paladindanse111.github.io/AFSC-PDFs/AFSC_files/11XX.html,https://paladindanse111.github.io/AFSC-PDFs/BASE_files/BASE_FE_WARREN_AFB.html,UH-1N,Active Duty,Yes,USAF,
FORT WAYNE IAP,"40°58'43.00""N","85°11'43.00""W",,PILOT,PILOT (11X),https://paladindanse111.github.io/AFSC-PDFs/AFSC_files/11XX.html,,F-16,Active Duty,No,USAF,
FORT WORTH NAS JRB,"32°47'05.32""N","97°25'42.50""W",14S PB 47168 28524,PILOT,PILOT (11X),https://paladindanse111.github.io/AFSC-PDFs/AFSC_files/11XX.html,https://paladindanse111.github.io/AFSC-PDFs/WING_files/WING_FORT_WORTH_NAS_JRB.html,F-35,Active Duty,Yes,USAF,
FRESNO IAP ATM,"36°46'16.00""N","119°42'49.00""W",,PILOT,PILOT (11X),https://paladindanse111.github.io/AFSC-PDFs/AFSC_files/11XX.html,,F-15,Active Duty,No,USAF,
FT BLISS AIN,"31°48'0.00""N","106°25'0.00""W",,PILOT,PILOT (11X),https://paladindanse111.github.io/AFSC-PDFs/AFSC_files/11XX.html,https://paladindanse111.github.io/AFSC-PDFs/BASE_files/BASE_FT_BLISS_AIN.html,,Active Duty,No,USAF,Note: Army base websites may be blocked on MissionNet.
FT CAMPBELL,"36°39'46""N","87°28'37""W",16S DF 57376 57570,PILOT,PILOT (11X),https://paladindanse111.github.io/AFSC-PDFs/AFSC_files/11XX.html,https://paladindanse111.github.io/AFSC-PDFs/BASE_files/BASE_FT_CAMPBELL.html,,Active Duty,Yes,USAF,Note: Army base websites may be blocked on MissionNet.
FT CARSON,"38°44'14""N","104°47'19""W",13S EC 18372 87637,PILOT,PILOT (11X),https://paladindanse111.github.io/AFSC-PDFs/AFSC_files/11XX.html,https://paladindanse111.github.io/AFSC-PDFs/BASE_files/BASE_FT_CARSON.html,,Active Duty,Yes,USAF,Note: Army base websites may be blocked on MissionNet.
FT CAVAZOS,"31°08'22""N","97°45'56""W",14R PV 17679 45711,PILOT,PILOT (11X),https://paladindanse111.github.io/AFSC-PDFs/AFSC_files/11XX.html,https://paladindanse111.github.io/AFSC-PDFs/BASE_files/BASE_FT_CAVAZOS.html,,Active Duty,Yes,USAF,Note: Army base websites may be blocked on MissionNet.
FT DRUM AIN,"44°2'60.00""N","75°43'60.00""W",,PILOT,PILOT (11X),https://paladindanse111.github.io/AFSC-PDFs/AFSC_files/11XX.html,https://paladindanse111.github.io/AFSC-PDFs/BASE_files/BASE_FT_DRUM_AIN.html,,Active Duty,No,USAF,Note: Army base websites may be blocked on MissionNet.
FT KNOX AIN,"37°53'60.00""N","85°58'60.00""W",,PILOT,PILOT (11X),https://paladindanse111.github.io/AFSC-PDFs/AFSC_files/11XX.html,https://paladindanse111.github.io/AFSC-PDFs/BASE_files/BASE_FT_KNOX_AIN.html,,Active Duty,No,USAF,Note: Army base websites may be blocked on MissionNet.
FT LEAVENWORTH AIN,"39°21'0.00""N","94°55'0.00""W",,PILOT,PILOT (11X),https://paladindanse111.github.io/AFSC-PDFs/AFSC_files/11XX.html,https://paladindanse111.github.io/AFSC-PDFs/BASE_files/BASE_FT_LEAVENWORTH_AIN.html,,Active Duty,No,USAF,Note: Army base websites may be blocked on MissionNet.
FT LIBERTY (FT BRAGG),"35°7'60.00""N","78°58'60.00""W",,PILOT,PILOT (11X),https://paladindanse111.github.io/AFSC-PDFs/AFSC_files/11XX.html,https://paladindanse111.github.io/AFSC-PDFs/BASE_files/BASE_FT_LIBERTY.html,,Active Duty,No,USAF,Note: Army base websites may be blocked on MissionNet.
FT POLK AIN,"31°1'60.00""N","93°10'60.00""W",,PILOT,PILOT (11X),https://paladindanse111.github.io/AFSC-PDFs/AFSC_files/11XX.html,,,Active Duty,No,USAF,
FT RILEY AIN,"39°10'0.00""N","96°49'0.00""W",,PILOT,PILOT (11X),https://paladindanse111.github.io/AFSC-PDFs/AFSC_files/11XX.html,https://paladindanse111.github.io/AFSC-PDFs/BASE_files/BASE_FT_RILEY_AIN.html,,Active Duty,No,USAF,Note: Army base websites may be blocked on MissionNet.
FT RUCKER,"31°20'23""N","85°42'55""W",16R FV 22215 67965,PILOT,PILOT (11X),https://paladindanse111.github.io/AFSC-PDFs/AFSC_files/11XX.html,https://paladindanse111.github.io/AFSC-PDFs/BASE_files/BASE_FT_RUCKER.html,,Active Duty,Yes,USAF,
FT STEWART,"31°52'05""N","81°36'32""W",17R MR 42404 25972,PILOT,PILOT (11X),https://paladindanse111.github.io/AFSC-PDFs/AFSC_files/11XX.html,https://paladindanse111.github.io/AFSC-PDFs/BASE_files/BASE_FT_STEWART.html,,Active Duty,Yes,USAF,
GEILENKIRCHEN AB,"50°57'39.00""N","6°2'30.00""E",,PILOT,PILOT (11X),https://paladindanse111.github.io/AFSC-PDFs/AFSC_files/11XX.html,https://paladindanse111.github.io/AFSC-PDFs/BASE_files/BASE_GEILENKIRCHEN_AB.html,E-3,Active Duty,No,USAF,
GOWEN FIELD AIR NATIONAL GUARD BASE,"43°33'52.00""N","116°13'22.00""W",,PILOT,PILOT (11X),https://paladindanse111.github.io/AFSC-PDFs/AFSC_files/11XX.html,,A-10,Active Duty,No,USAF,
HILL AFB,"41°06'36""N","111°58'56""W",12T VL 17530 51433,PILOT,PILOT (11X),https://paladindanse111.github.io/AFSC-PDFs/AFSC_files/11XX.html,https://paladindanse111.github.io/AFSC-PDFs/BASE_files/BASE_HILL_AFB.html,F-15E,Active Duty,Yes,USAF,
HILL AFB,"41°06'36""N","111°58'56""W",12T VL 17530 51433,PILOT,PILOT (11X),https://paladindanse111.github.io/AFSC-PDFs/AFSC_files/11XX.html,https://paladindanse111.github.io/AFSC-PDFs/BASE_files/BASE_HILL_AFB.html,F-16,Active Duty,Yes,USAF,
HILL AFB,"41°06'36""N","111°58'56""W",12T VL 17530 51433,PILOT,PILOT (11X),https://paladindanse111.github.io/AFSC-PDFs/AFSC_files/11XX.html,https://paladindanse111.github.io/AFSC-PDFs/BASE_files/BASE_HILL_AFB.html,F-35,Active Duty,Yes,USAF,
HOLLOMAN AFB,"32°50'33""N","106°05'55""W",13S CS 97187 34361,PILOT,PILOT (11X),https://paladindanse111.github.io/AFSC-PDFs/AFSC_files/11XX.html,https://paladindanse111.github.io/AFSC-PDFs/BASE_files/BASE_HOLLOMAN_AFB.html,,Active Duty,Yes,USAF,
HOLLOMAN AFB,"32°50'33""N","106°05'55""W",13S CS 97187 34361,PILOT,PILOT (11X),https://paladindanse111.github.io/AFSC-PDFs/AFSC_files/11XX.html,https://paladindanse111.github.io/AFSC-PDFs/BASE_files/BASE_HOLLOMAN_AFB.html,F-16,Active Duty,Yes,USAF,
HOLLOMAN AFB,"32°50'33""N","106°05'55""W",13S CS 97187 34361,PILOT,PILOT (11X),https://paladindanse111.github.io/AFSC-PDFs/AFSC_files/11XX.html,https://paladindanse111.github.io/AFSC-PDFs/BASE_files/BASE_HOLLOMAN_AFB.html,T-38,Active Duty,Yes,USAF,
HOMESTEAD AIR RESERVE BASE,"25°29'19.00""N","80°23'1.00""W",,PILOT,PILOT (11X),https://paladindanse111.github.io/AFSC-PDFs/AFSC_files/11XX.html,,F-16,Active Duty,No,USAF,
HURLBURT FIELD,"30°25'23""N","86°41'41""W",16R EU 29317 65704,PILOT,PILOT (11X),https://paladindanse111.github.io/AFSC-PDFs/AFSC_files/11XX.html,https://paladindanse111.github.io/AFSC-PDFs/BASE_files/BASE_HURLBURT_FIELD.html,,Active Duty,Yes,USAF,
HURLBURT FIELD,"30°25'23""N","86°41'41""W",16R EU 29317 65704,PILOT,PILOT (11X),https://paladindanse111.github.io/AFSC-PDFs/AFSC_files/11XX.html,https://paladindanse111.github.io/AFSC-PDFs/BASE_files/BASE_HURLBURT_FIELD.html,C-130J,Active Duty,Yes,USAF,
HURLBURT FIELD,"30°25'23""N","86°41'41""W",16R EU 29317 65704,PILOT,PILOT (11X),https://paladindanse111.github.io/AFSC-PDFs/AFSC_files/11XX.html,https://paladindanse111.github.io/AFSC-PDFs/BASE_files/BASE_HURLBURT_FIELD.html,CV-22,Active Duty,Yes,USAF,
HURLBURT FIELD,"30°25'23""N","86°41'41""W",16R EU 29317 65704,PILOT,PILOT (11X),https://paladindanse111.github.io/AFSC-PDFs/AFSC_files/11XX.html,https://paladindanse111.github.io/AFSC-PDFs/BASE_files/BASE_HURLBURT_FIELD.html,U-2,Active Duty,Yes,USAF,
INCIRLIK AB,"37°00'12""N","35°26'02""E",36S YF 16566 98011,PILOT,PILOT (11X),https://paladindanse111.github.io/AFSC-PDFs/AFSC_files/11XX.html,https://paladindanse111.github.io/AFSC-PDFs/BASE_files/BASE_INCIRLIK_AB.html,,Active Duty,Yes,USAF,
ISTRES LE TUBE ABS,"43°31'22.00""N","4°55'26.00""E",,PILOT,PILOT (11X),https://paladindanse111.github.io/AFSC-PDFs/AFSC_files/11XX.html,,,Active Duty,No,USAF,
JACKSONVILLE IAP,"30°29'39.00""N","81°41'16.00""W",,PILOT,PILOT (11X),https://paladindanse111.github.io/AFSC-PDFs/AFSC_files/11XX.html,,F-15,Active Duty,No,USAF,
JB CHARLESTON,"32°53'29""N","80°04'03""W",17S NS 87218 39631,PILOT,PILOT (11X),https://paladindanse111.github.io/AFSC-PDFs/AFSC_files/11XX.html,https://paladindanse111.github.io/AFSC-PDFs/BASE_files/BASE_JB_CHARLESTON.html,C-17,Active Duty,Yes,USAF,
JB ELMENDORF-RICHARDSON,"61°15'44""N","149°41'53""W",6V UN 55306 94983,PILOT,PILOT (11X),https://paladindanse111.github.io/AFSC-PDFs/AFSC_files/11XX.html,https://paladindanse111.github.io/AFSC-PDFs/BASE_files/BASE_JB_ELMENDORF-RICHARDSON.html,,Active Duty,Yes,USAF,
JB ELMENDORF-RICHARDSON,"61°15'44""N","149°41'53""W",6V UN 55306 94983,PILOT,PILOT (11X),https://paladindanse111.github.io/AFSC-PDFs/AFSC_files/11XX.html,https://paladindanse111.github.io/AFSC-PDFs/BASE_files/BASE_JB_ELMENDORF-RICHARDSON.html,C-12,Active Duty,Yes,USAF,
JB ELMENDORF-RICHARDSON,"61°15'44""N","149°41'53""W",6V UN 55306 94983,PILOT,PILOT (11X),https://paladindanse111.github.io/AFSC-PDFs/AFSC_files/11XX.html,https://paladindanse111.github.io/AFSC-PDFs/BASE_files/BASE_JB_ELMENDORF-RICHARDSON.html,C-17,Active Duty,Yes,USAF,
JB ELMENDORF-RICHARDSON,"61°15'44""N","149°41'53""W",6V UN 55306 94983,PILOT,PILOT (11X),https://paladindanse111.github.io/AFSC-PDFs/AFSC_files/11XX.html,https://paladindanse111.github.io/AFSC-PDFs/BASE_files/BASE_JB_ELMENDORF-RICHARDSON.html,E-3,Active Duty,Yes,USAF,
JB ELMENDORF-RICHARDSON,"61°15'44""N","149°41'53""W",6V UN 55306 94983,PILOT,PILOT (11X),https://paladindanse111.github.io/AFSC-PDFs/AFSC_files/11XX.html,https://paladindanse111.github.io/AFSC-PDFs/BASE_files/BASE_JB_ELMENDORF-RICHARDSON.html,F-22,Active Duty,Yes,USAF,
JB LANGLEY-EUSTIS,"37°05'00""N","76°21'33""W",18S UG 79195 04980,PILOT,PILOT (11X),https://paladindanse111.github.io/AFSC-PDFs/AFSC_files/11XX.html,https://paladindanse111.github.io/AFSC-PDFs/BASE_files/BASE_JB_LANGLEY-EUSTIS.html,,Active Duty,Yes,USAF,
JB LANGLEY-EUSTIS,"37°05'00""N","76°21'33""W",18S UG 79195 04980,PILOT,PILOT (11X),https://paladindanse111.github.io/AFSC-PDFs/AFSC_files/11XX.html,https://paladindanse111.github.io/AFSC-PDFs/BASE_files/BASE_JB_LANGLEY-EUSTIS.html,F-22,Active Duty,Yes,USAF,
JB LEWIS-MCCHORD,"47°05'30""N","122°36'53""W",10T ET 29240 15422,PILOT,PILOT (11X),https://paladindanse111.github.io/AFSC-PDFs/AFSC_files/11XX.html,https://paladindanse111.github.io/AFSC-PDFs/BASE_files/BASE_JB_LEWIS-MCCHORD.html,,Active Duty,Yes,USAF,
JB LEWIS-MCCHORD,"47°05'30""N","122°36'53""W",10T ET 29240 15422,PILOT,PILOT (11X),https://paladindanse111.github.io/AFSC-PDFs/AFSC_files/11XX.html,https://paladindanse111.github.io/AFSC-PDFs/BASE_files/BASE_JB_LEWIS-MCCHORD.html,C-17,Active Duty,Yes,USAF,
JB MCGUIRE-DIX-LAKEHURST,"40°02'15""N","74°35'18""W",18T WK 35120 32000,PILOT,PILOT (11X),https://paladindanse111.github.io/AFSC-PDFs/AFSC_files/11XX.html,https://paladindanse111.github.io/AFSC-PDFs/BASE_files/BASE_JB_MCGUIRE-DIX-LAKEHURST.html,,Active Duty,Yes,USAF,
JB MCGUIRE-DIX-LAKEHURST,"40°02'15""N","74°35'18""W",18T WK 35120 32000,PILOT,PILOT (11X),https://paladindanse111.github.io/AFSC-PDFs/AFSC_files/11XX.html,https://paladindanse111.github.io/AFSC-PDFs/BASE_files/BASE_JB_MCGUIRE-DIX-LAKEHURST.html,C-130J,Active Duty,Yes,USAF,
JB MCGUIRE-DIX-LAKEHURST,"40°02'15""N","74°35'18""W",18T WK 35120 32000,PILOT,PILOT (11X),https://paladindanse111.github.io/AFSC-PDFs/AFSC_files/11XX.html,https://paladindanse111.github.io/AFSC-PDFs/BASE_files/BASE_JB_MCGUIRE-DIX-LAKEHURST.html,C-17,Active Duty,Yes,USAF,
JB MCGUIRE-DIX-LAKEHURST,"40°02'15""N","74°35'18""W",18T WK 35120 32000,PILOT,PILOT (11X),https://paladindanse111.github.io/AFSC-PDFs/AFSC_files/11XX.html,https://paladindanse111.github.io/AFSC-PDFs/BASE_files/BASE_JB_MCGUIRE-DIX-LAKEHURST.html,C-5,Active Duty,Yes,USAF,
JB MCGUIRE-DIX-LAKEHURST,"40°02'15""N","74°35'18""W",18T WK 35120 32000,PILOT,PILOT (11X),https://paladindanse111.github.io/AFSC-PDFs/AFSC_files/11XX.html,https://paladindanse111.github.io/AFSC-PDFs/BASE_files/BASE_JB_MCGUIRE-DIX-LAKEHURST.html,KC-135,Active Duty,Yes,USAF,
JB MCGUIRE-DIX-LAKEHURST,"40°02'15""N","74°35'18""W",18T WK 35120 32000,PILOT,PILOT (11X),https://paladindanse111.github.io/AFSC-PDFs/AFSC_files/11XX.html,https://paladindanse111.github.io/AFSC-PDFs/BASE_files/BASE_JB_MCGUIRE-DIX-LAKEHURST.html,KC-46,Active Duty,Yes,USAF,
JB PEARL HARBOR-HICKAM,"21°20'15""N","157°57'43""W",4Q FJ 07643 59855,PILOT,PILOT (11X),https://paladindanse111.github.io/AFSC-PDFs/AFSC_files/11XX.html,https://paladindanse111.github.io/AFSC-PDFs/BASE_files/BASE_JB_PEARL_HARBOR-HICKAM.html,,Active Duty,Yes,USAF,
JB PEARL HARBOR-HICKAM,"21°20'15""N","157°57'43""W",4Q FJ 07643 59855,PILOT,PILOT (11X),https://paladindanse111.github.io/AFSC-PDFs/AFSC_files/11XX.html,https://paladindanse111.github.io/AFSC-PDFs/BASE_files/BASE_JB_PEARL_HARBOR-HICKAM.html,C-17,Active Duty,Yes,USAF,
JB PEARL HARBOR-HICKAM,"21°20'15""N","157°57'43""W",4Q FJ 07643 59855,PILOT,PILOT (11X),https://paladindanse111.github.io/AFSC-PDFs/AFSC_files/11XX.html,https://paladindanse111.github.io/AFSC-PDFs/BASE_files/BASE_JB_PEARL_HARBOR-HICKAM.html,C-37,Active Duty,Yes,USAF,
JB PEARL HARBOR-HICKAM,"21°20'15""N","157°57'43""W",4Q FJ 07643 59855,PILOT,PILOT (11X),https://paladindanse111.github.io/AFSC-PDFs/AFSC_files/11XX.html,https://paladindanse111.github.io/AFSC-PDFs/BASE_files/BASE_JB_PEARL_HARBOR-HICKAM.html,F-16,Active Duty,Yes,USAF,
JB PEARL HARBOR-HICKAM,"21°20'15""N","157°57'43""W",4Q FJ 07643 59855,PILOT,PILOT (11X),https://paladindanse111.github.io/AFSC-PDFs/AFSC_files/11XX.html,https://paladindanse111.github.io/AFSC-PDFs/BASE_files/BASE_JB_PEARL_HARBOR-HICKAM.html,F-22,Active Duty,Yes,USAF,
JBSA LACKLAND,"29°23'14""N","98°37'16""W",14R NT 36765 50947,PILOT,PILOT (11X),https://paladindanse111.github.io/AFSC-PDFs/AFSC_files/11XX.html,https://paladindanse111.github.io/AFSC-PDFs/BASE_files/BASE_JBSA_LACKLAND.html,,Active Duty,Yes,USAF,
JBSA LACKLAND,"29°23'14""N","98°37'16""W",14R NT 36765 50947,PILOT,PILOT (11X),https://paladindanse111.github.io/AFSC-PDFs/AFSC_files/11XX.html,https://paladindanse111.github.io/AFSC-PDFs/BASE_files/BASE_JBSA_LACKLAND.html,C-5,Active Duty,Yes,USAF,
JBSA RANDOLPH,"29°31'57""N","98°16'45""W",14R NT 69847 67200,PILOT,PILOT (11X),https://paladindanse111.github.io/AFSC-PDFs/AFSC_files/11XX.html,https://paladindanse111.github.io/AFSC-PDFs/BASE_files/BASE_JBSA_RANDOLPH.html,,Active Duty,Yes,USAF,
JBSA RANDOLPH,"29°31'57""N","98°16'45""W",14R NT 69847 67200,PILOT,PILOT (11X),https://paladindanse111.github.io/AFSC-PDFs/AFSC_files/11XX.html,https://paladindanse111.github.io/AFSC-PDFs/BASE_files/BASE_JBSA_RANDOLPH.html,T-38,Active Duty,Yes,USAF,
JBSA RANDOLPH,"29°31'57""N","98°16'45""W",14R NT 69847 67200,PILOT,PILOT (11X),https://paladindanse111.github.io/AFSC-PDFs/AFSC_files/11XX.html,https://paladindanse111.github.io/AFSC-PDFs/BASE_files/BASE_JBSA_RANDOLPH.html,T-6,Active Duty,Yes,USAF,
JBSA RANDOLPH,"29°31'57""N","98°16'45""W",14R NT 69847 67200,PILOT,PILOT (11X),https://paladindanse111.github.io/AFSC-PDFs/AFSC_files/11XX.html,https://paladindanse111.github.io/AFSC-PDFs/BASE_files/BASE_JBSA_RANDOLPH.html,T-7,Active Duty,Yes,USAF,
JOE FOSS FIELD,"43°34'20.99""N","96°44'36.80""W",14T PP 82204 26866,PILOT,PILOT (11X),https://paladindanse111.github.io/AFSC-PDFs/AFSC_files/11XX.html,https://paladindanse111.github.io/AFSC-PDFs/WING_files/WING_JOE_FOSS_FIELD.html,F-16,Active Duty,Yes,USAF,
KADENA AB,"26°21'30""N","127°46'20""E",52R CQ 77496 15950,PILOT,PILOT (11X),https://paladindanse111.github.io/AFSC-PDFs/AFSC_files/11XX.html,https://paladindanse111.github.io/AFSC-PDFs/BASE_files/BASE_KADENA_AB.html,,Active Duty,Yes,USAF,
KADENA AB,"26°21'30""N","127°46'20""E",52R CQ 77496 15950,PILOT,PILOT (11X),https://paladindanse111.github.io/AFSC-PDFs/AFSC_files/11XX.html,https://paladindanse111.github.io/AFSC-PDFs/BASE_files/BASE_KADENA_AB.html,C-130J,Active Duty,Yes,USAF,
KADENA AB,"26°21'30""N","127°46'20""E",52R CQ 77496 15950,PILOT,PILOT (11X),https://paladindanse111.github.io/AFSC-PDFs/AFSC_files/11XX.html,https://paladindanse111.github.io/AFSC-PDFs/BASE_files/BASE_KADENA_AB.html,E-3,Active Duty,Yes,USAF,
KADENA AB,"26°21'30""N","127°46'20""E",52R CQ 77496 15950,PILOT,PILOT (11X),https://paladindanse111.github.io/AFSC-PDFs/AFSC_files/11XX.html,https://paladindanse111.github.io/AFSC-PDFs/BASE_files/BASE_KADENA_AB.html,F-15,Active Duty,Yes,USAF,
KADENA AB,"26°21'30""N","127°46'20""E",52R CQ 77496 15950,PILOT,PILOT (11X),https://paladindanse111.github.io/AFSC-PDFs/AFSC_files/11XX.html,https://paladindanse111.github.io/AFSC-PDFs/BASE_files/BASE_KADENA_AB.html,HH-60,Active Duty,Yes,USAF,
KADENA AB,"26°21'30""N","127°46'20""E",52R CQ 77496 15950,PILOT,PILOT (11X),https://paladindanse111.github.io/AFSC-PDFs/AFSC_files/11XX.html,https://paladindanse111.github.io/AFSC-PDFs/BASE_files/BASE_KADENA_AB.html,KC-135,Active Duty,Yes,USAF,
KADENA AB,"26°21'30""N","127°46'20""E",52R CQ 77496 15950,PILOT,PILOT (11X),https://paladindanse111.github.io/AFSC-PDFs/AFSC_files/11XX.html,https://paladindanse111.github.io/AFSC-PDFs/BASE_files/BASE_KADENA_AB.html,RC-135,Active Duty,Yes,USAF,
KIRTLAND AFB,"35°00'39""N","106°30'44""W",13S CU 62019 75289,PILOT,PILOT (11X),https://paladindanse111.github.io/AFSC-PDFs/AFSC_files/11XX.html,https://paladindanse111.github.io/AFSC-PDFs/BASE_files/BASE_KIRTLAND_AFB.html,,Active Duty,Yes,USAF,
KIRTLAND AFB,"35°00'39""N","106°30'44""W",13S CU 62019 75289,PILOT,PILOT (11X),https://paladindanse111.github.io/AFSC-PDFs/AFSC_files/11XX.html,https://paladindanse111.github.io/AFSC-PDFs/BASE_files/BASE_KIRTLAND_AFB.html,C-130J,Active Duty,Yes,USAF,
KIRTLAND AFB,"35°00'39""N","106°30'44""W",13S CU 62019 75289,PILOT,PILOT (11X),https://paladindanse111.github.io/AFSC-PDFs/AFSC_files/11XX.html,https://paladindanse111.github.io/AFSC-PDFs/BASE_files/BASE_KIRTLAND_AFB.html,CV-22,Active Duty,Yes,USAF,
KIRTLAND AFB,"35°00'39""N","106°30'44""W",13S CU 62019 75289,PILOT,PILOT (11X),https://paladindanse111.github.io/AFSC-PDFs/AFSC_files/11XX.html,https://paladindanse111.github.io/AFSC-PDFs/BASE_files/BASE_KIRTLAND_AFB.html,HH-60,Active Duty,Yes,USAF,
KIRTLAND AFB,"35°00'39""N","106°30'44""W",13S CU 62019 75289,PILOT,PILOT (11X),https://paladindanse111.github.io/AFSC-PDFs/AFSC_files/11XX.html,https://paladindanse111.github.io/AFSC-PDFs/BASE_files/BASE_KIRTLAND_AFB.html,UH-1N,Active Duty,Yes,USAF,
KUNSAN AB,"35°55'09""N","126°37'54""E",52S BE 86310 77574,PILOT,PILOT (11X),https://paladindanse111.github.io/AFSC-PDFs/AFSC_files/11XX.html,https://paladindanse111.github.io/AFSC-PDFs/BASE_files/BASE_KUNSAN_AB.html,F-16,Active Duty,Yes,USAF,
LAKENHEATH RAF,"52°23'23""N","0°32'14""E",31U CU 32414 07239,PILOT,PILOT (11X),https://paladindanse111.github.io/AFSC-PDFs/AFSC_files/11XX.html,https://paladindanse111.github.io/AFSC-PDFs/BASE_files/BASE_LAKENHEATH_RAF.html,F-15,Active Duty,Yes,USAF,
LAKENHEATH RAF,"52°23'23""N","0°32'14""E",31U CU 32414 07239,PILOT,PILOT (11X),https://paladindanse111.github.io/AFSC-PDFs/AFSC_files/11XX.html,https://paladindanse111.github.io/AFSC-PDFs/BASE_files/BASE_LAKENHEATH_RAF.html,F-15E,Active Duty,Yes,USAF,
LAKENHEATH RAF,"52°23'23""N","0°32'14""E",31U CU 32414 07239,PILOT,PILOT (11X),https://paladindanse111.github.io/AFSC-PDFs/AFSC_files/11XX.html,https://paladindanse111.github.io/AFSC-PDFs/BASE_files/BASE_LAKENHEATH_RAF.html,F-35,Active Duty,Yes,USAF,
LAUGHLIN AFB,"29°21'21""N","100°46'58""W",14R LT 26940 48730,PILOT,PILOT (11X),https://paladindanse111.github.io/AFSC-PDFs/AFSC_files/11XX.html,https://paladindanse111.github.io/AFSC-PDFs/BASE_files/BASE_LAUGHLIN_AFB.html,,Active Duty,Yes,USAF,
LAUGHLIN AFB,"29°21'21""N","100°46'58""W",14R LT 26940 48730,PILOT,PILOT (11X),https://paladindanse111.github.io/AFSC-PDFs/AFSC_files/11XX.html,https://paladindanse111.github.io/AFSC-PDFs/BASE_files/BASE_LAUGHLIN_AFB.html,T-1,Active Duty,Yes,USAF,
LAUGHLIN AFB,"29°21'21""N","100°46'58""W",14R LT 26940 48730,PILOT,PILOT (11X),https://paladindanse111.github.io/AFSC-PDFs/AFSC_files/11XX.html,https://paladindanse111.github.io/AFSC-PDFs/BASE_files/BASE_LAUGHLIN_AFB.html,T-38,Active Duty,Yes,USAF,
LAUGHLIN AFB,"29°21'21""N","100°46'58""W",14R LT 26940 48730,PILOT,PILOT (11X),https://paladindanse111.github.io/AFSC-PDFs/AFSC_files/11XX.html,https://paladindanse111.github.io/AFSC-PDFs/BASE_files/BASE_LAUGHLIN_AFB.html,T-6,Active Duty,Yes,USAF,
LITTLE ROCK AFB,"34°53'47""N","92°08'38""W",15S WU 78220 61887,PILOT,PILOT (11X),https://paladindanse111.github.io/AFSC-PDFs/AFSC_files/11XX.html,https://paladindanse111.github.io/AFSC-PDFs/BASE_files/BASE_LITTLE_ROCK_AFB.html,,Active Duty,Yes,USAF,
LITTLE ROCK AFB,"34°53'47""N","92°08'38""W",15S WU 78220 61887,PILOT,PILOT (11X),https://paladindanse111.github.io/AFSC-PDFs/AFSC_files/11XX.html,https://paladindanse111.github.io/AFSC-PDFs/BASE_files/BASE_LITTLE_ROCK_AFB.html,C-130J,Active Duty,Yes,USAF,
LITTLE ROCK AFB,"34°53'47""N","92°08'38""W",15S WU 78220 61887,PILOT,PILOT (11X),https://paladindanse111.github.io/AFSC-PDFs/AFSC_files/11XX.html,https://paladindanse111.github.io/AFSC-PDFs/BASE_files/BASE_LITTLE_ROCK_AFB.html,C-17,Active Duty,Yes,USAF,
LUKE AFB,"33°32'22""N","112°22'32""W",12S UC 72284 11939,PILOT,PILOT (11X),https://paladindanse111.github.io/AFSC-PDFs/AFSC_files/11XX.html,https://paladindanse111.github.io/AFSC-PDFs/BASE_files/BASE_LUKE_AFB.html,F-16,Active Duty,Yes,USAF,
LUKE AFB,"33°32'22""N","112°22'32""W",12S UC 72284 11939,PILOT,PILOT (11X),https://paladindanse111.github.io/AFSC-PDFs/AFSC_files/11XX.html,https://paladindanse111.github.io/AFSC-PDFs/BASE_files/BASE_LUKE_AFB.html,F-35,Active Duty,Yes,USAF,
MACDILL AFB,"27°51'28""N","82°29'19""W",17R LL 53434 82337,PILOT,PILOT (11X),https://paladindanse111.github.io/AFSC-PDFs/AFSC_files/11XX.html,https://paladindanse111.github.io/AFSC-PDFs/BASE_files/BASE_MACDILL_AFB.html,KC-135,Active Duty,Yes,USAF,
MACDILL AFB,"27°51'28""N","82°29'19""W",17R LL 53434 82337,PILOT,PILOT (11X),https://paladindanse111.github.io/AFSC-PDFs/AFSC_files/11XX.html,https://paladindanse111.github.io/AFSC-PDFs/BASE_files/BASE_MACDILL_AFB.html,KC-46,Active Duty,Yes,USAF,
MALMSTROM AFB,"47°30'17""N","111°10'56""W",12T VT 86277 61270,PILOT,PILOT (11X),https://paladindanse111.github.io/AFSC-PDFs/AFSC_files/11XX.html,https://paladindanse111.github.io/AFSC-PDFs/BASE_files/BASE_MALMSTROM_AFB.html,MH-139A,Active Duty,Yes,USAF,
MALMSTROM AFB,"47°30'17""N","111°10'56""W",12T VT 86277 61270,PILOT,PILOT (11X),https://paladindanse111.github.io/AFSC-PDFs/AFSC_files/11XX.html,https://paladindanse111.github.io/AFSC-PDFs/BASE_files/BASE_MALMSTROM_AFB.html,UH-1N,Active Duty,Yes,USAF,
MARCH ARB,"33°53'26.85""N","117°15'42.24""W",11S MT 75798 50078,PILOT,PILOT (11X),https://paladindanse111.github.io/AFSC-PDFs/AFSC_files/11XX.html,https://paladindanse111.github.io/AFSC-PDFs/WING_files/WING_MARCH_ARB.html,KC-135,Active Duty,Yes,USAF,
MARCH ARB,"33°53'26.85""N","117°15'42.24""W",11S MT 75798 50078,PILOT,PILOT (11X),https://paladindanse111.github.io/AFSC-PDFs/AFSC_files/11XX.html,https://paladindanse111.github.io/AFSC-PDFs/WING_files/WING_MARCH_ARB.html,KC-46,Active Duty,Yes,USAF,
MAXWELL-GUNTER AFB,"32°22'43""N","86°21'44""W",16S EA 59993 82581,PILOT,PILOT (11X),https://paladindanse111.github.io/AFSC-PDFs/AFSC_files/11XX.html,https://paladindanse111.github.io/AFSC-PDFs/BASE_files/BASE_MAXWELL-GUNTER_AFB.html,MH-139A,Active Duty,Yes,USAF,
MCCONNELL AFB,"37°37'51""N","97°15'06""W",14S PG 54271 66293,PILOT,PILOT (11X),https://paladindanse111.github.io/AFSC-PDFs/AFSC_files/11XX.html,https://paladindanse111.github.io/AFSC-PDFs/BASE_files/BASE_MCCONNELL_AFB.html,,Active Duty,Yes,USAF,
MCCONNELL AFB,"37°37'51""N","97°15'06""W",14S PG 54271 66293,PILOT,PILOT (11X),https://paladindanse111.github.io/AFSC-PDFs/AFSC_files/11XX.html,https://paladindanse111.github.io/AFSC-PDFs/BASE_files/BASE_MCCONNELL_AFB.html,KC-135,Active Duty,Yes,USAF,
MCCONNELL AFB,"37°37'51""N","97°15'06""W",14S PG 54271 66293,PILOT,PILOT (11X),https://paladindanse111.github.io/AFSC-PDFs/AFSC_files/11XX.html,https://paladindanse111.github.io/AFSC-PDFs/BASE_files/BASE_MCCONNELL_AFB.html,KC-46,Active Duty,Yes,USAF,
MCENTIRE AGS,"33°55'15.00""N","80°48'5.00""W",,PILOT,PILOT (11X),https://paladindanse111.github.io/AFSC-PDFs/AFSC_files/11XX.html,,F-16,Active Duty,No,USAF,
MILDENHALL RAF,"52°21'45""N","0°30'14""E",31U CU 30041 04290,PILOT,PILOT (11X),https://paladindanse111.github.io/AFSC-PDFs/AFSC_files/11XX.html,https://paladindanse111.github.io/AFSC-PDFs/BASE_files/BASE_MILDENHALL_RAF.html,,Active Duty,Yes,USAF,
MILDENHALL RAF,"52°21'45""N","0°30'14""E",31U CU 30041 04290,PILOT,PILOT (11X),https://paladindanse111.github.io/AFSC-PDFs/AFSC_files/11XX.html,https://paladindanse111.github.io/AFSC-PDFs/BASE_files/BASE_MILDENHALL_RAF.html,C-130J,Active Duty,Yes,USAF,
MILDENHALL RAF,"52°21'45""N","0°30'14""E",31U CU 30041 04290,PILOT,PILOT (11X),https://paladindanse111.github.io/AFSC-PDFs/AFSC_files/11XX.html,https://paladindanse111.github.io/AFSC-PDFs/BASE_files/BASE_MILDENHALL_RAF.html,CV-22,Active Duty,Yes,USAF,
MILDENHALL RAF,"52°21'45""N","0°30'14""E",31U CU 30041 04290,PILOT,PILOT (11X),https://paladindanse111.github.io/AFSC-PDFs/AFSC_files/11XX.html,https://paladindanse111.github.io/AFSC-PDFs/BASE_files/BASE_MILDENHALL_RAF.html,KC-135,Active Duty,Yes,USAF,
MILDENHALL RAF,"52°21'45""N","0°30'14""E",31U CU 30041 04290,PILOT,PILOT (11X),https://paladindanse111.github.io/AFSC-PDFs/AFSC_files/11XX.html,https://paladindanse111.github.io/AFSC-PDFs/BASE_files/BASE_MILDENHALL_RAF.html,RC-135,Active Duty,Yes,USAF,
MINOT AFB,"48°25'13""N","101°19'36""W",14U LU 27861 65629,PILOT,PILOT (11X),https://paladindanse111.github.io/AFSC-PDFs/AFSC_files/11XX.html,https://paladindanse111.github.io/AFSC-PDFs/BASE_files/BASE_MINOT_AFB.html,B-52,Active Duty,Yes,USAF,
MINOT AFB,"48°25'13""N","101°19'36""W",14U LU 27861 65629,PILOT,PILOT (11X),https://paladindanse111.github.io/AFSC-PDFs/AFSC_files/11XX.html,https://paladindanse111.github.io/AFSC-PDFs/BASE_files/BASE_MINOT_AFB.html,MH-139A,Active Duty,Yes,USAF,
MINOT AFB,"48°25'13""N","101°19'36""W",14U LU 27861 65629,PILOT,PILOT (11X),https://paladindanse111.github.io/AFSC-PDFs/AFSC_files/11XX.html,https://paladindanse111.github.io/AFSC-PDFs/BASE_files/BASE_MINOT_AFB.html,UH-1N,Active Duty,Yes,USAF,
MISAWA AB,"40°41'55""N","141°22'28""E",54T WL 31634 05368,PILOT,PILOT (11X),https://paladindanse111.github.io/AFSC-PDFs/AFSC_files/11XX.html,https://paladindanse111.github.io/AFSC-PDFs/BASE_files/BASE_MISAWA_AB.html,,Active Duty,Yes,USAF,
MISAWA AB,"40°41'55""N","141°22'28""E",54T WL 31634 05368,PILOT,PILOT (11X),https://paladindanse111.github.io/AFSC-PDFs/AFSC_files/11XX.html,https://paladindanse111.github.io/AFSC-PDFs/BASE_files/BASE_MISAWA_AB.html,F-16,Active Duty,Yes,USAF,
MISAWA AB,"40°41'55""N","141°22'28""E",54T WL 31634 05368,PILOT,PILOT (11X),https://paladindanse111.github.io/AFSC-PDFs/AFSC_files/11XX.html,https://paladindanse111.github.io/AFSC-PDFs/BASE_files/BASE_MISAWA_AB.html,F-35,Active Duty,Yes,USAF,
MOHRINGEN AIN,"48°43'60.00""N","9°7'60.00""E",,PILOT,PILOT (11X),https://paladindanse111.github.io/AFSC-PDFs/AFSC_files/11XX.html,,,Active Duty,No,USAF,
MOODY AFB,"30°58'12""N","83°11'47""W",17R KQ 90229 28346,PILOT,PILOT (11X),https://paladindanse111.github.io/AFSC-PDFs/AFSC_files/11XX.html,https://paladindanse111.github.io/AFSC-PDFs/BASE_files/BASE_MOODY_AFB.html,,Active Duty,Yes,USAF,
MOODY AFB,"30°58'12""N","83°11'47""W",17R KQ 90229 28346,PILOT,PILOT (11X),https://paladindanse111.github.io/AFSC-PDFs/AFSC_files/11XX.html,https://paladindanse111.github.io/AFSC-PDFs/BASE_files/BASE_MOODY_AFB.html,A-10,Active Duty,Yes,USAF,
MOODY AFB,"30°58'12""N","83°11'47""W",17R KQ 90229 28346,PILOT,PILOT (11X),https://paladindanse111.github.io/AFSC-PDFs/AFSC_files/11XX.html,https://paladindanse111.github.io/AFSC-PDFs/BASE_files/BASE_MOODY_AFB.html,C-130J,Active Duty,Yes,USAF,
MOODY AFB,"30°58'12""N","83°11'47""W",17R KQ 90229 28346,PILOT,PILOT (11X),https://paladindanse111.github.io/AFSC-PDFs/AFSC_files/11XX.html,https://paladindanse111.github.io/AFSC-PDFs/BASE_files/BASE_MOODY_AFB.html,HH-60,Active Duty,Yes,USAF,
MORRIS AGB,"32°7'60.00""N","110°57'0.00""W",,PILOT,PILOT (11X),https://paladindanse111.github.io/AFSC-PDFs/AFSC_files/11XX.html,,F-16,Active Duty,No,USAF,
MORRIS AIR NATIONAL GUARD BASE,"32°6'58.00""N","110°56'28.00""W",,PILOT,PILOT (11X),https://paladindanse111.github.io/AFSC-PDFs/AFSC_files/11XX.html,,F-16,Active Duty,No,USAF,
MOUNTAIN HOME AFB,"43°03'59""N","115°51'18""W",11T NH 93226 68823,PILOT,PILOT (11X),https://paladindanse111.github.io/AFSC-PDFs/AFSC_files/11XX.html,https://paladindanse111.github.io/AFSC-PDFs/BASE_files/BASE_MOUNTAIN_HOME_AFB.html,,Active Duty,Yes,USAF,
MOUNTAIN HOME AFB,"43°03'59""N","115°51'18""W",11T NH 93226 68823,PILOT,PILOT (11X),https://paladindanse111.github.io/AFSC-PDFs/AFSC_files/11XX.html,https://paladindanse111.github.io/AFSC-PDFs/BASE_files/BASE_MOUNTAIN_HOME_AFB.html,F-15E,Active Duty,Yes,USAF,
NELLIS AFB,"36°14'25""N","115°03'14""W",11S PA 74874 12355,PILOT,PILOT (11X),https://paladindanse111.github.io/AFSC-PDFs/AFSC_files/11XX.html,https://paladindanse111.github.io/AFSC-PDFs/BASE_files/BASE_NELLIS_AFB.html,,Active Duty,Yes,USAF,
NELLIS AFB,"36°14'25""N","115°03'14""W",11S PA 74874 12355,PILOT,PILOT (11X),https://paladindanse111.github.io/AFSC-PDFs/AFSC_files/11XX.html,https://paladindanse111.github.io/AFSC-PDFs/BASE_files/BASE_NELLIS_AFB.html,A-10,Active Duty,Yes,USAF,
NELLIS AFB,"36°14'25""N","115°03'14""W",11S PA 74874 12355,PILOT,PILOT (11X),https://paladindanse111.github.io/AFSC-PDFs/AFSC_files/11XX.html,https://paladindanse111.github.io/AFSC-PDFs/BASE_files/BASE_NELLIS_AFB.html,B-1,Active Duty,Yes,USAF,
NELLIS AFB,"36°14'25""N","115°03'14""W",11S PA 74874 12355,PILOT,PILOT (11X),https://paladindanse111.github.io/AFSC-PDFs/AFSC_files/11XX.html,https://paladindanse111.github.io/AFSC-PDFs/BASE_files/BASE_NELLIS_AFB.html,C-130J,Active Duty,Yes,USAF,
NELLIS AFB,"36°14'25""N","115°03'14""W",11S PA 74874 12355,PILOT,PILOT (11X),https://paladindanse111.github.io/AFSC-PDFs/AFSC_files/11XX.html,https://paladindanse111.github.io/AFSC-PDFs/BASE_files/BASE_NELLIS_AFB.html,CV-22,Active Duty,Yes,USAF,
NELLIS AFB,"36°14'25""N","115°03'14""W",11S PA 74874 12355,PILOT,PILOT (11X),https://paladindanse111.github.io/AFSC-PDFs/AFSC_files/11XX.html,https://paladindanse111.github.io/AFSC-PDFs/BASE_files/BASE_NELLIS_AFB.html,F-15E,Active Duty,Yes,USAF,
NELLIS AFB,"36°14'25""N","115°03'14""W",11S PA 74874 12355,PILOT,PILOT (11X),https://paladindanse111.github.io/AFSC-PDFs/AFSC_files/11XX.html,https://paladindanse111.github.io/AFSC-PDFs/BASE_files/BASE_NELLIS_AFB.html,F-16,Active Duty,Yes,USAF,
NELLIS AFB,"36°14'25""N","115°03'14""W",11S PA 74874 12355,PILOT,PILOT (11X),https://paladindanse111.github.io/AFSC-PDFs/AFSC_files/11XX.html,https://paladindanse111.github.io/AFSC-PDFs/BASE_files/BASE_NELLIS_AFB.html,F-22,Active Duty,Yes,USAF,
NELLIS AFB,"36°14'25""N","115°03'14""W",11S PA 74874 12355,PILOT,PILOT (11X),https://paladindanse111.github.io/AFSC-PDFs/AFSC_files/11XX.html,https://paladindanse111.github.io/AFSC-PDFs/BASE_files/BASE_NELLIS_AFB.html,F-35,Active Duty,Yes,USAF,
NELLIS AFB,"36°14'25""N","115°03'14""W",11S PA 74874 12355,PILOT,PILOT (11X),https://paladindanse111.github.io/AFSC-PDFs/AFSC_files/11XX.html,https://paladindanse111.github.io/AFSC-PDFs/BASE_files/BASE_NELLIS_AFB.html,HH-60,Active Duty,Yes,USAF,
NELLIS AFB,"36°14'25""N","115°03'14""W",11S PA 74874 12355,PILOT,PILOT (11X),https://paladindanse111.github.io/AFSC-PDFs/AFSC_files/11XX.html,https://paladindanse111.github.io/AFSC-PDFs/BASE_files/BASE_NELLIS_AFB.html,KC-135,Active Duty,Yes,USAF,
NEW ORLEANS NAS ANX,"29°49'38.00""N","90°1'36.00""W",,PILOT,PILOT (11X),https://paladindanse111.github.io/AFSC-PDFs/AFSC_files/11XX.html,,F-15,Active Duty,No,USAF,
NEW RIVER MCAS ABS,"34°42'30.00""N","77°26'23.00""W",,PILOT,PILOT (11X),https://paladindanse111.github.io/AFSC-PDFs/AFSC_files/11XX.html,,CV-22,Active Duty,No,USAF,
OFFUTT AFB,"41°07'25""N","95°54'52""W",15T TF 55334 56573,PILOT,PILOT (11X),https://paladindanse111.github.io/AFSC-PDFs/AFSC_files/11XX.html,https://paladindanse111.github.io/AFSC-PDFs/BASE_files/BASE_OFFUTT_AFB.html,,Active Duty,Yes,USAF,
OFFUTT AFB,"41°07'25""N","95°54'52""W",15T TF 55334 56573,PILOT,PILOT (11X),https://paladindanse111.github.io/AFSC-PDFs/AFSC_files/11XX.html,https://paladindanse111.github.io/AFSC-PDFs/BASE_files/BASE_OFFUTT_AFB.html,E-4,Active Duty,Yes,USAF,
OFFUTT AFB,"41°07'25""N","95°54'52""W",15T TF 55334 56573,PILOT,PILOT (11X),https://paladindanse111.github.io/AFSC-PDFs/AFSC_files/11XX.html,https://paladindanse111.github.io/AFSC-PDFs/BASE_files/BASE_OFFUTT_AFB.html,RC-135,Active Duty,Yes,USAF,
OSAN AB,"37°05'19""N","127°01'50""E",52S CG 24960 06516,PILOT,PILOT (11X),https://paladindanse111.github.io/AFSC-PDFs/AFSC_files/11XX.html,https://paladindanse111.github.io/AFSC-PDFs/BASE_files/BASE_OSAN_AB.html,,Active Duty,Yes,USAF,
OSAN AB,"37°05'19""N","127°01'50""E",52S CG 24960 06516,PILOT,PILOT (11X),https://paladindanse111.github.io/AFSC-PDFs/AFSC_files/11XX.html,https://paladindanse111.github.io/AFSC-PDFs/BASE_files/BASE_OSAN_AB.html,F-15,Active Duty,Yes,USAF,
OSAN AB,"37°05'19""N","127°01'50""E",52S CG 24960 06516,PILOT,PILOT (11X),https://paladindanse111.github.io/AFSC-PDFs/AFSC_files/11XX.html,https://paladindanse111.github.io/AFSC-PDFs/BASE_files/BASE_OSAN_AB.html,F-16,Active Duty,Yes,USAF,
OSAN AB,"37°05'19""N","127°01'50""E",52S CG 24960 06516,PILOT,PILOT (11X),https://paladindanse111.github.io/AFSC-PDFs/AFSC_files/11XX.html,https://paladindanse111.github.io/AFSC-PDFs/BASE_files/BASE_OSAN_AB.html,U-2,Active Duty,Yes,USAF,
PAPA AB,"47°21'50.00""N","17°30'2.00""E",,PILOT,PILOT (11X),https://paladindanse111.github.io/AFSC-PDFs/AFSC_files/11XX.html,https://paladindanse111.github.io/AFSC-PDFs/BASE_files/BASE_PAPA_AB.html,C-17,Active Duty,No,USAF,
PATUXENT RIVER NA,"38° 17' 10""N","76° 24' 42""W",18S UH 76539 38502,PILOT,PILOT (11X),https://paladindanse111.github.io/AFSC-PDFs/AFSC_files/11XX.html,https://paladindanse111.github.io/AFSC-PDFs/BASE_files/BASE_PATUXENT_RIVER_NA.html,,Active Duty,Yes,USAF,
PEASE AIR NATIONAL GUARD BASE,"43°4'41.00""N","70°49'24.00""W",,PILOT,PILOT (11X),https://paladindanse111.github.io/AFSC-PDFs/AFSC_files/11XX.html,,KC-46,Active Duty,No,USAF,
PENSACOLA NAS,"30° 21' 10""N","87° 16' 5""W",16R DU 74238 57907,PILOT,PILOT (11X),https://paladindanse111.github.io/AFSC-PDFs/AFSC_files/11XX.html,https://paladindanse111.github.io/AFSC-PDFs/BASE_files/BASE_PENSACOLA_NAS.html,T-6,Active Duty,Yes,USAF,
PENTAGON,"38°52'15""N","77°03'21""W",18S UJ 21650 04451,PILOT,PILOT (11X),https://paladindanse111.github.io/AFSC-PDFs/AFSC_files/11XX.html,https://paladindanse111.github.io/AFSC-PDFs/BASE_files/BASE_PENTAGON.html,,Active Duty,Yes,USAF,
POPE AAF,"35°10'16""N","79°01'02""W",17S PU 80566 93819,PILOT,PILOT (11X),https://paladindanse111.github.io/AFSC-PDFs/AFSC_files/11XX.html,https://paladindanse111.github.io/AFSC-PDFs/BASE_files/BASE_POPE_AAF.html,,Active Duty,Yes,USAF,
POPE AAF,"35°10'16""N","79°01'02""W",17S PU 80566 93819,PILOT,PILOT (11X),https://paladindanse111.github.io/AFSC-PDFs/AFSC_files/11XX.html,https://paladindanse111.github.io/AFSC-PDFs/BASE_files/BASE_POPE_AAF.html,C-17,Active Duty,Yes,USAF,
POPE AAF,"35°10'16""N","79°01'02""W",17S PU 80566 93819,PILOT,PILOT (11X),https://paladindanse111.github.io/AFSC-PDFs/AFSC_files/11XX.html,https://paladindanse111.github.io/AFSC-PDFs/BASE_files/BASE_POPE_AAF.html,KC-135,Active Duty,Yes,USAF,
PORTLAND AIR NATIONAL GUARD BASE,"45°35'19.00""N","122°35'51.00""W",,PILOT,PILOT (11X),https://paladindanse111.github.io/AFSC-PDFs/AFSC_files/11XX.html,,F-15,Active Duty,No,USAF,
RAMSTEIN AB,"49°26'23""N","7°35'47""E",32U LV 98244 77286,PILOT,PILOT (11X),https://paladindanse111.github.io/AFSC-PDFs/AFSC_files/11XX.html,https://paladindanse111.github.io/AFSC-PDFs/BASE_files/BASE_RAMSTEIN_AB.html.html,,Active Duty,Yes,USAF,
RAMSTEIN AB,"49°26'23""N","7°35'47""E",32U LV 98244 77286,PILOT,PILOT (11X),https://paladindanse111.github.io/AFSC-PDFs/AFSC_files/11XX.html,https://paladindanse111.github.io/AFSC-PDFs/BASE_files/BASE_RAMSTEIN_AB.html.html,C-130J,Active Duty,Yes,USAF,
RAMSTEIN AB,"49°26'23""N","7°35'47""E",32U LV 98244 77286,PILOT,PILOT (11X),https://paladindanse111.github.io/AFSC-PDFs/AFSC_files/11XX.html,https://paladindanse111.github.io/AFSC-PDFs/BASE_files/BASE_RAMSTEIN_AB.html.html,C-21,Active Duty,Yes,USAF,
RAMSTEIN AB,"49°26'23""N","7°35'47""E",32U LV 98244 77286,PILOT,PILOT (11X),https://paladindanse111.github.io/AFSC-PDFs/AFSC_files/11XX.html,https://paladindanse111.github.io/AFSC-PDFs/BASE_files/BASE_RAMSTEIN_AB.html.html,C-37,Active Duty,Yes,USAF,
RAMSTEIN AB,"49°26'23""N","7°35'47""E",32U LV 98244 77286,PILOT,PILOT (11X),https://paladindanse111.github.io/AFSC-PDFs/AFSC_files/11XX.html,https://paladindanse111.github.io/AFSC-PDFs/BASE_files/BASE_RAMSTEIN_AB.html.html,KC-135,Active Duty,Yes,USAF,
ROBINS AFB,"32°38'23""N","83°35'30""W",17S KS 56883 14314,PILOT,PILOT (11X),https://paladindanse111.github.io/AFSC-PDFs/AFSC_files/11XX.html,https://paladindanse111.github.io/AFSC-PDFs/BASE_files/BASE_ROBINS_AFB.html,,Active Duty,Yes,USAF,
SAVANNAH AIR NATIONAL GUARD BASE,"32°7'39.00""N","81°12'8.00""W",,PILOT,PILOT (11X),https://paladindanse111.github.io/AFSC-PDFs/AFSC_files/11XX.html,,C-130J,Active Duty,No,USAF,
SCOTT AFB,"38°32'29""N","89°51'18""W",16S BH 51169 69750,PILOT,PILOT (11X),https://paladindanse111.github.io/AFSC-PDFs/AFSC_files/11XX.html,https://paladindanse111.github.io/AFSC-PDFs/BASE_files/BASE_SCOTT_AFB.html,,Active Duty,Yes,USAF,
SCOTT AFB,"38°32'29""N","89°51'18""W",16S BH 51169 69750,PILOT,PILOT (11X),https://paladindanse111.github.io/AFSC-PDFs/AFSC_files/11XX.html,https://paladindanse111.github.io/AFSC-PDFs/BASE_files/BASE_SCOTT_AFB.html,C-17,Active Duty,Yes,USAF,
SCOTT AFB,"38°32'29""N","89°51'18""W",16S BH 51169 69750,PILOT,PILOT (11X),https://paladindanse111.github.io/AFSC-PDFs/AFSC_files/11XX.html,https://paladindanse111.github.io/AFSC-PDFs/BASE_files/BASE_SCOTT_AFB.html,C-21,Active Duty,Yes,USAF,
SCOTT AFB,"38°32'29""N","89°51'18""W",16S BH 51169 69750,PILOT,PILOT (11X),https://paladindanse111.github.io/AFSC-PDFs/AFSC_files/11XX.html,https://paladindanse111.github.io/AFSC-PDFs/BASE_files/BASE_SCOTT_AFB.html,C-40,Active Duty,Yes,USAF,
SCOTT AFB,"38°32'29""N","89°51'18""W",16S BH 51169 69750,PILOT,PILOT (11X),https://paladindanse111.github.io/AFSC-PDFs/AFSC_files/11XX.html,https://paladindanse111.github.io/AFSC-PDFs/BASE_files/BASE_SCOTT_AFB.html,KC-135,Active Duty,Yes,USAF,
SELFRIDGE AIR NATIONAL GUARD BASE,"42°36'30.00""N","82°50'8.00""W",,PILOT,PILOT (11X),https://paladindanse111.github.io/AFSC-PDFs/AFSC_files/11XX.html,,A-10,Active Duty,No,USAF,
SEYMOUR JOHNSON AFB,"35°20'24""N","77°57'41""W",18S TE 30850 14774,PILOT,PILOT (11X),https://paladindanse111.github.io/AFSC-PDFs/AFSC_files/11XX.html,https://paladindanse111.github.io/AFSC-PDFs/BASE_files/BASE_SEYMOUR_JOHNSON_AFB.html,F-15E,Active Duty,Yes,USAF,
SEYMOUR JOHNSON AFB,"35°20'24""N","77°57'41""W",18S TE 30850 14774,PILOT,PILOT (11X),https://paladindanse111.github.io/AFSC-PDFs/AFSC_files/11XX.html,https://paladindanse111.github.io/AFSC-PDFs/BASE_files/BASE_SEYMOUR_JOHNSON_AFB.html,KC-46,Active Duty,Yes,USAF,
SHAW AFB,"33°58'02""N","80°29'05""W",17S NT 47603 58641,PILOT,PILOT (11X),https://paladindanse111.github.io/AFSC-PDFs/AFSC_files/11XX.html,https://paladindanse111.github.io/AFSC-PDFs/BASE_files/BASE_SHAW_AFB.html,F-16,Active Duty,Yes,USAF,
SHEPPARD AFB,"33°58'06""N","98°30'38""W",14S NC 45216 58752,PILOT,PILOT (11X),https://paladindanse111.github.io/AFSC-PDFs/AFSC_files/11XX.html,https://paladindanse111.github.io/AFSC-PDFs/BASE_files/BASE_SHEPPARD_AFB.html,,Active Duty,Yes,USAF,
SHEPPARD AFB,"33°58'06""N","98°30'38""W",14S NC 45216 58752,PILOT,PILOT (11X),https://paladindanse111.github.io/AFSC-PDFs/AFSC_files/11XX.html,https://paladindanse111.github.io/AFSC-PDFs/BASE_files/BASE_SHEPPARD_AFB.html,T-38,Active Duty,Yes,USAF,
SHEPPARD AFB,"33°58'06""N","98°30'38""W",14S NC 45216 58752,PILOT,PILOT (11X),https://paladindanse111.github.io/AFSC-PDFs/AFSC_files/11XX.html,https://paladindanse111.github.io/AFSC-PDFs/BASE_files/BASE_SHEPPARD_AFB.html,T-6,Active Duty,Yes,USAF,
SPANGDAHLEM AB,"49°59'38""N","6°41'55""E",32U LA 35052 40489,PILOT,PILOT (11X),https://paladindanse111.github.io/AFSC-PDFs/AFSC_files/11XX.html,https://paladindanse111.github.io/AFSC-PDFs/BASE_files/BASE_SPANGDAHLEM_AB.html,F-16,Active Duty,Yes,USAF,
TINKER AFB,"35°25'09""N","97°24'15""W",14S PE 44882 20698,PILOT,PILOT (11X),https://paladindanse111.github.io/AFSC-PDFs/AFSC_files/11XX.html,https://paladindanse111.github.io/AFSC-PDFs/BASE_files/BASE_TINKER_AFB.html,,Active Duty,Yes,USAF,
TINKER AFB,"35°25'09""N","97°24'15""W",14S PE 44882 20698,PILOT,PILOT (11X),https://paladindanse111.github.io/AFSC-PDFs/AFSC_files/11XX.html,https://paladindanse111.github.io/AFSC-PDFs/BASE_files/BASE_TINKER_AFB.html,E-3,Active Duty,Yes,USAF,
TOLEDO AIR NATIONAL GUARD BASE,"41°35'12.00""N","83°48'28.00""W",,PILOT,PILOT (11X),https://paladindanse111.github.io/AFSC-PDFs/AFSC_files/11XX.html,,F-16,Active Duty,No,USAF,
TRAVIS AFB,"38°16'09""N","121°56'51""W",10S EH 92069 36204,PILOT,PILOT (11X),https://paladindanse111.github.io/AFSC-PDFs/AFSC_files/11XX.html,https://paladindanse111.github.io/AFSC-PDFs/BASE_files/BASE_TRAVIS_AFB.html,,Active Duty,Yes,USAF,
TRAVIS AFB,"38°16'09""N","121°56'51""W",10S EH 92069 36204,PILOT,PILOT (11X),https://paladindanse111.github.io/AFSC-PDFs/AFSC_files/11XX.html,https://paladindanse111.github.io/AFSC-PDFs/BASE_files/BASE_TRAVIS_AFB.html,C-17,Active Duty,Yes,USAF,
TRAVIS AFB,"38°16'09""N","121°56'51""W",10S EH 92069 36204,PILOT,PILOT (11X),https://paladindanse111.github.io/AFSC-PDFs/AFSC_files/11XX.html,https://paladindanse111.github.io/AFSC-PDFs/BASE_files/BASE_TRAVIS_AFB.html,C-5,Active Duty,Yes,USAF,
TRAVIS AFB,"38°16'09""N","121°56'51""W",10S EH 92069 36204,PILOT,PILOT (11X),https://paladindanse111.github.io/AFSC-PDFs/AFSC_files/11XX.html,https://paladindanse111.github.io/AFSC-PDFs/BASE_files/BASE_TRAVIS_AFB.html,KC-46,Active Duty,Yes,USAF,
TRUAX FIELD AIR NATIONAL GUARD BASE,"43°8'24.00""N","89°20'15.00""W",,PILOT,PILOT (11X),https://paladindanse111.github.io/AFSC-PDFs/AFSC_files/11XX.html,,F-35,Active Duty,No,USAF,
TULSA AIR NATIONAL GUARD BASE,"36°11'54.00""N","95°53'17.00""W",,PILOT,PILOT (11X),https://paladindanse111.github.io/AFSC-PDFs/AFSC_files/11XX.html,,F-16,Active Duty,No,USAF,
TYNDALL AFB,"30°04'47""N","85°36'26""W",16R FU 34229 28437,PILOT,PILOT (11X),https://paladindanse111.github.io/AFSC-PDFs/AFSC_files/11XX.html,https://paladindanse111.github.io/AFSC-PDFs/BASE_files/BASE_TYNDALL_AFB.html,,Active Duty,Yes,USAF,
TYNDALL AFB,"30°04'47""N","85°36'26""W",16R FU 34229 28437,PILOT,PILOT (11X),https://paladindanse111.github.io/AFSC-PDFs/AFSC_files/11XX.html,https://paladindanse111.github.io/AFSC-PDFs/BASE_files/BASE_TYNDALL_AFB.html,F-15,Active Duty,Yes,USAF,
TYNDALL AFB,"30°04'47""N","85°36'26""W",16R FU 34229 28437,PILOT,PILOT (11X),https://paladindanse111.github.io/AFSC-PDFs/AFSC_files/11XX.html,https://paladindanse111.github.io/AFSC-PDFs/BASE_files/BASE_TYNDALL_AFB.html,F-15E,Active Duty,Yes,USAF,
TYNDALL AFB,"30°04'47""N","85°36'26""W",16R FU 34229 28437,PILOT,PILOT (11X),https://paladindanse111.github.io/AFSC-PDFs/AFSC_files/11XX.html,https://paladindanse111.github.io/AFSC-PDFs/BASE_files/BASE_TYNDALL_AFB.html,F-16,Active Duty,Yes,USAF,
TYNDALL AFB,"30°04'47""N","85°36'26""W",16R FU 34229 28437,PILOT,PILOT (11X),https://paladindanse111.github.io/AFSC-PDFs/AFSC_files/11XX.html,https://paladindanse111.github.io/AFSC-PDFs/BASE_files/BASE_TYNDALL_AFB.html,F-35,Active Duty,Yes,USAF,
USAF ACADEMY,"39°0'0.00""N","104°52'60.00""W",,PILOT,PILOT (11X),https://paladindanse111.github.io/AFSC-PDFs/AFSC_files/11XX.html,https://paladindanse111.github.io/AFSC-PDFs/BASE_files/BASE_USAF_ACADEMY.html,,Active Duty,No,USAF,
VANCE AFB,"36°20'21""N","97°54'47""W",14S NF 97544 22116,PILOT,PILOT (11X),https://paladindanse111.github.io/AFSC-PDFs/AFSC_files/11XX.html,https://paladindanse111.github.io/AFSC-PDFs/BASE_files/BASE_VANCE_AFB.html,,Active Duty,Yes,USAF,
VANCE AFB,"36°20'21""N","97°54'47""W",14S NF 97544 22116,PILOT,PILOT (11X),https://paladindanse111.github.io/AFSC-PDFs/AFSC_files/11XX.html,https://paladindanse111.github.io/AFSC-PDFs/BASE_files/BASE_VANCE_AFB.html,T-1,Active Duty,Yes,USAF,
VANCE AFB,"36°20'21""N","97°54'47""W",14S NF 97544 22116,PILOT,PILOT (11X),https://paladindanse111.github.io/AFSC-PDFs/AFSC_files/11XX.html,https://paladindanse111.github.io/AFSC-PDFs/BASE_files/BASE_VANCE_AFB.html,T-38,Active Duty,Yes,USAF,
VANCE AFB,"36°20'21""N","97°54'47""W",14S NF 97544 22116,PILOT,PILOT (11X),https://paladindanse111.github.io/AFSC-PDFs/AFSC_files/11XX.html,https://paladindanse111.github.io/AFSC-PDFs/BASE_files/BASE_VANCE_AFB.html,T-6,Active Duty,Yes,USAF,
WARFIELD AIR NATIONAL GUARD BASE,"39°19'33.00""N","76°24'50.00""W",,PILOT,PILOT (11X),https://paladindanse111.github.io/AFSC-PDFs/AFSC_files/11XX.html,,A-10,Active Duty,No,USAF,
WESTFIELD BARNES JAP,"42°9'28.00""N","72°42'56.00""W",,PILOT,PILOT (11X),https://paladindanse111.github.io/AFSC-PDFs/AFSC_files/11XX.html,,F-15,Active Duty,No,USAF,
WHIDBEY ISLAND NA ABS,"48°21'6.00""N","122°39'22.00""W",,PILOT,PILOT (11X),https://paladindanse111.github.io/AFSC-PDFs/AFSC_files/11XX.html,,,Active Duty,No,USAF,
WHITEMAN AFB,"38°43'44""N","93°33'37""W",15S VC 51299 86840,PILOT,PILOT (11X),https://paladindanse111.github.io/AFSC-PDFs/AFSC_files/11XX.html,https://paladindanse111.github.io/AFSC-PDFs/BASE_files/BASE_WHITEMAN_AFB.html,A-10,Active Duty,Yes,USAF,
WHITEMAN AFB,"38°43'44""N","93°33'37""W",15S VC 51299 86840,PILOT,PILOT (11X),https://paladindanse111.github.io/AFSC-PDFs/AFSC_files/11XX.html,https://paladindanse111.github.io/AFSC-PDFs/BASE_files/BASE_WHITEMAN_AFB.html,B-2,Active Duty,Yes,USAF,
WHITEMAN AFB,"38°43'44""N","93°33'37""W",15S VC 51299 86840,PILOT,PILOT (11X),https://paladindanse111.github.io/AFSC-PDFs/AFSC_files/11XX.html,https://paladindanse111.github.io/AFSC-PDFs/BASE_files/BASE_WHITEMAN_AFB.html,T-38,Active Duty,Yes,USAF,
WHITING FIELD NAS,"30°43'27.00""N","87°1'19.00""W",,PILOT,PILOT (11X),https://paladindanse111.github.io/AFSC-PDFs/AFSC_files/11XX.html,,,Active Duty,No,USAF,
WHITING FIELD NAS,"30°43'27.00""N","87°1'19.00""W",,PILOT,PILOT (11X),https://paladindanse111.github.io/AFSC-PDFs/AFSC_files/11XX.html,,T-6,Active Duty,No,USAF,
WILL ROGERS AIR NATIONAL GUARD BASE,"35°23'35.00""N","97°36'3.00""W",,PILOT,PILOT (11X),https://paladindanse111.github.io/AFSC-PDFs/AFSC_files/11XX.html,https://paladindanse111.github.io/AFSC-PDFs/BASE_files/WILL_ROGERS.html,,Active Duty,No,USAF,
WILL ROGERS AIR NATIONAL GUARD BASE,"35°23'35.00""N","97°36'3.00""W",,PILOT,PILOT (11X),https://paladindanse111.github.io/AFSC-PDFs/AFSC_files/11XX.html,https://paladindanse111.github.io/AFSC-PDFs/BASE_files/WILL_ROGERS.html,OA-1K,Active Duty,No,USAF,
WRIGHT-PATTERSON AFB,"39°48'37""N","84°01'55""W",16S GK 54072 10915,PILOT,PILOT (11X),https://paladindanse111.github.io/AFSC-PDFs/AFSC_files/11XX.html,https://paladindanse111.github.io/AFSC-PDFs/BASE_files/BASE_WRIGHT-PATTERSON_AFB.html,,Active Duty,Yes,USAF,
YOKOTA AB,"35°44'35""N","139°20'23""E",54S UE 49872 56720,PILOT,PILOT (11X),https://paladindanse111.github.io/AFSC-PDFs/AFSC_files/11XX.html,https://paladindanse111.github.io/AFSC-PDFs/BASE_files/BASE_YOKOTA_AB.html,,Active Duty,Yes,USAF,
YOKOTA AB,"35°44'35""N","139°20'23""E",54S UE 49872 56720,PILOT,PILOT (11X),https://paladindanse111.github.io/AFSC-PDFs/AFSC_files/11XX.html,https://paladindanse111.github.io/AFSC-PDFs/BASE_files/BASE_YOKOTA_AB.html,C-12,Active Duty,Yes,USAF,
YOKOTA AB,"35°44'35""N","139°20'23""E",54S UE 49872 56720,PILOT,PILOT (11X),https://paladindanse111.github.io/AFSC-PDFs/AFSC_files/11XX.html,https://paladindanse111.github.io/AFSC-PDFs/BASE_files/BASE_YOKOTA_AB.html,C-130J,Active Duty,Yes,USAF,
YOKOTA AB,"35°44'35""N","139°20'23""E",54S UE 49872 56720,PILOT,PILOT (11X),https://paladindanse111.github.io/AFSC-PDFs/AFSC_files/11XX.html,https://paladindanse111.github.io/AFSC-PDFs/BASE_files/BASE_YOKOTA_AB.html,CV-22,Active Duty,Yes,USAF,
ANDREWS JB,"38°47'46""N","76°53'00""W",18S UH 36445 95835,13S,13S (SPACE OPERATIONS),https://paladindanse111.github.io/AFSC-PDFs/AFSC_files/SFSC.html,https://paladindanse111.github.io/AFSC-PDFs/BASE_files/BASE_ANDREWS_JB.html,,Active Duty,Yes,USSF,
BARKING SANDS COM,"21°1'0.00""N","159°46'60.00""W",,13S,13S (SPACE OPERATIONS),https://paladindanse111.github.io/AFSC-PDFs/AFSC_files/SFSC.html,,,Active Duty,No,USSF,
BEALE AFB,"39°06'41""N","121°21'35""W",10S FJ 41815 30418,13S,13S (SPACE OPERATIONS),https://paladindanse111.github.io/AFSC-PDFs/AFSC_files/SFSC.html,https://paladindanse111.github.io/AFSC-PDFs/BASE_files/BASE_BEALE_AFB.html,,Active Duty,Yes,USSF,
BUCKLEY SFB,"39°42'09""N","104°45'29""W",13S ED 20741 94766,13S,13S (SPACE OPERATIONS),https://paladindanse111.github.io/AFSC-PDFs/AFSC_files/SFSC.html,https://paladindanse111.github.io/AFSC-PDFs/BASE_files/BASE_BUCKLEY_SFB.html,,Active Duty,Yes,USSF,
CAPE CANAVERAL SFS,"28°29'19""N","80°34'22""W",17R NM 41814 51404,13S,13S (SPACE OPERATIONS),https://paladindanse111.github.io/AFSC-PDFs/AFSC_files/SFSC.html,https://paladindanse111.github.io/AFSC-PDFs/BASE_files/BASE_CAPE_CANAVERAL_SFS.html,,Active Duty,Yes,USSF,
CAPE COD SFS,"41°45'8.00""N","70°32'18.00""W",,13S,13S (SPACE OPERATIONS),https://paladindanse111.github.io/AFSC-PDFs/AFSC_files/SFSC.html,https://paladindanse111.github.io/AFSC-PDFs/BASE_files/BASE_CAPE_COD_SFS.html,,Active Duty,No,USSF,
CAVALIER SFS,"48°43'29.00""N","97°53'59.00""W",,13S,13S (SPACE OPERATIONS),https://paladindanse111.github.io/AFSC-PDFs/AFSC_files/SFSC.html,https://paladindanse111.github.io/AFSC-PDFs/BASE_files/BASE_CAVALIER_SFS.html,,Active Duty,No,USSF,
CHEYENNE MOUNTAIN SFS,"38°49'0.00""N","104°32'60.00""W",,13S,13S (SPACE OPERATIONS),https://paladindanse111.github.io/AFSC-PDFs/AFSC_files/SFSC.html,https://paladindanse111.github.io/AFSC-PDFs/BASE_files/BASE_CHEYENNE_MOUNTAIN_SFS.html,,Active Duty,No,USSF,
CLEAR SFS,"64°18'7.00""N","149°7'21.00""W",,13S,13S (SPACE OPERATIONS),https://paladindanse111.github.io/AFSC-PDFs/AFSC_files/SFSC.html,,,Active Duty,No,USSF,
CP KINSER MGI,"26°22'0.00""N","127°47'60.00""E",,13S,13S (SPACE OPERATIONS),https://paladindanse111.github.io/AFSC-PDFs/AFSC_files/SFSC.html,,,Active Duty,No,USSF,
DAHLGREN NYI,"38°19'0.00""N","77°1'60.00""W",,13S,13S (SPACE OPERATIONS),https://paladindanse111.github.io/AFSC-PDFs/AFSC_files/SFSC.html,,,Active Duty,No,USSF,
DAVIS-MONTHAN AFB,"32°10'14""N","110°52'39""W",12S WA 11549 59347,13S,13S (SPACE OPERATIONS),https://paladindanse111.github.io/AFSC-PDFs/AFSC_files/SFSC.html,https://paladindanse111.github.io/AFSC-PDFs/BASE_files/BASE_DAVIS-MONTHAN_AFB.html,,Active Duty,Yes,USSF,
EDWARDS AFB,"34°55'25""N","117°53'29""W",11S MU 18582 64934,13S,13S (SPACE OPERATIONS),https://paladindanse111.github.io/AFSC-PDFs/AFSC_files/SFSC.html,https://paladindanse111.github.io/AFSC-PDFs/BASE_files/BASE_EDWARDS_AFB.html,,Active Duty,Yes,USSF,
EGLIN AFB,"30°27'49""N","86°33'11""W",16R EU 42905 70243,13S,13S (SPACE OPERATIONS),https://paladindanse111.github.io/AFSC-PDFs/AFSC_files/SFSC.html,https://paladindanse111.github.io/AFSC-PDFs/BASE_files/BASE_EGLIN_AFB.html,,Active Duty,Yes,USSF,
FT BELVOIR,"38°43'05""N","77°09'16""W",18S UH 12695 87692,13S,13S (SPACE OPERATIONS),https://paladindanse111.github.io/AFSC-PDFs/AFSC_files/SFSC.html,https://paladindanse111.github.io/AFSC-PDFs/BASE_files/BASE_FT_BELVOIR.html,,Active Duty,Yes,USSF,
FT BUCKNER AIN,"26°16'60.00""N","127°46'0.00""E",,13S,13S (SPACE OPERATIONS),https://paladindanse111.github.io/AFSC-PDFs/AFSC_files/SFSC.html,,,Active Duty,No,USSF,
FT DETRICK AIN,"39°25'60.00""N","77°20'60.00""W",,13S,13S (SPACE OPERATIONS),https://paladindanse111.github.io/AFSC-PDFs/AFSC_files/SFSC.html,,,Active Duty,No,USSF,
FT GEORGE G MEADE,"39°06'14""N","76°44'42""W",18S UJ 49113 29754,13S,13S (SPACE OPERATIONS),https://paladindanse111.github.io/AFSC-PDFs/AFSC_files/SFSC.html,https://paladindanse111.github.io/AFSC-PDFs/BASE_files/BASE_FT_GEORGE_G_MEADE.html,,Active Duty,Yes,USSF,
GRAND FORKS AFB,"47°57'07""N","97°22'57""W",14T PU 20768 12225,13S,13S (SPACE OPERATIONS),https://paladindanse111.github.io/AFSC-PDFs/AFSC_files/SFSC.html,https://paladindanse111.github.io/AFSC-PDFs/BASE_files/BASE_GRAND_FORKS_AFB.html,,Active Duty,Yes,USSF,
HOLLOMAN AFB,"32°50'33""N","106°05'55""W",13S CS 97187 34361,13S,13S (SPACE OPERATIONS),https://paladindanse111.github.io/AFSC-PDFs/AFSC_files/SFSC.html,https://paladindanse111.github.io/AFSC-PDFs/BASE_files/BASE_HOLLOMAN_AFB.html,,Active Duty,Yes,USSF,
JB ANACOSTIA-BOLLING,"38°50'29""N","77°01'05""W",18S UJ 24855 01110,13S,13S (SPACE OPERATIONS),https://paladindanse111.github.io/AFSC-PDFs/AFSC_files/SFSC.html,https://paladindanse111.github.io/AFSC-PDFs/BASE_files/BASE_JB_ANACOSTIA-BOLLING.html,,Active Duty,Yes,USSF,
JB PEARL HARBOR-HICKAM,"21°20'15""N","157°57'43""W",4Q FJ 07643 59855,13S,13S (SPACE OPERATIONS),https://paladindanse111.github.io/AFSC-PDFs/AFSC_files/SFSC.html,https://paladindanse111.github.io/AFSC-PDFs/BASE_files/BASE_JB_PEARL_HARBOR-HICKAM.html,,Active Duty,Yes,USSF,
JBSA LACKLAND,"29°23'14""N","98°37'16""W",14R NT 36765 50947,13S,13S (SPACE OPERATIONS),https://paladindanse111.github.io/AFSC-PDFs/AFSC_files/SFSC.html,https://paladindanse111.github.io/AFSC-PDFs/BASE_files/BASE_JBSA_LACKLAND.html,,Active Duty,Yes,USSF,
JBSA RANDOLPH,"29°31'57""N","98°16'45""W",14R NT 69847 67200,13S,13S (SPACE OPERATIONS),https://paladindanse111.github.io/AFSC-PDFs/AFSC_files/SFSC.html,https://paladindanse111.github.io/AFSC-PDFs/BASE_files/BASE_JBSA_RANDOLPH.html,,Active Duty,Yes,USSF,
KADENA AB,"26°21'30""N","127°46'20""E",52R CQ 77496 15950,13S,13S (SPACE OPERATIONS),https://paladindanse111.github.io/AFSC-PDFs/AFSC_files/SFSC.html,https://paladindanse111.github.io/AFSC-PDFs/BASE_files/BASE_KADENA_AB.html,,Active Duty,Yes,USSF,
KAPAUN AIR STATION,"49°25'44""N","7°41'53""E",32U MV 05594 75949,13S,13S (SPACE OPERATIONS),https://paladindanse111.github.io/AFSC-PDFs/AFSC_files/SFSC.html,https://paladindanse111.github.io/AFSC-PDFs/BASE_files/BASE_KAPAUN_AIR_STATION.html,,Active Duty,Yes,USSF,
KIRTLAND AFB,"35°00'39""N","106°30'44""W",13S CU 62019 75289,13S,13S (SPACE OPERATIONS),https://paladindanse111.github.io/AFSC-PDFs/AFSC_files/SFSC.html,https://paladindanse111.github.io/AFSC-PDFs/BASE_files/BASE_KIRTLAND_AFB.html,,Active Duty,Yes,USSF,
JOHNSON SPACE CENTER,"29°37'0.00""N","95°10'0.00""W",,13S,13S (SPACE OPERATIONS),https://paladindanse111.github.io/AFSC-PDFs/AFSC_files/SFSC.html,https://paladindanse111.github.io/AFSC-PDFs/BASE_files/JOHNSON_SPACE_CENTER.html,,Active Duty,No,USSF,
LANDSTUHL (GERMANY),"49°25'0.00""N","7°34'0.00""E",,13S,13S (SPACE OPERATIONS),https://paladindanse111.github.io/AFSC-PDFs/AFSC_files/SFSC.html,,,Active Duty,No,USSF,
LOS ANGELES SFB,"34°0'0.00""N","118°15'0.00""W",,13S,13S (SPACE OPERATIONS),https://paladindanse111.github.io/AFSC-PDFs/AFSC_files/SFSC.html,https://paladindanse111.github.io/AFSC-PDFs/BASE_files/BASE_LOS_ANGELES_SFB.html,,Active Duty,No,USSF,
MACDILL AFB,"27°51'28""N","82°29'19""W",17R LL 53434 82337,13S,13S (SPACE OPERATIONS),https://paladindanse111.github.io/AFSC-PDFs/AFSC_files/SFSC.html,https://paladindanse111.github.io/AFSC-PDFs/BASE_files/BASE_MACDILL_AFB.html,,Active Duty,Yes,USSF,
MAXWELL-GUNTER AFB,"32°22'43""N","86°21'44""W",16S EA 59993 82581,13S,13S (SPACE OPERATIONS),https://paladindanse111.github.io/AFSC-PDFs/AFSC_files/SFSC.html,https://paladindanse111.github.io/AFSC-PDFs/BASE_files/BASE_MAXWELL-GUNTER_AFB.html,,Active Duty,Yes,USSF,
MISAWA AB,"40°41'55""N","141°22'28""E",54T WL 31634 05368,13S,13S (SPACE OPERATIONS),https://paladindanse111.github.io/AFSC-PDFs/AFSC_files/SFSC.html,https://paladindanse111.github.io/AFSC-PDFs/BASE_files/BASE_MISAWA_AB.html,,Active Duty,Yes,USSF,
NELLIS AFB,"36°14'25""N","115°03'14""W",11S PA 74874 12355,13S,13S (SPACE OPERATIONS),https://paladindanse111.github.io/AFSC-PDFs/AFSC_files/SFSC.html,https://paladindanse111.github.io/AFSC-PDFs/BASE_files/BASE_NELLIS_AFB.html,,Active Duty,Yes,USSF,
OFFUTT AFB,"41°07'25""N","95°54'52""W",15T TF 55334 56573,13S,13S (SPACE OPERATIONS),https://paladindanse111.github.io/AFSC-PDFs/AFSC_files/SFSC.html,https://paladindanse111.github.io/AFSC-PDFs/BASE_files/BASE_OFFUTT_AFB.html,,Active Duty,Yes,USSF,
OSAN AB,"37°05'19""N","127°01'50""E",52S CG 24960 06516,13S,13S (SPACE OPERATIONS),https://paladindanse111.github.io/AFSC-PDFs/AFSC_files/SFSC.html,https://paladindanse111.github.io/AFSC-PDFs/BASE_files/BASE_OSAN_AB.html,,Active Duty,Yes,USSF,
PATRICK SFB,"28°14'21""N","80°36'26""W",17R NM 38533 23759,13S,13S (SPACE OPERATIONS),https://paladindanse111.github.io/AFSC-PDFs/AFSC_files/SFSC.html,https://paladindanse111.github.io/AFSC-PDFs/BASE_files/BASE_PATRICK_SFB.html,,Active Duty,Yes,USSF,
PENTAGON,"38°52'15""N","77°03'21""W",18S UJ 21650 04451,13S,13S (SPACE OPERATIONS),https://paladindanse111.github.io/AFSC-PDFs/AFSC_files/SFSC.html,https://paladindanse111.github.io/AFSC-PDFs/BASE_files/BASE_PENTAGON.html,,Active Duty,Yes,USSF,
PETERSON SFB,"38°49'32""N","104°41'58""W",13S EC 26089 97461,13S,13S (SPACE OPERATIONS),https://paladindanse111.github.io/AFSC-PDFs/AFSC_files/SFSC.html,https://paladindanse111.github.io/AFSC-PDFs/BASE_files/BASE_PETERSON_SFB.html,,Active Duty,Yes,USSF,
PITUFFIK SBS,"76°31'52.00""N","68°42'12.00""W",,13S,13S (SPACE OPERATIONS),https://paladindanse111.github.io/AFSC-PDFs/AFSC_files/SFSC.html,https://paladindanse111.github.io/AFSC-PDFs/BASE_files/BASE_PITUFFIK_SBS.html,,Active Duty,No,USSF,
POINT MUGU NAS,"34°7'13.00""N","119°7'15.00""W",,13S,13S (SPACE OPERATIONS),https://paladindanse111.github.io/AFSC-PDFs/AFSC_files/SFSC.html,,,Active Duty,No,USSF,
RAF MENWITH HILL,"54°0'0.00""N","1°33'0.00""W",,13S,13S (SPACE OPERATIONS),https://paladindanse111.github.io/AFSC-PDFs/AFSC_files/SFSC.html,,,Active Duty,No,USSF,
RAMSTEIN AB,"49°26'23""N","7°35'47""E",32U LV 98244 77286,13S,13S (SPACE OPERATIONS),https://paladindanse111.github.io/AFSC-PDFs/AFSC_files/SFSC.html,https://paladindanse111.github.io/AFSC-PDFs/BASE_files/BASE_RAMSTEIN_AB.html.html,,Active Duty,Yes,USSF,
SCHRIEVER SFB,"38°48'12""N","104°31'32""W",13S EC 41196 95059,13S,13S (SPACE OPERATIONS),https://paladindanse111.github.io/AFSC-PDFs/AFSC_files/SFSC.html,https://paladindanse111.github.io/AFSC-PDFs/BASE_files/BASE_SCHRIEVER_SFB.html,,Active Duty,Yes,USSF,
SIGONELLA NAS,"37°24'6.00""N","14°55'21.00""E",,13S,13S (SPACE OPERATIONS),https://paladindanse111.github.io/AFSC-PDFs/AFSC_files/SFSC.html,https://paladindanse111.github.io/AFSC-PDFs/BASE_files/BASE_SIGONELLA_NAS.html,,Active Duty,No,USSF,
STUTTGART VAIHING (GERMANY),"48°43'60.00""N","9°5'60.00""E",,13S,13S (SPACE OPERATIONS),https://paladindanse111.github.io/AFSC-PDFs/AFSC_files/SFSC.html,https://paladindanse111.github.io/AFSC-PDFs/BASE_files/BASE_STUTTGART_VAIHINGEN.html,,Active Duty,No,USSF,Note: Army base websites may be blocked on MissionNet.
USAF ACADEMY,"39°0'0.00""N","104°52'60.00""W",,13S,13S (SPACE OPERATIONS),https://paladindanse111.github.io/AFSC-PDFs/AFSC_files/SFSC.html,https://paladindanse111.github.io/AFSC-PDFs/BASE_files/BASE_USAF_ACADEMY.html,,Active Duty,No,USSF,
VANDENBERG SFB,"34°44'31""N","120°34'20""W",10S GD 22255 47110,13S,13S (SPACE OPERATIONS),https://paladindanse111.github.io/AFSC-PDFs/AFSC_files/SFSC.html,https://paladindanse111.github.io/AFSC-PDFs/BASE_files/BASE_VANDENBERG_SFB.html,,Active Duty,Yes,USSF,
WHEELER AAF,"21°29'1.00""N","158°2'23.00""W",,13S,13S (SPACE OPERATIONS),https://paladindanse111.github.io/AFSC-PDFs/AFSC_files/SFSC.html,,,Active Duty,No,USSF,
WHITE SAND MSL RG,"32° 24' 0""N","106° 24' 0""W",13S CR 68334 85636,13S,13S (SPACE OPERATIONS),https://paladindanse111.github.io/AFSC-PDFs/AFSC_files/SFSC.html,https://paladindanse111.github.io/AFSC-PDFs/BASE_files/BASE_WHITE_SAND_MSL_RG.html,,Active Duty,Yes,USSF,
WRIGHT-PATTERSON AFB,"39°48'37""N","84°01'55""W",16S GK 54072 10915,13S,13S (SPACE OPERATIONS),https://paladindanse111.github.io/AFSC-PDFs/AFSC_files/SFSC.html,https://paladindanse111.github.io/AFSC-PDFs/BASE_files/BASE_WRIGHT-PATTERSON_AFB.html,,Active Duty,Yes,USSF,
ALBACETE (SPAIN),"38°57'0.00""N","1°52'0.00""W",,14N,14N (INTELLIGENCE),https://paladindanse111.github.io/AFSC-PDFs/AFSC_files/SFSC.html,,,Active Duty,No,USSF,
ALTUS AFB,"34°39'18""N","99°17'04""W",14S MD 73935 34821,14N,14N (INTELLIGENCE),https://paladindanse111.github.io/AFSC-PDFs/AFSC_files/SFSC.html,https://paladindanse111.github.io/AFSC-PDFs/BASE_files/BASE_ALTUS_AFB.html,,Active Duty,Yes,USSF,
ANDERSEN AFB,"13°33'46""N","144°55'25""E",55P BR 75307 00327,14N,14N (INTELLIGENCE),https://paladindanse111.github.io/AFSC-PDFs/AFSC_files/SFSC.html,https://paladindanse111.github.io/AFSC-PDFs/BASE_files/BASE_ANDERSEN_AFB.html,,Active Duty,Yes,USSF,
ANDREWS JB,"38°47'46""N","76°53'00""W",18S UH 36445 95835,14N,14N (INTELLIGENCE),https://paladindanse111.github.io/AFSC-PDFs/AFSC_files/SFSC.html,https://paladindanse111.github.io/AFSC-PDFs/BASE_files/BASE_ANDREWS_JB.html,,Active Duty,Yes,USSF,
AVIANO AB,"46°01'49""N","12°36'41""E",33T UM 15147 00185,14N,14N (INTELLIGENCE),https://paladindanse111.github.io/AFSC-PDFs/AFSC_files/SFSC.html,https://paladindanse111.github.io/AFSC-PDFs/BASE_files/BASE_AVIANO_AB.html,,Active Duty,Yes,USSF,
BARKSDALE AFB,"32°29'45""N","93°40'21""W",15S VR 36822 95596,14N,14N (INTELLIGENCE),https://paladindanse111.github.io/AFSC-PDFs/AFSC_files/SFSC.html,https://paladindanse111.github.io/AFSC-PDFs/BASE_files/BASE_BARKSDALE_AFB.html,,Active Duty,Yes,USSF,
BEALE AFB,"39°06'41""N","121°21'35""W",10S FJ 41815 30418,14N,14N (INTELLIGENCE),https://paladindanse111.github.io/AFSC-PDFs/AFSC_files/SFSC.html,https://paladindanse111.github.io/AFSC-PDFs/BASE_files/BASE_BEALE_AFB.html,,Active Duty,Yes,USSF,
BOGOTA (COLOMBIA),"4°34'0.00""N","74°4'60.00""W",,14N,14N (INTELLIGENCE),https://paladindanse111.github.io/AFSC-PDFs/AFSC_files/SFSC.html,,,Active Duty,No,USSF,
BUCKLEY SFB,"39°42'09""N","104°45'29""W",13S ED 20741 94766,14N,14N (INTELLIGENCE),https://paladindanse111.github.io/AFSC-PDFs/AFSC_files/SFSC.html,https://paladindanse111.github.io/AFSC-PDFs/BASE_files/BASE_BUCKLEY_SFB.html,,Active Duty,Yes,USSF,
CAMP HUMPHREYS,"36°55'0.00""N","127°2'60.00""E",,14N,14N (INTELLIGENCE),https://paladindanse111.github.io/AFSC-PDFs/AFSC_files/SFSC.html,https://paladindanse111.github.io/AFSC-PDFs/BASE_files/BASE_CAMP_HUMPHREYS.html,,Active Duty,No,USSF,Note: Army base websites may be blocked on MissionNet.
CANNON AFB,"34°23'20""N","103°19'05""W",13S FU 54620 06558,14N,14N (INTELLIGENCE),https://paladindanse111.github.io/AFSC-PDFs/AFSC_files/SFSC.html,https://paladindanse111.github.io/AFSC-PDFs/BASE_files/BASE_CANNON_AFB.html,,Active Duty,Yes,USSF,
CP SMITH MGI,"21°22'0.00""N","157°55'0.00""W",,14N,14N (INTELLIGENCE),https://paladindanse111.github.io/AFSC-PDFs/AFSC_files/SFSC.html,,,Active Duty,No,USSF,
CREECH AFB,"36°34'41""N","115°39'29""W",11S PA 20060 48904,14N,14N (INTELLIGENCE),https://paladindanse111.github.io/AFSC-PDFs/AFSC_files/SFSC.html,https://paladindanse111.github.io/AFSC-PDFs/BASE_files/BASE_CREECH_AFB.html,,Active Duty,Yes,USSF,
DAHLGREN NYI,"38°19'0.00""N","77°1'60.00""W",,14N,14N (INTELLIGENCE),https://paladindanse111.github.io/AFSC-PDFs/AFSC_files/SFSC.html,,,Active Duty,No,USSF,
DAVIS-MONTHAN AFB,"32°10'14""N","110°52'39""W",12S WA 11549 59347,14N,14N (INTELLIGENCE),https://paladindanse111.github.io/AFSC-PDFs/AFSC_files/SFSC.html,https://paladindanse111.github.io/AFSC-PDFs/BASE_files/BASE_DAVIS-MONTHAN_AFB.html,,Active Duty,Yes,USSF,
DIGBY (UNITED KINGDOM),"53°4'60.00""N","0°22'0.00""E",,14N,14N (INTELLIGENCE),https://paladindanse111.github.io/AFSC-PDFs/AFSC_files/SFSC.html,,,Active Duty,No,USSF,
DOVER AFB,"39°07'39""N","75°28'06""W",18S VJ 59518 31029,14N,14N (INTELLIGENCE),https://paladindanse111.github.io/AFSC-PDFs/AFSC_files/SFSC.html,https://paladindanse111.github.io/AFSC-PDFs/BASE_files/BASE_DOVER_AFB.html,,Active Duty,Yes,USSF,
DUKE FIELD,"30°38'39.32""N","86°31'42.41""W",16R EU 45183 90272,14N,14N (INTELLIGENCE),https://paladindanse111.github.io/AFSC-PDFs/AFSC_files/SFSC.html,https://paladindanse111.github.io/AFSC-PDFs/WING_files/WING_DUKE_FIELD.html,,Active Duty,Yes,USSF,
DYESS AFB,"32°25'17""N","99°50'31""W",14S MA 20838 87456,14N,14N (INTELLIGENCE),https://paladindanse111.github.io/AFSC-PDFs/AFSC_files/SFSC.html,https://paladindanse111.github.io/AFSC-PDFs/BASE_files/BASE_DYESS_AFB.html,,Active Duty,Yes,USSF,
EDWARDS AFB,"34°55'25""N","117°53'29""W",11S MU 18582 64934,14N,14N (INTELLIGENCE),https://paladindanse111.github.io/AFSC-PDFs/AFSC_files/SFSC.html,https://paladindanse111.github.io/AFSC-PDFs/BASE_files/BASE_EDWARDS_AFB.html,,Active Duty,Yes,USSF,
EGLIN AFB,"30°27'49""N","86°33'11""W",16R EU 42905 70243,14N,14N (INTELLIGENCE),https://paladindanse111.github.io/AFSC-PDFs/AFSC_files/SFSC.html,https://paladindanse111.github.io/AFSC-PDFs/BASE_files/BASE_EGLIN_AFB.html,,Active Duty,Yes,USSF,
EIELSON AFB,"64°39'52""N","147°05'45""W",6W VS 95424 71061,14N,14N (INTELLIGENCE),https://paladindanse111.github.io/AFSC-PDFs/AFSC_files/SFSC.html,https://paladindanse111.github.io/AFSC-PDFs/BASE_files/BASE_EIELSON_AFB.html,,Active Duty,Yes,USSF,
EINSIEDLERHOF STG,"49°25'60.00""N","7°40'0.00""E",,14N,14N (INTELLIGENCE),https://paladindanse111.github.io/AFSC-PDFs/AFSC_files/SFSC.html,,,Active Duty,No,USSF,
ELLSWORTH AFB,"44°08'54""N","103°05'15""W",13T FJ 52951 90126,14N,14N (INTELLIGENCE),https://paladindanse111.github.io/AFSC-PDFs/AFSC_files/SFSC.html,https://paladindanse111.github.io/AFSC-PDFs/BASE_files/BASE_ELLSWORTH_AFB.html,,Active Duty,Yes,USSF,
FAIRCHILD AFB,"47°38'28""N","117°38'41""W",11T MN 51574 76613,14N,14N (INTELLIGENCE),https://paladindanse111.github.io/AFSC-PDFs/AFSC_files/SFSC.html,https://paladindanse111.github.io/AFSC-PDFs/BASE_files/BASE_FAIRCHILD_AFB.html,,Active Duty,Yes,USSF,
FE WARREN AFB,"41°08'32""N","104°52'41""W",13T EF 10233 54552,14N,14N (INTELLIGENCE),https://paladindanse111.github.io/AFSC-PDFs/AFSC_files/SFSC.html,https://paladindanse111.github.io/AFSC-PDFs/BASE_files/BASE_FE_WARREN_AFB.html,,Active Duty,Yes,USSF,
FELTWELL STG,"52°26'12.00""N","0°30'50.00""E",,14N,14N (INTELLIGENCE),https://paladindanse111.github.io/AFSC-PDFs/AFSC_files/SFSC.html,,,Active Duty,No,USSF,
FT BELVOIR,"38°43'05""N","77°09'16""W",18S UH 12695 87692,14N,14N (INTELLIGENCE),https://paladindanse111.github.io/AFSC-PDFs/AFSC_files/SFSC.html,https://paladindanse111.github.io/AFSC-PDFs/BASE_files/BASE_FT_BELVOIR.html,,Active Duty,Yes,USSF,
FT BENNING AIN,"32°22'60.00""N","84°52'60.00""W",,14N,14N (INTELLIGENCE),https://paladindanse111.github.io/AFSC-PDFs/AFSC_files/SFSC.html,https://paladindanse111.github.io/AFSC-PDFs/BASE_files/BASE_FT_BENNING_AIN.html,,Active Duty,No,USSF,Note: Army base websites may be blocked on MissionNet.
FT BLISS AIN,"31°48'0.00""N","106°25'0.00""W",,14N,14N (INTELLIGENCE),https://paladindanse111.github.io/AFSC-PDFs/AFSC_files/SFSC.html,https://paladindanse111.github.io/AFSC-PDFs/BASE_files/BASE_FT_BLISS_AIN.html,,Active Duty,No,USSF,Note: Army base websites may be blocked on MissionNet.
FT CAMPBELL,"36°39'46""N","87°28'37""W",16S DF 57376 57570,14N,14N (INTELLIGENCE),https://paladindanse111.github.io/AFSC-PDFs/AFSC_files/SFSC.html,https://paladindanse111.github.io/AFSC-PDFs/BASE_files/BASE_FT_CAMPBELL.html,,Active Duty,Yes,USSF,Note: Army base websites may be blocked on MissionNet.
FT CARSON,"38°44'14""N","104°47'19""W",13S EC 18372 87637,14N,14N (INTELLIGENCE),https://paladindanse111.github.io/AFSC-PDFs/AFSC_files/SFSC.html,https://paladindanse111.github.io/AFSC-PDFs/BASE_files/BASE_FT_CARSON.html,,Active Duty,Yes,USSF,Note: Army base websites may be blocked on MissionNet.
FT CAVAZOS,"31°08'22""N","97°45'56""W",14R PV 17679 45711,14N,14N (INTELLIGENCE),https://paladindanse111.github.io/AFSC-PDFs/AFSC_files/SFSC.html,https://paladindanse111.github.io/AFSC-PDFs/BASE_files/BASE_FT_CAVAZOS.html,,Active Duty,Yes,USSF,Note: Army base websites may be blocked on MissionNet.
FT DRUM AIN,"44°2'60.00""N","75°43'60.00""W",,14N,14N (INTELLIGENCE),https://paladindanse111.github.io/AFSC-PDFs/AFSC_files/SFSC.html,https://paladindanse111.github.io/AFSC-PDFs/BASE_files/BASE_FT_DRUM_AIN.html,,Active Duty,No,USSF,Note: Army base websites may be blocked on MissionNet.
FT GEORGE G MEADE,"39°06'14""N","76°44'42""W",18S UJ 49113 29754,14N,14N (INTELLIGENCE),https://paladindanse111.github.io/AFSC-PDFs/AFSC_files/SFSC.html,https://paladindanse111.github.io/AFSC-PDFs/BASE_files/BASE_FT_GEORGE_G_MEADE.html,,Active Duty,Yes,USSF,
FT GORDON,"33°24'57""N","82°08'16""W",17S LS 94212 97966,14N,14N (INTELLIGENCE),https://paladindanse111.github.io/AFSC-PDFs/AFSC_files/SFSC.html,https://paladindanse111.github.io/AFSC-PDFs/BASE_files/BASE_FT_GORDON.html,,Active Duty,Yes,USSF,Note: Army base websites may be blocked on MissionNet.
FT IRWIN AIN,"35°22'60.00""N","116°34'60.00""W",,14N,14N (INTELLIGENCE),https://paladindanse111.github.io/AFSC-PDFs/AFSC_files/SFSC.html,https://paladindanse111.github.io/AFSC-PDFs/BASE_files/BASE_FT_IRWIN.html,,Active Duty,No,USSF,Note: Army base websites may be blocked on MissionNet.
FT KNOX AIN,"37°53'60.00""N","85°58'60.00""W",,14N,14N (INTELLIGENCE),https://paladindanse111.github.io/AFSC-PDFs/AFSC_files/SFSC.html,https://paladindanse111.github.io/AFSC-PDFs/BASE_files/BASE_FT_KNOX_AIN.html,,Active Duty,No,USSF,Note: Army base websites may be blocked on MissionNet.
FT LEAVENWORTH AIN,"39°21'0.00""N","94°55'0.00""W",,14N,14N (INTELLIGENCE),https://paladindanse111.github.io/AFSC-PDFs/AFSC_files/SFSC.html,https://paladindanse111.github.io/AFSC-PDFs/BASE_files/BASE_FT_LEAVENWORTH_AIN.html,,Active Duty,No,USSF,Note: Army base websites may be blocked on MissionNet.
FT LIBERTY (FT BRAGG),"35°7'60.00""N","78°58'60.00""W",,14N,14N (INTELLIGENCE),https://paladindanse111.github.io/AFSC-PDFs/AFSC_files/SFSC.html,https://paladindanse111.github.io/AFSC-PDFs/BASE_files/BASE_FT_LIBERTY.html,,Active Duty,No,USSF,Note: Army base websites may be blocked on MissionNet.
FT RILEY AIN,"39°10'0.00""N","96°49'0.00""W",,14N,14N (INTELLIGENCE),https://paladindanse111.github.io/AFSC-PDFs/AFSC_files/SFSC.html,https://paladindanse111.github.io/AFSC-PDFs/BASE_files/BASE_FT_RILEY_AIN.html,,Active Duty,No,USSF,Note: Army base websites may be blocked on MissionNet.
FT STEWART,"31°52'05""N","81°36'32""W",17R MR 42404 25972,14N,14N (INTELLIGENCE),https://paladindanse111.github.io/AFSC-PDFs/AFSC_files/SFSC.html,https://paladindanse111.github.io/AFSC-PDFs/BASE_files/BASE_FT_STEWART.html,,Active Duty,Yes,USSF,
GEILENKIRCHEN AB,"50°57'39.00""N","6°2'30.00""E",,14N,14N (INTELLIGENCE),https://paladindanse111.github.io/AFSC-PDFs/AFSC_files/SFSC.html,https://paladindanse111.github.io/AFSC-PDFs/BASE_files/BASE_GEILENKIRCHEN_AB.html,,Active Duty,No,USSF,
GOODFELLOW AFB,"31°26'09""N","100°24'03""W",14R LV 66873 78753,14N,14N (INTELLIGENCE),https://paladindanse111.github.io/AFSC-PDFs/AFSC_files/SFSC.html,https://paladindanse111.github.io/AFSC-PDFs/BASE_files/BASE_GOODFELLOW_AFB.html,,Active Duty,Yes,USSF,
GRAND FORKS AFB,"47°57'07""N","97°22'57""W",14T PU 20768 12225,14N,14N (INTELLIGENCE),https://paladindanse111.github.io/AFSC-PDFs/AFSC_files/SFSC.html,https://paladindanse111.github.io/AFSC-PDFs/BASE_files/BASE_GRAND_FORKS_AFB.html,,Active Duty,Yes,USSF,
HANSCOM AFB,"42°27'23""N","71°16'35""W",19T CH 12823 02961,14N,14N (INTELLIGENCE),https://paladindanse111.github.io/AFSC-PDFs/AFSC_files/SFSC.html,https://paladindanse111.github.io/AFSC-PDFs/BASE_files/BASE_HANSCOM_AFB.html,,Active Duty,Yes,USSF,
HILL AFB,"41°06'36""N","111°58'56""W",12T VL 17530 51433,14N,14N (INTELLIGENCE),https://paladindanse111.github.io/AFSC-PDFs/AFSC_files/SFSC.html,https://paladindanse111.github.io/AFSC-PDFs/BASE_files/BASE_HILL_AFB.html,,Active Duty,Yes,USSF,
HOLLOMAN AFB,"32°50'33""N","106°05'55""W",13S CS 97187 34361,14N,14N (INTELLIGENCE),https://paladindanse111.github.io/AFSC-PDFs/AFSC_files/SFSC.html,https://paladindanse111.github.io/AFSC-PDFs/BASE_files/BASE_HOLLOMAN_AFB.html,,Active Duty,Yes,USSF,
HURLBURT FIELD,"30°25'23""N","86°41'41""W",16R EU 29317 65704,14N,14N (INTELLIGENCE),https://paladindanse111.github.io/AFSC-PDFs/AFSC_files/SFSC.html,https://paladindanse111.github.io/AFSC-PDFs/BASE_files/BASE_HURLBURT_FIELD.html,,Active Duty,Yes,USSF,
INCIRLIK AB,"37°00'12""N","35°26'02""E",36S YF 16566 98011,14N,14N (INTELLIGENCE),https://paladindanse111.github.io/AFSC-PDFs/AFSC_files/SFSC.html,https://paladindanse111.github.io/AFSC-PDFs/BASE_files/BASE_INCIRLIK_AB.html,,Active Duty,Yes,USSF,
JB ANACOSTIA-BOLLING,"38°50'29""N","77°01'05""W",18S UJ 24855 01110,14N,14N (INTELLIGENCE),https://paladindanse111.github.io/AFSC-PDFs/AFSC_files/SFSC.html,https://paladindanse111.github.io/AFSC-PDFs/BASE_files/BASE_JB_ANACOSTIA-BOLLING.html,,Active Duty,Yes,USSF,
JB CHARLESTON,"32°53'29""N","80°04'03""W",17S NS 87218 39631,14N,14N (INTELLIGENCE),https://paladindanse111.github.io/AFSC-PDFs/AFSC_files/SFSC.html,https://paladindanse111.github.io/AFSC-PDFs/BASE_files/BASE_JB_CHARLESTON.html,,Active Duty,Yes,USSF,
JB ELMENDORF-RICHARDSON,"61°15'44""N","149°41'53""W",6V UN 55306 94983,14N,14N (INTELLIGENCE),https://paladindanse111.github.io/AFSC-PDFs/AFSC_files/SFSC.html,https://paladindanse111.github.io/AFSC-PDFs/BASE_files/BASE_JB_ELMENDORF-RICHARDSON.html,,Active Duty,Yes,USSF,
JB LANGLEY-EUSTIS,"37°05'00""N","76°21'33""W",18S UG 79195 04980,14N,14N (INTELLIGENCE),https://paladindanse111.github.io/AFSC-PDFs/AFSC_files/SFSC.html,https://paladindanse111.github.io/AFSC-PDFs/BASE_files/BASE_JB_LANGLEY-EUSTIS.html,,Active Duty,Yes,USSF,
JB LEWIS-MCCHORD,"47°05'30""N","122°36'53""W",10T ET 29240 15422,14N,14N (INTELLIGENCE),https://paladindanse111.github.io/AFSC-PDFs/AFSC_files/SFSC.html,https://paladindanse111.github.io/AFSC-PDFs/BASE_files/BASE_JB_LEWIS-MCCHORD.html,,Active Duty,Yes,USSF,
JB MCGUIRE-DIX-LAKEHURST,"40°02'15""N","74°35'18""W",18T WK 35120 32000,14N,14N (INTELLIGENCE),https://paladindanse111.github.io/AFSC-PDFs/AFSC_files/SFSC.html,https://paladindanse111.github.io/AFSC-PDFs/BASE_files/BASE_JB_MCGUIRE-DIX-LAKEHURST.html,,Active Duty,Yes,USSF,
JB PEARL HARBOR-HICKAM,"21°20'15""N","157°57'43""W",4Q FJ 07643 59855,14N,14N (INTELLIGENCE),https://paladindanse111.github.io/AFSC-PDFs/AFSC_files/SFSC.html,https://paladindanse111.github.io/AFSC-PDFs/BASE_files/BASE_JB_PEARL_HARBOR-HICKAM.html,,Active Duty,Yes,USSF,
JBSA LACKLAND,"29°23'14""N","98°37'16""W",14R NT 36765 50947,14N,14N (INTELLIGENCE),https://paladindanse111.github.io/AFSC-PDFs/AFSC_files/SFSC.html,https://paladindanse111.github.io/AFSC-PDFs/BASE_files/BASE_JBSA_LACKLAND.html,,Active Duty,Yes,USSF,
JBSA RANDOLPH,"29°31'57""N","98°16'45""W",14R NT 69847 67200,14N,14N (INTELLIGENCE),https://paladindanse111.github.io/AFSC-PDFs/AFSC_files/SFSC.html,https://paladindanse111.github.io/AFSC-PDFs/BASE_files/BASE_JBSA_RANDOLPH.html,,Active Duty,Yes,USSF,
KADENA AB,"26°21'30""N","127°46'20""E",52R CQ 77496 15950,14N,14N (INTELLIGENCE),https://paladindanse111.github.io/AFSC-PDFs/AFSC_files/SFSC.html,https://paladindanse111.github.io/AFSC-PDFs/BASE_files/BASE_KADENA_AB.html,,Active Duty,Yes,USSF,
KEY WEST NAS,"24°34'33.00""N","81°41'20.00""W",,14N,14N (INTELLIGENCE),https://paladindanse111.github.io/AFSC-PDFs/AFSC_files/SFSC.html,,,Active Duty,No,USSF,
KIRTLAND AFB,"35°00'39""N","106°30'44""W",13S CU 62019 75289,14N,14N (INTELLIGENCE),https://paladindanse111.github.io/AFSC-PDFs/AFSC_files/SFSC.html,https://paladindanse111.github.io/AFSC-PDFs/BASE_files/BASE_KIRTLAND_AFB.html,,Active Duty,Yes,USSF,
KUNSAN AB,"35°55'09""N","126°37'54""E",52S BE 86310 77574,14N,14N (INTELLIGENCE),https://paladindanse111.github.io/AFSC-PDFs/AFSC_files/SFSC.html,https://paladindanse111.github.io/AFSC-PDFs/BASE_files/BASE_KUNSAN_AB.html,,Active Duty,Yes,USSF,
LAKENHEATH RAF,"52°23'23""N","0°32'14""E",31U CU 32414 07239,14N,14N (INTELLIGENCE),https://paladindanse111.github.io/AFSC-PDFs/AFSC_files/SFSC.html,https://paladindanse111.github.io/AFSC-PDFs/BASE_files/BASE_LAKENHEATH_RAF.html,,Active Duty,Yes,USSF,
LITTLE ROCK AFB,"34°53'47""N","92°08'38""W",15S WU 78220 61887,14N,14N (INTELLIGENCE),https://paladindanse111.github.io/AFSC-PDFs/AFSC_files/SFSC.html,https://paladindanse111.github.io/AFSC-PDFs/BASE_files/BASE_LITTLE_ROCK_AFB.html,,Active Duty,Yes,USSF,
LOS ANGELES SFB,"34°0'0.00""N","118°15'0.00""W",,14N,14N (INTELLIGENCE),https://paladindanse111.github.io/AFSC-PDFs/AFSC_files/SFSC.html,https://paladindanse111.github.io/AFSC-PDFs/BASE_files/BASE_LOS_ANGELES_SFB.html,,Active Duty,No,USSF,
LUKE AFB,"33°32'22""N","112°22'32""W",12S UC 72284 11939,14N,14N (INTELLIGENCE),https://paladindanse111.github.io/AFSC-PDFs/AFSC_files/SFSC.html,https://paladindanse111.github.io/AFSC-PDFs/BASE_files/BASE_LUKE_AFB.html,,Active Duty,Yes,USSF,
MACDILL AFB,"27°51'28""N","82°29'19""W",17R LL 53434 82337,14N,14N (INTELLIGENCE),https://paladindanse111.github.io/AFSC-PDFs/AFSC_files/SFSC.html,https://paladindanse111.github.io/AFSC-PDFs/BASE_files/BASE_MACDILL_AFB.html,,Active Duty,Yes,USSF,
MAINZ KASTEL AIN,"50°1'60.00""N","8°34'0.00""E",,14N,14N (INTELLIGENCE),https://paladindanse111.github.io/AFSC-PDFs/AFSC_files/SFSC.html,,,Active Duty,No,USSF,
MALMSTROM AFB,"47°30'17""N","111°10'56""W",12T VT 86277 61270,14N,14N (INTELLIGENCE),https://paladindanse111.github.io/AFSC-PDFs/AFSC_files/SFSC.html,https://paladindanse111.github.io/AFSC-PDFs/BASE_files/BASE_MALMSTROM_AFB.html,,Active Duty,Yes,USSF,
MARCH ARB,"33°53'26.85""N","117°15'42.24""W",11S MT 75798 50078,14N,14N (INTELLIGENCE),https://paladindanse111.github.io/AFSC-PDFs/AFSC_files/SFSC.html,https://paladindanse111.github.io/AFSC-PDFs/WING_files/WING_MARCH_ARB.html,,Active Duty,Yes,USSF,
MAXWELL-GUNTER AFB,"32°22'43""N","86°21'44""W",16S EA 59993 82581,14N,14N (INTELLIGENCE),https://paladindanse111.github.io/AFSC-PDFs/AFSC_files/SFSC.html,https://paladindanse111.github.io/AFSC-PDFs/BASE_files/BASE_MAXWELL-GUNTER_AFB.html,,Active Duty,Yes,USSF,
MCCONNELL AFB,"37°37'51""N","97°15'06""W",14S PG 54271 66293,14N,14N (INTELLIGENCE),https://paladindanse111.github.io/AFSC-PDFs/AFSC_files/SFSC.html,https://paladindanse111.github.io/AFSC-PDFs/BASE_files/BASE_MCCONNELL_AFB.html,,Active Duty,Yes,USSF,
MILDENHALL RAF,"52°21'45""N","0°30'14""E",31U CU 30041 04290,14N,14N (INTELLIGENCE),https://paladindanse111.github.io/AFSC-PDFs/AFSC_files/SFSC.html,https://paladindanse111.github.io/AFSC-PDFs/BASE_files/BASE_MILDENHALL_RAF.html,,Active Duty,Yes,USSF,
MINOT AFB,"48°25'13""N","101°19'36""W",14U LU 27861 65629,14N,14N (INTELLIGENCE),https://paladindanse111.github.io/AFSC-PDFs/AFSC_files/SFSC.html,https://paladindanse111.github.io/AFSC-PDFs/BASE_files/BASE_MINOT_AFB.html,,Active Duty,Yes,USSF,
MISAWA AB,"40°41'55""N","141°22'28""E",54T WL 31634 05368,14N,14N (INTELLIGENCE),https://paladindanse111.github.io/AFSC-PDFs/AFSC_files/SFSC.html,https://paladindanse111.github.io/AFSC-PDFs/BASE_files/BASE_MISAWA_AB.html,,Active Duty,Yes,USSF,
MOFFETT FEDERAL AIRFIELD,"37°24'58.00""N","122°2'57.00""W",,14N,14N (INTELLIGENCE),https://paladindanse111.github.io/AFSC-PDFs/AFSC_files/SFSC.html,,,Active Duty,No,USSF,
MOHRINGEN AIN,"48°43'60.00""N","9°7'60.00""E",,14N,14N (INTELLIGENCE),https://paladindanse111.github.io/AFSC-PDFs/AFSC_files/SFSC.html,,,Active Duty,No,USSF,
MOLESWORTH STG,"52°22'0.00""N","0°24'0.00""W",,14N,14N (INTELLIGENCE),https://paladindanse111.github.io/AFSC-PDFs/AFSC_files/SFSC.html,,,Active Duty,No,USSF,
MOODY AFB,"30°58'12""N","83°11'47""W",17R KQ 90229 28346,14N,14N (INTELLIGENCE),https://paladindanse111.github.io/AFSC-PDFs/AFSC_files/SFSC.html,https://paladindanse111.github.io/AFSC-PDFs/BASE_files/BASE_MOODY_AFB.html,,Active Duty,Yes,USSF,
MOUNTAIN HOME AFB,"43°03'59""N","115°51'18""W",11T NH 93226 68823,14N,14N (INTELLIGENCE),https://paladindanse111.github.io/AFSC-PDFs/AFSC_files/SFSC.html,https://paladindanse111.github.io/AFSC-PDFs/BASE_files/BASE_MOUNTAIN_HOME_AFB.html,,Active Duty,Yes,USSF,
NELLIS AFB,"36°14'25""N","115°03'14""W",11S PA 74874 12355,14N,14N (INTELLIGENCE),https://paladindanse111.github.io/AFSC-PDFs/AFSC_files/SFSC.html,https://paladindanse111.github.io/AFSC-PDFs/BASE_files/BASE_NELLIS_AFB.html,,Active Duty,Yes,USSF,
OFFUTT AFB,"41°07'25""N","95°54'52""W",15T TF 55334 56573,14N,14N (INTELLIGENCE),https://paladindanse111.github.io/AFSC-PDFs/AFSC_files/SFSC.html,https://paladindanse111.github.io/AFSC-PDFs/BASE_files/BASE_OFFUTT_AFB.html,,Active Duty,Yes,USSF,
OSAN AB,"37°05'19""N","127°01'50""E",52S CG 24960 06516,14N,14N (INTELLIGENCE),https://paladindanse111.github.io/AFSC-PDFs/AFSC_files/SFSC.html,https://paladindanse111.github.io/AFSC-PDFs/BASE_files/BASE_OSAN_AB.html,,Active Duty,Yes,USSF,
OTTAWA (CANADA),"45°27'0.00""N","75°42'0.00""W",,14N,14N (INTELLIGENCE),https://paladindanse111.github.io/AFSC-PDFs/AFSC_files/SFSC.html,,,Active Duty,No,USSF,
PATRICK SFB,"28°14'21""N","80°36'26""W",17R NM 38533 23759,14N,14N (INTELLIGENCE),https://paladindanse111.github.io/AFSC-PDFs/AFSC_files/SFSC.html,https://paladindanse111.github.io/AFSC-PDFs/BASE_files/BASE_PATRICK_SFB.html,,Active Duty,Yes,USSF,
PEARL HARBOR NAD PRT,"21°19'60.00""N","157°58'0.00""W",,14N,14N (INTELLIGENCE),https://paladindanse111.github.io/AFSC-PDFs/AFSC_files/SFSC.html,,,Active Duty,No,USSF,
PEASE AIR NATIONAL GUARD BASE,"43°4'41.00""N","70°49'24.00""W",,14N,14N (INTELLIGENCE),https://paladindanse111.github.io/AFSC-PDFs/AFSC_files/SFSC.html,,,Active Duty,No,USSF,
PENSACOLA NAS,"30° 21' 10""N","87° 16' 5""W",16R DU 74238 57907,14N,14N (INTELLIGENCE),https://paladindanse111.github.io/AFSC-PDFs/AFSC_files/SFSC.html,https://paladindanse111.github.io/AFSC-PDFs/BASE_files/BASE_PENSACOLA_NAS.html,,Active Duty,Yes,USSF,
PENTAGON,"38°52'15""N","77°03'21""W",18S UJ 21650 04451,14N,14N (INTELLIGENCE),https://paladindanse111.github.io/AFSC-PDFs/AFSC_files/SFSC.html,https://paladindanse111.github.io/AFSC-PDFs/BASE_files/BASE_PENTAGON.html,,Active Duty,Yes,USSF,
PETERSON SFB,"38°49'32""N","104°41'58""W",13S EC 26089 97461,14N,14N (INTELLIGENCE),https://paladindanse111.github.io/AFSC-PDFs/AFSC_files/SFSC.html,https://paladindanse111.github.io/AFSC-PDFs/BASE_files/BASE_PETERSON_SFB.html,,Active Duty,Yes,USSF,
POPE AAF,"35°10'16""N","79°01'02""W",17S PU 80566 93819,14N,14N (INTELLIGENCE),https://paladindanse111.github.io/AFSC-PDFs/AFSC_files/SFSC.html,https://paladindanse111.github.io/AFSC-PDFs/BASE_files/BASE_POPE_AAF.html,,Active Duty,Yes,USSF,
PRESIDIO OF MONT AIN,"36°36'4.00""N","121°54'6.00""W",,14N,14N (INTELLIGENCE),https://paladindanse111.github.io/AFSC-PDFs/AFSC_files/SFSC.html,,,Active Duty,No,USSF,
RAF FAIRFORD,"51°40'56.00""N","1°47'24.00""W",,14N,14N (INTELLIGENCE),https://paladindanse111.github.io/AFSC-PDFs/AFSC_files/SFSC.html,,,Active Duty,No,USSF,
RAMSTEIN AB,"49°26'23""N","7°35'47""E",32U LV 98244 77286,14N,14N (INTELLIGENCE),https://paladindanse111.github.io/AFSC-PDFs/AFSC_files/SFSC.html,https://paladindanse111.github.io/AFSC-PDFs/BASE_files/BASE_RAMSTEIN_AB.html.html,,Active Duty,Yes,USSF,
ROBINS AFB,"32°38'23""N","83°35'30""W",17S KS 56883 14314,14N,14N (INTELLIGENCE),https://paladindanse111.github.io/AFSC-PDFs/AFSC_files/SFSC.html,https://paladindanse111.github.io/AFSC-PDFs/BASE_files/BASE_ROBINS_AFB.html,,Active Duty,Yes,USSF,
ROME LAB MTC,"43° 13' 57""N","75° 25' 0""W",18T VN 66166 86718,14N,14N (INTELLIGENCE),https://paladindanse111.github.io/AFSC-PDFs/AFSC_files/SFSC.html,https://paladindanse111.github.io/AFSC-PDFs/BASE_files/BASE_ROME_LAB_MTC.html,,Active Duty,Yes,USSF,
ROSECRANS AIR NATIONAL GUARD BASE,"39°46'19.00""N","94°54'35.00""W",,14N,14N (INTELLIGENCE),https://paladindanse111.github.io/AFSC-PDFs/AFSC_files/SFSC.html,,,Active Duty,No,USSF,
SCHRIEVER SFB,"38°48'12""N","104°31'32""W",13S EC 41196 95059,14N,14N (INTELLIGENCE),https://paladindanse111.github.io/AFSC-PDFs/AFSC_files/SFSC.html,https://paladindanse111.github.io/AFSC-PDFs/BASE_files/BASE_SCHRIEVER_SFB.html,,Active Duty,Yes,USSF,
SCOTT AFB,"38°32'29""N","89°51'18""W",16S BH 51169 69750,14N,14N (INTELLIGENCE),https://paladindanse111.github.io/AFSC-PDFs/AFSC_files/SFSC.html,https://paladindanse111.github.io/AFSC-PDFs/BASE_files/BASE_SCOTT_AFB.html,,Active Duty,Yes,USSF,
"SEONGNAM (KOREA, REPUBLIC OF)","37°26'42.00""N","127°8'20.00""E",,14N,14N (INTELLIGENCE),https://paladindanse111.github.io/AFSC-PDFs/AFSC_files/SFSC.html,,,Active Duty,No,USSF,
SEYMOUR JOHNSON AFB,"35°20'24""N","77°57'41""W",18S TE 30850 14774,14N,14N (INTELLIGENCE),https://paladindanse111.github.io/AFSC-PDFs/AFSC_files/SFSC.html,https://paladindanse111.github.io/AFSC-PDFs/BASE_files/BASE_SEYMOUR_JOHNSON_AFB.html,,Active Duty,Yes,USSF,
SHAPE ADM,"50°30'0.00""N","3°58'60.00""E",,14N,14N (INTELLIGENCE),https://paladindanse111.github.io/AFSC-PDFs/AFSC_files/SFSC.html,,,Active Duty,No,USSF,
SHAW AFB,"33°58'02""N","80°29'05""W",17S NT 47603 58641,14N,14N (INTELLIGENCE),https://paladindanse111.github.io/AFSC-PDFs/AFSC_files/SFSC.html,https://paladindanse111.github.io/AFSC-PDFs/BASE_files/BASE_SHAW_AFB.html,,Active Duty,Yes,USSF,
SPANGDAHLEM AB,"49°59'38""N","6°41'55""E",32U LA 35052 40489,14N,14N (INTELLIGENCE),https://paladindanse111.github.io/AFSC-PDFs/AFSC_files/SFSC.html,https://paladindanse111.github.io/AFSC-PDFs/BASE_files/BASE_SPANGDAHLEM_AB.html,,Active Duty,Yes,USSF,
ST LOUIS AFS,"38°43'58.00""N","89°48'24.00""W",,14N,14N (INTELLIGENCE),https://paladindanse111.github.io/AFSC-PDFs/AFSC_files/SFSC.html,,,Active Duty,No,USSF,
STUTTGART VAIHING (GERMANY),"48°43'60.00""N","9°5'60.00""E",,14N,14N (INTELLIGENCE),https://paladindanse111.github.io/AFSC-PDFs/AFSC_files/SFSC.html,https://paladindanse111.github.io/AFSC-PDFs/BASE_files/BASE_STUTTGART_VAIHINGEN.html,,Active Duty,No,USSF,Note: Army base websites may be blocked on MissionNet.
TINKER AFB,"35°25'09""N","97°24'15""W",14S PE 44882 20698,14N,14N (INTELLIGENCE),https://paladindanse111.github.io/AFSC-PDFs/AFSC_files/SFSC.html,https://paladindanse111.github.io/AFSC-PDFs/BASE_files/BASE_TINKER_AFB.html,,Active Duty,Yes,USSF,
TRAVIS AFB,"38°16'09""N","121°56'51""W",10S EH 92069 36204,14N,14N (INTELLIGENCE),https://paladindanse111.github.io/AFSC-PDFs/AFSC_files/SFSC.html,https://paladindanse111.github.io/AFSC-PDFs/BASE_files/BASE_TRAVIS_AFB.html,,Active Duty,Yes,USSF,
TYNDALL AFB,"30°04'47""N","85°36'26""W",16R FU 34229 28437,14N,14N (INTELLIGENCE),https://paladindanse111.github.io/AFSC-PDFs/AFSC_files/SFSC.html,https://paladindanse111.github.io/AFSC-PDFs/BASE_files/BASE_TYNDALL_AFB.html,,Active Duty,Yes,USSF,
VANDENBERG SFB,"34°44'31""N","120°34'20""W",10S GD 22255 47110,14N,14N (INTELLIGENCE),https://paladindanse111.github.io/AFSC-PDFs/AFSC_files/SFSC.html,https://paladindanse111.github.io/AFSC-PDFs/BASE_files/BASE_VANDENBERG_SFB.html,,Active Duty,Yes,USSF,
WHEELER AAF,"21°29'1.00""N","158°2'23.00""W",,14N,14N (INTELLIGENCE),https://paladindanse111.github.io/AFSC-PDFs/AFSC_files/SFSC.html,,,Active Duty,No,USSF,
WHITEMAN AFB,"38°43'44""N","93°33'37""W",15S VC 51299 86840,14N,14N (INTELLIGENCE),https://paladindanse111.github.io/AFSC-PDFs/AFSC_files/SFSC.html,https://paladindanse111.github.io/AFSC-PDFs/BASE_files/BASE_WHITEMAN_AFB.html,,Active Duty,Yes,USSF,
WIESBADEN CLAY KS AIN,"50°3'5.00""N","8°19'56.00""E",,14N,14N (INTELLIGENCE),https://paladindanse111.github.io/AFSC-PDFs/AFSC_files/SFSC.html,,,Active Duty,No,USSF,
WILL ROGERS AIR NATIONAL GUARD BASE,"35°23'35.00""N","97°36'3.00""W",,14N,14N (INTELLIGENCE),https://paladindanse111.github.io/AFSC-PDFs/AFSC_files/SFSC.html,https://paladindanse111.github.io/AFSC-PDFs/BASE_files/WILL_ROGERS.html,,Active Duty,No,USSF,
WRIGHT-PATTERSON AFB,"39°48'37""N","84°01'55""W",16S GK 54072 10915,14N,14N (INTELLIGENCE),https://paladindanse111.github.io/AFSC-PDFs/AFSC_files/SFSC.html,https://paladindanse111.github.io/AFSC-PDFs/BASE_files/BASE_WRIGHT-PATTERSON_AFB.html,,Active Duty,Yes,USSF,
YOKOTA AB,"35°44'35""N","139°20'23""E",54S UE 49872 56720,14N,14N (INTELLIGENCE),https://paladindanse111.github.io/AFSC-PDFs/AFSC_files/SFSC.html,https://paladindanse111.github.io/AFSC-PDFs/BASE_files/BASE_YOKOTA_AB.html,,Active Duty,Yes,USSF,
ALCONBURY RAF,"52°22'09""N","0°13'43""W",30U XD 88669 05714,17D,17D (CYBERSPACE OPERATIONS),https://paladindanse111.github.io/AFSC-PDFs/AFSC_files/SFSC.html,https://paladindanse111.github.io/AFSC-PDFs/BASE_files/BASE_ALCONBURY_RAF.html,,Active Duty,Yes,USSF,
ANACOSTIA NYI,"38°52'0.00""N","76°58'60.00""W",,17D,17D (CYBERSPACE OPERATIONS),https://paladindanse111.github.io/AFSC-PDFs/AFSC_files/SFSC.html,,,Active Duty,No,USSF,
ANDERSEN AFB,"13°33'46""N","144°55'25""E",55P BR 75307 00327,17D,17D (CYBERSPACE OPERATIONS),https://paladindanse111.github.io/AFSC-PDFs/AFSC_files/SFSC.html,https://paladindanse111.github.io/AFSC-PDFs/BASE_files/BASE_ANDERSEN_AFB.html,,Active Duty,Yes,USSF,
ANDREWS JB,"38°47'46""N","76°53'00""W",18S UH 36445 95835,17D,17D (CYBERSPACE OPERATIONS),https://paladindanse111.github.io/AFSC-PDFs/AFSC_files/SFSC.html,https://paladindanse111.github.io/AFSC-PDFs/BASE_files/BASE_ANDREWS_JB.html,,Active Duty,Yes,USSF,
ANKARA,"39°55'2.00""N","32°42'37.00""E",,17D,17D (CYBERSPACE OPERATIONS),https://paladindanse111.github.io/AFSC-PDFs/AFSC_files/SFSC.html,,,Active Duty,No,USSF,
ARNOLD AFB,"35°22'58""N","86°01'49""W",16S EE 88076 15924,17D,17D (CYBERSPACE OPERATIONS),https://paladindanse111.github.io/AFSC-PDFs/AFSC_files/SFSC.html,https://paladindanse111.github.io/AFSC-PDFs/BASE_files/BASE_ARNOLD_AFB.html,,Active Duty,Yes,USSF,
AVIANO AB,"46°01'49""N","12°36'41""E",33T UM 15147 00185,17D,17D (CYBERSPACE OPERATIONS),https://paladindanse111.github.io/AFSC-PDFs/AFSC_files/SFSC.html,https://paladindanse111.github.io/AFSC-PDFs/BASE_files/BASE_AVIANO_AB.html,,Active Duty,Yes,USSF,
BARKSDALE AFB,"32°29'45""N","93°40'21""W",15S VR 36822 95596,17D,17D (CYBERSPACE OPERATIONS),https://paladindanse111.github.io/AFSC-PDFs/AFSC_files/SFSC.html,https://paladindanse111.github.io/AFSC-PDFs/BASE_files/BASE_BARKSDALE_AFB.html,,Active Duty,Yes,USSF,
BEALE AFB,"39°06'41""N","121°21'35""W",10S FJ 41815 30418,17D,17D (CYBERSPACE OPERATIONS),https://paladindanse111.github.io/AFSC-PDFs/AFSC_files/SFSC.html,https://paladindanse111.github.io/AFSC-PDFs/BASE_files/BASE_BEALE_AFB.html,,Active Duty,Yes,USSF,
BRUNSSUM (NETHERLANDS),"50°58'0.00""N","5°57'0.00""E",,17D,17D (CYBERSPACE OPERATIONS),https://paladindanse111.github.io/AFSC-PDFs/AFSC_files/SFSC.html,,,Active Duty,No,USSF,
BUCHEL ABS,"50°10'26.00""N","7°3'48.00""E",,17D,17D (CYBERSPACE OPERATIONS),https://paladindanse111.github.io/AFSC-PDFs/AFSC_files/SFSC.html,https://paladindanse111.github.io/AFSC-PDFs/BASE_files/BASE_BUCHEL_ABS.html,,Active Duty,No,USSF,
BUCKLEY SFB,"39°42'09""N","104°45'29""W",13S ED 20741 94766,17D,17D (CYBERSPACE OPERATIONS),https://paladindanse111.github.io/AFSC-PDFs/AFSC_files/SFSC.html,https://paladindanse111.github.io/AFSC-PDFs/BASE_files/BASE_BUCKLEY_SFB.html,,Active Duty,Yes,USSF,
CAMP HUMPHREYS,"36°55'0.00""N","127°2'60.00""E",,17D,17D (CYBERSPACE OPERATIONS),https://paladindanse111.github.io/AFSC-PDFs/AFSC_files/SFSC.html,https://paladindanse111.github.io/AFSC-PDFs/BASE_files/BASE_CAMP_HUMPHREYS.html,,Active Duty,No,USSF,Note: Army base websites may be blocked on MissionNet.
CANNON AFB,"34°23'20""N","103°19'05""W",13S FU 54620 06558,17D,17D (CYBERSPACE OPERATIONS),https://paladindanse111.github.io/AFSC-PDFs/AFSC_files/SFSC.html,https://paladindanse111.github.io/AFSC-PDFs/BASE_files/BASE_CANNON_AFB.html,,Active Duty,Yes,USSF,
CHEYENNE MOUNTAIN SFS,"38°49'0.00""N","104°32'60.00""W",,17D,17D (CYBERSPACE OPERATIONS),https://paladindanse111.github.io/AFSC-PDFs/AFSC_files/SFSC.html,https://paladindanse111.github.io/AFSC-PDFs/BASE_files/BASE_CHEYENNE_MOUNTAIN_SFS.html,,Active Duty,No,USSF,
CP SMITH MGI,"21°22'0.00""N","157°55'0.00""W",,17D,17D (CYBERSPACE OPERATIONS),https://paladindanse111.github.io/AFSC-PDFs/AFSC_files/SFSC.html,,,Active Duty,No,USSF,
CREECH AFB,"36°34'41""N","115°39'29""W",11S PA 20060 48904,17D,17D (CYBERSPACE OPERATIONS),https://paladindanse111.github.io/AFSC-PDFs/AFSC_files/SFSC.html,https://paladindanse111.github.io/AFSC-PDFs/BASE_files/BASE_CREECH_AFB.html,,Active Duty,Yes,USSF,
DAVIS-MONTHAN AFB,"32°10'14""N","110°52'39""W",12S WA 11549 59347,17D,17D (CYBERSPACE OPERATIONS),https://paladindanse111.github.io/AFSC-PDFs/AFSC_files/SFSC.html,https://paladindanse111.github.io/AFSC-PDFs/BASE_files/BASE_DAVIS-MONTHAN_AFB.html,,Active Duty,Yes,USSF,
DOVER AFB,"39°07'39""N","75°28'06""W",18S VJ 59518 31029,17D,17D (CYBERSPACE OPERATIONS),https://paladindanse111.github.io/AFSC-PDFs/AFSC_files/SFSC.html,https://paladindanse111.github.io/AFSC-PDFs/BASE_files/BASE_DOVER_AFB.html,,Active Duty,Yes,USSF,
DUKE FIELD,"30°38'39.32""N","86°31'42.41""W",16R EU 45183 90272,17D,17D (CYBERSPACE OPERATIONS),https://paladindanse111.github.io/AFSC-PDFs/AFSC_files/SFSC.html,https://paladindanse111.github.io/AFSC-PDFs/WING_files/WING_DUKE_FIELD.html,,Active Duty,Yes,USSF,
DYESS AFB,"32°25'17""N","99°50'31""W",14S MA 20838 87456,17D,17D (CYBERSPACE OPERATIONS),https://paladindanse111.github.io/AFSC-PDFs/AFSC_files/SFSC.html,https://paladindanse111.github.io/AFSC-PDFs/BASE_files/BASE_DYESS_AFB.html,,Active Duty,Yes,USSF,
EDWARDS AFB,"34°55'25""N","117°53'29""W",11S MU 18582 64934,17D,17D (CYBERSPACE OPERATIONS),https://paladindanse111.github.io/AFSC-PDFs/AFSC_files/SFSC.html,https://paladindanse111.github.io/AFSC-PDFs/BASE_files/BASE_EDWARDS_AFB.html,,Active Duty,Yes,USSF,
EGLIN AFB,"30°27'49""N","86°33'11""W",16R EU 42905 70243,17D,17D (CYBERSPACE OPERATIONS),https://paladindanse111.github.io/AFSC-PDFs/AFSC_files/SFSC.html,https://paladindanse111.github.io/AFSC-PDFs/BASE_files/BASE_EGLIN_AFB.html,,Active Duty,Yes,USSF,
EIELSON AFB,"64°39'52""N","147°05'45""W",6W VS 95424 71061,17D,17D (CYBERSPACE OPERATIONS),https://paladindanse111.github.io/AFSC-PDFs/AFSC_files/SFSC.html,https://paladindanse111.github.io/AFSC-PDFs/BASE_files/BASE_EIELSON_AFB.html,,Active Duty,Yes,USSF,
EINSIEDLERHOF STG,"49°25'60.00""N","7°40'0.00""E",,17D,17D (CYBERSPACE OPERATIONS),https://paladindanse111.github.io/AFSC-PDFs/AFSC_files/SFSC.html,,,Active Duty,No,USSF,
ELLSWORTH AFB,"44°08'54""N","103°05'15""W",13T FJ 52951 90126,17D,17D (CYBERSPACE OPERATIONS),https://paladindanse111.github.io/AFSC-PDFs/AFSC_files/SFSC.html,https://paladindanse111.github.io/AFSC-PDFs/BASE_files/BASE_ELLSWORTH_AFB.html,,Active Duty,Yes,USSF,
FAIRCHILD AFB,"47°38'28""N","117°38'41""W",11T MN 51574 76613,17D,17D (CYBERSPACE OPERATIONS),https://paladindanse111.github.io/AFSC-PDFs/AFSC_files/SFSC.html,https://paladindanse111.github.io/AFSC-PDFs/BASE_files/BASE_FAIRCHILD_AFB.html,,Active Duty,Yes,USSF,
FE WARREN AFB,"41°08'32""N","104°52'41""W",13T EF 10233 54552,17D,17D (CYBERSPACE OPERATIONS),https://paladindanse111.github.io/AFSC-PDFs/AFSC_files/SFSC.html,https://paladindanse111.github.io/AFSC-PDFs/BASE_files/BASE_FE_WARREN_AFB.html,,Active Duty,Yes,USSF,
FORD ISLAND AIN,"21°22'0.00""N","157°58'0.00""W",,17D,17D (CYBERSPACE OPERATIONS),https://paladindanse111.github.io/AFSC-PDFs/AFSC_files/SFSC.html,,,Active Duty,No,USSF,
FT BELVOIR,"38°43'05""N","77°09'16""W",18S UH 12695 87692,17D,17D (CYBERSPACE OPERATIONS),https://paladindanse111.github.io/AFSC-PDFs/AFSC_files/SFSC.html,https://paladindanse111.github.io/AFSC-PDFs/BASE_files/BASE_FT_BELVOIR.html,,Active Duty,Yes,USSF,
FT BLISS AIN,"31°48'0.00""N","106°25'0.00""W",,17D,17D (CYBERSPACE OPERATIONS),https://paladindanse111.github.io/AFSC-PDFs/AFSC_files/SFSC.html,https://paladindanse111.github.io/AFSC-PDFs/BASE_files/BASE_FT_BLISS_AIN.html,,Active Duty,No,USSF,Note: Army base websites may be blocked on MissionNet.
FT CAMPBELL,"36°39'46""N","87°28'37""W",16S DF 57376 57570,17D,17D (CYBERSPACE OPERATIONS),https://paladindanse111.github.io/AFSC-PDFs/AFSC_files/SFSC.html,https://paladindanse111.github.io/AFSC-PDFs/BASE_files/BASE_FT_CAMPBELL.html,,Active Duty,Yes,USSF,Note: Army base websites may be blocked on MissionNet.
FT CARSON,"38°44'14""N","104°47'19""W",13S EC 18372 87637,17D,17D (CYBERSPACE OPERATIONS),https://paladindanse111.github.io/AFSC-PDFs/AFSC_files/SFSC.html,https://paladindanse111.github.io/AFSC-PDFs/BASE_files/BASE_FT_CARSON.html,,Active Duty,Yes,USSF,Note: Army base websites may be blocked on MissionNet.
FT CAVAZOS,"31°08'22""N","97°45'56""W",14R PV 17679 45711,17D,17D (CYBERSPACE OPERATIONS),https://paladindanse111.github.io/AFSC-PDFs/AFSC_files/SFSC.html,https://paladindanse111.github.io/AFSC-PDFs/BASE_files/BASE_FT_CAVAZOS.html,,Active Duty,Yes,USSF,Note: Army base websites may be blocked on MissionNet.
FT DRUM AIN,"44°2'60.00""N","75°43'60.00""W",,17D,17D (CYBERSPACE OPERATIONS),https://paladindanse111.github.io/AFSC-PDFs/AFSC_files/SFSC.html,https://paladindanse111.github.io/AFSC-PDFs/BASE_files/BASE_FT_DRUM_AIN.html,,Active Duty,No,USSF,Note: Army base websites may be blocked on MissionNet.
FT GEORGE G MEADE,"39°06'14""N","76°44'42""W",18S UJ 49113 29754,17D,17D (CYBERSPACE OPERATIONS),https://paladindanse111.github.io/AFSC-PDFs/AFSC_files/SFSC.html,https://paladindanse111.github.io/AFSC-PDFs/BASE_files/BASE_FT_GEORGE_G_MEADE.html,,Active Duty,Yes,USSF,
FT HUACHUCA AIN,"31°33'0.00""N","110°19'60.00""W",,17D,17D (CYBERSPACE OPERATIONS),https://paladindanse111.github.io/AFSC-PDFs/AFSC_files/SFSC.html,https://paladindanse111.github.io/AFSC-PDFs/BASE_files/BASE_FT_HUACHUCA_AIN.html,,Active Duty,No,USSF,Note: Army base websites may be blocked on MissionNet.
FT LIBERTY (FT BRAGG),"35°7'60.00""N","78°58'60.00""W",,17D,17D (CYBERSPACE OPERATIONS),https://paladindanse111.github.io/AFSC-PDFs/AFSC_files/SFSC.html,https://paladindanse111.github.io/AFSC-PDFs/BASE_files/BASE_FT_LIBERTY.html,,Active Duty,No,USSF,Note: Army base websites may be blocked on MissionNet.
FT MCNAIR AIN,"38°52'0.00""N","77°4'0.00""W",,17D,17D (CYBERSPACE OPERATIONS),https://paladindanse111.github.io/AFSC-PDFs/AFSC_files/SFSC.html,,,Active Duty,No,USSF,
FT RILEY AIN,"39°10'0.00""N","96°49'0.00""W",,17D,17D (CYBERSPACE OPERATIONS),https://paladindanse111.github.io/AFSC-PDFs/AFSC_files/SFSC.html,https://paladindanse111.github.io/AFSC-PDFs/BASE_files/BASE_FT_RILEY_AIN.html,,Active Duty,No,USSF,Note: Army base websites may be blocked on MissionNet.
FT STEWART,"31°52'05""N","81°36'32""W",17R MR 42404 25972,17D,17D (CYBERSPACE OPERATIONS),https://paladindanse111.github.io/AFSC-PDFs/AFSC_files/SFSC.html,https://paladindanse111.github.io/AFSC-PDFs/BASE_files/BASE_FT_STEWART.html,,Active Duty,Yes,USSF,
GHEDI AB,"45°0'0.00""N","12°0'0.00""E",,17D,17D (CYBERSPACE OPERATIONS),https://paladindanse111.github.io/AFSC-PDFs/AFSC_files/SFSC.html,https://paladindanse111.github.io/AFSC-PDFs/BASE_files/BASE_GHEDI_AB.html,,Active Duty,No,USSF,
GOODFELLOW AFB,"31°26'09""N","100°24'03""W",14R LV 66873 78753,17D,17D (CYBERSPACE OPERATIONS),https://paladindanse111.github.io/AFSC-PDFs/AFSC_files/SFSC.html,https://paladindanse111.github.io/AFSC-PDFs/BASE_files/BASE_GOODFELLOW_AFB.html,,Active Duty,Yes,USSF,
GRAND FORKS AFB,"47°57'07""N","97°22'57""W",14T PU 20768 12225,17D,17D (CYBERSPACE OPERATIONS),https://paladindanse111.github.io/AFSC-PDFs/AFSC_files/SFSC.html,https://paladindanse111.github.io/AFSC-PDFs/BASE_files/BASE_GRAND_FORKS_AFB.html,,Active Duty,Yes,USSF,
HANSCOM AFB,"42°27'23""N","71°16'35""W",19T CH 12823 02961,17D,17D (CYBERSPACE OPERATIONS),https://paladindanse111.github.io/AFSC-PDFs/AFSC_files/SFSC.html,https://paladindanse111.github.io/AFSC-PDFs/BASE_files/BASE_HANSCOM_AFB.html,,Active Duty,Yes,USSF,
HILL AFB,"41°06'36""N","111°58'56""W",12T VL 17530 51433,17D,17D (CYBERSPACE OPERATIONS),https://paladindanse111.github.io/AFSC-PDFs/AFSC_files/SFSC.html,https://paladindanse111.github.io/AFSC-PDFs/BASE_files/BASE_HILL_AFB.html,,Active Duty,Yes,USSF,
HOLLOMAN AFB,"32°50'33""N","106°05'55""W",13S CS 97187 34361,17D,17D (CYBERSPACE OPERATIONS),https://paladindanse111.github.io/AFSC-PDFs/AFSC_files/SFSC.html,https://paladindanse111.github.io/AFSC-PDFs/BASE_files/BASE_HOLLOMAN_AFB.html,,Active Duty,Yes,USSF,
HOMESTEAD AIR RESERVE BASE,"25°29'19.00""N","80°23'1.00""W",,17D,17D (CYBERSPACE OPERATIONS),https://paladindanse111.github.io/AFSC-PDFs/AFSC_files/SFSC.html,,,Active Duty,No,USSF,
HURLBURT FIELD,"30°25'23""N","86°41'41""W",16R EU 29317 65704,17D,17D (CYBERSPACE OPERATIONS),https://paladindanse111.github.io/AFSC-PDFs/AFSC_files/SFSC.html,https://paladindanse111.github.io/AFSC-PDFs/BASE_files/BASE_HURLBURT_FIELD.html,,Active Duty,Yes,USSF,
INCIRLIK AB,"37°00'12""N","35°26'02""E",36S YF 16566 98011,17D,17D (CYBERSPACE OPERATIONS),https://paladindanse111.github.io/AFSC-PDFs/AFSC_files/SFSC.html,https://paladindanse111.github.io/AFSC-PDFs/BASE_files/BASE_INCIRLIK_AB.html,,Active Duty,Yes,USSF,
JB ANACOSTIA-BOLLING,"38°50'29""N","77°01'05""W",18S UJ 24855 01110,17D,17D (CYBERSPACE OPERATIONS),https://paladindanse111.github.io/AFSC-PDFs/AFSC_files/SFSC.html,https://paladindanse111.github.io/AFSC-PDFs/BASE_files/BASE_JB_ANACOSTIA-BOLLING.html,,Active Duty,Yes,USSF,
JB CHARLESTON,"32°53'29""N","80°04'03""W",17S NS 87218 39631,17D,17D (CYBERSPACE OPERATIONS),https://paladindanse111.github.io/AFSC-PDFs/AFSC_files/SFSC.html,https://paladindanse111.github.io/AFSC-PDFs/BASE_files/BASE_JB_CHARLESTON.html,,Active Duty,Yes,USSF,
JB ELMENDORF-RICHARDSON,"61°15'44""N","149°41'53""W",6V UN 55306 94983,17D,17D (CYBERSPACE OPERATIONS),https://paladindanse111.github.io/AFSC-PDFs/AFSC_files/SFSC.html,https://paladindanse111.github.io/AFSC-PDFs/BASE_files/BASE_JB_ELMENDORF-RICHARDSON.html,,Active Duty,Yes,USSF,
JB LANGLEY-EUSTIS,"37°05'00""N","76°21'33""W",18S UG 79195 04980,17D,17D (CYBERSPACE OPERATIONS),https://paladindanse111.github.io/AFSC-PDFs/AFSC_files/SFSC.html,https://paladindanse111.github.io/AFSC-PDFs/BASE_files/BASE_JB_LANGLEY-EUSTIS.html,,Active Duty,Yes,USSF,
JB LEWIS-MCCHORD,"47°05'30""N","122°36'53""W",10T ET 29240 15422,17D,17D (CYBERSPACE OPERATIONS),https://paladindanse111.github.io/AFSC-PDFs/AFSC_files/SFSC.html,https://paladindanse111.github.io/AFSC-PDFs/BASE_files/BASE_JB_LEWIS-MCCHORD.html,,Active Duty,Yes,USSF,
JB MCGUIRE-DIX-LAKEHURST,"40°02'15""N","74°35'18""W",18T WK 35120 32000,17D,17D (CYBERSPACE OPERATIONS),https://paladindanse111.github.io/AFSC-PDFs/AFSC_files/SFSC.html,https://paladindanse111.github.io/AFSC-PDFs/BASE_files/BASE_JB_MCGUIRE-DIX-LAKEHURST.html,,Active Duty,Yes,USSF,
JB PEARL HARBOR-HICKAM,"21°20'15""N","157°57'43""W",4Q FJ 07643 59855,17D,17D (CYBERSPACE OPERATIONS),https://paladindanse111.github.io/AFSC-PDFs/AFSC_files/SFSC.html,https://paladindanse111.github.io/AFSC-PDFs/BASE_files/BASE_JB_PEARL_HARBOR-HICKAM.html,,Active Duty,Yes,USSF,
JBSA LACKLAND,"29°23'14""N","98°37'16""W",14R NT 36765 50947,17D,17D (CYBERSPACE OPERATIONS),https://paladindanse111.github.io/AFSC-PDFs/AFSC_files/SFSC.html,https://paladindanse111.github.io/AFSC-PDFs/BASE_files/BASE_JBSA_LACKLAND.html,,Active Duty,Yes,USSF,
JBSA RANDOLPH,"29°31'57""N","98°16'45""W",14R NT 69847 67200,17D,17D (CYBERSPACE OPERATIONS),https://paladindanse111.github.io/AFSC-PDFs/AFSC_files/SFSC.html,https://paladindanse111.github.io/AFSC-PDFs/BASE_files/BASE_JBSA_RANDOLPH.html,,Active Duty,Yes,USSF,
KADENA AB,"26°21'30""N","127°46'20""E",52R CQ 77496 15950,17D,17D (CYBERSPACE OPERATIONS),https://paladindanse111.github.io/AFSC-PDFs/AFSC_files/SFSC.html,https://paladindanse111.github.io/AFSC-PDFs/BASE_files/BASE_KADENA_AB.html,,Active Duty,Yes,USSF,
KAPAUN AIR STATION,"49°25'44""N","7°41'53""E",32U MV 05594 75949,17D,17D (CYBERSPACE OPERATIONS),https://paladindanse111.github.io/AFSC-PDFs/AFSC_files/SFSC.html,https://paladindanse111.github.io/AFSC-PDFs/BASE_files/BASE_KAPAUN_AIR_STATION.html,,Active Duty,Yes,USSF,
KEESLER AFB,"30°24'34""N","88°55'34""W",16R CU 14981 65731,17D,17D (CYBERSPACE OPERATIONS),https://paladindanse111.github.io/AFSC-PDFs/AFSC_files/SFSC.html,https://paladindanse111.github.io/AFSC-PDFs/BASE_files/BASE_KEESLER_AFB.html,,Active Duty,Yes,USSF,
KIRTLAND AFB,"35°00'39""N","106°30'44""W",13S CU 62019 75289,17D,17D (CYBERSPACE OPERATIONS),https://paladindanse111.github.io/AFSC-PDFs/AFSC_files/SFSC.html,https://paladindanse111.github.io/AFSC-PDFs/BASE_files/BASE_KIRTLAND_AFB.html,,Active Duty,Yes,USSF,
KLEINE BROGEL ABS,"51°10'6.00""N","5°28'12.00""E",,17D,17D (CYBERSPACE OPERATIONS),https://paladindanse111.github.io/AFSC-PDFs/AFSC_files/SFSC.html,https://paladindanse111.github.io/AFSC-PDFs/BASE_files/BASE_KLEINE_BROGEL_ABS.html,,Active Duty,No,USSF,
KUNSAN AB,"35°55'09""N","126°37'54""E",52S BE 86310 77574,17D,17D (CYBERSPACE OPERATIONS),https://paladindanse111.github.io/AFSC-PDFs/AFSC_files/SFSC.html,https://paladindanse111.github.io/AFSC-PDFs/BASE_files/BASE_KUNSAN_AB.html,,Active Duty,Yes,USSF,
LAJES FIELD,"38°45'42.00""N","27°5'27.00""W",,17D,17D (CYBERSPACE OPERATIONS),https://paladindanse111.github.io/AFSC-PDFs/AFSC_files/SFSC.html,https://paladindanse111.github.io/AFSC-PDFs/BASE_files/BASE_LAJES_FIELD.html.html,,Active Duty,No,USSF,
LAKENHEATH RAF,"52°23'23""N","0°32'14""E",31U CU 32414 07239,17D,17D (CYBERSPACE OPERATIONS),https://paladindanse111.github.io/AFSC-PDFs/AFSC_files/SFSC.html,https://paladindanse111.github.io/AFSC-PDFs/BASE_files/BASE_LAKENHEATH_RAF.html,,Active Duty,Yes,USSF,
LITTLE ROCK AFB,"34°53'47""N","92°08'38""W",15S WU 78220 61887,17D,17D (CYBERSPACE OPERATIONS),https://paladindanse111.github.io/AFSC-PDFs/AFSC_files/SFSC.html,https://paladindanse111.github.io/AFSC-PDFs/BASE_files/BASE_LITTLE_ROCK_AFB.html,,Active Duty,Yes,USSF,
LUKE AFB,"33°32'22""N","112°22'32""W",12S UC 72284 11939,17D,17D (CYBERSPACE OPERATIONS),https://paladindanse111.github.io/AFSC-PDFs/AFSC_files/SFSC.html,https://paladindanse111.github.io/AFSC-PDFs/BASE_files/BASE_LUKE_AFB.html,,Active Duty,Yes,USSF,
MACDILL AFB,"27°51'28""N","82°29'19""W",17R LL 53434 82337,17D,17D (CYBERSPACE OPERATIONS),https://paladindanse111.github.io/AFSC-PDFs/AFSC_files/SFSC.html,https://paladindanse111.github.io/AFSC-PDFs/BASE_files/BASE_MACDILL_AFB.html,,Active Duty,Yes,USSF,
MAINZ KASTEL AIN,"50°1'60.00""N","8°34'0.00""E",,17D,17D (CYBERSPACE OPERATIONS),https://paladindanse111.github.io/AFSC-PDFs/AFSC_files/SFSC.html,,,Active Duty,No,USSF,
MAXWELL-GUNTER AFB,"32°22'43""N","86°21'44""W",16S EA 59993 82581,17D,17D (CYBERSPACE OPERATIONS),https://paladindanse111.github.io/AFSC-PDFs/AFSC_files/SFSC.html,https://paladindanse111.github.io/AFSC-PDFs/BASE_files/BASE_MAXWELL-GUNTER_AFB.html,,Active Duty,Yes,USSF,
MCCONNELL AFB,"37°37'51""N","97°15'06""W",14S PG 54271 66293,17D,17D (CYBERSPACE OPERATIONS),https://paladindanse111.github.io/AFSC-PDFs/AFSC_files/SFSC.html,https://paladindanse111.github.io/AFSC-PDFs/BASE_files/BASE_MCCONNELL_AFB.html,,Active Duty,Yes,USSF,
MILDENHALL RAF,"52°21'45""N","0°30'14""E",31U CU 30041 04290,17D,17D (CYBERSPACE OPERATIONS),https://paladindanse111.github.io/AFSC-PDFs/AFSC_files/SFSC.html,https://paladindanse111.github.io/AFSC-PDFs/BASE_files/BASE_MILDENHALL_RAF.html,,Active Duty,Yes,USSF,
MINOT AFB,"48°25'13""N","101°19'36""W",14U LU 27861 65629,17D,17D (CYBERSPACE OPERATIONS),https://paladindanse111.github.io/AFSC-PDFs/AFSC_files/SFSC.html,https://paladindanse111.github.io/AFSC-PDFs/BASE_files/BASE_MINOT_AFB.html,,Active Duty,Yes,USSF,
MISAWA AB,"40°41'55""N","141°22'28""E",54T WL 31634 05368,17D,17D (CYBERSPACE OPERATIONS),https://paladindanse111.github.io/AFSC-PDFs/AFSC_files/SFSC.html,https://paladindanse111.github.io/AFSC-PDFs/BASE_files/BASE_MISAWA_AB.html,,Active Duty,Yes,USSF,
MOHRINGEN AIN,"48°43'60.00""N","9°7'60.00""E",,17D,17D (CYBERSPACE OPERATIONS),https://paladindanse111.github.io/AFSC-PDFs/AFSC_files/SFSC.html,,,Active Duty,No,USSF,
MOLESWORTH STG,"52°22'0.00""N","0°24'0.00""W",,17D,17D (CYBERSPACE OPERATIONS),https://paladindanse111.github.io/AFSC-PDFs/AFSC_files/SFSC.html,,,Active Duty,No,USSF,
MONS (BELGIUM),"50°30'0.00""N","4°1'60.00""E",,17D,17D (CYBERSPACE OPERATIONS),https://paladindanse111.github.io/AFSC-PDFs/AFSC_files/SFSC.html,,,Active Duty,No,USSF,
MOODY AFB,"30°58'12""N","83°11'47""W",17R KQ 90229 28346,17D,17D (CYBERSPACE OPERATIONS),https://paladindanse111.github.io/AFSC-PDFs/AFSC_files/SFSC.html,https://paladindanse111.github.io/AFSC-PDFs/BASE_files/BASE_MOODY_AFB.html,,Active Duty,Yes,USSF,
MOUNTAIN HOME AFB,"43°03'59""N","115°51'18""W",11T NH 93226 68823,17D,17D (CYBERSPACE OPERATIONS),https://paladindanse111.github.io/AFSC-PDFs/AFSC_files/SFSC.html,https://paladindanse111.github.io/AFSC-PDFs/BASE_files/BASE_MOUNTAIN_HOME_AFB.html,,Active Duty,Yes,USSF,
NELLIS AFB,"36°14'25""N","115°03'14""W",11S PA 74874 12355,17D,17D (CYBERSPACE OPERATIONS),https://paladindanse111.github.io/AFSC-PDFs/AFSC_files/SFSC.html,https://paladindanse111.github.io/AFSC-PDFs/BASE_files/BASE_NELLIS_AFB.html,,Active Duty,Yes,USSF,
NORFOLK NAS,"36°56'15.00""N","76°17'21.00""W",,17D,17D (CYBERSPACE OPERATIONS),https://paladindanse111.github.io/AFSC-PDFs/AFSC_files/SFSC.html,,,Active Duty,No,USSF,
NORTHWOOD (UNITED KINGDOM),"51°36'0.00""N","0°25'0.00""W",,17D,17D (CYBERSPACE OPERATIONS),https://paladindanse111.github.io/AFSC-PDFs/AFSC_files/SFSC.html,,,Active Duty,No,USSF,
OFFUTT AFB,"41°07'25""N","95°54'52""W",15T TF 55334 56573,17D,17D (CYBERSPACE OPERATIONS),https://paladindanse111.github.io/AFSC-PDFs/AFSC_files/SFSC.html,https://paladindanse111.github.io/AFSC-PDFs/BASE_files/BASE_OFFUTT_AFB.html,,Active Duty,Yes,USSF,
OSAN AB,"37°05'19""N","127°01'50""E",52S CG 24960 06516,17D,17D (CYBERSPACE OPERATIONS),https://paladindanse111.github.io/AFSC-PDFs/AFSC_files/SFSC.html,https://paladindanse111.github.io/AFSC-PDFs/BASE_files/BASE_OSAN_AB.html,,Active Duty,Yes,USSF,
OTTAWA (CANADA),"45°27'0.00""N","75°42'0.00""W",,17D,17D (CYBERSPACE OPERATIONS),https://paladindanse111.github.io/AFSC-PDFs/AFSC_files/SFSC.html,,,Active Duty,No,USSF,
PATRICK SFB,"28°14'21""N","80°36'26""W",17R NM 38533 23759,17D,17D (CYBERSPACE OPERATIONS),https://paladindanse111.github.io/AFSC-PDFs/AFSC_files/SFSC.html,https://paladindanse111.github.io/AFSC-PDFs/BASE_files/BASE_PATRICK_SFB.html,,Active Duty,Yes,USSF,
PENTAGON,"38°52'15""N","77°03'21""W",18S UJ 21650 04451,17D,17D (CYBERSPACE OPERATIONS),https://paladindanse111.github.io/AFSC-PDFs/AFSC_files/SFSC.html,https://paladindanse111.github.io/AFSC-PDFs/BASE_files/BASE_PENTAGON.html,,Active Duty,Yes,USSF,
PETERSON SFB,"38°49'32""N","104°41'58""W",13S EC 26089 97461,17D,17D (CYBERSPACE OPERATIONS),https://paladindanse111.github.io/AFSC-PDFs/AFSC_files/SFSC.html,https://paladindanse111.github.io/AFSC-PDFs/BASE_files/BASE_PETERSON_SFB.html,,Active Duty,Yes,USSF,
PITUFFIK SBS,"76°31'52.00""N","68°42'12.00""W",,17D,17D (CYBERSPACE OPERATIONS),https://paladindanse111.github.io/AFSC-PDFs/AFSC_files/SFSC.html,https://paladindanse111.github.io/AFSC-PDFs/BASE_files/BASE_PITUFFIK_SBS.html,,Active Duty,No,USSF,
POGGIO RENATICO (ITALY),"44°46'0.00""N","11°28'60.00""E",,17D,17D (CYBERSPACE OPERATIONS),https://paladindanse111.github.io/AFSC-PDFs/AFSC_files/SFSC.html,,,Active Duty,No,USSF,
POPE AAF,"35°10'16""N","79°01'02""W",17S PU 80566 93819,17D,17D (CYBERSPACE OPERATIONS),https://paladindanse111.github.io/AFSC-PDFs/AFSC_files/SFSC.html,https://paladindanse111.github.io/AFSC-PDFs/BASE_files/BASE_POPE_AAF.html,,Active Duty,Yes,USSF,
RAMSTEIN AB,"49°26'23""N","7°35'47""E",32U LV 98244 77286,17D,17D (CYBERSPACE OPERATIONS),https://paladindanse111.github.io/AFSC-PDFs/AFSC_files/SFSC.html,https://paladindanse111.github.io/AFSC-PDFs/BASE_files/BASE_RAMSTEIN_AB.html.html,,Active Duty,Yes,USSF,
ROBINS AFB,"32°38'23""N","83°35'30""W",17S KS 56883 14314,17D,17D (CYBERSPACE OPERATIONS),https://paladindanse111.github.io/AFSC-PDFs/AFSC_files/SFSC.html,https://paladindanse111.github.io/AFSC-PDFs/BASE_files/BASE_ROBINS_AFB.html,,Active Duty,Yes,USSF,
ROME LAB MTC,"43° 13' 57""N","75° 25' 0""W",18T VN 66166 86718,17D,17D (CYBERSPACE OPERATIONS),https://paladindanse111.github.io/AFSC-PDFs/AFSC_files/SFSC.html,https://paladindanse111.github.io/AFSC-PDFs/BASE_files/BASE_ROME_LAB_MTC.html,,Active Duty,Yes,USSF,
SCHRIEVER SFB,"38°48'12""N","104°31'32""W",13S EC 41196 95059,17D,17D (CYBERSPACE OPERATIONS),https://paladindanse111.github.io/AFSC-PDFs/AFSC_files/SFSC.html,https://paladindanse111.github.io/AFSC-PDFs/BASE_files/BASE_SCHRIEVER_SFB.html,,Active Duty,Yes,USSF,
SCOTT AFB,"38°32'29""N","89°51'18""W",16S BH 51169 69750,17D,17D (CYBERSPACE OPERATIONS),https://paladindanse111.github.io/AFSC-PDFs/AFSC_files/SFSC.html,https://paladindanse111.github.io/AFSC-PDFs/BASE_files/BASE_SCOTT_AFB.html,,Active Duty,Yes,USSF,
SEYMOUR JOHNSON AFB,"35°20'24""N","77°57'41""W",18S TE 30850 14774,17D,17D (CYBERSPACE OPERATIONS),https://paladindanse111.github.io/AFSC-PDFs/AFSC_files/SFSC.html,https://paladindanse111.github.io/AFSC-PDFs/BASE_files/BASE_SEYMOUR_JOHNSON_AFB.html,,Active Duty,Yes,USSF,
SHAPE ADM,"50°30'0.00""N","3°58'60.00""E",,17D,17D (CYBERSPACE OPERATIONS),https://paladindanse111.github.io/AFSC-PDFs/AFSC_files/SFSC.html,,,Active Duty,No,USSF,
SHAW AFB,"33°58'02""N","80°29'05""W",17S NT 47603 58641,17D,17D (CYBERSPACE OPERATIONS),https://paladindanse111.github.io/AFSC-PDFs/AFSC_files/SFSC.html,https://paladindanse111.github.io/AFSC-PDFs/BASE_files/BASE_SHAW_AFB.html,,Active Duty,Yes,USSF,
SHEPPARD AFB,"33°58'06""N","98°30'38""W",14S NC 45216 58752,17D,17D (CYBERSPACE OPERATIONS),https://paladindanse111.github.io/AFSC-PDFs/AFSC_files/SFSC.html,https://paladindanse111.github.io/AFSC-PDFs/BASE_files/BASE_SHEPPARD_AFB.html,,Active Duty,Yes,USSF,
SIGONELLA NAS,"37°24'6.00""N","14°55'21.00""E",,17D,17D (CYBERSPACE OPERATIONS),https://paladindanse111.github.io/AFSC-PDFs/AFSC_files/SFSC.html,https://paladindanse111.github.io/AFSC-PDFs/BASE_files/BASE_SIGONELLA_NAS.html,,Active Duty,No,USSF,
SPANGDAHLEM AB,"49°59'38""N","6°41'55""E",32U LA 35052 40489,17D,17D (CYBERSPACE OPERATIONS),https://paladindanse111.github.io/AFSC-PDFs/AFSC_files/SFSC.html,https://paladindanse111.github.io/AFSC-PDFs/BASE_files/BASE_SPANGDAHLEM_AB.html,,Active Duty,Yes,USSF,
STAVANGER AB,"58°58'0.00""N","5°45'0.00""E",,17D,17D (CYBERSPACE OPERATIONS),https://paladindanse111.github.io/AFSC-PDFs/AFSC_files/SFSC.html,,,Active Duty,No,USSF,
STUTTGART VAIHING (GERMANY),"48°43'60.00""N","9°5'60.00""E",,17D,17D (CYBERSPACE OPERATIONS),https://paladindanse111.github.io/AFSC-PDFs/AFSC_files/SFSC.html,https://paladindanse111.github.io/AFSC-PDFs/BASE_files/BASE_STUTTGART_VAIHINGEN.html,,Active Duty,No,USSF,Note: Army base websites may be blocked on MissionNet.
SUWON ABS,"37°14'22.00""N","127°0'25.00""E",,17D,17D (CYBERSPACE OPERATIONS),https://paladindanse111.github.io/AFSC-PDFs/AFSC_files/SFSC.html,,,Active Duty,No,USSF,
TINKER AFB,"35°25'09""N","97°24'15""W",14S PE 44882 20698,17D,17D (CYBERSPACE OPERATIONS),https://paladindanse111.github.io/AFSC-PDFs/AFSC_files/SFSC.html,https://paladindanse111.github.io/AFSC-PDFs/BASE_files/BASE_TINKER_AFB.html,,Active Duty,Yes,USSF,
TRAVIS AFB,"38°16'09""N","121°56'51""W",10S EH 92069 36204,17D,17D (CYBERSPACE OPERATIONS),https://paladindanse111.github.io/AFSC-PDFs/AFSC_files/SFSC.html,https://paladindanse111.github.io/AFSC-PDFs/BASE_files/BASE_TRAVIS_AFB.html,,Active Duty,Yes,USSF,
TYNDALL AFB,"30°04'47""N","85°36'26""W",16R FU 34229 28437,17D,17D (CYBERSPACE OPERATIONS),https://paladindanse111.github.io/AFSC-PDFs/AFSC_files/SFSC.html,https://paladindanse111.github.io/AFSC-PDFs/BASE_files/BASE_TYNDALL_AFB.html,,Active Duty,Yes,USSF,
UEDEM (GERMANY),"51°40'57.00""N","6°17'57.00""E",,17D,17D (CYBERSPACE OPERATIONS),https://paladindanse111.github.io/AFSC-PDFs/AFSC_files/SFSC.html,,,Active Duty,No,USSF,
USAF ACADEMY,"39°0'0.00""N","104°52'60.00""W",,17D,17D (CYBERSPACE OPERATIONS),https://paladindanse111.github.io/AFSC-PDFs/AFSC_files/SFSC.html,https://paladindanse111.github.io/AFSC-PDFs/BASE_files/BASE_USAF_ACADEMY.html,,Active Duty,No,USSF,
VANCE AFB,"36°20'21""N","97°54'47""W",14S NF 97544 22116,17D,17D (CYBERSPACE OPERATIONS),https://paladindanse111.github.io/AFSC-PDFs/AFSC_files/SFSC.html,https://paladindanse111.github.io/AFSC-PDFs/BASE_files/BASE_VANCE_AFB.html,,Active Duty,Yes,USSF,
VANDENBERG SFB,"34°44'31""N","120°34'20""W",10S GD 22255 47110,17D,17D (CYBERSPACE OPERATIONS),https://paladindanse111.github.io/AFSC-PDFs/AFSC_files/SFSC.html,https://paladindanse111.github.io/AFSC-PDFs/BASE_files/BASE_VANDENBERG_SFB.html,,Active Duty,Yes,USSF,
VOLKEL ABS,"51°39'26.00""N","5°42'28.00""E",,17D,17D (CYBERSPACE OPERATIONS),https://paladindanse111.github.io/AFSC-PDFs/AFSC_files/SFSC.html,https://paladindanse111.github.io/AFSC-PDFs/BASE_files/BASE_VOLKEL_ABS.html,,Active Duty,No,USSF,
WHEELER AAF,"21°29'1.00""N","158°2'23.00""W",,17D,17D (CYBERSPACE OPERATIONS),https://paladindanse111.github.io/AFSC-PDFs/AFSC_files/SFSC.html,,,Active Duty,No,USSF,
WHITEMAN AFB,"38°43'44""N","93°33'37""W",15S VC 51299 86840,17D,17D (CYBERSPACE OPERATIONS),https://paladindanse111.github.io/AFSC-PDFs/AFSC_files/SFSC.html,https://paladindanse111.github.io/AFSC-PDFs/BASE_files/BASE_WHITEMAN_AFB.html,,Active Duty,Yes,USSF,
WRIGHT-PATTERSON AFB,"39°48'37""N","84°01'55""W",16S GK 54072 10915,17D,17D (CYBERSPACE OPERATIONS),https://paladindanse111.github.io/AFSC-PDFs/AFSC_files/SFSC.html,https://paladindanse111.github.io/AFSC-PDFs/BASE_files/BASE_WRIGHT-PATTERSON_AFB.html,,Active Duty,Yes,USSF,
YOKOTA AB,"35°44'35""N","139°20'23""E",54S UE 49872 56720,17D,17D (CYBERSPACE OPERATIONS),https://paladindanse111.github.io/AFSC-PDFs/AFSC_files/SFSC.html,https://paladindanse111.github.io/AFSC-PDFs/BASE_files/BASE_YOKOTA_AB.html,,Active Duty,Yes,USSF,
ABERDEEN PROVING GROUND,"39°27'47""N","76°07'13""W",18S VJ 03627 68763,62E,62E (DEVELOPMENTAL ENGINEER),https://paladindanse111.github.io/AFSC-PDFs/AFSC_files/SFSC.html,https://paladindanse111.github.io/AFSC-PDFs/BASE_files/BASE_ABERDEEN_PROVING_GROUND.html,,Active Duty,Yes,USSF,
ANACOSTIA NYI,"38°52'0.00""N","76°58'60.00""W",,62E,62E (DEVELOPMENTAL ENGINEER),https://paladindanse111.github.io/AFSC-PDFs/AFSC_files/SFSC.html,,,Active Duty,No,USSF,
ANDREWS JB,"38°47'46""N","76°53'00""W",18S UH 36445 95835,62E,62E (DEVELOPMENTAL ENGINEER),https://paladindanse111.github.io/AFSC-PDFs/AFSC_files/SFSC.html,https://paladindanse111.github.io/AFSC-PDFs/BASE_files/BASE_ANDREWS_JB.html,,Active Duty,Yes,USSF,
ARNOLD AFB,"35°22'58""N","86°01'49""W",16S EE 88076 15924,62E,62E (DEVELOPMENTAL ENGINEER),https://paladindanse111.github.io/AFSC-PDFs/AFSC_files/SFSC.html,https://paladindanse111.github.io/AFSC-PDFs/BASE_files/BASE_ARNOLD_AFB.html,,Active Duty,Yes,USSF,
BARKSDALE AFB,"32°29'45""N","93°40'21""W",15S VR 36822 95596,62E,62E (DEVELOPMENTAL ENGINEER),https://paladindanse111.github.io/AFSC-PDFs/AFSC_files/SFSC.html,https://paladindanse111.github.io/AFSC-PDFs/BASE_files/BASE_BARKSDALE_AFB.html,,Active Duty,Yes,USSF,
BEALE AFB,"39°06'41""N","121°21'35""W",10S FJ 41815 30418,62E,62E (DEVELOPMENTAL ENGINEER),https://paladindanse111.github.io/AFSC-PDFs/AFSC_files/SFSC.html,https://paladindanse111.github.io/AFSC-PDFs/BASE_files/BASE_BEALE_AFB.html,,Active Duty,Yes,USSF,
BUCKLEY SFB,"39°42'09""N","104°45'29""W",13S ED 20741 94766,62E,62E (DEVELOPMENTAL ENGINEER),https://paladindanse111.github.io/AFSC-PDFs/AFSC_files/SFSC.html,https://paladindanse111.github.io/AFSC-PDFs/BASE_files/BASE_BUCKLEY_SFB.html,,Active Duty,Yes,USSF,
CAPE CANAVERAL SFS,"28°29'19""N","80°34'22""W",17R NM 41814 51404,62E,62E (DEVELOPMENTAL ENGINEER),https://paladindanse111.github.io/AFSC-PDFs/AFSC_files/SFSC.html,https://paladindanse111.github.io/AFSC-PDFs/BASE_files/BASE_CAPE_CANAVERAL_SFS.html,,Active Duty,Yes,USSF,
COLOGNE (GERMANY),"50°55'60.00""N","6°57'0.00""E",,62E,62E (DEVELOPMENTAL ENGINEER),https://paladindanse111.github.io/AFSC-PDFs/AFSC_files/SFSC.html,,,Active Duty,No,USSF,
CREECH AFB,"36°34'41""N","115°39'29""W",11S PA 20060 48904,62E,62E (DEVELOPMENTAL ENGINEER),https://paladindanse111.github.io/AFSC-PDFs/AFSC_files/SFSC.html,https://paladindanse111.github.io/AFSC-PDFs/BASE_files/BASE_CREECH_AFB.html,,Active Duty,Yes,USSF,
DAVIS-MONTHAN AFB,"32°10'14""N","110°52'39""W",12S WA 11549 59347,62E,62E (DEVELOPMENTAL ENGINEER),https://paladindanse111.github.io/AFSC-PDFs/AFSC_files/SFSC.html,https://paladindanse111.github.io/AFSC-PDFs/BASE_files/BASE_DAVIS-MONTHAN_AFB.html,,Active Duty,Yes,USSF,
DYESS AFB,"32°25'17""N","99°50'31""W",14S MA 20838 87456,62E,62E (DEVELOPMENTAL ENGINEER),https://paladindanse111.github.io/AFSC-PDFs/AFSC_files/SFSC.html,https://paladindanse111.github.io/AFSC-PDFs/BASE_files/BASE_DYESS_AFB.html,,Active Duty,Yes,USSF,
EDWARDS AFB,"34°55'25""N","117°53'29""W",11S MU 18582 64934,62E,62E (DEVELOPMENTAL ENGINEER),https://paladindanse111.github.io/AFSC-PDFs/AFSC_files/SFSC.html,https://paladindanse111.github.io/AFSC-PDFs/BASE_files/BASE_EDWARDS_AFB.html,,Active Duty,Yes,USSF,
EGLIN AFB,"30°27'49""N","86°33'11""W",16R EU 42905 70243,62E,62E (DEVELOPMENTAL ENGINEER),https://paladindanse111.github.io/AFSC-PDFs/AFSC_files/SFSC.html,https://paladindanse111.github.io/AFSC-PDFs/BASE_files/BASE_EGLIN_AFB.html,,Active Duty,Yes,USSF,
ELLSWORTH AFB,"44°08'54""N","103°05'15""W",13T FJ 52951 90126,62E,62E (DEVELOPMENTAL ENGINEER),https://paladindanse111.github.io/AFSC-PDFs/AFSC_files/SFSC.html,https://paladindanse111.github.io/AFSC-PDFs/BASE_files/BASE_ELLSWORTH_AFB.html,,Active Duty,Yes,USSF,
FAREHAM (UNITED KINGDOM),"50°51'0.00""N","1°10'48.00""W",,62E,62E (DEVELOPMENTAL ENGINEER),https://paladindanse111.github.io/AFSC-PDFs/AFSC_files/SFSC.html,,,Active Duty,No,USSF,
FE WARREN AFB,"41°08'32""N","104°52'41""W",13T EF 10233 54552,62E,62E (DEVELOPMENTAL ENGINEER),https://paladindanse111.github.io/AFSC-PDFs/AFSC_files/SFSC.html,https://paladindanse111.github.io/AFSC-PDFs/BASE_files/BASE_FE_WARREN_AFB.html,,Active Duty,Yes,USSF,
FT BELVOIR,"38°43'05""N","77°09'16""W",18S UH 12695 87692,62E,62E (DEVELOPMENTAL ENGINEER),https://paladindanse111.github.io/AFSC-PDFs/AFSC_files/SFSC.html,https://paladindanse111.github.io/AFSC-PDFs/BASE_files/BASE_FT_BELVOIR.html,,Active Duty,Yes,USSF,
FT GEORGE G MEADE,"39°06'14""N","76°44'42""W",18S UJ 49113 29754,62E,62E (DEVELOPMENTAL ENGINEER),https://paladindanse111.github.io/AFSC-PDFs/AFSC_files/SFSC.html,https://paladindanse111.github.io/AFSC-PDFs/BASE_files/BASE_FT_GEORGE_G_MEADE.html,,Active Duty,Yes,USSF,
FT GORDON,"33°24'57""N","82°08'16""W",17S LS 94212 97966,62E,62E (DEVELOPMENTAL ENGINEER),https://paladindanse111.github.io/AFSC-PDFs/AFSC_files/SFSC.html,https://paladindanse111.github.io/AFSC-PDFs/BASE_files/BASE_FT_GORDON.html,,Active Duty,Yes,USSF,Note: Army base websites may be blocked on MissionNet.
FT HUACHUCA AIN,"31°33'0.00""N","110°19'60.00""W",,62E,62E (DEVELOPMENTAL ENGINEER),https://paladindanse111.github.io/AFSC-PDFs/AFSC_files/SFSC.html,https://paladindanse111.github.io/AFSC-PDFs/BASE_files/BASE_FT_HUACHUCA_AIN.html,,Active Duty,No,USSF,Note: Army base websites may be blocked on MissionNet.
HANSCOM AFB,"42°27'23""N","71°16'35""W",19T CH 12823 02961,62E,62E (DEVELOPMENTAL ENGINEER),https://paladindanse111.github.io/AFSC-PDFs/AFSC_files/SFSC.html,https://paladindanse111.github.io/AFSC-PDFs/BASE_files/BASE_HANSCOM_AFB.html,,Active Duty,Yes,USSF,
HILL AFB,"41°06'36""N","111°58'56""W",12T VL 17530 51433,62E,62E (DEVELOPMENTAL ENGINEER),https://paladindanse111.github.io/AFSC-PDFs/AFSC_files/SFSC.html,https://paladindanse111.github.io/AFSC-PDFs/BASE_files/BASE_HILL_AFB.html,,Active Duty,Yes,USSF,
HOLLOMAN AFB,"32°50'33""N","106°05'55""W",13S CS 97187 34361,62E,62E (DEVELOPMENTAL ENGINEER),https://paladindanse111.github.io/AFSC-PDFs/AFSC_files/SFSC.html,https://paladindanse111.github.io/AFSC-PDFs/BASE_files/BASE_HOLLOMAN_AFB.html,,Active Duty,Yes,USSF,
HURLBURT FIELD,"30°25'23""N","86°41'41""W",16R EU 29317 65704,62E,62E (DEVELOPMENTAL ENGINEER),https://paladindanse111.github.io/AFSC-PDFs/AFSC_files/SFSC.html,https://paladindanse111.github.io/AFSC-PDFs/BASE_files/BASE_HURLBURT_FIELD.html,,Active Duty,Yes,USSF,
JB ANACOSTIA-BOLLING,"38°50'29""N","77°01'05""W",18S UJ 24855 01110,62E,62E (DEVELOPMENTAL ENGINEER),https://paladindanse111.github.io/AFSC-PDFs/AFSC_files/SFSC.html,https://paladindanse111.github.io/AFSC-PDFs/BASE_files/BASE_JB_ANACOSTIA-BOLLING.html,,Active Duty,Yes,USSF,
JB LANGLEY-EUSTIS,"37°05'00""N","76°21'33""W",18S UG 79195 04980,62E,62E (DEVELOPMENTAL ENGINEER),https://paladindanse111.github.io/AFSC-PDFs/AFSC_files/SFSC.html,https://paladindanse111.github.io/AFSC-PDFs/BASE_files/BASE_JB_LANGLEY-EUSTIS.html,,Active Duty,Yes,USSF,
JB LEWIS-MCCHORD,"47°05'30""N","122°36'53""W",10T ET 29240 15422,62E,62E (DEVELOPMENTAL ENGINEER),https://paladindanse111.github.io/AFSC-PDFs/AFSC_files/SFSC.html,https://paladindanse111.github.io/AFSC-PDFs/BASE_files/BASE_JB_LEWIS-MCCHORD.html,,Active Duty,Yes,USSF,
JB PEARL HARBOR-HICKAM,"21°20'15""N","157°57'43""W",4Q FJ 07643 59855,62E,62E (DEVELOPMENTAL ENGINEER),https://paladindanse111.github.io/AFSC-PDFs/AFSC_files/SFSC.html,https://paladindanse111.github.io/AFSC-PDFs/BASE_files/BASE_JB_PEARL_HARBOR-HICKAM.html,,Active Duty,Yes,USSF,
JBSA FT SAM HOUSTON,"29°26'59""N","98°27'02""W",14R NT 53282 57938,62E,62E (DEVELOPMENTAL ENGINEER),https://paladindanse111.github.io/AFSC-PDFs/AFSC_files/SFSC.html,https://paladindanse111.github.io/AFSC-PDFs/BASE_files/BASE_JBSA_FT_SAM_HOUSTON.html,,Active Duty,Yes,USSF,
JBSA LACKLAND,"29°23'14""N","98°37'16""W",14R NT 36765 50947,62E,62E (DEVELOPMENTAL ENGINEER),https://paladindanse111.github.io/AFSC-PDFs/AFSC_files/SFSC.html,https://paladindanse111.github.io/AFSC-PDFs/BASE_files/BASE_JBSA_LACKLAND.html,,Active Duty,Yes,USSF,
JBSA RANDOLPH,"29°31'57""N","98°16'45""W",14R NT 69847 67200,62E,62E (DEVELOPMENTAL ENGINEER),https://paladindanse111.github.io/AFSC-PDFs/AFSC_files/SFSC.html,https://paladindanse111.github.io/AFSC-PDFs/BASE_files/BASE_JBSA_RANDOLPH.html,,Active Duty,Yes,USSF,
KADENA AB,"26°21'30""N","127°46'20""E",52R CQ 77496 15950,62E,62E (DEVELOPMENTAL ENGINEER),https://paladindanse111.github.io/AFSC-PDFs/AFSC_files/SFSC.html,https://paladindanse111.github.io/AFSC-PDFs/BASE_files/BASE_KADENA_AB.html,,Active Duty,Yes,USSF,
KEESLER AFB,"30°24'34""N","88°55'34""W",16R CU 14981 65731,62E,62E (DEVELOPMENTAL ENGINEER),https://paladindanse111.github.io/AFSC-PDFs/AFSC_files/SFSC.html,https://paladindanse111.github.io/AFSC-PDFs/BASE_files/BASE_KEESLER_AFB.html,,Active Duty,Yes,USSF,
KIRTLAND AFB,"35°00'39""N","106°30'44""W",13S CU 62019 75289,62E,62E (DEVELOPMENTAL ENGINEER),https://paladindanse111.github.io/AFSC-PDFs/AFSC_files/SFSC.html,https://paladindanse111.github.io/AFSC-PDFs/BASE_files/BASE_KIRTLAND_AFB.html,,Active Duty,Yes,USSF,
KJELLER ABS,"59°58'9.00""N","11°2'10.00""E",,62E,62E (DEVELOPMENTAL ENGINEER),https://paladindanse111.github.io/AFSC-PDFs/AFSC_files/SFSC.html,,,Active Duty,No,USSF,
JOHNSON SPACE CENTER,"29°37'0.00""N","95°10'0.00""W",,62E,62E (DEVELOPMENTAL ENGINEER),https://paladindanse111.github.io/AFSC-PDFs/AFSC_files/SFSC.html,https://paladindanse111.github.io/AFSC-PDFs/BASE_files/JOHNSON_SPACE_CENTER.html,,Active Duty,No,USSF,
LONDON ATM,"51°28'20.00""N","0°29'15.00""W",,62E,62E (DEVELOPMENTAL ENGINEER),https://paladindanse111.github.io/AFSC-PDFs/AFSC_files/SFSC.html,,,Active Duty,No,USSF,
LOS ANGELES SFB,"34°0'0.00""N","118°15'0.00""W",,62E,62E (DEVELOPMENTAL ENGINEER),https://paladindanse111.github.io/AFSC-PDFs/AFSC_files/SFSC.html,https://paladindanse111.github.io/AFSC-PDFs/BASE_files/BASE_LOS_ANGELES_SFB.html,,Active Duty,No,USSF,
MAINZ KASTEL AIN,"50°1'60.00""N","8°34'0.00""E",,62E,62E (DEVELOPMENTAL ENGINEER),https://paladindanse111.github.io/AFSC-PDFs/AFSC_files/SFSC.html,,,Active Duty,No,USSF,
MALMSTROM AFB,"47°30'17""N","111°10'56""W",12T VT 86277 61270,62E,62E (DEVELOPMENTAL ENGINEER),https://paladindanse111.github.io/AFSC-PDFs/AFSC_files/SFSC.html,https://paladindanse111.github.io/AFSC-PDFs/BASE_files/BASE_MALMSTROM_AFB.html,,Active Duty,Yes,USSF,
MAUI ISLAND,"20° 45' 0""N","156° 15' 0""W",4Q GH 86360 96915,62E,62E (DEVELOPMENTAL ENGINEER),https://paladindanse111.github.io/AFSC-PDFs/AFSC_files/SFSC.html,https://paladindanse111.github.io/AFSC-PDFs/BASE_files/BASE_MAUI_ISLAND.html,,Active Duty,Yes,USSF,
MAXWELL-GUNTER AFB,"32°22'43""N","86°21'44""W",16S EA 59993 82581,62E,62E (DEVELOPMENTAL ENGINEER),https://paladindanse111.github.io/AFSC-PDFs/AFSC_files/SFSC.html,https://paladindanse111.github.io/AFSC-PDFs/BASE_files/BASE_MAXWELL-GUNTER_AFB.html,,Active Duty,Yes,USSF,
MINOT AFB,"48°25'13""N","101°19'36""W",14U LU 27861 65629,62E,62E (DEVELOPMENTAL ENGINEER),https://paladindanse111.github.io/AFSC-PDFs/AFSC_files/SFSC.html,https://paladindanse111.github.io/AFSC-PDFs/BASE_files/BASE_MINOT_AFB.html,,Active Duty,Yes,USSF,
MORRIS AIR NATIONAL GUARD BASE,"32°6'58.00""N","110°56'28.00""W",,62E,62E (DEVELOPMENTAL ENGINEER),https://paladindanse111.github.io/AFSC-PDFs/AFSC_files/SFSC.html,,,Active Duty,No,USSF,
MUNICH (GERMANY),"48°12'0.00""N","11°34'60.00""E",,62E,62E (DEVELOPMENTAL ENGINEER),https://paladindanse111.github.io/AFSC-PDFs/AFSC_files/SFSC.html,,,Active Duty,No,USSF,
NELLIS AFB,"36°14'25""N","115°03'14""W",11S PA 74874 12355,62E,62E (DEVELOPMENTAL ENGINEER),https://paladindanse111.github.io/AFSC-PDFs/AFSC_files/SFSC.html,https://paladindanse111.github.io/AFSC-PDFs/BASE_files/BASE_NELLIS_AFB.html,,Active Duty,Yes,USSF,
NEUBIBERG (GERMANY),"48°4'0.00""N","11°40'60.00""E",,62E,62E (DEVELOPMENTAL ENGINEER),https://paladindanse111.github.io/AFSC-PDFs/AFSC_files/SFSC.html,,,Active Duty,No,USSF,
OFFUTT AFB,"41°07'25""N","95°54'52""W",15T TF 55334 56573,62E,62E (DEVELOPMENTAL ENGINEER),https://paladindanse111.github.io/AFSC-PDFs/AFSC_files/SFSC.html,https://paladindanse111.github.io/AFSC-PDFs/BASE_files/BASE_OFFUTT_AFB.html,,Active Duty,Yes,USSF,
PATRICK SFB,"28°14'21""N","80°36'26""W",17R NM 38533 23759,62E,62E (DEVELOPMENTAL ENGINEER),https://paladindanse111.github.io/AFSC-PDFs/AFSC_files/SFSC.html,https://paladindanse111.github.io/AFSC-PDFs/BASE_files/BASE_PATRICK_SFB.html,,Active Duty,Yes,USSF,
PATUXENT RIVER NA,"38° 17' 10""N","76° 24' 42""W",18S UH 76539 38502,62E,62E (DEVELOPMENTAL ENGINEER),https://paladindanse111.github.io/AFSC-PDFs/AFSC_files/SFSC.html,https://paladindanse111.github.io/AFSC-PDFs/BASE_files/BASE_PATUXENT_RIVER_NA.html,,Active Duty,Yes,USSF,
PENTAGON,"38°52'15""N","77°03'21""W",18S UJ 21650 04451,62E,62E (DEVELOPMENTAL ENGINEER),https://paladindanse111.github.io/AFSC-PDFs/AFSC_files/SFSC.html,https://paladindanse111.github.io/AFSC-PDFs/BASE_files/BASE_PENTAGON.html,,Active Duty,Yes,USSF,
PETERSON SFB,"38°49'32""N","104°41'58""W",13S EC 26089 97461,62E,62E (DEVELOPMENTAL ENGINEER),https://paladindanse111.github.io/AFSC-PDFs/AFSC_files/SFSC.html,https://paladindanse111.github.io/AFSC-PDFs/BASE_files/BASE_PETERSON_SFB.html,,Active Duty,Yes,USSF,
POINT MUGU NAS,"34°7'13.00""N","119°7'15.00""W",,62E,62E (DEVELOPMENTAL ENGINEER),https://paladindanse111.github.io/AFSC-PDFs/AFSC_files/SFSC.html,,,Active Duty,No,USSF,
RAF MENWITH HILL,"54°0'0.00""N","1°33'0.00""W",,62E,62E (DEVELOPMENTAL ENGINEER),https://paladindanse111.github.io/AFSC-PDFs/AFSC_files/SFSC.html,,,Active Duty,No,USSF,
RAMSTEIN AB,"49°26'23""N","7°35'47""E",32U LV 98244 77286,62E,62E (DEVELOPMENTAL ENGINEER),https://paladindanse111.github.io/AFSC-PDFs/AFSC_files/SFSC.html,https://paladindanse111.github.io/AFSC-PDFs/BASE_files/BASE_RAMSTEIN_AB.html.html,,Active Duty,Yes,USSF,
ROBINS AFB,"32°38'23""N","83°35'30""W",17S KS 56883 14314,62E,62E (DEVELOPMENTAL ENGINEER),https://paladindanse111.github.io/AFSC-PDFs/AFSC_files/SFSC.html,https://paladindanse111.github.io/AFSC-PDFs/BASE_files/BASE_ROBINS_AFB.html,,Active Duty,Yes,USSF,
ROME (ITALY),"41°53'60.00""N","12°28'60.00""E",,62E,62E (DEVELOPMENTAL ENGINEER),https://paladindanse111.github.io/AFSC-PDFs/AFSC_files/SFSC.html,,,Active Duty,No,USSF,
ROME LAB MTC,"43° 13' 57""N","75° 25' 0""W",18T VN 66166 86718,62E,62E (DEVELOPMENTAL ENGINEER),https://paladindanse111.github.io/AFSC-PDFs/AFSC_files/SFSC.html,https://paladindanse111.github.io/AFSC-PDFs/BASE_files/BASE_ROME_LAB_MTC.html,,Active Duty,Yes,USSF,
SCHRIEVER SFB,"38°48'12""N","104°31'32""W",13S EC 41196 95059,62E,62E (DEVELOPMENTAL ENGINEER),https://paladindanse111.github.io/AFSC-PDFs/AFSC_files/SFSC.html,https://paladindanse111.github.io/AFSC-PDFs/BASE_files/BASE_SCHRIEVER_SFB.html,,Active Duty,Yes,USSF,
SODAEJON IC OPA,"36°17'25.00""N","127°19'0.00""E",,62E,62E (DEVELOPMENTAL ENGINEER),https://paladindanse111.github.io/AFSC-PDFs/AFSC_files/SFSC.html,,,Active Duty,No,USSF,
TACHIKAWA (JAPAN),"35°42'0.00""N","139°24'0.00""E",,62E,62E (DEVELOPMENTAL ENGINEER),https://paladindanse111.github.io/AFSC-PDFs/AFSC_files/SFSC.html,,,Active Duty,No,USSF,
TINKER AFB,"35°25'09""N","97°24'15""W",14S PE 44882 20698,62E,62E (DEVELOPMENTAL ENGINEER),https://paladindanse111.github.io/AFSC-PDFs/AFSC_files/SFSC.html,https://paladindanse111.github.io/AFSC-PDFs/BASE_files/BASE_TINKER_AFB.html,,Active Duty,Yes,USSF,
TYNDALL AFB,"30°04'47""N","85°36'26""W",16R FU 34229 28437,62E,62E (DEVELOPMENTAL ENGINEER),https://paladindanse111.github.io/AFSC-PDFs/AFSC_files/SFSC.html,https://paladindanse111.github.io/AFSC-PDFs/BASE_files/BASE_TYNDALL_AFB.html,,Active Duty,Yes,USSF,
USAF ACADEMY,"39°0'0.00""N","104°52'60.00""W",,62E,62E (DEVELOPMENTAL ENGINEER),https://paladindanse111.github.io/AFSC-PDFs/AFSC_files/SFSC.html,https://paladindanse111.github.io/AFSC-PDFs/BASE_files/BASE_USAF_ACADEMY.html,,Active Duty,No,USSF,
VANDENBERG SFB,"34°44'31""N","120°34'20""W",10S GD 22255 47110,62E,62E (DEVELOPMENTAL ENGINEER),https://paladindanse111.github.io/AFSC-PDFs/AFSC_files/SFSC.html,https://paladindanse111.github.io/AFSC-PDFs/BASE_files/BASE_VANDENBERG_SFB.html,,Active Duty,Yes,USSF,
WARSAW (POLAND),"52°10'60.00""N","21°0'0.00""E",,62E,62E (DEVELOPMENTAL ENGINEER),https://paladindanse111.github.io/AFSC-PDFs/AFSC_files/SFSC.html,,,Active Duty,No,USSF,
WHITE SAND MSL RG,"32° 24' 0""N","106° 24' 0""W",13S CR 68334 85636,62E,62E (DEVELOPMENTAL ENGINEER),https://paladindanse111.github.io/AFSC-PDFs/AFSC_files/SFSC.html,https://paladindanse111.github.io/AFSC-PDFs/BASE_files/BASE_WHITE_SAND_MSL_RG.html,,Active Duty,Yes,USSF,
WHITEMAN AFB,"38°43'44""N","93°33'37""W",15S VC 51299 86840,62E,62E (DEVELOPMENTAL ENGINEER),https://paladindanse111.github.io/AFSC-PDFs/AFSC_files/SFSC.html,https://paladindanse111.github.io/AFSC-PDFs/BASE_files/BASE_WHITEMAN_AFB.html,,Active Duty,Yes,USSF,
WRIGHT-PATTERSON AFB,"39°48'37""N","84°01'55""W",16S GK 54072 10915,62E,62E (DEVELOPMENTAL ENGINEER),https://paladindanse111.github.io/AFSC-PDFs/AFSC_files/SFSC.html,https://paladindanse111.github.io/AFSC-PDFs/BASE_files/BASE_WRIGHT-PATTERSON_AFB.html,,Active Duty,Yes,USSF,
YOKOTA AB,"35°44'35""N","139°20'23""E",54S UE 49872 56720,62E,62E (DEVELOPMENTAL ENGINEER),https://paladindanse111.github.io/AFSC-PDFs/AFSC_files/SFSC.html,https://paladindanse111.github.io/AFSC-PDFs/BASE_files/BASE_YOKOTA_AB.html,,Active Duty,Yes,USSF,
ABERDEEN PROVING GROUND,"39°27'47""N","76°07'13""W",18S VJ 03627 68763,63A,63A (ACQUISITION MANAGER),https://paladindanse111.github.io/AFSC-PDFs/AFSC_files/SFSC.html,https://paladindanse111.github.io/AFSC-PDFs/BASE_files/BASE_ABERDEEN_PROVING_GROUND.html,,Active Duty,Yes,USSF,
ANDREWS JB,"38°47'46""N","76°53'00""W",18S UH 36445 95835,63A,63A (ACQUISITION MANAGER),https://paladindanse111.github.io/AFSC-PDFs/AFSC_files/SFSC.html,https://paladindanse111.github.io/AFSC-PDFs/BASE_files/BASE_ANDREWS_JB.html,,Active Duty,Yes,USSF,
ARNOLD AFB,"35°22'58""N","86°01'49""W",16S EE 88076 15924,63A,63A (ACQUISITION MANAGER),https://paladindanse111.github.io/AFSC-PDFs/AFSC_files/SFSC.html,https://paladindanse111.github.io/AFSC-PDFs/BASE_files/BASE_ARNOLD_AFB.html,,Active Duty,Yes,USSF,
BUCKLEY SFB,"39°42'09""N","104°45'29""W",13S ED 20741 94766,63A,63A (ACQUISITION MANAGER),https://paladindanse111.github.io/AFSC-PDFs/AFSC_files/SFSC.html,https://paladindanse111.github.io/AFSC-PDFs/BASE_files/BASE_BUCKLEY_SFB.html,,Active Duty,Yes,USSF,
CAPE CANAVERAL SFS,"28°29'19""N","80°34'22""W",17R NM 41814 51404,63A,63A (ACQUISITION MANAGER),https://paladindanse111.github.io/AFSC-PDFs/AFSC_files/SFSC.html,https://paladindanse111.github.io/AFSC-PDFs/BASE_files/BASE_CAPE_CANAVERAL_SFS.html,,Active Duty,Yes,USSF,
CARSON AIN,"33°45'20.00""N","118°23'15.00""W",,63A,63A (ACQUISITION MANAGER),https://paladindanse111.github.io/AFSC-PDFs/AFSC_files/SFSC.html,,,Active Duty,No,USSF,
CREECH AFB,"36°34'41""N","115°39'29""W",11S PA 20060 48904,63A,63A (ACQUISITION MANAGER),https://paladindanse111.github.io/AFSC-PDFs/AFSC_files/SFSC.html,https://paladindanse111.github.io/AFSC-PDFs/BASE_files/BASE_CREECH_AFB.html,,Active Duty,Yes,USSF,
DAVIS-MONTHAN AFB,"32°10'14""N","110°52'39""W",12S WA 11549 59347,63A,63A (ACQUISITION MANAGER),https://paladindanse111.github.io/AFSC-PDFs/AFSC_files/SFSC.html,https://paladindanse111.github.io/AFSC-PDFs/BASE_files/BASE_DAVIS-MONTHAN_AFB.html,,Active Duty,Yes,USSF,
EDWARDS AFB,"34°55'25""N","117°53'29""W",11S MU 18582 64934,63A,63A (ACQUISITION MANAGER),https://paladindanse111.github.io/AFSC-PDFs/AFSC_files/SFSC.html,https://paladindanse111.github.io/AFSC-PDFs/BASE_files/BASE_EDWARDS_AFB.html,,Active Duty,Yes,USSF,
EGLIN AFB,"30°27'49""N","86°33'11""W",16R EU 42905 70243,63A,63A (ACQUISITION MANAGER),https://paladindanse111.github.io/AFSC-PDFs/AFSC_files/SFSC.html,https://paladindanse111.github.io/AFSC-PDFs/BASE_files/BASE_EGLIN_AFB.html,,Active Duty,Yes,USSF,
EIELSON AFB,"64°39'52""N","147°05'45""W",6W VS 95424 71061,63A,63A (ACQUISITION MANAGER),https://paladindanse111.github.io/AFSC-PDFs/AFSC_files/SFSC.html,https://paladindanse111.github.io/AFSC-PDFs/BASE_files/BASE_EIELSON_AFB.html,,Active Duty,Yes,USSF,
FT BELVOIR,"38°43'05""N","77°09'16""W",18S UH 12695 87692,63A,63A (ACQUISITION MANAGER),https://paladindanse111.github.io/AFSC-PDFs/AFSC_files/SFSC.html,https://paladindanse111.github.io/AFSC-PDFs/BASE_files/BASE_FT_BELVOIR.html,,Active Duty,Yes,USSF,
FT GEORGE G MEADE,"39°06'14""N","76°44'42""W",18S UJ 49113 29754,63A,63A (ACQUISITION MANAGER),https://paladindanse111.github.io/AFSC-PDFs/AFSC_files/SFSC.html,https://paladindanse111.github.io/AFSC-PDFs/BASE_files/BASE_FT_GEORGE_G_MEADE.html,,Active Duty,Yes,USSF,
FT HUACHUCA AIN,"31°33'0.00""N","110°19'60.00""W",,63A,63A (ACQUISITION MANAGER),https://paladindanse111.github.io/AFSC-PDFs/AFSC_files/SFSC.html,https://paladindanse111.github.io/AFSC-PDFs/BASE_files/BASE_FT_HUACHUCA_AIN.html,,Active Duty,No,USSF,Note: Army base websites may be blocked on MissionNet.
GEILENKIRCHEN AB,"50°57'39.00""N","6°2'30.00""E",,63A,63A (ACQUISITION MANAGER),https://paladindanse111.github.io/AFSC-PDFs/AFSC_files/SFSC.html,https://paladindanse111.github.io/AFSC-PDFs/BASE_files/BASE_GEILENKIRCHEN_AB.html,,Active Duty,No,USSF,
HANSCOM AFB,"42°27'23""N","71°16'35""W",19T CH 12823 02961,63A,63A (ACQUISITION MANAGER),https://paladindanse111.github.io/AFSC-PDFs/AFSC_files/SFSC.html,https://paladindanse111.github.io/AFSC-PDFs/BASE_files/BASE_HANSCOM_AFB.html,,Active Duty,Yes,USSF,
HILL AFB,"41°06'36""N","111°58'56""W",12T VL 17530 51433,63A,63A (ACQUISITION MANAGER),https://paladindanse111.github.io/AFSC-PDFs/AFSC_files/SFSC.html,https://paladindanse111.github.io/AFSC-PDFs/BASE_files/BASE_HILL_AFB.html,,Active Duty,Yes,USSF,
HOLLOMAN AFB,"32°50'33""N","106°05'55""W",13S CS 97187 34361,63A,63A (ACQUISITION MANAGER),https://paladindanse111.github.io/AFSC-PDFs/AFSC_files/SFSC.html,https://paladindanse111.github.io/AFSC-PDFs/BASE_files/BASE_HOLLOMAN_AFB.html,,Active Duty,Yes,USSF,
HURLBURT FIELD,"30°25'23""N","86°41'41""W",16R EU 29317 65704,63A,63A (ACQUISITION MANAGER),https://paladindanse111.github.io/AFSC-PDFs/AFSC_files/SFSC.html,https://paladindanse111.github.io/AFSC-PDFs/BASE_files/BASE_HURLBURT_FIELD.html,,Active Duty,Yes,USSF,
JB ANACOSTIA-BOLLING,"38°50'29""N","77°01'05""W",18S UJ 24855 01110,63A,63A (ACQUISITION MANAGER),https://paladindanse111.github.io/AFSC-PDFs/AFSC_files/SFSC.html,https://paladindanse111.github.io/AFSC-PDFs/BASE_files/BASE_JB_ANACOSTIA-BOLLING.html,,Active Duty,Yes,USSF,
JB ELMENDORF-RICHARDSON,"61°15'44""N","149°41'53""W",6V UN 55306 94983,63A,63A (ACQUISITION MANAGER),https://paladindanse111.github.io/AFSC-PDFs/AFSC_files/SFSC.html,https://paladindanse111.github.io/AFSC-PDFs/BASE_files/BASE_JB_ELMENDORF-RICHARDSON.html,,Active Duty,Yes,USSF,
JB LANGLEY-EUSTIS,"37°05'00""N","76°21'33""W",18S UG 79195 04980,63A,63A (ACQUISITION MANAGER),https://paladindanse111.github.io/AFSC-PDFs/AFSC_files/SFSC.html,https://paladindanse111.github.io/AFSC-PDFs/BASE_files/BASE_JB_LANGLEY-EUSTIS.html,,Active Duty,Yes,USSF,
JBSA FT SAM HOUSTON,"29°26'59""N","98°27'02""W",14R NT 53282 57938,63A,63A (ACQUISITION MANAGER),https://paladindanse111.github.io/AFSC-PDFs/AFSC_files/SFSC.html,https://paladindanse111.github.io/AFSC-PDFs/BASE_files/BASE_JBSA_FT_SAM_HOUSTON.html,,Active Duty,Yes,USSF,
JBSA LACKLAND,"29°23'14""N","98°37'16""W",14R NT 36765 50947,63A,63A (ACQUISITION MANAGER),https://paladindanse111.github.io/AFSC-PDFs/AFSC_files/SFSC.html,https://paladindanse111.github.io/AFSC-PDFs/BASE_files/BASE_JBSA_LACKLAND.html,,Active Duty,Yes,USSF,
JBSA RANDOLPH,"29°31'57""N","98°16'45""W",14R NT 69847 67200,63A,63A (ACQUISITION MANAGER),https://paladindanse111.github.io/AFSC-PDFs/AFSC_files/SFSC.html,https://paladindanse111.github.io/AFSC-PDFs/BASE_files/BASE_JBSA_RANDOLPH.html,,Active Duty,Yes,USSF,
KIRTLAND AFB,"35°00'39""N","106°30'44""W",13S CU 62019 75289,63A,63A (ACQUISITION MANAGER),https://paladindanse111.github.io/AFSC-PDFs/AFSC_files/SFSC.html,https://paladindanse111.github.io/AFSC-PDFs/BASE_files/BASE_KIRTLAND_AFB.html,,Active Duty,Yes,USSF,
KJELLER ABS,"59°58'9.00""N","11°2'10.00""E",,63A,63A (ACQUISITION MANAGER),https://paladindanse111.github.io/AFSC-PDFs/AFSC_files/SFSC.html,,,Active Duty,No,USSF,
JOHNSON SPACE CENTER,"29°37'0.00""N","95°10'0.00""W",,63A,63A (ACQUISITION MANAGER),https://paladindanse111.github.io/AFSC-PDFs/AFSC_files/SFSC.html,https://paladindanse111.github.io/AFSC-PDFs/BASE_files/JOHNSON_SPACE_CENTER.html,,Active Duty,No,USSF,
LOS ANGELES SFB,"34°0'0.00""N","118°15'0.00""W",,63A,63A (ACQUISITION MANAGER),https://paladindanse111.github.io/AFSC-PDFs/AFSC_files/SFSC.html,https://paladindanse111.github.io/AFSC-PDFs/BASE_files/BASE_LOS_ANGELES_SFB.html,,Active Duty,No,USSF,
MAUI ISLAND,"20° 45' 0""N","156° 15' 0""W",4Q GH 86360 96915,63A,63A (ACQUISITION MANAGER),https://paladindanse111.github.io/AFSC-PDFs/AFSC_files/SFSC.html,https://paladindanse111.github.io/AFSC-PDFs/BASE_files/BASE_MAUI_ISLAND.html,,Active Duty,Yes,USSF,
MAXWELL-GUNTER AFB,"32°22'43""N","86°21'44""W",16S EA 59993 82581,63A,63A (ACQUISITION MANAGER),https://paladindanse111.github.io/AFSC-PDFs/AFSC_files/SFSC.html,https://paladindanse111.github.io/AFSC-PDFs/BASE_files/BASE_MAXWELL-GUNTER_AFB.html,,Active Duty,Yes,USSF,
NELLIS AFB,"36°14'25""N","115°03'14""W",11S PA 74874 12355,63A,63A (ACQUISITION MANAGER),https://paladindanse111.github.io/AFSC-PDFs/AFSC_files/SFSC.html,https://paladindanse111.github.io/AFSC-PDFs/BASE_files/BASE_NELLIS_AFB.html,,Active Duty,Yes,USSF,
OFFUTT AFB,"41°07'25""N","95°54'52""W",15T TF 55334 56573,63A,63A (ACQUISITION MANAGER),https://paladindanse111.github.io/AFSC-PDFs/AFSC_files/SFSC.html,https://paladindanse111.github.io/AFSC-PDFs/BASE_files/BASE_OFFUTT_AFB.html,,Active Duty,Yes,USSF,
PATRICK SFB,"28°14'21""N","80°36'26""W",17R NM 38533 23759,63A,63A (ACQUISITION MANAGER),https://paladindanse111.github.io/AFSC-PDFs/AFSC_files/SFSC.html,https://paladindanse111.github.io/AFSC-PDFs/BASE_files/BASE_PATRICK_SFB.html,,Active Duty,Yes,USSF,
PATUXENT RIVER NA,"38° 17' 10""N","76° 24' 42""W",18S UH 76539 38502,63A,63A (ACQUISITION MANAGER),https://paladindanse111.github.io/AFSC-PDFs/AFSC_files/SFSC.html,https://paladindanse111.github.io/AFSC-PDFs/BASE_files/BASE_PATUXENT_RIVER_NA.html,,Active Duty,Yes,USSF,
PENTAGON,"38°52'15""N","77°03'21""W",18S UJ 21650 04451,63A,63A (ACQUISITION MANAGER),https://paladindanse111.github.io/AFSC-PDFs/AFSC_files/SFSC.html,https://paladindanse111.github.io/AFSC-PDFs/BASE_files/BASE_PENTAGON.html,,Active Duty,Yes,USSF,
PETERSON SFB,"38°49'32""N","104°41'58""W",13S EC 26089 97461,63A,63A (ACQUISITION MANAGER),https://paladindanse111.github.io/AFSC-PDFs/AFSC_files/SFSC.html,https://paladindanse111.github.io/AFSC-PDFs/BASE_files/BASE_PETERSON_SFB.html,,Active Duty,Yes,USSF,
POINT MUGU NAS,"34°7'13.00""N","119°7'15.00""W",,63A,63A (ACQUISITION MANAGER),https://paladindanse111.github.io/AFSC-PDFs/AFSC_files/SFSC.html,,,Active Duty,No,USSF,
RAMSTEIN AB,"49°26'23""N","7°35'47""E",32U LV 98244 77286,63A,63A (ACQUISITION MANAGER),https://paladindanse111.github.io/AFSC-PDFs/AFSC_files/SFSC.html,https://paladindanse111.github.io/AFSC-PDFs/BASE_files/BASE_RAMSTEIN_AB.html.html,,Active Duty,Yes,USSF,
ROBINS AFB,"32°38'23""N","83°35'30""W",17S KS 56883 14314,63A,63A (ACQUISITION MANAGER),https://paladindanse111.github.io/AFSC-PDFs/AFSC_files/SFSC.html,https://paladindanse111.github.io/AFSC-PDFs/BASE_files/BASE_ROBINS_AFB.html,,Active Duty,Yes,USSF,
ROME LAB MTC,"43° 13' 57""N","75° 25' 0""W",18T VN 66166 86718,63A,63A (ACQUISITION MANAGER),https://paladindanse111.github.io/AFSC-PDFs/AFSC_files/SFSC.html,https://paladindanse111.github.io/AFSC-PDFs/BASE_files/BASE_ROME_LAB_MTC.html,,Active Duty,Yes,USSF,
SCHRIEVER SFB,"38°48'12""N","104°31'32""W",13S EC 41196 95059,63A,63A (ACQUISITION MANAGER),https://paladindanse111.github.io/AFSC-PDFs/AFSC_files/SFSC.html,https://paladindanse111.github.io/AFSC-PDFs/BASE_files/BASE_SCHRIEVER_SFB.html,,Active Duty,Yes,USSF,
SCOTT AFB,"38°32'29""N","89°51'18""W",16S BH 51169 69750,63A,63A (ACQUISITION MANAGER),https://paladindanse111.github.io/AFSC-PDFs/AFSC_files/SFSC.html,https://paladindanse111.github.io/AFSC-PDFs/BASE_files/BASE_SCOTT_AFB.html,,Active Duty,Yes,USSF,
SINGAPORE (SINGAPORE),"1°19'60.00""N","103°49'60.00""E",,63A,63A (ACQUISITION MANAGER),https://paladindanse111.github.io/AFSC-PDFs/AFSC_files/SFSC.html,,,Active Duty,No,USSF,
TINKER AFB,"35°25'09""N","97°24'15""W",14S PE 44882 20698,63A,63A (ACQUISITION MANAGER),https://paladindanse111.github.io/AFSC-PDFs/AFSC_files/SFSC.html,https://paladindanse111.github.io/AFSC-PDFs/BASE_files/BASE_TINKER_AFB.html,,Active Duty,Yes,USSF,
TYNDALL AFB,"30°04'47""N","85°36'26""W",16R FU 34229 28437,63A,63A (ACQUISITION MANAGER),https://paladindanse111.github.io/AFSC-PDFs/AFSC_files/SFSC.html,https://paladindanse111.github.io/AFSC-PDFs/BASE_files/BASE_TYNDALL_AFB.html,,Active Duty,Yes,USSF,
USAF ACADEMY,"39°0'0.00""N","104°52'60.00""W",,63A,63A (ACQUISITION MANAGER),https://paladindanse111.github.io/AFSC-PDFs/AFSC_files/SFSC.html,https://paladindanse111.github.io/AFSC-PDFs/BASE_files/BASE_USAF_ACADEMY.html,,Active Duty,No,USSF,
VANDENBERG SFB,"34°44'31""N","120°34'20""W",10S GD 22255 47110,63A,63A (ACQUISITION MANAGER),https://paladindanse111.github.io/AFSC-PDFs/AFSC_files/SFSC.html,https://paladindanse111.github.io/AFSC-PDFs/BASE_files/BASE_VANDENBERG_SFB.html,,Active Duty,Yes,USSF,
WHITE SAND MSL RG,"32° 24' 0""N","106° 24' 0""W",13S CR 68334 85636,63A,63A (ACQUISITION MANAGER),https://paladindanse111.github.io/AFSC-PDFs/AFSC_files/SFSC.html,https://paladindanse111.github.io/AFSC-PDFs/BASE_files/BASE_WHITE_SAND_MSL_RG.html,,Active Duty,Yes,USSF,
WRIGHT-PATTERSON AFB,"39°48'37""N","84°01'55""W",16S GK 54072 10915,63A,63A (ACQUISITION MANAGER),https://paladindanse111.github.io/AFSC-PDFs/AFSC_files/SFSC.html,https://paladindanse111.github.io/AFSC-PDFs/BASE_files/BASE_WRIGHT-PATTERSON_AFB.html,,Active Duty,Yes,USSF,
